PestSpecies,PestCode,Location,week_start,target_date,Target_next,BestModel,Prediction
大螟,PSB,横梁艾津稻园 大螟_1_11_诱虫量,2024-10-13,2024-10-20,0.0,RandomForest,0.022026334761205888
大螟,PSB,横梁艾津稻园 大螟_1_11_诱虫量,2024-10-20,2024-10-27,0.0,RandomForest,0.01871310321280606
大螟,PSB,横梁艾津稻园 大螟_1_11_诱虫量,2024-10-27,2024-11-03,0.0,RandomForest,0.017704420379480335
大螟,PSB,横梁艾津稻园 大螟_1_11_诱虫量,2024-11-03,2024-11-10,0.0,RandomForest,0.0028922878693670713
大螟,PSB,横梁艾津稻园 大螟_1_11_诱虫量,2024-11-10,2024-11-17,0.0,RandomForest,0.0
大螟,PSB,横梁艾津稻园 大螟_1_11_诱虫量,2024-11-17,2024-11-24,0.0,RandomForest,0.0
大螟,PSB,横梁艾津稻园 大螟_1_11_诱虫量,2024-11-24,2024-12-01,0.0,RandomForest,0.0
大螟,PSB,横梁艾津稻园 大螟_1_11_诱虫量,2024-12-01,2024-12-08,0.0,RandomForest,0.0
大螟,PSB,横梁艾津稻园 大螟_1_11_诱虫量,2024-12-08,2024-12-15,0.0,RandomForest,0.0
大螟,PSB,横梁艾津稻园 大螟_1_11_诱虫量,2024-12-15,2024-12-22,0.0,RandomForest,0.0020138224126633
大螟,PSB,横梁艾津稻园 大螟_1_11_诱虫量,2024-12-22,2024-12-29,0.0,RandomForest,0.02663604944454468
大螟,PSB,江宁区 横溪街道 大螟_1_51_诱虫量,2023-12-31,2024-01-07,0.0,RandomForest,0.0764103815225253
大螟,PSB,江宁区 横溪街道 大螟_1_51_诱虫量,2024-01-07,2024-01-14,0.0,RandomForest,0.0013872557113345288
大螟,PSB,江宁区 横溪街道 大螟_1_51_诱虫量,2024-01-14,2024-01-21,0.0,RandomForest,0.0013872557113345288
大螟,PSB,江宁区 横溪街道 大螟_1_51_诱虫量,2024-01-21,2024-01-28,0.0,RandomForest,0.0013872557113345288
大螟,PSB,江宁区 横溪街道 大螟_1_51_诱虫量,2024-01-28,2024-02-04,0.0,RandomForest,0.0013872557113345288
大螟,PSB,江宁区 横溪街道 大螟_1_51_诱虫量,2024-02-04,2024-02-11,1.0,RandomForest,0.0013872557113345288
大螟,PSB,江宁区 横溪街道 大螟_1_51_诱虫量,2024-02-11,2024-02-18,0.0,RandomForest,0.09865224054642983
大螟,PSB,江宁区 横溪街道 大螟_1_51_诱虫量,2024-02-18,2024-02-25,0.0,RandomForest,0.5824096821691134
大螟,PSB,江宁区 横溪街道 大螟_1_51_诱虫量,2024-02-25,2024-03-03,0.0,RandomForest,0.5893564843628658
大螟,PSB,江宁区 横溪街道 大螟_1_51_诱虫量,2024-03-03,2024-03-10,3.0,RandomForest,0.33166391004440854
大螟,PSB,江宁区 横溪街道 大螟_1_51_诱虫量,2024-03-10,2024-03-17,0.0,RandomForest,0.24734681387280208
大螟,PSB,江宁区 横溪街道 大螟_1_51_诱虫量,2024-03-17,2024-03-24,0.0,RandomForest,0.7080555353269229
大螟,PSB,江宁区 横溪街道 大螟_1_51_诱虫量,2024-03-24,2024-03-31,3.0,RandomForest,1.0440324006650674
大螟,PSB,江宁区 横溪街道 大螟_1_51_诱虫量,2024-03-31,2024-04-07,1.0,RandomForest,1.1021697069208551
大螟,PSB,江宁区 横溪街道 大螟_1_51_诱虫量,2024-04-07,2024-04-14,14.0,RandomForest,1.6566529052033587
大螟,PSB,江宁区 横溪街道 大螟_1_51_诱虫量,2024-04-14,2024-04-21,24.0,RandomForest,9.252767032815747
大螟,PSB,江宁区 横溪街道 大螟_1_51_诱虫量,2024-04-21,2024-04-28,9.0,RandomForest,21.844449764468717
大螟,PSB,江宁区 横溪街道 大螟_1_51_诱虫量,2024-04-28,2024-05-05,21.0,RandomForest,16.994649349819728
大螟,PSB,江宁区 横溪街道 大螟_1_51_诱虫量,2024-05-05,2024-05-12,12.0,RandomForest,12.631522429020613
大螟,PSB,江宁区 横溪街道 大螟_1_51_诱虫量,2024-05-12,2024-05-19,8.0,RandomForest,16.48993719658606
大螟,PSB,江宁区 横溪街道 大螟_1_51_诱虫量,2024-05-19,2024-05-26,2.0,RandomForest,6.577932785100472
大螟,PSB,江宁区 横溪街道 大螟_1_51_诱虫量,2024-05-26,2024-06-02,1.0,RandomForest,2.1056918501584696
大螟,PSB,江宁区 横溪街道 大螟_1_51_诱虫量,2024-06-02,2024-06-09,5.0,RandomForest,2.5357315130435327
大螟,PSB,江宁区 横溪街道 大螟_1_51_诱虫量,2024-06-09,2024-06-16,10.0,RandomForest,2.8943739939971467
大螟,PSB,江宁区 横溪街道 大螟_1_51_诱虫量,2024-06-16,2024-06-23,9.0,RandomForest,5.655532508334283
大螟,PSB,江宁区 横溪街道 大螟_1_51_诱虫量,2024-06-23,2024-06-30,3.0,RandomForest,5.006202631475031
大螟,PSB,江宁区 横溪街道 大螟_1_51_诱虫量,2024-06-30,2024-07-07,0.0,RandomForest,1.2858034573509638
大螟,PSB,江宁区 横溪街道 大螟_1_51_诱虫量,2024-07-07,2024-07-14,0.0,RandomForest,1.534758174459876
大螟,PSB,江宁区 横溪街道 大螟_1_51_诱虫量,2024-07-14,2024-07-21,0.0,RandomForest,0.9869106815115047
大螟,PSB,江宁区 横溪街道 大螟_1_51_诱虫量,2024-07-21,2024-07-28,0.0,RandomForest,0.8440469195164217
大螟,PSB,江宁区 横溪街道 大螟_1_51_诱虫量,2024-07-28,2024-08-04,0.0,RandomForest,1.4228450722290455
大螟,PSB,江宁区 横溪街道 大螟_1_51_诱虫量,2024-08-04,2024-08-11,0.0,RandomForest,1.1454033640382821
大螟,PSB,江宁区 横溪街道 大螟_1_51_诱虫量,2024-08-11,2024-08-18,0.0,RandomForest,1.0304890207003718
大螟,PSB,江宁区 横溪街道 大螟_1_51_诱虫量,2024-08-18,2024-08-25,0.0,RandomForest,0.4314001512992337
大螟,PSB,江宁区 横溪街道 大螟_1_51_诱虫量,2024-08-25,2024-09-01,0.0,RandomForest,0.4102531964887604
大螟,PSB,江宁区 横溪街道 大螟_1_51_诱虫量,2024-09-01,2024-09-08,0.0,RandomForest,0.3236378664076613
大螟,PSB,江宁区 横溪街道 大螟_1_51_诱虫量,2024-09-08,2024-09-15,0.0,RandomForest,0.7404081722525298
大螟,PSB,江宁区 横溪街道 大螟_1_51_诱虫量,2024-09-15,2024-09-22,0.0,RandomForest,0.19068589830509797
大螟,PSB,江宁区 横溪街道 大螟_1_51_诱虫量,2024-09-22,2024-09-29,0.0,RandomForest,0.2631441420394514
大螟,PSB,江宁区 横溪街道 大螟_1_51_诱虫量,2024-09-29,2024-10-06,1.0,RandomForest,0.08071311438485074
大螟,PSB,江宁区 横溪街道 大螟_1_51_诱虫量,2024-10-06,2024-10-13,1.0,RandomForest,0.8771396608076443
大螟,PSB,江宁区 横溪街道 大螟_1_51_诱虫量,2024-10-13,2024-10-20,2.0,RandomForest,0.91872586243792
大螟,PSB,江宁区 横溪街道 大螟_1_51_诱虫量,2024-10-20,2024-10-27,1.0,RandomForest,1.1806787123091955
大螟,PSB,江宁区 横溪街道 大螟_1_51_诱虫量,2024-10-27,2024-11-03,0.0,RandomForest,0.628600381817398
大螟,PSB,江宁区 横溪街道 大螟_1_51_诱虫量,2024-11-03,2024-11-10,2.0,RandomForest,0.2889077008063949
大螟,PSB,江宁区 横溪街道 大螟_1_51_诱虫量,2024-11-10,2024-11-17,0.0,RandomForest,0.7243223802462033
大螟,PSB,江宁区 横溪街道 大螟_1_51_诱虫量,2024-11-17,2024-11-24,0.0,RandomForest,0.4165152441654997
大螟,PSB,江宁区 横溪街道 大螟_1_51_诱虫量,2024-11-24,2024-12-01,2.0,RandomForest,0.07661220356024738
大螟,PSB,江宁区 横溪街道 大螟_1_51_诱虫量,2024-12-01,2024-12-08,2.0,RandomForest,0.9615327383537315
大螟,PSB,江宁区 横溪街道 大螟_1_51_诱虫量,2024-12-08,2024-12-15,1.0,RandomForest,1.4469115916151924
大螟,PSB,江宁区 横溪街道 大螟_1_51_诱虫量,2024-12-15,2024-12-22,1.0,RandomForest,0.6021532292623402
大螟,PSB,江宁区 横溪街道 大螟_1_51_诱虫量,2024-12-22,2024-12-29,1.0,RandomForest,0.6269552450611084
大螟,PSB,溧水区 叁拾叁_2_43_诱虫量,2023-12-31,2024-01-07,0.0,RandomForest,0.0764103815225253
大螟,PSB,溧水区 叁拾叁_2_43_诱虫量,2024-01-07,2024-01-14,0.0,RandomForest,0.0013872557113345288
大螟,PSB,溧水区 叁拾叁_2_43_诱虫量,2024-01-14,2024-01-21,0.0,RandomForest,0.0013872557113345288
大螟,PSB,溧水区 叁拾叁_2_43_诱虫量,2024-01-21,2024-01-28,0.0,RandomForest,0.0013872557113345288
大螟,PSB,溧水区 叁拾叁_2_43_诱虫量,2024-01-28,2024-02-04,0.0,RandomForest,0.0013872557113345288
大螟,PSB,溧水区 叁拾叁_2_43_诱虫量,2024-02-04,2024-02-11,0.0,RandomForest,0.0013872557113345288
大螟,PSB,溧水区 叁拾叁_2_43_诱虫量,2024-02-11,2024-02-18,0.0,RandomForest,0.004283555923567203
大螟,PSB,溧水区 叁拾叁_2_43_诱虫量,2024-02-18,2024-02-25,0.0,RandomForest,0.02178753278771207
大螟,PSB,溧水区 叁拾叁_2_43_诱虫量,2024-02-25,2024-03-03,0.0,RandomForest,0.5905889428807243
大螟,PSB,溧水区 叁拾叁_2_43_诱虫量,2024-03-03,2024-03-10,4.0,RandomForest,0.299058666115851
大螟,PSB,溧水区 叁拾叁_2_43_诱虫量,2024-03-10,2024-03-17,0.0,RandomForest,0.24981706035093068
大螟,PSB,溧水区 叁拾叁_2_43_诱虫量,2024-03-17,2024-03-24,0.0,RandomForest,0.6270898381360381
大螟,PSB,溧水区 叁拾叁_2_43_诱虫量,2024-03-24,2024-03-31,0.0,RandomForest,1.0702390266072541
大螟,PSB,溧水区 叁拾叁_2_43_诱虫量,2024-03-31,2024-04-07,0.0,RandomForest,0.9612577502785646
大螟,PSB,溧水区 叁拾叁_2_43_诱虫量,2024-04-07,2024-04-14,2.0,RandomForest,1.0442027251748938
大螟,PSB,溧水区 叁拾叁_2_43_诱虫量,2024-04-14,2024-04-21,0.0,RandomForest,1.7870061111541813
大螟,PSB,溧水区 叁拾叁_2_43_诱虫量,2024-04-21,2024-04-28,0.0,RandomForest,1.710495847054113
大螟,PSB,溧水区 叁拾叁_2_43_诱虫量,2024-04-28,2024-05-05,3.0,RandomForest,0.8393031723534017
大螟,PSB,溧水区 叁拾叁_2_43_诱虫量,2024-05-05,2024-05-12,0.0,RandomForest,0.9412243607974198
大螟,PSB,溧水区 叁拾叁_2_43_诱虫量,2024-05-12,2024-05-19,1.0,RandomForest,0.5179308055128542
大螟,PSB,溧水区 叁拾叁_2_43_诱虫量,2024-05-19,2024-05-26,1.0,RandomForest,0.6140283885836986
大螟,PSB,溧水区 叁拾叁_2_43_诱虫量,2024-05-26,2024-06-02,0.0,RandomForest,1.0292945781895293
大螟,PSB,溧水区 叁拾叁_2_43_诱虫量,2024-06-02,2024-06-09,0.0,RandomForest,1.5115097936846231
大螟,PSB,溧水区 叁拾叁_2_43_诱虫量,2024-06-09,2024-06-16,1.0,RandomForest,1.08650019063918
大螟,PSB,溧水区 叁拾叁_2_43_诱虫量,2024-06-16,2024-06-23,0.0,RandomForest,1.635086002725152
大螟,PSB,溧水区 叁拾叁_2_43_诱虫量,2024-06-23,2024-06-30,0.0,RandomForest,0.7409713495264241
大螟,PSB,溧水区 叁拾叁_2_43_诱虫量,2024-06-30,2024-07-07,0.0,RandomForest,0.1491445582614796
大螟,PSB,溧水区 叁拾叁_2_43_诱虫量,2024-07-07,2024-07-14,0.0,RandomForest,0.5333118715522991
大螟,PSB,溧水区 叁拾叁_2_43_诱虫量,2024-07-14,2024-07-21,0.0,RandomForest,0.3228334477951916
大螟,PSB,溧水区 叁拾叁_2_43_诱虫量,2024-07-21,2024-07-28,0.0,RandomForest,0.32366239355390597
大螟,PSB,溧水区 叁拾叁_2_43_诱虫量,2024-07-28,2024-08-04,0.0,RandomForest,0.9584875328030209
大螟,PSB,溧水区 叁拾叁_2_43_诱虫量,2024-08-04,2024-08-11,0.0,RandomForest,0.9493336500443441
大螟,PSB,溧水区 叁拾叁_2_43_诱虫量,2024-08-11,2024-08-18,3.0,RandomForest,1.0070787297187125
大螟,PSB,溧水区 叁拾叁_2_43_诱虫量,2024-08-18,2024-08-25,0.0,RandomForest,0.5665500923475215
大螟,PSB,溧水区 叁拾叁_2_43_诱虫量,2024-08-25,2024-09-01,0.0,RandomForest,0.6986846410212078
大螟,PSB,溧水区 叁拾叁_2_43_诱虫量,2024-09-01,2024-09-08,0.0,RandomForest,0.3711248641828069
大螟,PSB,溧水区 叁拾叁_2_43_诱虫量,2024-09-08,2024-09-15,0.0,RandomForest,0.8021858260078958
大螟,PSB,溧水区 叁拾叁_2_43_诱虫量,2024-09-15,2024-09-22,0.0,RandomForest,0.19783172517208414
大螟,PSB,溧水区 叁拾叁_2_43_诱虫量,2024-09-22,2024-09-29,1.0,RandomForest,0.2819419081536015
大螟,PSB,溧水区 叁拾叁_2_43_诱虫量,2024-09-29,2024-10-06,0.0,RandomForest,0.33391176115226573
大螟,PSB,溧水区 叁拾叁_2_43_诱虫量,2024-10-06,2024-10-13,0.0,RandomForest,0.9734598124318516
大螟,PSB,溧水区 叁拾叁_2_43_诱虫量,2024-10-13,2024-10-20,0.0,RandomForest,0.05700326288877464
大螟,PSB,溧水区 叁拾叁_2_43_诱虫量,2024-10-20,2024-10-27,0.0,RandomForest,0.02756605557329442
大螟,PSB,溧水区 叁拾叁_2_43_诱虫量,2024-10-27,2024-11-03,0.0,RandomForest,0.02276361664899514
大螟,PSB,溧水区 叁拾叁_2_43_诱虫量,2024-11-03,2024-11-10,0.0,RandomForest,0.0028922878693670713
大螟,PSB,溧水区 叁拾叁_2_43_诱虫量,2024-11-10,2024-11-17,0.0,RandomForest,0.0
大螟,PSB,溧水区 叁拾叁_2_43_诱虫量,2024-11-17,2024-11-24,0.0,RandomForest,0.0
大螟,PSB,溧水区 叁拾叁_2_43_诱虫量,2024-11-24,2024-12-01,0.0,RandomForest,0.0
大螟,PSB,溧水区 叁拾叁_2_43_诱虫量,2024-12-01,2024-12-08,0.0,RandomForest,0.0
大螟,PSB,溧水区 叁拾叁_2_43_诱虫量,2024-12-08,2024-12-15,0.0,RandomForest,0.0
大螟,PSB,溧水区 叁拾叁_2_43_诱虫量,2024-12-15,2024-12-22,0.0,RandomForest,0.0020138224126633
大螟,PSB,溧水区 叁拾叁_2_43_诱虫量,2024-12-22,2024-12-29,0.0,RandomForest,0.02663604944454468
稻纵卷叶螟,RLF,东坝福明农场稻纵_1_31_诱虫量,2024-06-09,2024-06-16,17.0,RandomForest,10.028450398650463
稻纵卷叶螟,RLF,东坝福明农场稻纵_1_31_诱虫量,2024-06-16,2024-06-23,0.0,RandomForest,9.513222054570514
稻纵卷叶螟,RLF,东坝福明农场稻纵_1_31_诱虫量,2024-06-23,2024-06-30,0.0,RandomForest,2.050670599458146
稻纵卷叶螟,RLF,东坝福明农场稻纵_1_31_诱虫量,2024-06-30,2024-07-07,4.0,RandomForest,1.6534395807879183
稻纵卷叶螟,RLF,东坝福明农场稻纵_1_31_诱虫量,2024-07-07,2024-07-14,1.0,RandomForest,5.925041986850266
稻纵卷叶螟,RLF,东坝福明农场稻纵_1_31_诱虫量,2024-07-14,2024-07-21,0.0,RandomForest,1.5199559595315804
稻纵卷叶螟,RLF,东坝福明农场稻纵_1_31_诱虫量,2024-07-21,2024-07-28,16.0,RandomForest,2.1577723373897
稻纵卷叶螟,RLF,东坝福明农场稻纵_1_31_诱虫量,2024-07-28,2024-08-04,32.0,RandomForest,25.071973303122
稻纵卷叶螟,RLF,东坝福明农场稻纵_1_31_诱虫量,2024-08-04,2024-08-11,45.0,RandomForest,18.76431536443323
稻纵卷叶螟,RLF,东坝福明农场稻纵_1_31_诱虫量,2024-08-11,2024-08-18,54.0,RandomForest,14.200014375504054
稻纵卷叶螟,RLF,东坝福明农场稻纵_1_31_诱虫量,2024-08-18,2024-08-25,61.0,RandomForest,18.14214568118108
稻纵卷叶螟,RLF,东坝福明农场稻纵_1_31_诱虫量,2024-08-25,2024-09-01,158.0,RandomForest,20.992896656683445
稻纵卷叶螟,RLF,东坝福明农场稻纵_1_31_诱虫量,2024-09-01,2024-09-08,149.0,RandomForest,68.64316330519004
稻纵卷叶螟,RLF,东坝福明农场稻纵_1_31_诱虫量,2024-09-08,2024-09-15,60.0,RandomForest,163.9151023183399
稻纵卷叶螟,RLF,东坝福明农场稻纵_1_31_诱虫量,2024-09-15,2024-09-22,17.0,RandomForest,54.65249499998854
稻纵卷叶螟,RLF,东坝福明农场稻纵_1_31_诱虫量,2024-09-22,2024-09-29,14.0,RandomForest,10.23980839583477
稻纵卷叶螟,RLF,东坝福明农场稻纵_1_55_诱虫量,2024-02-18,2024-02-25,0.0,RandomForest,0.060738371433025684
稻纵卷叶螟,RLF,东坝福明农场稻纵_1_55_诱虫量,2024-03-10,2024-03-17,0.0,RandomForest,0.139829875719223
稻纵卷叶螟,RLF,东坝街道马家冲_1_15_诱虫量,2024-05-26,2024-06-02,0.0,RandomForest,0.30086506403355223
稻纵卷叶螟,RLF,东坝街道马家冲_1_15_诱虫量,2024-06-02,2024-06-09,1.0,RandomForest,0.12410127030205712
稻纵卷叶螟,RLF,东坝街道马家冲_1_15_诱虫量,2024-06-09,2024-06-16,3.0,RandomForest,0.5046862874798324
稻纵卷叶螟,RLF,东坝街道马家冲_1_15_诱虫量,2024-06-16,2024-06-23,3.0,RandomForest,1.4929954165067758
稻纵卷叶螟,RLF,东坝街道马家冲_1_15_诱虫量,2024-06-23,2024-06-30,5.0,RandomForest,1.7922183054057403
稻纵卷叶螟,RLF,东坝街道马家冲_1_15_诱虫量,2024-06-30,2024-07-07,5.0,RandomForest,3.51096016514129
稻纵卷叶螟,RLF,东坝街道马家冲_1_15_诱虫量,2024-07-07,2024-07-14,2.0,RandomForest,7.7843405069003015
稻纵卷叶螟,RLF,东坝街道马家冲_1_15_诱虫量,2024-07-14,2024-07-21,5.0,RandomForest,2.237248984856509
稻纵卷叶螟,RLF,东坝街道马家冲_1_15_诱虫量,2024-07-21,2024-07-28,14.0,RandomForest,7.348664839803959
稻纵卷叶螟,RLF,东坝街道马家冲_1_15_诱虫量,2024-07-28,2024-08-04,37.0,RandomForest,17.047088790186727
稻纵卷叶螟,RLF,东坝街道马家冲_1_15_诱虫量,2024-08-04,2024-08-11,90.0,RandomForest,16.67521443300966
稻纵卷叶螟,RLF,东坝街道马家冲_1_15_诱虫量,2024-08-11,2024-08-18,37.0,RandomForest,43.6950138869569
稻纵卷叶螟,RLF,东坝街道马家冲_1_15_诱虫量,2024-08-18,2024-08-25,62.0,RandomForest,19.090002173985162
稻纵卷叶螟,RLF,东坝街道马家冲_1_15_诱虫量,2024-08-25,2024-09-01,46.0,RandomForest,21.150763406039573
稻纵卷叶螟,RLF,东坝街道马家冲_1_15_诱虫量,2024-09-01,2024-09-08,271.0,RandomForest,25.885715195892306
稻纵卷叶螟,RLF,东坝街道马家冲_1_15_诱虫量,2024-09-08,2024-09-15,140.0,RandomForest,150.98870993221936
稻纵卷叶螟,RLF,东坝街道马家冲_1_15_诱虫量,2024-09-15,2024-09-22,21.0,RandomForest,147.0979630296899
稻纵卷叶螟,RLF,东坝街道马家冲_1_15_诱虫量,2024-09-22,2024-09-29,27.0,RandomForest,8.731512543646303
稻纵卷叶螟,RLF,东坝街道马家冲_1_15_诱虫量,2024-09-29,2024-10-06,1.0,RandomForest,7.332415312618512
稻纵卷叶螟,RLF,东坝街道马家冲_1_15_诱虫量,2024-10-06,2024-10-13,23.0,RandomForest,0.3941050124323211
稻纵卷叶螟,RLF,东坝街道马家冲_1_15_诱虫量,2024-10-13,2024-10-20,21.0,RandomForest,2.8183752305881375
稻纵卷叶螟,RLF,东坝街道马家冲_1_15_诱虫量,2024-10-20,2024-10-27,4.0,RandomForest,5.415695737942456
稻纵卷叶螟,RLF,东坝街道马家冲_1_52_诱虫量,2024-03-17,2024-03-24,0.0,RandomForest,0.12025353084560604
稻纵卷叶螟,RLF,东坝街道马家冲_1_52_诱虫量,2024-03-24,2024-03-31,0.0,RandomForest,3.299026147578921
稻纵卷叶螟,RLF,东坝街道马家冲_1_52_诱虫量,2024-03-31,2024-04-07,0.0,RandomForest,0.8537614776536877
稻纵卷叶螟,RLF,东坝街道马家冲_1_52_诱虫量,2024-04-07,2024-04-14,0.0,RandomForest,0.01205931613291722
稻纵卷叶螟,RLF,东坝街道马家冲_1_52_诱虫量,2024-04-14,2024-04-21,0.0,RandomForest,0.008374445900264482
稻纵卷叶螟,RLF,东坝街道马家冲_1_52_诱虫量,2024-04-21,2024-04-28,0.0,RandomForest,0.7528182630869587
稻纵卷叶螟,RLF,东坝街道马家冲_1_52_诱虫量,2024-04-28,2024-05-05,0.0,RandomForest,0.0066207219082980275
稻纵卷叶螟,RLF,东坝街道马家冲_1_52_诱虫量,2024-05-05,2024-05-12,0.0,RandomForest,0.3184546953975065
稻纵卷叶螟,RLF,东坝街道马家冲_1_52_诱虫量,2024-05-12,2024-05-19,0.0,RandomForest,0.21706621598237383
稻纵卷叶螟,RLF,东坝街道马家冲_1_52_诱虫量,2024-05-19,2024-05-26,0.0,RandomForest,0.017685451573501505
稻纵卷叶螟,RLF,东坝街道马家冲_1_52_诱虫量,2024-10-27,2024-11-03,0.0,RandomForest,0.4103069197546621
稻纵卷叶螟,RLF,东坝街道马家冲_1_52_诱虫量,2024-11-03,2024-11-10,3.0,RandomForest,0.09155464676190303
稻纵卷叶螟,RLF,东坝街道马家冲_1_52_诱虫量,2024-11-10,2024-11-17,0.0,RandomForest,0.2607006578694928
稻纵卷叶螟,RLF,东坝街道马家冲_1_52_诱虫量,2024-11-17,2024-11-24,0.0,RandomForest,0.0077515310232880484
稻纵卷叶螟,RLF,东坝街道马家冲_1_52_诱虫量,2024-11-24,2024-12-01,0.0,RandomForest,0.016674236829370068
稻纵卷叶螟,RLF,东坝街道马家冲_1_52_诱虫量,2024-12-01,2024-12-08,0.0,RandomForest,0.05765255920480051
稻纵卷叶螟,RLF,东坝街道马家冲_1_52_诱虫量,2024-12-08,2024-12-15,0.0,RandomForest,0.0016337003214595195
稻纵卷叶螟,RLF,东坝街道马家冲_1_52_诱虫量,2024-12-15,2024-12-22,0.0,RandomForest,0.0008482923191204275
稻纵卷叶螟,RLF,东坝街道马家冲_1_52_诱虫量,2024-12-22,2024-12-29,0.0,RandomForest,0.0010315664697169342
稻纵卷叶螟,RLF,八卦洲街道中桥九组_1_54_诱虫量,2024-12-08,2024-12-15,0.0,RandomForest,0.0043844536868920606
稻纵卷叶螟,RLF,八卦洲街道中桥九组_1_54_诱虫量,2024-12-15,2024-12-22,0.0,RandomForest,0.0
稻纵卷叶螟,RLF,八卦洲街道中桥九组_1_54_诱虫量,2024-12-22,2024-12-29,0.0,RandomForest,0.0
稻纵卷叶螟,RLF,六合区龙池街道朱云村一拖三水稻_1_17_诱虫量,2024-05-26,2024-06-02,2.0,RandomForest,1.7828151680806528
稻纵卷叶螟,RLF,六合区龙池街道朱云村一拖三水稻_1_17_诱虫量,2024-06-02,2024-06-09,1.0,RandomForest,1.4950887092016099
稻纵卷叶螟,RLF,六合区龙池街道朱云村一拖三水稻_1_17_诱虫量,2024-06-09,2024-06-16,11.0,RandomForest,0.8438551586291385
稻纵卷叶螟,RLF,六合区龙池街道朱云村一拖三水稻_1_17_诱虫量,2024-06-16,2024-06-23,2.0,RandomForest,7.039828014960873
稻纵卷叶螟,RLF,六合区龙池街道朱云村一拖三水稻_1_17_诱虫量,2024-06-23,2024-06-30,2.0,RandomForest,3.3870217332500525
稻纵卷叶螟,RLF,六合区龙池街道朱云村一拖三水稻_1_17_诱虫量,2024-06-30,2024-07-07,1.0,RandomForest,2.6103605396848297
稻纵卷叶螟,RLF,六合区龙池街道朱云村一拖三水稻_1_17_诱虫量,2024-07-07,2024-07-14,5.0,RandomForest,5.677264455118775
稻纵卷叶螟,RLF,六合区龙池街道朱云村一拖三水稻_1_17_诱虫量,2024-07-14,2024-07-21,0.0,RandomForest,3.6379739899182484
稻纵卷叶螟,RLF,六合区龙池街道朱云村一拖三水稻_1_17_诱虫量,2024-07-21,2024-07-28,4.0,RandomForest,3.728544690653843
稻纵卷叶螟,RLF,六合区龙池街道朱云村一拖三水稻_1_17_诱虫量,2024-07-28,2024-08-04,4.0,RandomForest,4.3787648135464545
稻纵卷叶螟,RLF,六合区龙池街道朱云村一拖三水稻_1_17_诱虫量,2024-08-04,2024-08-11,0.0,RandomForest,3.815795946196541
稻纵卷叶螟,RLF,六合区龙池街道朱云村一拖三水稻_1_17_诱虫量,2024-08-11,2024-08-18,6.0,RandomForest,1.119593771630658
稻纵卷叶螟,RLF,六合区龙池街道朱云村一拖三水稻_1_17_诱虫量,2024-08-18,2024-08-25,8.0,RandomForest,3.744424831293495
稻纵卷叶螟,RLF,六合区龙池街道朱云村一拖三水稻_1_17_诱虫量,2024-08-25,2024-09-01,6.0,RandomForest,6.827164198070619
稻纵卷叶螟,RLF,六合区龙池街道朱云村一拖三水稻_1_17_诱虫量,2024-09-01,2024-09-08,4.0,RandomForest,7.181395712144285
稻纵卷叶螟,RLF,六合区龙池街道朱云村一拖三水稻_1_17_诱虫量,2024-09-08,2024-09-15,0.0,RandomForest,3.668638996670097
稻纵卷叶螟,RLF,六合区龙池街道朱云村一拖三水稻_1_17_诱虫量,2024-09-15,2024-09-22,1.0,RandomForest,1.5729412348993148
稻纵卷叶螟,RLF,六合区龙池街道朱云村一拖三水稻_1_17_诱虫量,2024-09-22,2024-09-29,1.0,RandomForest,2.1613755227713165
稻纵卷叶螟,RLF,六合区龙池街道朱云村一拖三水稻_1_17_诱虫量,2024-09-29,2024-10-06,1.0,RandomForest,1.864709391941744
稻纵卷叶螟,RLF,六合区龙池街道朱云村一拖三水稻_1_17_诱虫量,2024-10-06,2024-10-13,4.0,RandomForest,0.2768887088715839
稻纵卷叶螟,RLF,六合区龙池街道朱云村一拖三水稻_1_17_诱虫量,2024-10-13,2024-10-20,0.0,RandomForest,0.5993164358146317
稻纵卷叶螟,RLF,六合区龙池街道朱云村一拖三水稻_1_17_诱虫量,2024-10-20,2024-10-27,1.0,RandomForest,0.14407660859316596
稻纵卷叶螟,RLF,冶山季王稻纵_1_19_诱虫量,2024-05-26,2024-06-02,0.0,RandomForest,0.30086506403355223
稻纵卷叶螟,RLF,冶山季王稻纵_1_19_诱虫量,2024-06-02,2024-06-09,0.0,RandomForest,0.12410127030205712
稻纵卷叶螟,RLF,冶山季王稻纵_1_19_诱虫量,2024-06-09,2024-06-16,0.0,RandomForest,0.3406564895820411
稻纵卷叶螟,RLF,冶山季王稻纵_1_19_诱虫量,2024-06-16,2024-06-23,0.0,RandomForest,0.6307476124454268
稻纵卷叶螟,RLF,冶山季王稻纵_1_19_诱虫量,2024-06-23,2024-06-30,1.0,RandomForest,0.6330396584873192
稻纵卷叶螟,RLF,冶山季王稻纵_1_19_诱虫量,2024-06-30,2024-07-07,1.0,RandomForest,0.8631639124003794
稻纵卷叶螟,RLF,冶山季王稻纵_1_19_诱虫量,2024-07-07,2024-07-14,1.0,RandomForest,2.8637237012619994
稻纵卷叶螟,RLF,冶山季王稻纵_1_19_诱虫量,2024-07-14,2024-07-21,2.0,RandomForest,1.1555673913360018
稻纵卷叶螟,RLF,冶山季王稻纵_1_19_诱虫量,2024-07-21,2024-07-28,3.0,RandomForest,3.7425345684013926
稻纵卷叶螟,RLF,冶山季王稻纵_1_19_诱虫量,2024-07-28,2024-08-04,13.0,RandomForest,3.1500267666370734
稻纵卷叶螟,RLF,冶山季王稻纵_1_19_诱虫量,2024-08-04,2024-08-11,45.0,RandomForest,14.839201096736451
稻纵卷叶螟,RLF,冶山季王稻纵_1_19_诱虫量,2024-08-11,2024-08-18,51.0,RandomForest,16.245556854024976
稻纵卷叶螟,RLF,冶山季王稻纵_1_19_诱虫量,2024-08-18,2024-08-25,188.0,RandomForest,17.937012454106302
稻纵卷叶螟,RLF,冶山季王稻纵_1_19_诱虫量,2024-08-25,2024-09-01,273.0,RandomForest,71.2535532980694
稻纵卷叶螟,RLF,冶山季王稻纵_1_19_诱虫量,2024-09-01,2024-09-08,144.0,RandomForest,100.34862011736467
稻纵卷叶螟,RLF,冶山季王稻纵_1_19_诱虫量,2024-09-08,2024-09-15,160.0,RandomForest,151.22107480053543
稻纵卷叶螟,RLF,冶山季王稻纵_1_19_诱虫量,2024-09-15,2024-09-22,51.0,RandomForest,141.67017464246894
稻纵卷叶螟,RLF,冶山季王稻纵_1_19_诱虫量,2024-09-22,2024-09-29,41.0,RandomForest,47.116574249816516
稻纵卷叶螟,RLF,冶山季王稻纵_1_19_诱虫量,2024-09-29,2024-10-06,11.0,RandomForest,11.2947697876
稻纵卷叶螟,RLF,冶山季王稻纵_1_19_诱虫量,2024-10-06,2024-10-13,194.0,RandomForest,6.780480049485493
稻纵卷叶螟,RLF,冶山季王稻纵_1_19_诱虫量,2024-10-13,2024-10-20,19.0,RandomForest,34.917017301221016
稻纵卷叶螟,RLF,冶山季王稻纵_1_19_诱虫量,2024-10-20,2024-10-27,2.0,RandomForest,6.4426552082411614
稻纵卷叶螟,RLF,冶山季王稻纵_1_34_诱虫量,2023-12-31,2024-01-07,0.0,RandomForest,0.03338047753833381
稻纵卷叶螟,RLF,冶山季王稻纵_1_34_诱虫量,2024-01-07,2024-01-14,0.0,RandomForest,0.0
稻纵卷叶螟,RLF,冶山季王稻纵_1_34_诱虫量,2024-01-14,2024-01-21,0.0,RandomForest,0.0
稻纵卷叶螟,RLF,冶山季王稻纵_1_34_诱虫量,2024-01-21,2024-01-28,0.0,RandomForest,0.0
稻纵卷叶螟,RLF,冶山季王稻纵_1_34_诱虫量,2024-01-28,2024-02-04,0.0,RandomForest,0.0
稻纵卷叶螟,RLF,冶山季王稻纵_1_34_诱虫量,2024-02-04,2024-02-11,0.0,RandomForest,0.424615047167525
稻纵卷叶螟,RLF,冶山季王稻纵_1_34_诱虫量,2024-02-11,2024-02-18,0.0,RandomForest,0.4664578052032157
稻纵卷叶螟,RLF,冶山季王稻纵_1_34_诱虫量,2024-02-18,2024-02-25,0.0,RandomForest,0.004128294108423136
稻纵卷叶螟,RLF,冶山季王稻纵_1_34_诱虫量,2024-02-25,2024-03-03,0.0,RandomForest,0.7783704974605878
稻纵卷叶螟,RLF,冶山季王稻纵_1_34_诱虫量,2024-03-03,2024-03-10,0.0,RandomForest,0.038398947376013105
稻纵卷叶螟,RLF,冶山季王稻纵_1_34_诱虫量,2024-03-10,2024-03-17,0.0,RandomForest,0.0020685490431686018
稻纵卷叶螟,RLF,冶山季王稻纵_1_34_诱虫量,2024-03-17,2024-03-24,0.0,RandomForest,0.014098305092416108
稻纵卷叶螟,RLF,冶山季王稻纵_1_34_诱虫量,2024-03-24,2024-03-31,0.0,RandomForest,3.299026147578921
稻纵卷叶螟,RLF,冶山季王稻纵_1_34_诱虫量,2024-03-31,2024-04-07,0.0,RandomForest,0.8537614776536877
稻纵卷叶螟,RLF,冶山季王稻纵_1_34_诱虫量,2024-04-07,2024-04-14,0.0,RandomForest,0.01205931613291722
稻纵卷叶螟,RLF,冶山季王稻纵_1_34_诱虫量,2024-04-14,2024-04-21,0.0,RandomForest,0.008374445900264482
稻纵卷叶螟,RLF,冶山季王稻纵_1_34_诱虫量,2024-04-21,2024-04-28,0.0,RandomForest,0.7528182630869587
稻纵卷叶螟,RLF,冶山季王稻纵_1_34_诱虫量,2024-04-28,2024-05-05,0.0,RandomForest,0.0066207219082980275
稻纵卷叶螟,RLF,冶山季王稻纵_1_34_诱虫量,2024-05-05,2024-05-12,0.0,RandomForest,0.3184546953975065
稻纵卷叶螟,RLF,冶山季王稻纵_1_34_诱虫量,2024-05-12,2024-05-19,0.0,RandomForest,0.21706621598237383
稻纵卷叶螟,RLF,冶山季王稻纵_1_34_诱虫量,2024-05-19,2024-05-26,3.0,RandomForest,0.017685451573501505
稻纵卷叶螟,RLF,冶山季王稻纵_1_34_诱虫量,2024-10-27,2024-11-03,2.0,RandomForest,3.9008723001886167
稻纵卷叶螟,RLF,冶山季王稻纵_1_34_诱虫量,2024-11-03,2024-11-10,0.0,RandomForest,0.477639186835108
稻纵卷叶螟,RLF,冶山季王稻纵_1_34_诱虫量,2024-11-10,2024-11-17,0.0,RandomForest,0.1395132129587984
稻纵卷叶螟,RLF,冶山季王稻纵_1_34_诱虫量,2024-11-17,2024-11-24,0.0,RandomForest,0.009906803072236998
稻纵卷叶螟,RLF,冶山季王稻纵_1_34_诱虫量,2024-11-24,2024-12-01,0.0,RandomForest,0.004326930398619975
稻纵卷叶螟,RLF,冶山季王稻纵_1_34_诱虫量,2024-12-01,2024-12-08,0.0,RandomForest,0.06245275783374157
稻纵卷叶螟,RLF,冶山季王稻纵_1_34_诱虫量,2024-12-08,2024-12-15,0.0,RandomForest,0.008199119438712174
稻纵卷叶螟,RLF,冶山季王稻纵_1_34_诱虫量,2024-12-15,2024-12-22,0.0,RandomForest,0.0
稻纵卷叶螟,RLF,冶山季王稻纵_1_34_诱虫量,2024-12-22,2024-12-29,0.0,RandomForest,0.0
稻纵卷叶螟,RLF,南京农业大学白马教学科研基地稻纵_1_16_诱虫量,2024-05-26,2024-06-02,1.0,RandomForest,0.30086506403355223
稻纵卷叶螟,RLF,南京农业大学白马教学科研基地稻纵_1_16_诱虫量,2024-06-02,2024-06-09,2.0,RandomForest,0.4171879249755608
稻纵卷叶螟,RLF,南京农业大学白马教学科研基地稻纵_1_16_诱虫量,2024-06-09,2024-06-16,2.0,RandomForest,1.278262269258398
稻纵卷叶螟,RLF,南京农业大学白马教学科研基地稻纵_1_16_诱虫量,2024-06-16,2024-06-23,1.0,RandomForest,1.4332087891094552
稻纵卷叶螟,RLF,南京农业大学白马教学科研基地稻纵_1_16_诱虫量,2024-06-23,2024-06-30,3.0,RandomForest,1.3068133947103417
稻纵卷叶螟,RLF,南京农业大学白马教学科研基地稻纵_1_16_诱虫量,2024-06-30,2024-07-07,1.0,RandomForest,1.5334600820133288
稻纵卷叶螟,RLF,南京农业大学白马教学科研基地稻纵_1_16_诱虫量,2024-07-07,2024-07-14,1.0,RandomForest,3.4298157117585237
稻纵卷叶螟,RLF,南京农业大学白马教学科研基地稻纵_1_16_诱虫量,2024-07-14,2024-07-21,0.0,RandomForest,1.2375196887927764
稻纵卷叶螟,RLF,南京农业大学白马教学科研基地稻纵_1_16_诱虫量,2024-07-21,2024-07-28,1.0,RandomForest,1.7825369147873835
稻纵卷叶螟,RLF,南京农业大学白马教学科研基地稻纵_1_16_诱虫量,2024-07-28,2024-08-04,8.0,RandomForest,1.5561871210399199
稻纵卷叶螟,RLF,南京农业大学白马教学科研基地稻纵_1_16_诱虫量,2024-08-04,2024-08-11,5.0,RandomForest,9.346383568070864
稻纵卷叶螟,RLF,南京农业大学白马教学科研基地稻纵_1_16_诱虫量,2024-08-11,2024-08-18,6.0,RandomForest,5.621872192048285
稻纵卷叶螟,RLF,南京农业大学白马教学科研基地稻纵_1_16_诱虫量,2024-08-18,2024-08-25,82.0,RandomForest,3.8569032157583685
稻纵卷叶螟,RLF,南京农业大学白马教学科研基地稻纵_1_16_诱虫量,2024-08-25,2024-09-01,68.0,RandomForest,45.513529196734986
稻纵卷叶螟,RLF,南京农业大学白马教学科研基地稻纵_1_16_诱虫量,2024-09-01,2024-09-08,74.0,RandomForest,26.888460586693427
稻纵卷叶螟,RLF,南京农业大学白马教学科研基地稻纵_1_16_诱虫量,2024-09-08,2024-09-15,43.0,RandomForest,76.99675549948964
稻纵卷叶螟,RLF,南京农业大学白马教学科研基地稻纵_1_16_诱虫量,2024-09-15,2024-09-22,40.0,RandomForest,34.3640449111374
稻纵卷叶螟,RLF,南京农业大学白马教学科研基地稻纵_1_16_诱虫量,2024-09-22,2024-09-29,24.0,RandomForest,19.208005244095848
稻纵卷叶螟,RLF,南京农业大学白马教学科研基地稻纵_1_16_诱虫量,2024-09-29,2024-10-06,2.0,RandomForest,9.70325032255048
稻纵卷叶螟,RLF,南京农业大学白马教学科研基地稻纵_1_16_诱虫量,2024-10-06,2024-10-13,30.0,RandomForest,0.4404243595967429
稻纵卷叶螟,RLF,南京农业大学白马教学科研基地稻纵_1_16_诱虫量,2024-10-13,2024-10-20,7.0,RandomForest,3.487704748421331
稻纵卷叶螟,RLF,南京农业大学白马教学科研基地稻纵_1_16_诱虫量,2024-10-20,2024-10-27,1.0,RandomForest,1.5714186626587763
稻纵卷叶螟,RLF,南京农业大学白马教学科研基地稻纵_1_53_诱虫量,2023-12-31,2024-01-07,0.0,RandomForest,0.03338047753833381
稻纵卷叶螟,RLF,南京农业大学白马教学科研基地稻纵_1_53_诱虫量,2024-01-07,2024-01-14,0.0,RandomForest,0.0
稻纵卷叶螟,RLF,南京农业大学白马教学科研基地稻纵_1_53_诱虫量,2024-01-14,2024-01-21,0.0,RandomForest,0.0
稻纵卷叶螟,RLF,南京农业大学白马教学科研基地稻纵_1_53_诱虫量,2024-01-21,2024-01-28,0.0,RandomForest,0.0
稻纵卷叶螟,RLF,南京农业大学白马教学科研基地稻纵_1_53_诱虫量,2024-01-28,2024-02-04,0.0,RandomForest,0.0
稻纵卷叶螟,RLF,南京农业大学白马教学科研基地稻纵_1_53_诱虫量,2024-02-04,2024-02-11,0.0,RandomForest,0.424615047167525
稻纵卷叶螟,RLF,南京农业大学白马教学科研基地稻纵_1_53_诱虫量,2024-02-11,2024-02-18,0.0,RandomForest,0.4664578052032157
稻纵卷叶螟,RLF,南京农业大学白马教学科研基地稻纵_1_53_诱虫量,2024-02-18,2024-02-25,0.0,RandomForest,0.004128294108423136
稻纵卷叶螟,RLF,南京农业大学白马教学科研基地稻纵_1_53_诱虫量,2024-02-25,2024-03-03,0.0,RandomForest,0.7783704974605878
稻纵卷叶螟,RLF,南京农业大学白马教学科研基地稻纵_1_53_诱虫量,2024-03-03,2024-03-10,0.0,RandomForest,0.038398947376013105
稻纵卷叶螟,RLF,南京农业大学白马教学科研基地稻纵_1_53_诱虫量,2024-03-10,2024-03-17,0.0,RandomForest,0.0020685490431686018
稻纵卷叶螟,RLF,南京农业大学白马教学科研基地稻纵_1_53_诱虫量,2024-03-17,2024-03-24,0.0,RandomForest,0.014098305092416108
稻纵卷叶螟,RLF,南京农业大学白马教学科研基地稻纵_1_53_诱虫量,2024-03-24,2024-03-31,0.0,RandomForest,3.299026147578921
稻纵卷叶螟,RLF,南京农业大学白马教学科研基地稻纵_1_53_诱虫量,2024-03-31,2024-04-07,2.0,RandomForest,0.8537614776536877
稻纵卷叶螟,RLF,南京农业大学白马教学科研基地稻纵_1_53_诱虫量,2024-04-07,2024-04-14,1.0,RandomForest,0.0921880802872805
稻纵卷叶螟,RLF,南京农业大学白马教学科研基地稻纵_1_53_诱虫量,2024-04-14,2024-04-21,2.0,RandomForest,0.24536980553934315
稻纵卷叶螟,RLF,南京农业大学白马教学科研基地稻纵_1_53_诱虫量,2024-04-21,2024-04-28,10.0,RandomForest,0.845595682117185
稻纵卷叶螟,RLF,南京农业大学白马教学科研基地稻纵_1_53_诱虫量,2024-04-28,2024-05-05,3.0,RandomForest,3.3377482290793266
稻纵卷叶螟,RLF,南京农业大学白马教学科研基地稻纵_1_53_诱虫量,2024-05-05,2024-05-12,2.0,RandomForest,2.8485982905874523
稻纵卷叶螟,RLF,南京农业大学白马教学科研基地稻纵_1_53_诱虫量,2024-05-12,2024-05-19,1.0,RandomForest,0.6493176885619505
稻纵卷叶螟,RLF,南京农业大学白马教学科研基地稻纵_1_53_诱虫量,2024-05-19,2024-05-26,1.0,RandomForest,0.376384771078394
稻纵卷叶螟,RLF,南京农业大学白马教学科研基地稻纵_1_53_诱虫量,2024-10-27,2024-11-03,0.0,RandomForest,0.4103069197546621
稻纵卷叶螟,RLF,南京农业大学白马教学科研基地稻纵_1_53_诱虫量,2024-11-03,2024-11-10,1.0,RandomForest,0.09155464676190303
稻纵卷叶螟,RLF,南京农业大学白马教学科研基地稻纵_1_53_诱虫量,2024-11-10,2024-11-17,0.0,RandomForest,0.2146922775068498
稻纵卷叶螟,RLF,南京农业大学白马教学科研基地稻纵_1_53_诱虫量,2024-11-17,2024-11-24,0.0,RandomForest,0.01446106312286206
稻纵卷叶螟,RLF,南京农业大学白马教学科研基地稻纵_1_53_诱虫量,2024-11-24,2024-12-01,0.0,RandomForest,0.006462981947098057
稻纵卷叶螟,RLF,南京农业大学白马教学科研基地稻纵_1_53_诱虫量,2024-12-01,2024-12-08,0.0,RandomForest,0.05848147401698566
稻纵卷叶螟,RLF,南京农业大学白马教学科研基地稻纵_1_53_诱虫量,2024-12-08,2024-12-15,0.0,RandomForest,0.0
稻纵卷叶螟,RLF,南京农业大学白马教学科研基地稻纵_1_53_诱虫量,2024-12-15,2024-12-22,0.0,RandomForest,0.0
稻纵卷叶螟,RLF,南京农业大学白马教学科研基地稻纵_1_53_诱虫量,2024-12-22,2024-12-29,0.0,RandomForest,0.0
稻纵卷叶螟,RLF,固城街道前陇村_1_14_诱虫量,2024-09-08,2024-09-15,86.0,RandomForest,95.12492341709206
稻纵卷叶螟,RLF,固城街道前陇村_1_14_诱虫量,2024-09-15,2024-09-22,15.0,RandomForest,113.89577345468354
稻纵卷叶螟,RLF,固城街道前陇村_1_14_诱虫量,2024-09-22,2024-09-29,40.0,RandomForest,10.649910884118901
稻纵卷叶螟,RLF,固城街道前陇村_1_14_诱虫量,2024-09-29,2024-10-06,13.0,RandomForest,11.743932676767873
稻纵卷叶螟,RLF,固城街道前陇村_1_14_诱虫量,2024-10-06,2024-10-13,28.0,RandomForest,7.091149888134758
稻纵卷叶螟,RLF,固城街道前陇村_1_14_诱虫量,2024-10-13,2024-10-20,38.0,RandomForest,3.210324885508033
稻纵卷叶螟,RLF,固城街道前陇村_1_14_诱虫量,2024-10-20,2024-10-27,5.0,RandomForest,6.414260029891676
稻纵卷叶螟,RLF,孔镇稻纵卷叶螟_1_31_诱虫量,2023-12-31,2024-01-07,0.0,RandomForest,0.03675257858664188
稻纵卷叶螟,RLF,孔镇稻纵卷叶螟_1_31_诱虫量,2024-01-07,2024-01-14,0.0,RandomForest,0.0
稻纵卷叶螟,RLF,孔镇稻纵卷叶螟_1_31_诱虫量,2024-01-14,2024-01-21,0.0,RandomForest,0.0
稻纵卷叶螟,RLF,孔镇稻纵卷叶螟_1_31_诱虫量,2024-01-21,2024-01-28,0.0,RandomForest,0.0
稻纵卷叶螟,RLF,孔镇稻纵卷叶螟_1_31_诱虫量,2024-01-28,2024-02-04,0.0,RandomForest,0.0
稻纵卷叶螟,RLF,孔镇稻纵卷叶螟_1_31_诱虫量,2024-02-04,2024-02-11,0.0,RandomForest,0.424615047167525
稻纵卷叶螟,RLF,孔镇稻纵卷叶螟_1_31_诱虫量,2024-02-11,2024-02-18,0.0,RandomForest,0.4664578052032157
稻纵卷叶螟,RLF,孔镇稻纵卷叶螟_1_31_诱虫量,2024-02-18,2024-02-25,0.0,RandomForest,0.004128294108423136
稻纵卷叶螟,RLF,孔镇稻纵卷叶螟_1_31_诱虫量,2024-02-25,2024-03-03,0.0,RandomForest,0.7783704974605878
稻纵卷叶螟,RLF,孔镇稻纵卷叶螟_1_31_诱虫量,2024-03-03,2024-03-10,7.0,RandomForest,0.038398947376013105
稻纵卷叶螟,RLF,孔镇稻纵卷叶螟_1_31_诱虫量,2024-03-10,2024-03-17,0.0,RandomForest,0.19882789566882966
稻纵卷叶螟,RLF,孔镇稻纵卷叶螟_1_31_诱虫量,2024-03-17,2024-03-24,0.0,RandomForest,1.9131875795946645
稻纵卷叶螟,RLF,孔镇稻纵卷叶螟_1_31_诱虫量,2024-03-24,2024-03-31,0.0,RandomForest,0.9099250949747792
稻纵卷叶螟,RLF,孔镇稻纵卷叶螟_1_31_诱虫量,2024-03-31,2024-04-07,1.0,RandomForest,0.5605942616740667
稻纵卷叶螟,RLF,孔镇稻纵卷叶螟_1_31_诱虫量,2024-04-07,2024-04-14,0.0,RandomForest,2.0327943788400686
稻纵卷叶螟,RLF,孔镇稻纵卷叶螟_1_31_诱虫量,2024-04-14,2024-04-21,1.0,RandomForest,1.0314992157682288
稻纵卷叶螟,RLF,孔镇稻纵卷叶螟_1_31_诱虫量,2024-04-21,2024-04-28,2.0,RandomForest,3.225955680367451
稻纵卷叶螟,RLF,孔镇稻纵卷叶螟_1_31_诱虫量,2024-04-28,2024-05-05,57.0,RandomForest,0.4331757845734676
稻纵卷叶螟,RLF,孔镇稻纵卷叶螟_1_31_诱虫量,2024-05-05,2024-05-12,40.0,RandomForest,31.535597133417774
稻纵卷叶螟,RLF,孔镇稻纵卷叶螟_1_31_诱虫量,2024-05-12,2024-05-19,56.0,RandomForest,40.06958692801881
稻纵卷叶螟,RLF,孔镇稻纵卷叶螟_1_31_诱虫量,2024-05-19,2024-05-26,4.0,RandomForest,34.54425835988283
稻纵卷叶螟,RLF,孔镇稻纵卷叶螟_1_31_诱虫量,2024-10-27,2024-11-03,0.0,RandomForest,3.9754152957672435
稻纵卷叶螟,RLF,孔镇稻纵卷叶螟_1_31_诱虫量,2024-11-03,2024-11-10,0.0,RandomForest,0.17090955284278136
稻纵卷叶螟,RLF,孔镇稻纵卷叶螟_1_31_诱虫量,2024-11-10,2024-11-17,0.0,RandomForest,0.14486229496776679
稻纵卷叶螟,RLF,孔镇稻纵卷叶螟_1_31_诱虫量,2024-11-17,2024-11-24,0.0,RandomForest,0.0
稻纵卷叶螟,RLF,孔镇稻纵卷叶螟_1_31_诱虫量,2024-11-24,2024-12-01,0.0,RandomForest,0.0018081150209063228
稻纵卷叶螟,RLF,孔镇稻纵卷叶螟_1_31_诱虫量,2024-12-01,2024-12-08,0.0,RandomForest,0.06037047306574446
稻纵卷叶螟,RLF,孔镇稻纵卷叶螟_1_31_诱虫量,2024-12-08,2024-12-15,0.0,RandomForest,0.007672279549049065
稻纵卷叶螟,RLF,孔镇稻纵卷叶螟_1_31_诱虫量,2024-12-15,2024-12-22,0.0,RandomForest,0.0
稻纵卷叶螟,RLF,孔镇稻纵卷叶螟_1_31_诱虫量,2024-12-22,2024-12-29,0.0,RandomForest,0.0
稻纵卷叶螟,RLF,孔镇稻纵卷叶螟_1_8_诱虫量,2024-05-26,2024-06-02,10.0,RandomForest,0.30086506403355223
稻纵卷叶螟,RLF,孔镇稻纵卷叶螟_1_8_诱虫量,2024-06-02,2024-06-09,13.0,RandomForest,5.488379466780933
稻纵卷叶螟,RLF,孔镇稻纵卷叶螟_1_8_诱虫量,2024-06-09,2024-06-16,0.0,RandomForest,8.554572848166853
稻纵卷叶螟,RLF,孔镇稻纵卷叶螟_1_8_诱虫量,2024-06-16,2024-06-23,5.0,RandomForest,2.1673365245786043
稻纵卷叶螟,RLF,孔镇稻纵卷叶螟_1_8_诱虫量,2024-06-23,2024-06-30,0.0,RandomForest,3.323424479244503
稻纵卷叶螟,RLF,孔镇稻纵卷叶螟_1_8_诱虫量,2024-06-30,2024-07-07,0.0,RandomForest,2.0026808588629654
稻纵卷叶螟,RLF,孔镇稻纵卷叶螟_1_8_诱虫量,2024-07-07,2024-07-14,2.0,RandomForest,3.37543369539595
稻纵卷叶螟,RLF,孔镇稻纵卷叶螟_1_8_诱虫量,2024-07-14,2024-07-21,0.0,RandomForest,1.5881114807652774
稻纵卷叶螟,RLF,孔镇稻纵卷叶螟_1_8_诱虫量,2024-07-21,2024-07-28,24.0,RandomForest,2.662643166798415
稻纵卷叶螟,RLF,孔镇稻纵卷叶螟_1_8_诱虫量,2024-07-28,2024-08-04,171.0,RandomForest,35.38831513125819
稻纵卷叶螟,RLF,孔镇稻纵卷叶螟_1_8_诱虫量,2024-08-04,2024-08-11,360.0,RandomForest,85.33823251423364
稻纵卷叶螟,RLF,孔镇稻纵卷叶螟_1_8_诱虫量,2024-08-11,2024-08-18,102.0,RandomForest,66.29770938577643
稻纵卷叶螟,RLF,孔镇稻纵卷叶螟_1_8_诱虫量,2024-08-18,2024-08-25,142.0,RandomForest,52.785515786195965
稻纵卷叶螟,RLF,孔镇稻纵卷叶螟_1_8_诱虫量,2024-08-25,2024-09-01,419.0,RandomForest,73.53862929412558
稻纵卷叶螟,RLF,孔镇稻纵卷叶螟_1_8_诱虫量,2024-09-01,2024-09-08,415.0,RandomForest,109.88272623636682
稻纵卷叶螟,RLF,孔镇稻纵卷叶螟_1_8_诱虫量,2024-09-08,2024-09-15,176.0,RandomForest,193.95267702773054
稻纵卷叶螟,RLF,孔镇稻纵卷叶螟_1_8_诱虫量,2024-09-15,2024-09-22,32.0,RandomForest,148.47045173993024
稻纵卷叶螟,RLF,孔镇稻纵卷叶螟_1_8_诱虫量,2024-09-22,2024-09-29,14.0,RandomForest,12.496732320711688
稻纵卷叶螟,RLF,孔镇稻纵卷叶螟_1_8_诱虫量,2024-09-29,2024-10-06,27.0,RandomForest,5.2652816377990215
稻纵卷叶螟,RLF,孔镇稻纵卷叶螟_1_8_诱虫量,2024-10-06,2024-10-13,34.0,RandomForest,7.46507788813105
稻纵卷叶螟,RLF,孔镇稻纵卷叶螟_1_8_诱虫量,2024-10-13,2024-10-20,17.0,RandomForest,2.7759836031760203
稻纵卷叶螟,RLF,孔镇稻纵卷叶螟_1_8_诱虫量,2024-10-20,2024-10-27,8.0,RandomForest,4.460674603894627
稻纵卷叶螟,RLF,桠溪街道6月前粘虫后稻纵_1_38_诱虫量,2023-12-31,2024-01-07,0.0,RandomForest,0.03338047753833381
稻纵卷叶螟,RLF,桠溪街道6月前粘虫后稻纵_1_38_诱虫量,2024-01-07,2024-01-14,0.0,RandomForest,0.0
稻纵卷叶螟,RLF,桠溪街道6月前粘虫后稻纵_1_38_诱虫量,2024-01-14,2024-01-21,0.0,RandomForest,0.0
稻纵卷叶螟,RLF,桠溪街道6月前粘虫后稻纵_1_38_诱虫量,2024-01-21,2024-01-28,0.0,RandomForest,0.0
稻纵卷叶螟,RLF,桠溪街道6月前粘虫后稻纵_1_38_诱虫量,2024-01-28,2024-02-04,0.0,RandomForest,0.0
稻纵卷叶螟,RLF,桠溪街道6月前粘虫后稻纵_1_38_诱虫量,2024-02-04,2024-02-11,0.0,RandomForest,0.424615047167525
稻纵卷叶螟,RLF,桠溪街道6月前粘虫后稻纵_1_38_诱虫量,2024-02-11,2024-02-18,0.0,RandomForest,0.4664578052032157
稻纵卷叶螟,RLF,桠溪街道6月前粘虫后稻纵_1_38_诱虫量,2024-02-18,2024-02-25,0.0,RandomForest,0.004128294108423136
稻纵卷叶螟,RLF,桠溪街道6月前粘虫后稻纵_1_38_诱虫量,2024-02-25,2024-03-03,0.0,RandomForest,0.7783704974605878
稻纵卷叶螟,RLF,桠溪街道6月前粘虫后稻纵_1_38_诱虫量,2024-03-03,2024-03-10,4.0,RandomForest,0.038398947376013105
稻纵卷叶螟,RLF,桠溪街道6月前粘虫后稻纵_1_38_诱虫量,2024-03-10,2024-03-17,0.0,RandomForest,0.139829875719223
稻纵卷叶螟,RLF,桠溪街道6月前粘虫后稻纵_1_38_诱虫量,2024-03-17,2024-03-24,0.0,RandomForest,0.6970899628312166
稻纵卷叶螟,RLF,桠溪街道6月前粘虫后稻纵_1_38_诱虫量,2024-03-24,2024-03-31,2.0,RandomForest,0.8942575180910841
稻纵卷叶螟,RLF,桠溪街道6月前粘虫后稻纵_1_38_诱虫量,2024-03-31,2024-04-07,0.0,RandomForest,0.9241693057328584
稻纵卷叶螟,RLF,桠溪街道6月前粘虫后稻纵_1_38_诱虫量,2024-04-07,2024-04-14,0.0,RandomForest,0.45540221649443646
稻纵卷叶螟,RLF,桠溪街道6月前粘虫后稻纵_1_38_诱虫量,2024-04-14,2024-04-21,1.0,RandomForest,0.41261995922831063
稻纵卷叶螟,RLF,桠溪街道6月前粘虫后稻纵_1_38_诱虫量,2024-04-21,2024-04-28,0.0,RandomForest,1.110100074907431
稻纵卷叶螟,RLF,桠溪街道6月前粘虫后稻纵_1_38_诱虫量,2024-04-28,2024-05-05,2.0,RandomForest,0.5211504346512152
稻纵卷叶螟,RLF,桠溪街道6月前粘虫后稻纵_1_38_诱虫量,2024-05-05,2024-05-12,1.0,RandomForest,1.4434171937495321
稻纵卷叶螟,RLF,桠溪街道6月前粘虫后稻纵_1_38_诱虫量,2024-05-12,2024-05-19,1.0,RandomForest,0.5759752972490124
稻纵卷叶螟,RLF,桠溪街道6月前粘虫后稻纵_1_38_诱虫量,2024-05-19,2024-05-26,6.0,RandomForest,0.7095196521058396
稻纵卷叶螟,RLF,桠溪街道6月前粘虫后稻纵_1_38_诱虫量,2024-10-27,2024-11-03,0.0,RandomForest,0.06051232383203814
稻纵卷叶螟,RLF,桠溪街道6月前粘虫后稻纵_1_38_诱虫量,2024-11-03,2024-11-10,0.0,RandomForest,0.0842755411372702
稻纵卷叶螟,RLF,桠溪街道6月前粘虫后稻纵_1_38_诱虫量,2024-11-10,2024-11-17,0.0,RandomForest,0.07370128034666269
稻纵卷叶螟,RLF,桠溪街道6月前粘虫后稻纵_1_38_诱虫量,2024-11-17,2024-11-24,0.0,RandomForest,0.0008668094380470035
稻纵卷叶螟,RLF,桠溪街道6月前粘虫后稻纵_1_38_诱虫量,2024-11-24,2024-12-01,0.0,RandomForest,0.0
稻纵卷叶螟,RLF,桠溪街道6月前粘虫后稻纵_1_38_诱虫量,2024-12-01,2024-12-08,0.0,RandomForest,0.05670638676229459
稻纵卷叶螟,RLF,桠溪街道6月前粘虫后稻纵_1_38_诱虫量,2024-12-08,2024-12-15,0.0,RandomForest,0.0
稻纵卷叶螟,RLF,桠溪街道6月前粘虫后稻纵_1_38_诱虫量,2024-12-15,2024-12-22,0.0,RandomForest,0.0
稻纵卷叶螟,RLF,桠溪街道6月前粘虫后稻纵_1_38_诱虫量,2024-12-22,2024-12-29,0.0,RandomForest,0.0
稻纵卷叶螟,RLF,桠溪街道6月前粘虫后稻纵_1_6_诱虫量,2024-05-26,2024-06-02,2.0,RandomForest,1.7828151680806528
稻纵卷叶螟,RLF,桠溪街道6月前粘虫后稻纵_1_6_诱虫量,2024-06-02,2024-06-09,1.0,RandomForest,1.4950887092016099
稻纵卷叶螟,RLF,桠溪街道6月前粘虫后稻纵_1_6_诱虫量,2024-06-09,2024-06-16,3.0,RandomForest,0.8438551586291385
稻纵卷叶螟,RLF,桠溪街道6月前粘虫后稻纵_1_6_诱虫量,2024-06-16,2024-06-23,2.0,RandomForest,1.5047861999659293
稻纵卷叶螟,RLF,桠溪街道6月前粘虫后稻纵_1_6_诱虫量,2024-06-23,2024-06-30,2.0,RandomForest,1.63333502370689
稻纵卷叶螟,RLF,桠溪街道6月前粘虫后稻纵_1_6_诱虫量,2024-06-30,2024-07-07,2.0,RandomForest,2.1449515469257845
稻纵卷叶螟,RLF,桠溪街道6月前粘虫后稻纵_1_6_诱虫量,2024-07-07,2024-07-14,0.0,RandomForest,3.5539920258816906
稻纵卷叶螟,RLF,桠溪街道6月前粘虫后稻纵_1_6_诱虫量,2024-07-14,2024-07-21,2.0,RandomForest,1.2058957771576853
稻纵卷叶螟,RLF,桠溪街道6月前粘虫后稻纵_1_6_诱虫量,2024-07-21,2024-07-28,18.0,RandomForest,2.4780524098989156
稻纵卷叶螟,RLF,桠溪街道6月前粘虫后稻纵_1_6_诱虫量,2024-07-28,2024-08-04,40.0,RandomForest,26.82526605813625
稻纵卷叶螟,RLF,桠溪街道6月前粘虫后稻纵_1_6_诱虫量,2024-08-04,2024-08-11,95.0,RandomForest,21.888423828910113
稻纵卷叶螟,RLF,桠溪街道6月前粘虫后稻纵_1_6_诱虫量,2024-08-11,2024-08-18,131.0,RandomForest,45.78564898080059
稻纵卷叶螟,RLF,桠溪街道6月前粘虫后稻纵_1_6_诱虫量,2024-08-18,2024-08-25,143.0,RandomForest,48.097881587480465
稻纵卷叶螟,RLF,桠溪街道6月前粘虫后稻纵_1_6_诱虫量,2024-08-25,2024-09-01,225.0,RandomForest,63.33969405333035
稻纵卷叶螟,RLF,桠溪街道6月前粘虫后稻纵_1_6_诱虫量,2024-09-01,2024-09-08,329.0,RandomForest,84.26787067744446
稻纵卷叶螟,RLF,桠溪街道6月前粘虫后稻纵_1_6_诱虫量,2024-09-08,2024-09-15,178.0,RandomForest,182.73514774170633
稻纵卷叶螟,RLF,桠溪街道6月前粘虫后稻纵_1_6_诱虫量,2024-09-15,2024-09-22,48.0,RandomForest,146.73521875066
稻纵卷叶螟,RLF,桠溪街道6月前粘虫后稻纵_1_6_诱虫量,2024-09-22,2024-09-29,57.0,RandomForest,23.95311331604891
稻纵卷叶螟,RLF,桠溪街道6月前粘虫后稻纵_1_6_诱虫量,2024-09-29,2024-10-06,19.0,RandomForest,19.70580146265447
稻纵卷叶螟,RLF,桠溪街道6月前粘虫后稻纵_1_6_诱虫量,2024-10-06,2024-10-13,172.0,RandomForest,7.898855696955769
稻纵卷叶螟,RLF,桠溪街道6月前粘虫后稻纵_1_6_诱虫量,2024-10-13,2024-10-20,2.0,RandomForest,35.456147462149524
稻纵卷叶螟,RLF,桠溪街道6月前粘虫后稻纵_1_6_诱虫量,2024-10-20,2024-10-27,3.0,RandomForest,0.6990195923743925
稻纵卷叶螟,RLF,桠溪街道顾陇村_1_4_诱虫量,2024-09-08,2024-09-15,47.0,RandomForest,119.66493170050711
稻纵卷叶螟,RLF,桠溪街道顾陇村_1_4_诱虫量,2024-09-15,2024-09-22,17.0,RandomForest,27.704419788002127
稻纵卷叶螟,RLF,桠溪街道顾陇村_1_4_诱虫量,2024-09-22,2024-09-29,20.0,RandomForest,10.01038638208268
稻纵卷叶螟,RLF,桠溪街道顾陇村_1_4_诱虫量,2024-09-29,2024-10-06,40.0,RandomForest,9.826698755488735
稻纵卷叶螟,RLF,桠溪街道顾陇村_1_4_诱虫量,2024-10-06,2024-10-13,50.0,RandomForest,13.554287014641858
稻纵卷叶螟,RLF,桠溪街道顾陇村_1_4_诱虫量,2024-10-13,2024-10-20,1.0,RandomForest,8.672634899074717
稻纵卷叶螟,RLF,桠溪街道顾陇村_1_4_诱虫量,2024-10-20,2024-10-27,2.0,RandomForest,0.45154555367468363
稻纵卷叶螟,RLF,桥林街道马骡圩村_1_40_诱虫量,2023-12-31,2024-01-07,0.0,RandomForest,0.03338047753833381
稻纵卷叶螟,RLF,桥林街道马骡圩村_1_40_诱虫量,2024-01-07,2024-01-14,0.0,RandomForest,0.0
稻纵卷叶螟,RLF,桥林街道马骡圩村_1_40_诱虫量,2024-01-14,2024-01-21,0.0,RandomForest,0.0
稻纵卷叶螟,RLF,桥林街道马骡圩村_1_40_诱虫量,2024-01-21,2024-01-28,0.0,RandomForest,0.0
稻纵卷叶螟,RLF,桥林街道马骡圩村_1_40_诱虫量,2024-01-28,2024-02-04,0.0,RandomForest,0.0
稻纵卷叶螟,RLF,桥林街道马骡圩村_1_40_诱虫量,2024-02-04,2024-02-11,0.0,RandomForest,0.424615047167525
稻纵卷叶螟,RLF,桥林街道马骡圩村_1_40_诱虫量,2024-02-11,2024-02-18,0.0,RandomForest,0.4664578052032157
稻纵卷叶螟,RLF,桥林街道马骡圩村_1_40_诱虫量,2024-02-18,2024-02-25,0.0,RandomForest,0.004128294108423136
稻纵卷叶螟,RLF,桥林街道马骡圩村_1_40_诱虫量,2024-02-25,2024-03-03,0.0,RandomForest,0.7783704974605878
稻纵卷叶螟,RLF,桥林街道马骡圩村_1_40_诱虫量,2024-03-03,2024-03-10,3.0,RandomForest,0.038398947376013105
稻纵卷叶螟,RLF,桥林街道马骡圩村_1_40_诱虫量,2024-03-10,2024-03-17,0.0,RandomForest,0.17797922978273073
稻纵卷叶螟,RLF,桥林街道马骡圩村_1_40_诱虫量,2024-03-17,2024-03-24,1.0,RandomForest,0.26526880557435506
稻纵卷叶螟,RLF,桥林街道马骡圩村_1_40_诱虫量,2024-03-24,2024-03-31,2.0,RandomForest,0.8090533317684927
稻纵卷叶螟,RLF,桥林街道马骡圩村_1_40_诱虫量,2024-03-31,2024-04-07,3.0,RandomForest,0.9366150172527226
稻纵卷叶螟,RLF,桥林街道马骡圩村_1_40_诱虫量,2024-04-07,2024-04-14,2.0,RandomForest,0.5916827903728354
稻纵卷叶螟,RLF,桥林街道马骡圩村_1_40_诱虫量,2024-04-14,2024-04-21,3.0,RandomForest,0.7015190518295873
稻纵卷叶螟,RLF,桥林街道马骡圩村_1_40_诱虫量,2024-04-21,2024-04-28,1.0,RandomForest,0.9239308022263855
稻纵卷叶螟,RLF,桥林街道马骡圩村_1_40_诱虫量,2024-04-28,2024-05-05,13.0,RandomForest,0.6716850328521429
稻纵卷叶螟,RLF,桥林街道马骡圩村_1_40_诱虫量,2024-05-05,2024-05-12,17.0,RandomForest,10.700533407037586
稻纵卷叶螟,RLF,桥林街道马骡圩村_1_40_诱虫量,2024-05-12,2024-05-19,18.0,RandomForest,22.342124348116634
稻纵卷叶螟,RLF,桥林街道马骡圩村_1_40_诱虫量,2024-05-19,2024-05-26,9.0,RandomForest,22.88948777226975
稻纵卷叶螟,RLF,桥林街道马骡圩村_1_40_诱虫量,2024-10-27,2024-11-03,0.0,RandomForest,0.06051232383203814
稻纵卷叶螟,RLF,桥林街道马骡圩村_1_40_诱虫量,2024-11-03,2024-11-10,0.0,RandomForest,0.0842755411372702
稻纵卷叶螟,RLF,桥林街道马骡圩村_1_40_诱虫量,2024-11-10,2024-11-17,0.0,RandomForest,0.07370128034666269
稻纵卷叶螟,RLF,桥林街道马骡圩村_1_40_诱虫量,2024-11-17,2024-11-24,0.0,RandomForest,0.0008668094380470035
稻纵卷叶螟,RLF,桥林街道马骡圩村_1_40_诱虫量,2024-11-24,2024-12-01,0.0,RandomForest,0.0
稻纵卷叶螟,RLF,桥林街道马骡圩村_1_40_诱虫量,2024-12-01,2024-12-08,0.0,RandomForest,0.05670638676229459
稻纵卷叶螟,RLF,桥林街道马骡圩村_1_40_诱虫量,2024-12-08,2024-12-15,0.0,RandomForest,0.0
稻纵卷叶螟,RLF,桥林街道马骡圩村_1_40_诱虫量,2024-12-15,2024-12-22,0.0,RandomForest,0.0
稻纵卷叶螟,RLF,桥林街道马骡圩村_1_40_诱虫量,2024-12-22,2024-12-29,0.0,RandomForest,0.0
稻纵卷叶螟,RLF,桥林街道马骡圩村_1_7_诱虫量,2024-05-26,2024-06-02,1.0,RandomForest,1.7828151680806528
稻纵卷叶螟,RLF,桥林街道马骡圩村_1_7_诱虫量,2024-06-02,2024-06-09,7.0,RandomForest,1.4896772537119833
稻纵卷叶螟,RLF,桥林街道马骡圩村_1_7_诱虫量,2024-06-09,2024-06-16,0.0,RandomForest,1.9455799371507467
稻纵卷叶螟,RLF,桥林街道马骡圩村_1_7_诱虫量,2024-06-16,2024-06-23,5.0,RandomForest,2.594835809258529
稻纵卷叶螟,RLF,桥林街道马骡圩村_1_7_诱虫量,2024-06-23,2024-06-30,2.0,RandomForest,3.818652693895003
稻纵卷叶螟,RLF,桥林街道马骡圩村_1_7_诱虫量,2024-06-30,2024-07-07,2.0,RandomForest,3.1941666928881034
稻纵卷叶螟,RLF,桥林街道马骡圩村_1_7_诱虫量,2024-07-07,2024-07-14,0.0,RandomForest,5.486096162799838
稻纵卷叶螟,RLF,桥林街道马骡圩村_1_7_诱虫量,2024-07-14,2024-07-21,0.0,RandomForest,1.6650110215611797
稻纵卷叶螟,RLF,桥林街道马骡圩村_1_7_诱虫量,2024-07-21,2024-07-28,9.0,RandomForest,2.1115894338820715
稻纵卷叶螟,RLF,桥林街道马骡圩村_1_7_诱虫量,2024-07-28,2024-08-04,57.0,RandomForest,19.228104344917902
稻纵卷叶螟,RLF,桥林街道马骡圩村_1_7_诱虫量,2024-08-04,2024-08-11,54.0,RandomForest,26.941836899203746
稻纵卷叶螟,RLF,桥林街道马骡圩村_1_7_诱虫量,2024-08-11,2024-08-18,76.0,RandomForest,13.903673854116315
稻纵卷叶螟,RLF,桥林街道马骡圩村_1_7_诱虫量,2024-08-18,2024-08-25,175.0,RandomForest,33.23699609126907
稻纵卷叶螟,RLF,桥林街道马骡圩村_1_7_诱虫量,2024-08-25,2024-09-01,289.0,RandomForest,80.48289446464327
稻纵卷叶螟,RLF,桥林街道马骡圩村_1_7_诱虫量,2024-09-01,2024-09-08,121.0,RandomForest,101.73065311852454
稻纵卷叶螟,RLF,桥林街道马骡圩村_1_7_诱虫量,2024-09-08,2024-09-15,82.0,RandomForest,143.60648031679216
稻纵卷叶螟,RLF,桥林街道马骡圩村_1_7_诱虫量,2024-09-15,2024-09-22,46.0,RandomForest,130.71566831406952
稻纵卷叶螟,RLF,桥林街道马骡圩村_1_7_诱虫量,2024-09-22,2024-09-29,1.0,RandomForest,20.999374939331762
稻纵卷叶螟,RLF,桥林街道马骡圩村_1_7_诱虫量,2024-09-29,2024-10-06,0.0,RandomForest,4.555172575110598
稻纵卷叶螟,RLF,桥林街道马骡圩村_1_7_诱虫量,2024-10-06,2024-10-13,18.0,RandomForest,0.02290383723936114
稻纵卷叶螟,RLF,桥林街道马骡圩村_1_7_诱虫量,2024-10-13,2024-10-20,0.0,RandomForest,2.996916250488916
稻纵卷叶螟,RLF,桥林街道马骡圩村_1_7_诱虫量,2024-10-20,2024-10-27,0.0,RandomForest,0.17305337851507555
稻纵卷叶螟,RLF,横梁艾津稻纵_1_28_诱虫量,2024-05-26,2024-06-02,2.0,RandomForest,0.30086506403355223
稻纵卷叶螟,RLF,横梁艾津稻纵_1_28_诱虫量,2024-06-02,2024-06-09,2.0,RandomForest,0.5356256979320198
稻纵卷叶螟,RLF,横梁艾津稻纵_1_28_诱虫量,2024-06-09,2024-06-16,13.0,RandomForest,0.9583541930460748
稻纵卷叶螟,RLF,横梁艾津稻纵_1_28_诱虫量,2024-06-16,2024-06-23,3.0,RandomForest,7.363235160094657
稻纵卷叶螟,RLF,横梁艾津稻纵_1_28_诱虫量,2024-06-23,2024-06-30,14.0,RandomForest,3.9673703851144353
稻纵卷叶螟,RLF,横梁艾津稻纵_1_28_诱虫量,2024-06-30,2024-07-07,2.0,RandomForest,7.75932993210828
稻纵卷叶螟,RLF,横梁艾津稻纵_1_28_诱虫量,2024-07-07,2024-07-14,2.0,RandomForest,6.464768763524762
稻纵卷叶螟,RLF,横梁艾津稻纵_1_28_诱虫量,2024-07-14,2024-07-21,2.0,RandomForest,1.515434321805238
稻纵卷叶螟,RLF,横梁艾津稻纵_1_28_诱虫量,2024-07-21,2024-07-28,8.0,RandomForest,3.234996435738193
稻纵卷叶螟,RLF,横梁艾津稻纵_1_28_诱虫量,2024-07-28,2024-08-04,8.0,RandomForest,8.657932252373593
稻纵卷叶螟,RLF,横梁艾津稻纵_1_28_诱虫量,2024-08-04,2024-08-11,6.0,RandomForest,7.20253138444038
稻纵卷叶螟,RLF,横梁艾津稻纵_1_28_诱虫量,2024-08-11,2024-08-18,9.0,RandomForest,4.775758563094089
稻纵卷叶螟,RLF,横梁艾津稻纵_1_28_诱虫量,2024-08-18,2024-08-25,61.0,RandomForest,6.1435559496516685
稻纵卷叶螟,RLF,横梁艾津稻纵_1_28_诱虫量,2024-08-25,2024-09-01,66.0,RandomForest,21.295270376748423
稻纵卷叶螟,RLF,横梁艾津稻纵_1_28_诱虫量,2024-09-01,2024-09-08,6.0,RandomForest,27.115239072955575
稻纵卷叶螟,RLF,横梁艾津稻纵_1_28_诱虫量,2024-09-08,2024-09-15,3.0,RandomForest,6.813008880651373
稻纵卷叶螟,RLF,横梁艾津稻纵_1_28_诱虫量,2024-09-15,2024-09-22,3.0,RandomForest,2.685762625696545
稻纵卷叶螟,RLF,横梁艾津稻纵_1_28_诱虫量,2024-09-22,2024-09-29,12.0,RandomForest,2.9211141485981136
稻纵卷叶螟,RLF,横梁艾津稻纵_1_28_诱虫量,2024-09-29,2024-10-06,0.0,RandomForest,5.080952998938812
稻纵卷叶螟,RLF,横梁艾津稻纵_1_28_诱虫量,2024-10-06,2024-10-13,28.0,RandomForest,0.09739465680661698
稻纵卷叶螟,RLF,横梁艾津稻纵_1_28_诱虫量,2024-10-13,2024-10-20,3.0,RandomForest,3.5416566297783705
稻纵卷叶螟,RLF,横梁艾津稻纵_1_28_诱虫量,2024-10-20,2024-10-27,1.0,RandomForest,0.7386322230676832
稻纵卷叶螟,RLF,横梁艾津稻纵_1_47_诱虫量,2023-12-31,2024-01-07,0.0,RandomForest,0.03338047753833381
稻纵卷叶螟,RLF,横梁艾津稻纵_1_47_诱虫量,2024-01-07,2024-01-14,0.0,RandomForest,0.0
稻纵卷叶螟,RLF,横梁艾津稻纵_1_47_诱虫量,2024-01-14,2024-01-21,0.0,RandomForest,0.0
稻纵卷叶螟,RLF,横梁艾津稻纵_1_47_诱虫量,2024-01-21,2024-01-28,0.0,RandomForest,0.0
稻纵卷叶螟,RLF,横梁艾津稻纵_1_47_诱虫量,2024-01-28,2024-02-04,0.0,RandomForest,0.0
稻纵卷叶螟,RLF,横梁艾津稻纵_1_47_诱虫量,2024-02-04,2024-02-11,0.0,RandomForest,0.424615047167525
稻纵卷叶螟,RLF,横梁艾津稻纵_1_47_诱虫量,2024-02-11,2024-02-18,0.0,RandomForest,0.4664578052032157
稻纵卷叶螟,RLF,横梁艾津稻纵_1_47_诱虫量,2024-02-18,2024-02-25,0.0,RandomForest,0.004128294108423136
稻纵卷叶螟,RLF,横梁艾津稻纵_1_47_诱虫量,2024-02-25,2024-03-03,0.0,RandomForest,0.7783704974605878
稻纵卷叶螟,RLF,横梁艾津稻纵_1_47_诱虫量,2024-03-03,2024-03-10,0.0,RandomForest,0.038398947376013105
稻纵卷叶螟,RLF,横梁艾津稻纵_1_47_诱虫量,2024-03-10,2024-03-17,0.0,RandomForest,0.0020685490431686018
稻纵卷叶螟,RLF,横梁艾津稻纵_1_47_诱虫量,2024-03-17,2024-03-24,0.0,RandomForest,0.014098305092416108
稻纵卷叶螟,RLF,横梁艾津稻纵_1_47_诱虫量,2024-03-24,2024-03-31,0.0,RandomForest,3.299026147578921
稻纵卷叶螟,RLF,横梁艾津稻纵_1_47_诱虫量,2024-03-31,2024-04-07,0.0,RandomForest,0.8537614776536877
稻纵卷叶螟,RLF,横梁艾津稻纵_1_47_诱虫量,2024-04-07,2024-04-14,0.0,RandomForest,0.01205931613291722
稻纵卷叶螟,RLF,横梁艾津稻纵_1_47_诱虫量,2024-04-14,2024-04-21,0.0,RandomForest,0.008374445900264482
稻纵卷叶螟,RLF,横梁艾津稻纵_1_47_诱虫量,2024-04-21,2024-04-28,0.0,RandomForest,0.7528182630869587
稻纵卷叶螟,RLF,横梁艾津稻纵_1_47_诱虫量,2024-04-28,2024-05-05,0.0,RandomForest,0.0066207219082980275
稻纵卷叶螟,RLF,横梁艾津稻纵_1_47_诱虫量,2024-05-05,2024-05-12,1.0,RandomForest,0.3184546953975065
稻纵卷叶螟,RLF,横梁艾津稻纵_1_47_诱虫量,2024-05-12,2024-05-19,0.0,RandomForest,0.08437620515428985
稻纵卷叶螟,RLF,横梁艾津稻纵_1_47_诱虫量,2024-05-19,2024-05-26,0.0,RandomForest,0.385432023216948
稻纵卷叶螟,RLF,横梁艾津稻纵_1_47_诱虫量,2024-10-27,2024-11-03,0.0,RandomForest,0.06051232383203814
稻纵卷叶螟,RLF,横梁艾津稻纵_1_47_诱虫量,2024-11-03,2024-11-10,0.0,RandomForest,0.0842755411372702
稻纵卷叶螟,RLF,横梁艾津稻纵_1_47_诱虫量,2024-11-10,2024-11-17,0.0,RandomForest,0.07370128034666269
稻纵卷叶螟,RLF,横梁艾津稻纵_1_47_诱虫量,2024-11-17,2024-11-24,0.0,RandomForest,0.0008668094380470035
稻纵卷叶螟,RLF,横梁艾津稻纵_1_47_诱虫量,2024-11-24,2024-12-01,0.0,RandomForest,0.0
稻纵卷叶螟,RLF,横梁艾津稻纵_1_47_诱虫量,2024-12-01,2024-12-08,0.0,RandomForest,0.05670638676229459
稻纵卷叶螟,RLF,横梁艾津稻纵_1_47_诱虫量,2024-12-08,2024-12-15,0.0,RandomForest,0.0
稻纵卷叶螟,RLF,横梁艾津稻纵_1_47_诱虫量,2024-12-15,2024-12-22,0.0,RandomForest,0.0
稻纵卷叶螟,RLF,横梁艾津稻纵_1_47_诱虫量,2024-12-22,2024-12-29,0.0,RandomForest,0.0
稻纵卷叶螟,RLF,横溪街道稻纵_1_26_诱虫量,2023-12-31,2024-01-07,0.0,RandomForest,0.03338047753833381
稻纵卷叶螟,RLF,横溪街道稻纵_1_26_诱虫量,2024-01-07,2024-01-14,0.0,RandomForest,0.0
稻纵卷叶螟,RLF,横溪街道稻纵_1_26_诱虫量,2024-01-14,2024-01-21,1.0,RandomForest,0.0
稻纵卷叶螟,RLF,横溪街道稻纵_1_26_诱虫量,2024-01-21,2024-01-28,0.0,RandomForest,0.001996482345504911
稻纵卷叶螟,RLF,横溪街道稻纵_1_26_诱虫量,2024-01-28,2024-02-04,0.0,RandomForest,0.04357152468988456
稻纵卷叶螟,RLF,横溪街道稻纵_1_26_诱虫量,2024-02-04,2024-02-11,0.0,RandomForest,0.9417336538562435
稻纵卷叶螟,RLF,横溪街道稻纵_1_26_诱虫量,2024-02-11,2024-02-18,0.0,RandomForest,0.6089556662517923
稻纵卷叶螟,RLF,横溪街道稻纵_1_26_诱虫量,2024-02-18,2024-02-25,0.0,RandomForest,0.03851348256733341
稻纵卷叶螟,RLF,横溪街道稻纵_1_26_诱虫量,2024-02-25,2024-03-03,0.0,RandomForest,0.7564124362175402
稻纵卷叶螟,RLF,横溪街道稻纵_1_26_诱虫量,2024-03-03,2024-03-10,0.0,RandomForest,0.06305571623078095
稻纵卷叶螟,RLF,横溪街道稻纵_1_26_诱虫量,2024-03-10,2024-03-17,1.0,RandomForest,0.0020685490431686018
稻纵卷叶螟,RLF,横溪街道稻纵_1_26_诱虫量,2024-03-17,2024-03-24,0.0,RandomForest,0.05446778438812466
稻纵卷叶螟,RLF,横溪街道稻纵_1_26_诱虫量,2024-03-24,2024-03-31,0.0,RandomForest,2.453278598953119
稻纵卷叶螟,RLF,横溪街道稻纵_1_26_诱虫量,2024-03-31,2024-04-07,0.0,RandomForest,2.058758341588437
稻纵卷叶螟,RLF,横溪街道稻纵_1_26_诱虫量,2024-04-07,2024-04-14,1.0,RandomForest,0.3084945585136164
稻纵卷叶螟,RLF,横溪街道稻纵_1_26_诱虫量,2024-04-14,2024-04-21,0.0,RandomForest,0.14088635393709845
稻纵卷叶螟,RLF,横溪街道稻纵_1_26_诱虫量,2024-04-21,2024-04-28,0.0,RandomForest,0.6617910342282141
稻纵卷叶螟,RLF,横溪街道稻纵_1_26_诱虫量,2024-04-28,2024-05-05,0.0,RandomForest,0.525225489729519
稻纵卷叶螟,RLF,横溪街道稻纵_1_26_诱虫量,2024-05-05,2024-05-12,0.0,RandomForest,0.48163846826927176
稻纵卷叶螟,RLF,横溪街道稻纵_1_26_诱虫量,2024-05-12,2024-05-19,0.0,RandomForest,0.1850596900349972
稻纵卷叶螟,RLF,横溪街道稻纵_1_26_诱虫量,2024-05-19,2024-05-26,0.0,RandomForest,0.03543109763809153
稻纵卷叶螟,RLF,横溪街道稻纵_1_26_诱虫量,2024-10-27,2024-11-03,8.0,RandomForest,1.0029935164103754
稻纵卷叶螟,RLF,横溪街道稻纵_1_26_诱虫量,2024-11-03,2024-11-10,11.0,RandomForest,2.721141349831474
稻纵卷叶螟,RLF,横溪街道稻纵_1_26_诱虫量,2024-11-10,2024-11-17,0.0,RandomForest,4.163538584022134
稻纵卷叶螟,RLF,横溪街道稻纵_1_26_诱虫量,2024-11-17,2024-11-24,0.0,RandomForest,0.05891760125045742
稻纵卷叶螟,RLF,横溪街道稻纵_1_26_诱虫量,2024-11-24,2024-12-01,0.0,RandomForest,0.007663888803295826
稻纵卷叶螟,RLF,横溪街道稻纵_1_26_诱虫量,2024-12-01,2024-12-08,0.0,RandomForest,0.05943937613338915
稻纵卷叶螟,RLF,横溪街道稻纵_1_26_诱虫量,2024-12-08,2024-12-15,0.0,RandomForest,0.009328783296955861
稻纵卷叶螟,RLF,横溪街道稻纵_1_26_诱虫量,2024-12-15,2024-12-22,0.0,RandomForest,0.009328783296955861
稻纵卷叶螟,RLF,横溪街道稻纵_1_26_诱虫量,2024-12-22,2024-12-29,0.0,RandomForest,0.00838373966404035
稻纵卷叶螟,RLF,横溪街道稻纵_1_2_诱虫量,2024-05-26,2024-06-02,0.0,RandomForest,0.30086506403355223
稻纵卷叶螟,RLF,横溪街道稻纵_1_2_诱虫量,2024-06-02,2024-06-09,0.0,RandomForest,0.12410127030205712
稻纵卷叶螟,RLF,横溪街道稻纵_1_2_诱虫量,2024-06-09,2024-06-16,0.0,RandomForest,0.3406564895820411
稻纵卷叶螟,RLF,横溪街道稻纵_1_2_诱虫量,2024-06-16,2024-06-23,0.0,RandomForest,0.6307476124454268
稻纵卷叶螟,RLF,横溪街道稻纵_1_2_诱虫量,2024-06-23,2024-06-30,0.0,RandomForest,0.6330396584873192
稻纵卷叶螟,RLF,横溪街道稻纵_1_2_诱虫量,2024-06-30,2024-07-07,0.0,RandomForest,0.7483524084222215
稻纵卷叶螟,RLF,横溪街道稻纵_1_2_诱虫量,2024-07-07,2024-07-14,0.0,RandomForest,2.98144163612446
稻纵卷叶螟,RLF,横溪街道稻纵_1_2_诱虫量,2024-07-14,2024-07-21,0.0,RandomForest,0.8873096213711897
稻纵卷叶螟,RLF,横溪街道稻纵_1_2_诱虫量,2024-07-21,2024-07-28,0.0,RandomForest,4.209637806486124
稻纵卷叶螟,RLF,横溪街道稻纵_1_2_诱虫量,2024-07-28,2024-08-04,3.0,RandomForest,1.9086462375924498
稻纵卷叶螟,RLF,横溪街道稻纵_1_2_诱虫量,2024-08-04,2024-08-11,17.0,RandomForest,1.854061765921069
稻纵卷叶螟,RLF,横溪街道稻纵_1_2_诱虫量,2024-08-11,2024-08-18,26.0,RandomForest,10.791595324004472
稻纵卷叶螟,RLF,横溪街道稻纵_1_2_诱虫量,2024-08-18,2024-08-25,88.0,RandomForest,9.528654284853786
稻纵卷叶螟,RLF,横溪街道稻纵_1_2_诱虫量,2024-08-25,2024-09-01,265.0,RandomForest,55.20765586354426
稻纵卷叶螟,RLF,横溪街道稻纵_1_2_诱虫量,2024-09-01,2024-09-08,112.0,RandomForest,89.38219242622858
稻纵卷叶螟,RLF,横溪街道稻纵_1_2_诱虫量,2024-09-08,2024-09-15,207.0,RandomForest,143.72747300409557
稻纵卷叶螟,RLF,横溪街道稻纵_1_2_诱虫量,2024-09-15,2024-09-22,37.0,RandomForest,149.73540563208695
稻纵卷叶螟,RLF,横溪街道稻纵_1_2_诱虫量,2024-09-22,2024-09-29,13.0,RandomForest,15.371514483449555
稻纵卷叶螟,RLF,横溪街道稻纵_1_2_诱虫量,2024-09-29,2024-10-06,12.0,RandomForest,5.268672032595437
稻纵卷叶螟,RLF,横溪街道稻纵_1_2_诱虫量,2024-10-06,2024-10-13,65.0,RandomForest,6.451845783099616
稻纵卷叶螟,RLF,横溪街道稻纵_1_2_诱虫量,2024-10-13,2024-10-20,21.0,RandomForest,14.746146223859391
稻纵卷叶螟,RLF,横溪街道稻纵_1_2_诱虫量,2024-10-20,2024-10-27,5.0,RandomForest,4.830048651755073
稻纵卷叶螟,RLF,永宁街道青山村_1_24_诱虫量,2024-05-26,2024-06-02,35.0,RandomForest,8.496476051243139
稻纵卷叶螟,RLF,永宁街道青山村_1_24_诱虫量,2024-06-02,2024-06-09,13.0,RandomForest,14.648559890026643
稻纵卷叶螟,RLF,永宁街道青山村_1_24_诱虫量,2024-06-09,2024-06-16,5.0,RandomForest,9.297563833355815
稻纵卷叶螟,RLF,永宁街道青山村_1_24_诱虫量,2024-06-16,2024-06-23,4.0,RandomForest,4.317136700973229
稻纵卷叶螟,RLF,永宁街道青山村_1_24_诱虫量,2024-06-23,2024-06-30,0.0,RandomForest,4.09345689391974
稻纵卷叶螟,RLF,永宁街道青山村_1_24_诱虫量,2024-06-30,2024-07-07,1.0,RandomForest,1.8056670147284462
稻纵卷叶螟,RLF,永宁街道青山村_1_24_诱虫量,2024-07-07,2024-07-14,1.0,RandomForest,5.665651424997793
稻纵卷叶螟,RLF,永宁街道青山村_1_24_诱虫量,2024-07-14,2024-07-21,7.0,RandomForest,1.3720426815239741
稻纵卷叶螟,RLF,永宁街道青山村_1_24_诱虫量,2024-07-21,2024-07-28,3.0,RandomForest,8.062720682113373
稻纵卷叶螟,RLF,永宁街道青山村_1_24_诱虫量,2024-07-28,2024-08-04,47.0,RandomForest,6.518129608608669
稻纵卷叶螟,RLF,永宁街道青山村_1_24_诱虫量,2024-08-04,2024-08-11,108.0,RandomForest,23.279042366041637
稻纵卷叶螟,RLF,永宁街道青山村_1_24_诱虫量,2024-08-11,2024-08-18,66.0,RandomForest,40.68138174566928
稻纵卷叶螟,RLF,永宁街道青山村_1_24_诱虫量,2024-08-18,2024-08-25,792.0,RandomForest,17.217768352125464
稻纵卷叶螟,RLF,永宁街道青山村_1_24_诱虫量,2024-08-25,2024-09-01,742.0,RandomForest,98.88283694681716
稻纵卷叶螟,RLF,永宁街道青山村_1_24_诱虫量,2024-09-01,2024-09-08,139.0,RandomForest,49.1099129192608
稻纵卷叶螟,RLF,永宁街道青山村_1_24_诱虫量,2024-09-08,2024-09-15,55.0,RandomForest,140.23944885641862
稻纵卷叶螟,RLF,永宁街道青山村_1_24_诱虫量,2024-09-15,2024-09-22,6.0,RandomForest,49.800652866975305
稻纵卷叶螟,RLF,永宁街道青山村_1_24_诱虫量,2024-09-22,2024-09-29,1.0,RandomForest,10.87377053705955
稻纵卷叶螟,RLF,永宁街道青山村_1_24_诱虫量,2024-09-29,2024-10-06,2.0,RandomForest,5.498583010227638
稻纵卷叶螟,RLF,永宁街道青山村_1_24_诱虫量,2024-10-06,2024-10-13,13.0,RandomForest,0.357856771788743
稻纵卷叶螟,RLF,永宁街道青山村_1_24_诱虫量,2024-10-13,2024-10-20,4.0,RandomForest,2.5152842009146985
稻纵卷叶螟,RLF,永宁街道青山村_1_24_诱虫量,2024-10-20,2024-10-27,4.0,RandomForest,0.9587878741775917
稻纵卷叶螟,RLF,永宁街道青山村_1_28_诱虫量,2023-12-31,2024-01-07,0.0,RandomForest,0.03338047753833381
稻纵卷叶螟,RLF,永宁街道青山村_1_28_诱虫量,2024-01-07,2024-01-14,0.0,RandomForest,0.0
稻纵卷叶螟,RLF,永宁街道青山村_1_28_诱虫量,2024-01-14,2024-01-21,0.0,RandomForest,0.0
稻纵卷叶螟,RLF,永宁街道青山村_1_28_诱虫量,2024-01-21,2024-01-28,0.0,RandomForest,0.0
稻纵卷叶螟,RLF,永宁街道青山村_1_28_诱虫量,2024-01-28,2024-02-04,0.0,RandomForest,0.0
稻纵卷叶螟,RLF,永宁街道青山村_1_28_诱虫量,2024-02-04,2024-02-11,0.0,RandomForest,0.424615047167525
稻纵卷叶螟,RLF,永宁街道青山村_1_28_诱虫量,2024-02-11,2024-02-18,0.0,RandomForest,0.4664578052032157
稻纵卷叶螟,RLF,永宁街道青山村_1_28_诱虫量,2024-02-18,2024-02-25,0.0,RandomForest,0.004128294108423136
稻纵卷叶螟,RLF,永宁街道青山村_1_28_诱虫量,2024-02-25,2024-03-03,0.0,RandomForest,0.7783704974605878
稻纵卷叶螟,RLF,永宁街道青山村_1_28_诱虫量,2024-03-03,2024-03-10,2.0,RandomForest,0.038398947376013105
稻纵卷叶螟,RLF,永宁街道青山村_1_28_诱虫量,2024-03-10,2024-03-17,0.0,RandomForest,0.1800318828749829
稻纵卷叶螟,RLF,永宁街道青山村_1_28_诱虫量,2024-03-17,2024-03-24,0.0,RandomForest,0.09160243519940056
稻纵卷叶螟,RLF,永宁街道青山村_1_28_诱虫量,2024-03-24,2024-03-31,4.0,RandomForest,0.5751227135330335
稻纵卷叶螟,RLF,永宁街道青山村_1_28_诱虫量,2024-03-31,2024-04-07,11.0,RandomForest,0.3660464718028335
稻纵卷叶螟,RLF,永宁街道青山村_1_28_诱虫量,2024-04-07,2024-04-14,14.0,RandomForest,3.911795422540039
稻纵卷叶螟,RLF,永宁街道青山村_1_28_诱虫量,2024-04-14,2024-04-21,17.0,RandomForest,10.645113460195471
稻纵卷叶螟,RLF,永宁街道青山村_1_28_诱虫量,2024-04-21,2024-04-28,22.0,RandomForest,16.402473651822003
稻纵卷叶螟,RLF,永宁街道青山村_1_28_诱虫量,2024-04-28,2024-05-05,77.0,RandomForest,17.287603444226065
稻纵卷叶螟,RLF,永宁街道青山村_1_28_诱虫量,2024-05-05,2024-05-12,213.0,RandomForest,55.89989211664963
稻纵卷叶螟,RLF,永宁街道青山村_1_28_诱虫量,2024-05-12,2024-05-19,237.0,RandomForest,82.10761828238606
稻纵卷叶螟,RLF,永宁街道青山村_1_28_诱虫量,2024-05-19,2024-05-26,33.0,RandomForest,64.2435821308249
稻纵卷叶螟,RLF,永宁街道青山村_1_28_诱虫量,2024-10-27,2024-11-03,0.0,RandomForest,0.06051232383203814
稻纵卷叶螟,RLF,永宁街道青山村_1_28_诱虫量,2024-11-03,2024-11-10,0.0,RandomForest,0.0842755411372702
稻纵卷叶螟,RLF,永宁街道青山村_1_28_诱虫量,2024-11-10,2024-11-17,0.0,RandomForest,0.07370128034666269
稻纵卷叶螟,RLF,永宁街道青山村_1_28_诱虫量,2024-11-17,2024-11-24,0.0,RandomForest,0.0008668094380470035
稻纵卷叶螟,RLF,永宁街道青山村_1_28_诱虫量,2024-11-24,2024-12-01,0.0,RandomForest,0.0
稻纵卷叶螟,RLF,永宁街道青山村_1_28_诱虫量,2024-12-01,2024-12-08,0.0,RandomForest,0.05670638676229459
稻纵卷叶螟,RLF,永宁街道青山村_1_28_诱虫量,2024-12-08,2024-12-15,0.0,RandomForest,0.0
稻纵卷叶螟,RLF,永宁街道青山村_1_28_诱虫量,2024-12-15,2024-12-22,0.0,RandomForest,0.0
稻纵卷叶螟,RLF,永宁街道青山村_1_28_诱虫量,2024-12-22,2024-12-29,0.0,RandomForest,0.0
稻纵卷叶螟,RLF,江宁街道稻纵_1_30_诱虫量,2024-05-26,2024-06-02,0.0,RandomForest,0.30086506403355223
稻纵卷叶螟,RLF,江宁街道稻纵_1_30_诱虫量,2024-06-02,2024-06-09,0.0,RandomForest,0.12410127030205712
稻纵卷叶螟,RLF,江宁街道稻纵_1_30_诱虫量,2024-06-09,2024-06-16,4.0,RandomForest,0.3406564895820411
稻纵卷叶螟,RLF,江宁街道稻纵_1_30_诱虫量,2024-06-16,2024-06-23,1.0,RandomForest,1.828016418695663
稻纵卷叶螟,RLF,江宁街道稻纵_1_30_诱虫量,2024-06-23,2024-06-30,1.0,RandomForest,1.4305936478153018
稻纵卷叶螟,RLF,江宁街道稻纵_1_30_诱虫量,2024-06-30,2024-07-07,3.0,RandomForest,1.687540067993726
稻纵卷叶螟,RLF,江宁街道稻纵_1_30_诱虫量,2024-07-07,2024-07-14,1.0,RandomForest,3.859599142299854
稻纵卷叶螟,RLF,江宁街道稻纵_1_30_诱虫量,2024-07-14,2024-07-21,0.0,RandomForest,1.4585586689345438
稻纵卷叶螟,RLF,江宁街道稻纵_1_30_诱虫量,2024-07-21,2024-07-28,2.0,RandomForest,2.038522489549129
稻纵卷叶螟,RLF,江宁街道稻纵_1_30_诱虫量,2024-07-28,2024-08-04,27.0,RandomForest,1.6575979882475185
稻纵卷叶螟,RLF,江宁街道稻纵_1_30_诱虫量,2024-08-04,2024-08-11,7.0,RandomForest,17.894649120513233
稻纵卷叶螟,RLF,江宁街道稻纵_1_30_诱虫量,2024-08-11,2024-08-18,3.0,RandomForest,5.660303222084469
稻纵卷叶螟,RLF,江宁街道稻纵_1_30_诱虫量,2024-08-18,2024-08-25,29.0,RandomForest,3.5709934204989695
稻纵卷叶螟,RLF,江宁街道稻纵_1_30_诱虫量,2024-08-25,2024-09-01,94.0,RandomForest,12.957207388433712
稻纵卷叶螟,RLF,江宁街道稻纵_1_30_诱虫量,2024-09-01,2024-09-08,42.0,RandomForest,53.16662705404038
稻纵卷叶螟,RLF,江宁街道稻纵_1_30_诱虫量,2024-09-08,2024-09-15,54.0,RandomForest,28.124787321520735
稻纵卷叶螟,RLF,江宁街道稻纵_1_30_诱虫量,2024-09-15,2024-09-22,121.0,RandomForest,36.86610286118388
稻纵卷叶螟,RLF,江宁街道稻纵_1_30_诱虫量,2024-09-22,2024-09-29,16.0,RandomForest,99.85195893775494
稻纵卷叶螟,RLF,江宁街道稻纵_1_30_诱虫量,2024-09-29,2024-10-06,10.0,RandomForest,10.699773782591967
稻纵卷叶螟,RLF,江宁街道稻纵_1_30_诱虫量,2024-10-06,2024-10-13,30.0,RandomForest,4.193001417150543
稻纵卷叶螟,RLF,江宁街道稻纵_1_30_诱虫量,2024-10-13,2024-10-20,16.0,RandomForest,4.688057068432232
稻纵卷叶螟,RLF,江宁街道稻纵_1_30_诱虫量,2024-10-20,2024-10-27,4.0,RandomForest,4.809322939453729
稻纵卷叶螟,RLF,江宁街道稻纵_1_36_诱虫量,2023-12-31,2024-01-07,0.0,RandomForest,0.03338047753833381
稻纵卷叶螟,RLF,江宁街道稻纵_1_36_诱虫量,2024-01-07,2024-01-14,0.0,RandomForest,0.0
稻纵卷叶螟,RLF,江宁街道稻纵_1_36_诱虫量,2024-01-14,2024-01-21,0.0,RandomForest,0.0
稻纵卷叶螟,RLF,江宁街道稻纵_1_36_诱虫量,2024-01-21,2024-01-28,0.0,RandomForest,0.0
稻纵卷叶螟,RLF,江宁街道稻纵_1_36_诱虫量,2024-01-28,2024-02-04,0.0,RandomForest,0.0
稻纵卷叶螟,RLF,江宁街道稻纵_1_36_诱虫量,2024-02-04,2024-02-11,0.0,RandomForest,0.424615047167525
稻纵卷叶螟,RLF,江宁街道稻纵_1_36_诱虫量,2024-02-11,2024-02-18,0.0,RandomForest,0.4664578052032157
稻纵卷叶螟,RLF,江宁街道稻纵_1_36_诱虫量,2024-02-18,2024-02-25,0.0,RandomForest,0.004128294108423136
稻纵卷叶螟,RLF,江宁街道稻纵_1_36_诱虫量,2024-02-25,2024-03-03,0.0,RandomForest,0.7783704974605878
稻纵卷叶螟,RLF,江宁街道稻纵_1_36_诱虫量,2024-03-03,2024-03-10,0.0,RandomForest,0.038398947376013105
稻纵卷叶螟,RLF,江宁街道稻纵_1_36_诱虫量,2024-03-10,2024-03-17,0.0,RandomForest,0.0020685490431686018
稻纵卷叶螟,RLF,江宁街道稻纵_1_36_诱虫量,2024-03-17,2024-03-24,0.0,RandomForest,0.014098305092416108
稻纵卷叶螟,RLF,江宁街道稻纵_1_36_诱虫量,2024-03-24,2024-03-31,0.0,RandomForest,3.299026147578921
稻纵卷叶螟,RLF,江宁街道稻纵_1_36_诱虫量,2024-03-31,2024-04-07,0.0,RandomForest,0.8537614776536877
稻纵卷叶螟,RLF,江宁街道稻纵_1_36_诱虫量,2024-04-07,2024-04-14,0.0,RandomForest,0.01205931613291722
稻纵卷叶螟,RLF,江宁街道稻纵_1_36_诱虫量,2024-04-14,2024-04-21,0.0,RandomForest,0.008374445900264482
稻纵卷叶螟,RLF,江宁街道稻纵_1_36_诱虫量,2024-04-21,2024-04-28,0.0,RandomForest,0.7528182630869587
稻纵卷叶螟,RLF,江宁街道稻纵_1_36_诱虫量,2024-04-28,2024-05-05,0.0,RandomForest,0.0066207219082980275
稻纵卷叶螟,RLF,江宁街道稻纵_1_36_诱虫量,2024-05-05,2024-05-12,0.0,RandomForest,0.3184546953975065
稻纵卷叶螟,RLF,江宁街道稻纵_1_36_诱虫量,2024-05-12,2024-05-19,0.0,RandomForest,0.21706621598237383
稻纵卷叶螟,RLF,江宁街道稻纵_1_36_诱虫量,2024-05-19,2024-05-26,0.0,RandomForest,0.017685451573501505
稻纵卷叶螟,RLF,江宁街道稻纵_1_36_诱虫量,2024-10-27,2024-11-03,0.0,RandomForest,3.9008723001886167
稻纵卷叶螟,RLF,江宁街道稻纵_1_36_诱虫量,2024-11-03,2024-11-10,0.0,RandomForest,0.15808340661347614
稻纵卷叶螟,RLF,江宁街道稻纵_1_36_诱虫量,2024-11-10,2024-11-17,0.0,RandomForest,0.14479375226134136
稻纵卷叶螟,RLF,江宁街道稻纵_1_36_诱虫量,2024-11-17,2024-11-24,0.0,RandomForest,0.0037343900744048406
稻纵卷叶螟,RLF,江宁街道稻纵_1_36_诱虫量,2024-11-24,2024-12-01,0.0,RandomForest,0.0037753989385098993
稻纵卷叶螟,RLF,江宁街道稻纵_1_36_诱虫量,2024-12-01,2024-12-08,0.0,RandomForest,0.06245275783374157
稻纵卷叶螟,RLF,江宁街道稻纵_1_36_诱虫量,2024-12-08,2024-12-15,0.0,RandomForest,0.00965107912159037
稻纵卷叶螟,RLF,江宁街道稻纵_1_36_诱虫量,2024-12-15,2024-12-22,0.0,RandomForest,0.0
稻纵卷叶螟,RLF,江宁街道稻纵_1_36_诱虫量,2024-12-22,2024-12-29,0.0,RandomForest,0.0
稻纵卷叶螟,RLF,汤农稻纵卷叶螟监测点_1_29_诱虫量,2024-05-26,2024-06-02,60.0,RandomForest,0.840891241200532
稻纵卷叶螟,RLF,汤农稻纵卷叶螟监测点_1_29_诱虫量,2024-06-02,2024-06-09,18.0,RandomForest,24.928651599377538
稻纵卷叶螟,RLF,汤农稻纵卷叶螟监测点_1_29_诱虫量,2024-06-09,2024-06-16,0.0,RandomForest,11.519749253061955
稻纵卷叶螟,RLF,汤农稻纵卷叶螟监测点_1_29_诱虫量,2024-06-16,2024-06-23,1.0,RandomForest,2.0085838934993223
稻纵卷叶螟,RLF,汤农稻纵卷叶螟监测点_1_29_诱虫量,2024-06-23,2024-06-30,0.0,RandomForest,1.9788799623286395
稻纵卷叶螟,RLF,汤农稻纵卷叶螟监测点_1_29_诱虫量,2024-06-30,2024-07-07,2.0,RandomForest,1.962008194336942
稻纵卷叶螟,RLF,汤农稻纵卷叶螟监测点_1_29_诱虫量,2024-07-07,2024-07-14,0.0,RandomForest,2.3223820707074796
稻纵卷叶螟,RLF,汤农稻纵卷叶螟监测点_1_29_诱虫量,2024-07-14,2024-07-21,1.0,RandomForest,1.2647594149362757
稻纵卷叶螟,RLF,汤农稻纵卷叶螟监测点_1_29_诱虫量,2024-07-21,2024-07-28,9.0,RandomForest,2.2126517060302464
稻纵卷叶螟,RLF,汤农稻纵卷叶螟监测点_1_29_诱虫量,2024-07-28,2024-08-04,16.0,RandomForest,18.228712114644754
稻纵卷叶螟,RLF,汤农稻纵卷叶螟监测点_1_29_诱虫量,2024-08-04,2024-08-11,18.0,RandomForest,16.29555169838404
稻纵卷叶螟,RLF,汤农稻纵卷叶螟监测点_1_29_诱虫量,2024-08-11,2024-08-18,25.0,RandomForest,8.507346211852047
稻纵卷叶螟,RLF,汤农稻纵卷叶螟监测点_1_29_诱虫量,2024-08-18,2024-08-25,83.0,RandomForest,8.26015453703279
稻纵卷叶螟,RLF,汤农稻纵卷叶螟监测点_1_29_诱虫量,2024-08-25,2024-09-01,794.0,RandomForest,57.38975112441803
稻纵卷叶螟,RLF,汤农稻纵卷叶螟监测点_1_29_诱虫量,2024-09-01,2024-09-08,165.0,RandomForest,92.10388456464693
稻纵卷叶螟,RLF,汤农稻纵卷叶螟监测点_1_29_诱虫量,2024-09-08,2024-09-15,143.0,RandomForest,134.97944183776883
稻纵卷叶螟,RLF,汤农稻纵卷叶螟监测点_1_29_诱虫量,2024-09-15,2024-09-22,107.0,RandomForest,129.29606850620544
稻纵卷叶螟,RLF,汤农稻纵卷叶螟监测点_1_29_诱虫量,2024-09-22,2024-09-29,150.0,RandomForest,126.33043845411476
稻纵卷叶螟,RLF,汤农稻纵卷叶螟监测点_1_29_诱虫量,2024-09-29,2024-10-06,10.0,RandomForest,37.94559487573406
稻纵卷叶螟,RLF,汤农稻纵卷叶螟监测点_1_29_诱虫量,2024-10-06,2024-10-13,48.0,RandomForest,5.191962313151723
稻纵卷叶螟,RLF,汤农稻纵卷叶螟监测点_1_29_诱虫量,2024-10-13,2024-10-20,3.0,RandomForest,6.581859022172655
稻纵卷叶螟,RLF,汤农稻纵卷叶螟监测点_1_29_诱虫量,2024-10-20,2024-10-27,9.0,RandomForest,0.6526949608251023
稻纵卷叶螟,RLF,汤农稻纵卷叶螟监测点_1_48_诱虫量,2023-12-31,2024-01-07,0.0,RandomForest,0.03338047753833381
稻纵卷叶螟,RLF,汤农稻纵卷叶螟监测点_1_48_诱虫量,2024-01-07,2024-01-14,0.0,RandomForest,0.0
稻纵卷叶螟,RLF,汤农稻纵卷叶螟监测点_1_48_诱虫量,2024-01-14,2024-01-21,0.0,RandomForest,0.0
稻纵卷叶螟,RLF,汤农稻纵卷叶螟监测点_1_48_诱虫量,2024-01-21,2024-01-28,0.0,RandomForest,0.0
稻纵卷叶螟,RLF,汤农稻纵卷叶螟监测点_1_48_诱虫量,2024-01-28,2024-02-04,0.0,RandomForest,0.0
稻纵卷叶螟,RLF,汤农稻纵卷叶螟监测点_1_48_诱虫量,2024-02-04,2024-02-11,0.0,RandomForest,0.424615047167525
稻纵卷叶螟,RLF,汤农稻纵卷叶螟监测点_1_48_诱虫量,2024-02-11,2024-02-18,0.0,RandomForest,0.4664578052032157
稻纵卷叶螟,RLF,汤农稻纵卷叶螟监测点_1_48_诱虫量,2024-02-18,2024-02-25,0.0,RandomForest,0.004128294108423136
稻纵卷叶螟,RLF,汤农稻纵卷叶螟监测点_1_48_诱虫量,2024-02-25,2024-03-03,0.0,RandomForest,0.7783704974605878
稻纵卷叶螟,RLF,汤农稻纵卷叶螟监测点_1_48_诱虫量,2024-03-03,2024-03-10,7.0,RandomForest,0.038398947376013105
稻纵卷叶螟,RLF,汤农稻纵卷叶螟监测点_1_48_诱虫量,2024-03-10,2024-03-17,1.0,RandomForest,0.19882789566882966
稻纵卷叶螟,RLF,汤农稻纵卷叶螟监测点_1_48_诱虫量,2024-03-17,2024-03-24,1.0,RandomForest,2.136869397646567
稻纵卷叶螟,RLF,汤农稻纵卷叶螟监测点_1_48_诱虫量,2024-03-24,2024-03-31,1.0,RandomForest,0.5841611716877244
稻纵卷叶螟,RLF,汤农稻纵卷叶螟监测点_1_48_诱虫量,2024-03-31,2024-04-07,4.0,RandomForest,0.7014251651991439
稻纵卷叶螟,RLF,汤农稻纵卷叶螟监测点_1_48_诱虫量,2024-04-07,2024-04-14,4.0,RandomForest,2.148402990016307
稻纵卷叶螟,RLF,汤农稻纵卷叶螟监测点_1_48_诱虫量,2024-04-14,2024-04-21,5.0,RandomForest,1.7561162433430328
稻纵卷叶螟,RLF,汤农稻纵卷叶螟监测点_1_48_诱虫量,2024-04-21,2024-04-28,11.0,RandomForest,1.8764652165530817
稻纵卷叶螟,RLF,汤农稻纵卷叶螟监测点_1_48_诱虫量,2024-04-28,2024-05-05,34.0,RandomForest,7.365341102142832
稻纵卷叶螟,RLF,汤农稻纵卷叶螟监测点_1_48_诱虫量,2024-05-05,2024-05-12,61.0,RandomForest,23.253556129783657
稻纵卷叶螟,RLF,汤农稻纵卷叶螟监测点_1_48_诱虫量,2024-05-12,2024-05-19,108.0,RandomForest,38.908341078222875
稻纵卷叶螟,RLF,汤农稻纵卷叶螟监测点_1_48_诱虫量,2024-05-19,2024-05-26,21.0,RandomForest,64.56834150230041
稻纵卷叶螟,RLF,汤农稻纵卷叶螟监测点_1_48_诱虫量,2024-10-27,2024-11-03,1.0,RandomForest,0.6677184949095132
稻纵卷叶螟,RLF,汤农稻纵卷叶螟监测点_1_48_诱虫量,2024-11-03,2024-11-10,0.0,RandomForest,0.33887191642497255
稻纵卷叶螟,RLF,汤农稻纵卷叶螟监测点_1_48_诱虫量,2024-11-10,2024-11-17,0.0,RandomForest,0.12875546755713713
稻纵卷叶螟,RLF,汤农稻纵卷叶螟监测点_1_48_诱虫量,2024-11-17,2024-11-24,0.0,RandomForest,0.0
稻纵卷叶螟,RLF,汤农稻纵卷叶螟监测点_1_48_诱虫量,2024-11-24,2024-12-01,0.0,RandomForest,0.003254041284861762
稻纵卷叶螟,RLF,汤农稻纵卷叶螟监测点_1_48_诱虫量,2024-12-01,2024-12-08,0.0,RandomForest,0.05553403759984291
稻纵卷叶螟,RLF,汤农稻纵卷叶螟监测点_1_48_诱虫量,2024-12-08,2024-12-15,0.0,RandomForest,0.0016337003214595195
稻纵卷叶螟,RLF,汤农稻纵卷叶螟监测点_1_48_诱虫量,2024-12-15,2024-12-22,0.0,RandomForest,0.0
稻纵卷叶螟,RLF,汤农稻纵卷叶螟监测点_1_48_诱虫量,2024-12-22,2024-12-29,0.0,RandomForest,0.0
稻纵卷叶螟,RLF,汤山街道稻纵_1_20_诱虫量,2023-12-31,2024-01-07,0.0,RandomForest,0.03338047753833381
稻纵卷叶螟,RLF,汤山街道稻纵_1_20_诱虫量,2024-01-07,2024-01-14,0.0,RandomForest,0.0
稻纵卷叶螟,RLF,汤山街道稻纵_1_20_诱虫量,2024-01-14,2024-01-21,0.0,RandomForest,0.0
稻纵卷叶螟,RLF,汤山街道稻纵_1_20_诱虫量,2024-01-21,2024-01-28,0.0,RandomForest,0.0
稻纵卷叶螟,RLF,汤山街道稻纵_1_20_诱虫量,2024-01-28,2024-02-04,0.0,RandomForest,0.0
稻纵卷叶螟,RLF,汤山街道稻纵_1_20_诱虫量,2024-02-04,2024-02-11,0.0,RandomForest,0.424615047167525
稻纵卷叶螟,RLF,汤山街道稻纵_1_20_诱虫量,2024-02-11,2024-02-18,0.0,RandomForest,0.4664578052032157
稻纵卷叶螟,RLF,汤山街道稻纵_1_20_诱虫量,2024-02-18,2024-02-25,0.0,RandomForest,0.004128294108423136
稻纵卷叶螟,RLF,汤山街道稻纵_1_20_诱虫量,2024-02-25,2024-03-03,0.0,RandomForest,0.7783704974605878
稻纵卷叶螟,RLF,汤山街道稻纵_1_20_诱虫量,2024-03-03,2024-03-10,0.0,RandomForest,0.038398947376013105
稻纵卷叶螟,RLF,汤山街道稻纵_1_20_诱虫量,2024-03-10,2024-03-17,0.0,RandomForest,0.0020685490431686018
稻纵卷叶螟,RLF,汤山街道稻纵_1_20_诱虫量,2024-03-17,2024-03-24,0.0,RandomForest,0.014098305092416108
稻纵卷叶螟,RLF,汤山街道稻纵_1_20_诱虫量,2024-03-24,2024-03-31,1.0,RandomForest,3.299026147578921
稻纵卷叶螟,RLF,汤山街道稻纵_1_20_诱虫量,2024-03-31,2024-04-07,0.0,RandomForest,0.35250225536344043
稻纵卷叶螟,RLF,汤山街道稻纵_1_20_诱虫量,2024-04-07,2024-04-14,0.0,RandomForest,0.4405221613300385
稻纵卷叶螟,RLF,汤山街道稻纵_1_20_诱虫量,2024-04-14,2024-04-21,1.0,RandomForest,0.8636702806147076
稻纵卷叶螟,RLF,汤山街道稻纵_1_20_诱虫量,2024-04-21,2024-04-28,0.0,RandomForest,0.7284769530722663
稻纵卷叶螟,RLF,汤山街道稻纵_1_20_诱虫量,2024-04-28,2024-05-05,0.0,RandomForest,0.32717736616169907
稻纵卷叶螟,RLF,汤山街道稻纵_1_20_诱虫量,2024-05-05,2024-05-12,0.0,RandomForest,0.6378102435842863
稻纵卷叶螟,RLF,汤山街道稻纵_1_20_诱虫量,2024-05-12,2024-05-19,1.0,RandomForest,0.32258346805825283
稻纵卷叶螟,RLF,汤山街道稻纵_1_20_诱虫量,2024-05-19,2024-05-26,0.0,RandomForest,0.09956421267219202
稻纵卷叶螟,RLF,汤山街道稻纵_1_20_诱虫量,2024-10-27,2024-11-03,1.0,RandomForest,0.3251343186999942
稻纵卷叶螟,RLF,汤山街道稻纵_1_20_诱虫量,2024-11-03,2024-11-10,0.0,RandomForest,0.19575639745771137
稻纵卷叶螟,RLF,汤山街道稻纵_1_20_诱虫量,2024-11-10,2024-11-17,2.0,RandomForest,0.10452174428312301
稻纵卷叶螟,RLF,汤山街道稻纵_1_20_诱虫量,2024-11-17,2024-11-24,0.0,RandomForest,0.17247643883952685
稻纵卷叶螟,RLF,汤山街道稻纵_1_20_诱虫量,2024-11-24,2024-12-01,0.0,RandomForest,0.005971790780699541
稻纵卷叶螟,RLF,汤山街道稻纵_1_20_诱虫量,2024-12-01,2024-12-08,0.0,RandomForest,0.07202808111814343
稻纵卷叶螟,RLF,汤山街道稻纵_1_20_诱虫量,2024-12-08,2024-12-15,0.0,RandomForest,0.006426857740506068
稻纵卷叶螟,RLF,汤山街道稻纵_1_20_诱虫量,2024-12-15,2024-12-22,0.0,RandomForest,0.0008482923191204275
稻纵卷叶螟,RLF,汤山街道稻纵_1_20_诱虫量,2024-12-22,2024-12-29,0.0,RandomForest,0.0
稻纵卷叶螟,RLF,汤山街道稻纵_1_5_诱虫量,2024-05-26,2024-06-02,7.0,RandomForest,0.30086506403355223
稻纵卷叶螟,RLF,汤山街道稻纵_1_5_诱虫量,2024-06-02,2024-06-09,1.0,RandomForest,1.1031569501152094
稻纵卷叶螟,RLF,汤山街道稻纵_1_5_诱虫量,2024-06-09,2024-06-16,2.0,RandomForest,1.9062116498838666
稻纵卷叶螟,RLF,汤山街道稻纵_1_5_诱虫量,2024-06-16,2024-06-23,5.0,RandomForest,1.7167322982109616
稻纵卷叶螟,RLF,汤山街道稻纵_1_5_诱虫量,2024-06-23,2024-06-30,2.0,RandomForest,3.2855361753596473
稻纵卷叶螟,RLF,汤山街道稻纵_1_5_诱虫量,2024-06-30,2024-07-07,1.0,RandomForest,2.6727026956768327
稻纵卷叶螟,RLF,汤山街道稻纵_1_5_诱虫量,2024-07-07,2024-07-14,2.0,RandomForest,7.9237662809934
稻纵卷叶螟,RLF,汤山街道稻纵_1_5_诱虫量,2024-07-14,2024-07-21,2.0,RandomForest,1.7511995911423996
稻纵卷叶螟,RLF,汤山街道稻纵_1_5_诱虫量,2024-07-21,2024-07-28,0.0,RandomForest,2.68226445955073
稻纵卷叶螟,RLF,汤山街道稻纵_1_5_诱虫量,2024-07-28,2024-08-04,3.0,RandomForest,1.3141093878945753
稻纵卷叶螟,RLF,汤山街道稻纵_1_5_诱虫量,2024-08-04,2024-08-11,6.0,RandomForest,1.6613836117203542
稻纵卷叶螟,RLF,汤山街道稻纵_1_5_诱虫量,2024-08-11,2024-08-18,5.0,RandomForest,3.018864485992637
稻纵卷叶螟,RLF,汤山街道稻纵_1_5_诱虫量,2024-08-18,2024-08-25,5.0,RandomForest,4.419742483436175
稻纵卷叶螟,RLF,汤山街道稻纵_1_5_诱虫量,2024-08-25,2024-09-01,30.0,RandomForest,3.7350863323097343
稻纵卷叶螟,RLF,汤山街道稻纵_1_5_诱虫量,2024-09-01,2024-09-08,13.0,RandomForest,12.334517933338713
稻纵卷叶螟,RLF,汤山街道稻纵_1_5_诱虫量,2024-09-08,2024-09-15,9.0,RandomForest,10.194314798291638
稻纵卷叶螟,RLF,汤山街道稻纵_1_5_诱虫量,2024-09-15,2024-09-22,24.0,RandomForest,14.313821938425857
稻纵卷叶螟,RLF,汤山街道稻纵_1_5_诱虫量,2024-09-22,2024-09-29,28.0,RandomForest,9.253843138095235
稻纵卷叶螟,RLF,汤山街道稻纵_1_5_诱虫量,2024-09-29,2024-10-06,12.0,RandomForest,7.4807114746065455
稻纵卷叶螟,RLF,汤山街道稻纵_1_5_诱虫量,2024-10-06,2024-10-13,72.0,RandomForest,4.739976478281583
稻纵卷叶螟,RLF,汤山街道稻纵_1_5_诱虫量,2024-10-13,2024-10-20,16.0,RandomForest,16.986667300665367
稻纵卷叶螟,RLF,汤山街道稻纵_1_5_诱虫量,2024-10-20,2024-10-27,2.0,RandomForest,4.658603485579642
稻纵卷叶螟,RLF,浦口区滨江榴园南_1_23_诱虫量,2024-07-21,2024-07-28,6.0,RandomForest,2.066645834611282
稻纵卷叶螟,RLF,浦口区滨江榴园南_1_23_诱虫量,2024-07-28,2024-08-04,11.0,RandomForest,6.657739089685704
稻纵卷叶螟,RLF,浦口区滨江榴园南_1_23_诱虫量,2024-08-04,2024-08-11,6.0,RandomForest,9.573581543461685
稻纵卷叶螟,RLF,浦口区滨江榴园南_1_23_诱虫量,2024-08-11,2024-08-18,21.0,RandomForest,5.67881855425445
稻纵卷叶螟,RLF,浦口区滨江榴园南_1_23_诱虫量,2024-08-18,2024-08-25,66.0,RandomForest,7.2498539286216275
稻纵卷叶螟,RLF,浦口区滨江榴园南_1_23_诱虫量,2024-08-25,2024-09-01,63.0,RandomForest,28.589857255003736
稻纵卷叶螟,RLF,浦口区滨江榴园南_1_23_诱虫量,2024-09-01,2024-09-08,95.0,RandomForest,21.26704608982972
稻纵卷叶螟,RLF,浦口区滨江榴园南_1_23_诱虫量,2024-09-08,2024-09-15,14.0,RandomForest,94.6056289241331
稻纵卷叶螟,RLF,浦口区滨江榴园南_1_23_诱虫量,2024-09-15,2024-09-22,7.0,RandomForest,19.711337969210977
稻纵卷叶螟,RLF,浦口区滨江榴园南_1_23_诱虫量,2024-09-22,2024-09-29,9.0,RandomForest,8.371232383097166
稻纵卷叶螟,RLF,浦口区滨江榴园南_1_23_诱虫量,2024-09-29,2024-10-06,1.0,RandomForest,6.761048649464839
稻纵卷叶螟,RLF,浦口区滨江榴园南_1_23_诱虫量,2024-10-06,2024-10-13,50.0,RandomForest,0.3042993792909767
稻纵卷叶螟,RLF,浦口区滨江榴园南_1_23_诱虫量,2024-10-13,2024-10-20,1.0,RandomForest,8.313085900924104
稻纵卷叶螟,RLF,浦口区滨江榴园南_1_23_诱虫量,2024-10-20,2024-10-27,1.0,RandomForest,0.5048509366197409
稻纵卷叶螟,RLF,浦口区滨江榴园南_1_25_诱虫量,2024-10-27,2024-11-03,0.0,RandomForest,0.3251343186999942
稻纵卷叶螟,RLF,浦口区滨江榴园南_1_25_诱虫量,2024-11-03,2024-11-10,1.0,RandomForest,0.09874856582589327
稻纵卷叶螟,RLF,浦口区滨江榴园南_1_25_诱虫量,2024-11-10,2024-11-17,0.0,RandomForest,0.19647991124325845
稻纵卷叶螟,RLF,浦口区滨江榴园南_1_25_诱虫量,2024-11-17,2024-11-24,0.0,RandomForest,0.0036861903121546955
稻纵卷叶螟,RLF,浦口区滨江榴园南_1_25_诱虫量,2024-11-24,2024-12-01,0.0,RandomForest,0.0049229129492399885
稻纵卷叶螟,RLF,浦口区滨江榴园南_1_25_诱虫量,2024-12-01,2024-12-08,0.0,RandomForest,0.058215382165706035
稻纵卷叶螟,RLF,浦口区滨江榴园南_1_25_诱虫量,2024-12-08,2024-12-15,0.0,RandomForest,0.0016337003214595195
稻纵卷叶螟,RLF,浦口区滨江榴园南_1_25_诱虫量,2024-12-15,2024-12-22,0.0,RandomForest,0.0
稻纵卷叶螟,RLF,浦口区滨江榴园南_1_25_诱虫量,2024-12-22,2024-12-29,0.0,RandomForest,0.0
稻纵卷叶螟,RLF,淳化街道稻纵_1_1_诱虫量,2024-05-26,2024-06-02,0.0,RandomForest,0.30086506403355223
稻纵卷叶螟,RLF,淳化街道稻纵_1_1_诱虫量,2024-06-02,2024-06-09,1.0,RandomForest,0.12410127030205712
稻纵卷叶螟,RLF,淳化街道稻纵_1_1_诱虫量,2024-06-09,2024-06-16,0.0,RandomForest,0.5046862874798324
稻纵卷叶螟,RLF,淳化街道稻纵_1_1_诱虫量,2024-06-16,2024-06-23,0.0,RandomForest,0.7377017884886743
稻纵卷叶螟,RLF,淳化街道稻纵_1_1_诱虫量,2024-06-23,2024-06-30,0.0,RandomForest,1.0190044881048816
稻纵卷叶螟,RLF,淳化街道稻纵_1_1_诱虫量,2024-06-30,2024-07-07,0.0,RandomForest,0.7344114623353095
稻纵卷叶螟,RLF,淳化街道稻纵_1_1_诱虫量,2024-07-07,2024-07-14,0.0,RandomForest,2.2580636050842746
稻纵卷叶螟,RLF,淳化街道稻纵_1_1_诱虫量,2024-07-14,2024-07-21,0.0,RandomForest,0.7431706870399479
稻纵卷叶螟,RLF,淳化街道稻纵_1_1_诱虫量,2024-07-21,2024-07-28,0.0,RandomForest,3.6423615186431997
稻纵卷叶螟,RLF,淳化街道稻纵_1_1_诱虫量,2024-07-28,2024-08-04,0.0,RandomForest,1.9086462375924498
稻纵卷叶螟,RLF,淳化街道稻纵_1_1_诱虫量,2024-08-04,2024-08-11,0.0,RandomForest,0.8268751684627293
稻纵卷叶螟,RLF,淳化街道稻纵_1_1_诱虫量,2024-08-11,2024-08-18,1.0,RandomForest,0.7027497974598158
稻纵卷叶螟,RLF,淳化街道稻纵_1_1_诱虫量,2024-08-18,2024-08-25,86.0,RandomForest,1.051996566092297
稻纵卷叶螟,RLF,淳化街道稻纵_1_1_诱虫量,2024-08-25,2024-09-01,178.0,RandomForest,53.54715912246376
稻纵卷叶螟,RLF,淳化街道稻纵_1_1_诱虫量,2024-09-01,2024-09-08,76.0,RandomForest,69.81903865017748
稻纵卷叶螟,RLF,淳化街道稻纵_1_1_诱虫量,2024-09-08,2024-09-15,34.0,RandomForest,115.47925336418771
稻纵卷叶螟,RLF,淳化街道稻纵_1_1_诱虫量,2024-09-15,2024-09-22,18.0,RandomForest,25.552592755880127
稻纵卷叶螟,RLF,淳化街道稻纵_1_1_诱虫量,2024-09-22,2024-09-29,33.0,RandomForest,11.156714018953146
稻纵卷叶螟,RLF,淳化街道稻纵_1_1_诱虫量,2024-09-29,2024-10-06,9.0,RandomForest,8.993157099185494
稻纵卷叶螟,RLF,淳化街道稻纵_1_1_诱虫量,2024-10-06,2024-10-13,31.0,RandomForest,4.419403114373612
稻纵卷叶螟,RLF,淳化街道稻纵_1_1_诱虫量,2024-10-13,2024-10-20,2.0,RandomForest,3.455630592344219
稻纵卷叶螟,RLF,淳化街道稻纵_1_1_诱虫量,2024-10-20,2024-10-27,0.0,RandomForest,0.5397192282417498
稻纵卷叶螟,RLF,淳化街道稻纵_1_39_诱虫量,2023-12-31,2024-01-07,0.0,RandomForest,0.03338047753833381
稻纵卷叶螟,RLF,淳化街道稻纵_1_39_诱虫量,2024-01-07,2024-01-14,0.0,RandomForest,0.0
稻纵卷叶螟,RLF,淳化街道稻纵_1_39_诱虫量,2024-01-14,2024-01-21,0.0,RandomForest,0.0
稻纵卷叶螟,RLF,淳化街道稻纵_1_39_诱虫量,2024-01-21,2024-01-28,0.0,RandomForest,0.0
稻纵卷叶螟,RLF,淳化街道稻纵_1_39_诱虫量,2024-01-28,2024-02-04,0.0,RandomForest,0.0
稻纵卷叶螟,RLF,淳化街道稻纵_1_39_诱虫量,2024-02-04,2024-02-11,0.0,RandomForest,0.424615047167525
稻纵卷叶螟,RLF,淳化街道稻纵_1_39_诱虫量,2024-02-11,2024-02-18,0.0,RandomForest,0.4664578052032157
稻纵卷叶螟,RLF,淳化街道稻纵_1_39_诱虫量,2024-02-18,2024-02-25,0.0,RandomForest,0.004128294108423136
稻纵卷叶螟,RLF,淳化街道稻纵_1_39_诱虫量,2024-02-25,2024-03-03,0.0,RandomForest,0.7783704974605878
稻纵卷叶螟,RLF,淳化街道稻纵_1_39_诱虫量,2024-03-03,2024-03-10,1.0,RandomForest,0.038398947376013105
稻纵卷叶螟,RLF,淳化街道稻纵_1_39_诱虫量,2024-03-10,2024-03-17,0.0,RandomForest,0.07675665869931839
稻纵卷叶螟,RLF,淳化街道稻纵_1_39_诱虫量,2024-03-17,2024-03-24,0.0,RandomForest,0.27446313620168505
稻纵卷叶螟,RLF,淳化街道稻纵_1_39_诱虫量,2024-03-24,2024-03-31,0.0,RandomForest,3.045116803436758
稻纵卷叶螟,RLF,淳化街道稻纵_1_39_诱虫量,2024-03-31,2024-04-07,0.0,RandomForest,1.099946840469174
稻纵卷叶螟,RLF,淳化街道稻纵_1_39_诱虫量,2024-04-07,2024-04-14,0.0,RandomForest,0.011653921362264513
稻纵卷叶螟,RLF,淳化街道稻纵_1_39_诱虫量,2024-04-14,2024-04-21,0.0,RandomForest,0.005212140041475912
稻纵卷叶螟,RLF,淳化街道稻纵_1_39_诱虫量,2024-04-21,2024-04-28,0.0,RandomForest,0.5690149482603131
稻纵卷叶螟,RLF,淳化街道稻纵_1_39_诱虫量,2024-04-28,2024-05-05,0.0,RandomForest,0.0066207219082980275
稻纵卷叶螟,RLF,淳化街道稻纵_1_39_诱虫量,2024-05-05,2024-05-12,2.0,RandomForest,0.3184546953975065
稻纵卷叶螟,RLF,淳化街道稻纵_1_39_诱虫量,2024-05-12,2024-05-19,3.0,RandomForest,0.16639416945684038
稻纵卷叶螟,RLF,淳化街道稻纵_1_39_诱虫量,2024-05-19,2024-05-26,6.0,RandomForest,0.13440588487667507
稻纵卷叶螟,RLF,淳化街道稻纵_1_39_诱虫量,2024-10-27,2024-11-03,0.0,RandomForest,0.06051232383203814
稻纵卷叶螟,RLF,淳化街道稻纵_1_39_诱虫量,2024-11-03,2024-11-10,0.0,RandomForest,0.0842755411372702
稻纵卷叶螟,RLF,淳化街道稻纵_1_39_诱虫量,2024-11-10,2024-11-17,0.0,RandomForest,0.07370128034666269
稻纵卷叶螟,RLF,淳化街道稻纵_1_39_诱虫量,2024-11-17,2024-11-24,0.0,RandomForest,0.0008668094380470035
稻纵卷叶螟,RLF,淳化街道稻纵_1_39_诱虫量,2024-11-24,2024-12-01,0.0,RandomForest,0.0
稻纵卷叶螟,RLF,淳化街道稻纵_1_39_诱虫量,2024-12-01,2024-12-08,0.0,RandomForest,0.05670638676229459
稻纵卷叶螟,RLF,淳化街道稻纵_1_39_诱虫量,2024-12-08,2024-12-15,0.0,RandomForest,0.0
稻纵卷叶螟,RLF,淳化街道稻纵_1_39_诱虫量,2024-12-15,2024-12-22,0.0,RandomForest,0.0
稻纵卷叶螟,RLF,淳化街道稻纵_1_39_诱虫量,2024-12-22,2024-12-29,0.0,RandomForest,0.0
稻纵卷叶螟,RLF,湖熟街道稻纵_1_12_诱虫量,2024-05-26,2024-06-02,0.0,RandomForest,0.30086506403355223
稻纵卷叶螟,RLF,湖熟街道稻纵_1_12_诱虫量,2024-06-02,2024-06-09,0.0,RandomForest,0.12410127030205712
稻纵卷叶螟,RLF,湖熟街道稻纵_1_12_诱虫量,2024-06-09,2024-06-16,1.0,RandomForest,0.3406564895820411
稻纵卷叶螟,RLF,湖熟街道稻纵_1_12_诱虫量,2024-06-16,2024-06-23,1.0,RandomForest,0.6794538868491744
稻纵卷叶螟,RLF,湖熟街道稻纵_1_12_诱虫量,2024-06-23,2024-06-30,0.0,RandomForest,1.0782599852120138
稻纵卷叶螟,RLF,湖熟街道稻纵_1_12_诱虫量,2024-06-30,2024-07-07,2.0,RandomForest,0.9893948224079878
稻纵卷叶螟,RLF,湖熟街道稻纵_1_12_诱虫量,2024-07-07,2024-07-14,0.0,RandomForest,4.108604329499483
稻纵卷叶螟,RLF,湖熟街道稻纵_1_12_诱虫量,2024-07-14,2024-07-21,0.0,RandomForest,0.9720017799869021
稻纵卷叶螟,RLF,湖熟街道稻纵_1_12_诱虫量,2024-07-21,2024-07-28,3.0,RandomForest,1.9000000545832503
稻纵卷叶螟,RLF,湖熟街道稻纵_1_12_诱虫量,2024-07-28,2024-08-04,24.0,RandomForest,2.7768117104260717
稻纵卷叶螟,RLF,湖熟街道稻纵_1_12_诱虫量,2024-08-04,2024-08-11,120.0,RandomForest,16.702269857119617
稻纵卷叶螟,RLF,湖熟街道稻纵_1_12_诱虫量,2024-08-11,2024-08-18,25.0,RandomForest,43.05217614256453
稻纵卷叶螟,RLF,湖熟街道稻纵_1_12_诱虫量,2024-08-18,2024-08-25,222.0,RandomForest,12.08809218570508
稻纵卷叶螟,RLF,湖熟街道稻纵_1_12_诱虫量,2024-08-25,2024-09-01,411.0,RandomForest,80.43094027796927
稻纵卷叶螟,RLF,湖熟街道稻纵_1_12_诱虫量,2024-09-01,2024-09-08,78.0,RandomForest,107.56339330751449
稻纵卷叶螟,RLF,湖熟街道稻纵_1_12_诱虫量,2024-09-08,2024-09-15,24.0,RandomForest,136.3799084397433
稻纵卷叶螟,RLF,湖熟街道稻纵_1_12_诱虫量,2024-09-15,2024-09-22,48.0,RandomForest,15.592864573614218
稻纵卷叶螟,RLF,湖熟街道稻纵_1_12_诱虫量,2024-09-22,2024-09-29,39.0,RandomForest,23.85536849361633
稻纵卷叶螟,RLF,湖熟街道稻纵_1_12_诱虫量,2024-09-29,2024-10-06,8.0,RandomForest,10.128202573495889
稻纵卷叶螟,RLF,湖熟街道稻纵_1_12_诱虫量,2024-10-06,2024-10-13,17.0,RandomForest,3.371930259504066
稻纵卷叶螟,RLF,湖熟街道稻纵_1_12_诱虫量,2024-10-13,2024-10-20,0.0,RandomForest,2.6180268819618493
稻纵卷叶螟,RLF,湖熟街道稻纵_1_12_诱虫量,2024-10-20,2024-10-27,0.0,RandomForest,0.13374571786018774
稻纵卷叶螟,RLF,湖熟街道稻纵_1_27_诱虫量,2023-12-31,2024-01-07,0.0,RandomForest,0.03338047753833381
稻纵卷叶螟,RLF,湖熟街道稻纵_1_27_诱虫量,2024-01-07,2024-01-14,0.0,RandomForest,0.0
稻纵卷叶螟,RLF,湖熟街道稻纵_1_27_诱虫量,2024-01-14,2024-01-21,0.0,RandomForest,0.0
稻纵卷叶螟,RLF,湖熟街道稻纵_1_27_诱虫量,2024-01-21,2024-01-28,0.0,RandomForest,0.0
稻纵卷叶螟,RLF,湖熟街道稻纵_1_27_诱虫量,2024-01-28,2024-02-04,0.0,RandomForest,0.0
稻纵卷叶螟,RLF,湖熟街道稻纵_1_27_诱虫量,2024-02-04,2024-02-11,0.0,RandomForest,0.424615047167525
稻纵卷叶螟,RLF,湖熟街道稻纵_1_27_诱虫量,2024-02-11,2024-02-18,0.0,RandomForest,0.4664578052032157
稻纵卷叶螟,RLF,湖熟街道稻纵_1_27_诱虫量,2024-02-18,2024-02-25,0.0,RandomForest,0.004128294108423136
稻纵卷叶螟,RLF,湖熟街道稻纵_1_27_诱虫量,2024-02-25,2024-03-03,0.0,RandomForest,0.7783704974605878
稻纵卷叶螟,RLF,湖熟街道稻纵_1_27_诱虫量,2024-03-03,2024-03-10,0.0,RandomForest,0.038398947376013105
稻纵卷叶螟,RLF,湖熟街道稻纵_1_27_诱虫量,2024-03-10,2024-03-17,0.0,RandomForest,0.0020685490431686018
稻纵卷叶螟,RLF,湖熟街道稻纵_1_27_诱虫量,2024-03-17,2024-03-24,0.0,RandomForest,0.014098305092416108
稻纵卷叶螟,RLF,湖熟街道稻纵_1_27_诱虫量,2024-03-24,2024-03-31,0.0,RandomForest,3.299026147578921
稻纵卷叶螟,RLF,湖熟街道稻纵_1_27_诱虫量,2024-03-31,2024-04-07,0.0,RandomForest,0.8537614776536877
稻纵卷叶螟,RLF,湖熟街道稻纵_1_27_诱虫量,2024-04-07,2024-04-14,0.0,RandomForest,0.01205931613291722
稻纵卷叶螟,RLF,湖熟街道稻纵_1_27_诱虫量,2024-04-14,2024-04-21,1.0,RandomForest,0.008374445900264482
稻纵卷叶螟,RLF,湖熟街道稻纵_1_27_诱虫量,2024-04-21,2024-04-28,0.0,RandomForest,0.5031338862546559
稻纵卷叶螟,RLF,湖熟街道稻纵_1_27_诱虫量,2024-04-28,2024-05-05,0.0,RandomForest,0.3820767829850397
稻纵卷叶螟,RLF,湖熟街道稻纵_1_27_诱虫量,2024-05-05,2024-05-12,0.0,RandomForest,1.0190946194257844
稻纵卷叶螟,RLF,湖熟街道稻纵_1_27_诱虫量,2024-05-12,2024-05-19,0.0,RandomForest,0.40940020169571595
稻纵卷叶螟,RLF,湖熟街道稻纵_1_27_诱虫量,2024-05-19,2024-05-26,0.0,RandomForest,0.03543109763809153
稻纵卷叶螟,RLF,湖熟街道稻纵_1_27_诱虫量,2024-10-27,2024-11-03,0.0,RandomForest,0.06051232383203814
稻纵卷叶螟,RLF,湖熟街道稻纵_1_27_诱虫量,2024-11-03,2024-11-10,1.0,RandomForest,0.0842755411372702
稻纵卷叶螟,RLF,湖熟街道稻纵_1_27_诱虫量,2024-11-10,2024-11-17,0.0,RandomForest,0.08799816952494542
稻纵卷叶螟,RLF,湖熟街道稻纵_1_27_诱虫量,2024-11-17,2024-11-24,0.0,RandomForest,0.006777093523828416
稻纵卷叶螟,RLF,湖熟街道稻纵_1_27_诱虫量,2024-11-24,2024-12-01,0.0,RandomForest,0.011911649647760923
稻纵卷叶螟,RLF,湖熟街道稻纵_1_27_诱虫量,2024-12-01,2024-12-08,0.0,RandomForest,0.056891563435617035
稻纵卷叶螟,RLF,湖熟街道稻纵_1_27_诱虫量,2024-12-08,2024-12-15,0.0,RandomForest,0.0
稻纵卷叶螟,RLF,湖熟街道稻纵_1_27_诱虫量,2024-12-15,2024-12-22,0.0,RandomForest,0.0
稻纵卷叶螟,RLF,湖熟街道稻纵_1_27_诱虫量,2024-12-22,2024-12-29,0.0,RandomForest,0.0
稻纵卷叶螟,RLF,溧水区 叁拾叁_3_25_诱虫量,2024-05-26,2024-06-02,0.0,RandomForest,0.30086506403355223
稻纵卷叶螟,RLF,溧水区 叁拾叁_3_25_诱虫量,2024-06-02,2024-06-09,0.0,RandomForest,0.12410127030205712
稻纵卷叶螟,RLF,溧水区 叁拾叁_3_25_诱虫量,2024-06-09,2024-06-16,0.0,RandomForest,0.3406564895820411
稻纵卷叶螟,RLF,溧水区 叁拾叁_3_25_诱虫量,2024-06-16,2024-06-23,0.0,RandomForest,0.6307476124454268
稻纵卷叶螟,RLF,溧水区 叁拾叁_3_25_诱虫量,2024-06-23,2024-06-30,1.0,RandomForest,0.6330396584873192
稻纵卷叶螟,RLF,溧水区 叁拾叁_3_25_诱虫量,2024-06-30,2024-07-07,0.0,RandomForest,0.8631639124003794
稻纵卷叶螟,RLF,溧水区 叁拾叁_3_25_诱虫量,2024-07-07,2024-07-14,1.0,RandomForest,2.4453900295582525
稻纵卷叶螟,RLF,溧水区 叁拾叁_3_25_诱虫量,2024-07-14,2024-07-21,0.0,RandomForest,1.0934334022490355
稻纵卷叶螟,RLF,溧水区 叁拾叁_3_25_诱虫量,2024-07-21,2024-07-28,6.0,RandomForest,4.28561529409173
稻纵卷叶螟,RLF,溧水区 叁拾叁_3_25_诱虫量,2024-07-28,2024-08-04,37.0,RandomForest,7.863815626546231
稻纵卷叶螟,RLF,溧水区 叁拾叁_3_25_诱虫量,2024-08-04,2024-08-11,30.0,RandomForest,24.724181394764656
稻纵卷叶螟,RLF,溧水区 叁拾叁_3_25_诱虫量,2024-08-11,2024-08-18,18.0,RandomForest,10.911960786454525
稻纵卷叶螟,RLF,溧水区 叁拾叁_3_25_诱虫量,2024-08-18,2024-08-25,98.0,RandomForest,9.049565844961265
稻纵卷叶螟,RLF,溧水区 叁拾叁_3_25_诱虫量,2024-08-25,2024-09-01,82.0,RandomForest,59.87962642041394
稻纵卷叶螟,RLF,溧水区 叁拾叁_3_25_诱虫量,2024-09-01,2024-09-08,45.0,RandomForest,47.07166898123362
稻纵卷叶螟,RLF,溧水区 叁拾叁_3_25_诱虫量,2024-09-08,2024-09-15,65.0,RandomForest,34.963165683225945
稻纵卷叶螟,RLF,溧水区 叁拾叁_3_25_诱虫量,2024-09-15,2024-09-22,11.0,RandomForest,79.177181568203
稻纵卷叶螟,RLF,溧水区 叁拾叁_3_25_诱虫量,2024-09-22,2024-09-29,15.0,RandomForest,12.410120964238867
稻纵卷叶螟,RLF,溧水区 叁拾叁_3_25_诱虫量,2024-09-29,2024-10-06,8.0,RandomForest,7.216600774368002
稻纵卷叶螟,RLF,溧水区 叁拾叁_3_25_诱虫量,2024-10-06,2024-10-13,48.0,RandomForest,3.4783917424571706
稻纵卷叶螟,RLF,溧水区 叁拾叁_3_25_诱虫量,2024-10-13,2024-10-20,24.0,RandomForest,5.527362309812294
稻纵卷叶螟,RLF,溧水区 叁拾叁_3_25_诱虫量,2024-10-20,2024-10-27,2.0,RandomForest,4.518723715710245
稻纵卷叶螟,RLF,溧水区 叁拾叁_3_30_诱虫量,2023-12-31,2024-01-07,0.0,RandomForest,0.03338047753833381
稻纵卷叶螟,RLF,溧水区 叁拾叁_3_30_诱虫量,2024-01-07,2024-01-14,0.0,RandomForest,0.0
稻纵卷叶螟,RLF,溧水区 叁拾叁_3_30_诱虫量,2024-01-14,2024-01-21,0.0,RandomForest,0.0
稻纵卷叶螟,RLF,溧水区 叁拾叁_3_30_诱虫量,2024-01-21,2024-01-28,0.0,RandomForest,0.0
稻纵卷叶螟,RLF,溧水区 叁拾叁_3_30_诱虫量,2024-01-28,2024-02-04,0.0,RandomForest,0.0
稻纵卷叶螟,RLF,溧水区 叁拾叁_3_30_诱虫量,2024-02-04,2024-02-11,0.0,RandomForest,0.424615047167525
稻纵卷叶螟,RLF,溧水区 叁拾叁_3_30_诱虫量,2024-02-11,2024-02-18,0.0,RandomForest,0.4664578052032157
稻纵卷叶螟,RLF,溧水区 叁拾叁_3_30_诱虫量,2024-02-18,2024-02-25,0.0,RandomForest,0.004128294108423136
稻纵卷叶螟,RLF,溧水区 叁拾叁_3_30_诱虫量,2024-02-25,2024-03-03,0.0,RandomForest,0.7783704974605878
稻纵卷叶螟,RLF,溧水区 叁拾叁_3_30_诱虫量,2024-03-03,2024-03-10,2.0,RandomForest,0.038398947376013105
稻纵卷叶螟,RLF,溧水区 叁拾叁_3_30_诱虫量,2024-03-10,2024-03-17,0.0,RandomForest,0.1800318828749829
稻纵卷叶螟,RLF,溧水区 叁拾叁_3_30_诱虫量,2024-03-17,2024-03-24,0.0,RandomForest,0.09160243519940056
稻纵卷叶螟,RLF,溧水区 叁拾叁_3_30_诱虫量,2024-03-24,2024-03-31,0.0,RandomForest,0.5751227135330335
稻纵卷叶螟,RLF,溧水区 叁拾叁_3_30_诱虫量,2024-03-31,2024-04-07,0.0,RandomForest,0.580782183315893
稻纵卷叶螟,RLF,溧水区 叁拾叁_3_30_诱虫量,2024-04-07,2024-04-14,0.0,RandomForest,0.00045785990614159483
稻纵卷叶螟,RLF,溧水区 叁拾叁_3_30_诱虫量,2024-04-14,2024-04-21,0.0,RandomForest,0.0032094250535286933
稻纵卷叶螟,RLF,溧水区 叁拾叁_3_30_诱虫量,2024-04-21,2024-04-28,0.0,RandomForest,0.2686521783177131
稻纵卷叶螟,RLF,溧水区 叁拾叁_3_30_诱虫量,2024-04-28,2024-05-05,0.0,RandomForest,0.0066207219082980275
稻纵卷叶螟,RLF,溧水区 叁拾叁_3_30_诱虫量,2024-05-05,2024-05-12,0.0,RandomForest,0.3184546953975065
稻纵卷叶螟,RLF,溧水区 叁拾叁_3_30_诱虫量,2024-05-12,2024-05-19,0.0,RandomForest,0.21706621598237383
稻纵卷叶螟,RLF,溧水区 叁拾叁_3_30_诱虫量,2024-05-19,2024-05-26,0.0,RandomForest,0.017685451573501505
稻纵卷叶螟,RLF,溧水区 叁拾叁_3_30_诱虫量,2024-10-27,2024-11-03,1.0,RandomForest,0.06051232383203814
稻纵卷叶螟,RLF,溧水区 叁拾叁_3_30_诱虫量,2024-11-03,2024-11-10,0.0,RandomForest,0.12109210868648192
稻纵卷叶螟,RLF,溧水区 叁拾叁_3_30_诱虫量,2024-11-10,2024-11-17,0.0,RandomForest,0.06070203567835743
稻纵卷叶螟,RLF,溧水区 叁拾叁_3_30_诱虫量,2024-11-17,2024-11-24,0.0,RandomForest,0.005609930766797357
稻纵卷叶螟,RLF,溧水区 叁拾叁_3_30_诱虫量,2024-11-24,2024-12-01,0.0,RandomForest,0.0011559128538236037
稻纵卷叶螟,RLF,溧水区 叁拾叁_3_30_诱虫量,2024-12-01,2024-12-08,0.0,RandomForest,0.05571455035359916
稻纵卷叶螟,RLF,溧水区 叁拾叁_3_30_诱虫量,2024-12-08,2024-12-15,0.0,RandomForest,0.0
稻纵卷叶螟,RLF,溧水区 叁拾叁_3_30_诱虫量,2024-12-15,2024-12-22,0.0,RandomForest,0.0
稻纵卷叶螟,RLF,溧水区 叁拾叁_3_30_诱虫量,2024-12-22,2024-12-29,0.0,RandomForest,0.0
稻纵卷叶螟,RLF,秣陵街道李家村_1_33_诱虫量,2024-11-17,2024-11-24,0.0,RandomForest,0.5383695281329832
稻纵卷叶螟,RLF,秣陵街道李家村_1_33_诱虫量,2024-11-24,2024-12-01,0.0,RandomForest,0.025241756037361424
稻纵卷叶螟,RLF,秣陵街道李家村_1_33_诱虫量,2024-12-01,2024-12-08,0.0,RandomForest,0.07207726822105034
稻纵卷叶螟,RLF,秣陵街道李家村_1_33_诱虫量,2024-12-08,2024-12-15,0.0,RandomForest,0.006736255467413938
稻纵卷叶螟,RLF,秣陵街道李家村_1_33_诱虫量,2024-12-15,2024-12-22,0.0,RandomForest,0.009328783296955861
稻纵卷叶螟,RLF,秣陵街道李家村_1_33_诱虫量,2024-12-22,2024-12-29,0.0,RandomForest,0.0018171182950365967
稻纵卷叶螟,RLF,程桥金山稻纵_1_20_诱虫量,2024-05-26,2024-06-02,1.0,RandomForest,0.30086506403355223
稻纵卷叶螟,RLF,程桥金山稻纵_1_20_诱虫量,2024-06-02,2024-06-09,1.0,RandomForest,0.4171879249755608
稻纵卷叶螟,RLF,程桥金山稻纵_1_20_诱虫量,2024-06-09,2024-06-16,4.0,RandomForest,1.1992914645570507
稻纵卷叶螟,RLF,程桥金山稻纵_1_20_诱虫量,2024-06-16,2024-06-23,1.0,RandomForest,2.5642252252008975
稻纵卷叶螟,RLF,程桥金山稻纵_1_20_诱虫量,2024-06-23,2024-06-30,10.0,RandomForest,1.6360243191049109
稻纵卷叶螟,RLF,程桥金山稻纵_1_20_诱虫量,2024-06-30,2024-07-07,7.0,RandomForest,8.080365193484107
稻纵卷叶螟,RLF,程桥金山稻纵_1_20_诱虫量,2024-07-07,2024-07-14,1.0,RandomForest,13.14694852177593
稻纵卷叶螟,RLF,程桥金山稻纵_1_20_诱虫量,2024-07-14,2024-07-21,4.0,RandomForest,3.6877622428067776
稻纵卷叶螟,RLF,程桥金山稻纵_1_20_诱虫量,2024-07-21,2024-07-28,19.0,RandomForest,5.709074107591524
稻纵卷叶螟,RLF,程桥金山稻纵_1_20_诱虫量,2024-07-28,2024-08-04,4.0,RandomForest,16.36018520678536
稻纵卷叶螟,RLF,程桥金山稻纵_1_20_诱虫量,2024-08-04,2024-08-11,0.0,RandomForest,4.981528276414369
稻纵卷叶螟,RLF,程桥金山稻纵_1_20_诱虫量,2024-08-11,2024-08-18,59.0,RandomForest,0.9308722709061432
稻纵卷叶螟,RLF,程桥金山稻纵_1_20_诱虫量,2024-08-18,2024-08-25,470.0,RandomForest,18.487984787292675
稻纵卷叶螟,RLF,程桥金山稻纵_1_20_诱虫量,2024-08-25,2024-09-01,646.0,RandomForest,80.55519053528187
稻纵卷叶螟,RLF,程桥金山稻纵_1_20_诱虫量,2024-09-01,2024-09-08,111.0,RandomForest,75.77561768999982
稻纵卷叶螟,RLF,程桥金山稻纵_1_20_诱虫量,2024-09-08,2024-09-15,42.0,RandomForest,139.50971105925476
稻纵卷叶螟,RLF,程桥金山稻纵_1_20_诱虫量,2024-09-15,2024-09-22,20.0,RandomForest,29.67871465954628
稻纵卷叶螟,RLF,程桥金山稻纵_1_20_诱虫量,2024-09-22,2024-09-29,38.0,RandomForest,8.787487071023676
稻纵卷叶螟,RLF,程桥金山稻纵_1_20_诱虫量,2024-09-29,2024-10-06,71.0,RandomForest,10.899944560134651
稻纵卷叶螟,RLF,程桥金山稻纵_1_20_诱虫量,2024-10-06,2024-10-13,181.0,RandomForest,63.27120561397065
稻纵卷叶螟,RLF,程桥金山稻纵_1_20_诱虫量,2024-10-13,2024-10-20,3.0,RandomForest,22.41125277244379
稻纵卷叶螟,RLF,程桥金山稻纵_1_20_诱虫量,2024-10-20,2024-10-27,0.0,RandomForest,0.4789084588336254
稻纵卷叶螟,RLF,程桥金山稻纵_1_35_诱虫量,2023-12-31,2024-01-07,0.0,RandomForest,0.03338047753833381
稻纵卷叶螟,RLF,程桥金山稻纵_1_35_诱虫量,2024-01-07,2024-01-14,0.0,RandomForest,0.0
稻纵卷叶螟,RLF,程桥金山稻纵_1_35_诱虫量,2024-01-14,2024-01-21,0.0,RandomForest,0.0
稻纵卷叶螟,RLF,程桥金山稻纵_1_35_诱虫量,2024-01-21,2024-01-28,0.0,RandomForest,0.0
稻纵卷叶螟,RLF,程桥金山稻纵_1_35_诱虫量,2024-01-28,2024-02-04,0.0,RandomForest,0.0
稻纵卷叶螟,RLF,程桥金山稻纵_1_35_诱虫量,2024-02-04,2024-02-11,0.0,RandomForest,0.424615047167525
稻纵卷叶螟,RLF,程桥金山稻纵_1_35_诱虫量,2024-02-11,2024-02-18,0.0,RandomForest,0.4664578052032157
稻纵卷叶螟,RLF,程桥金山稻纵_1_35_诱虫量,2024-02-18,2024-02-25,0.0,RandomForest,0.004128294108423136
稻纵卷叶螟,RLF,程桥金山稻纵_1_35_诱虫量,2024-02-25,2024-03-03,0.0,RandomForest,0.7783704974605878
稻纵卷叶螟,RLF,程桥金山稻纵_1_35_诱虫量,2024-03-03,2024-03-10,0.0,RandomForest,0.038398947376013105
稻纵卷叶螟,RLF,程桥金山稻纵_1_35_诱虫量,2024-03-10,2024-03-17,0.0,RandomForest,0.0020685490431686018
稻纵卷叶螟,RLF,程桥金山稻纵_1_35_诱虫量,2024-03-17,2024-03-24,0.0,RandomForest,0.014098305092416108
稻纵卷叶螟,RLF,程桥金山稻纵_1_35_诱虫量,2024-03-24,2024-03-31,0.0,RandomForest,3.299026147578921
稻纵卷叶螟,RLF,程桥金山稻纵_1_35_诱虫量,2024-03-31,2024-04-07,0.0,RandomForest,0.8537614776536877
稻纵卷叶螟,RLF,程桥金山稻纵_1_35_诱虫量,2024-04-07,2024-04-14,0.0,RandomForest,0.01205931613291722
稻纵卷叶螟,RLF,程桥金山稻纵_1_35_诱虫量,2024-04-14,2024-04-21,0.0,RandomForest,0.008374445900264482
稻纵卷叶螟,RLF,程桥金山稻纵_1_35_诱虫量,2024-04-21,2024-04-28,0.0,RandomForest,0.7528182630869587
稻纵卷叶螟,RLF,程桥金山稻纵_1_35_诱虫量,2024-04-28,2024-05-05,0.0,RandomForest,0.0066207219082980275
稻纵卷叶螟,RLF,程桥金山稻纵_1_35_诱虫量,2024-05-05,2024-05-12,0.0,RandomForest,0.3184546953975065
稻纵卷叶螟,RLF,程桥金山稻纵_1_35_诱虫量,2024-05-12,2024-05-19,0.0,RandomForest,0.21706621598237383
稻纵卷叶螟,RLF,程桥金山稻纵_1_35_诱虫量,2024-05-19,2024-05-26,1.0,RandomForest,0.017685451573501505
稻纵卷叶螟,RLF,程桥金山稻纵_1_35_诱虫量,2024-10-27,2024-11-03,0.0,RandomForest,0.06051232383203814
稻纵卷叶螟,RLF,程桥金山稻纵_1_35_诱虫量,2024-11-03,2024-11-10,0.0,RandomForest,0.0842755411372702
稻纵卷叶螟,RLF,程桥金山稻纵_1_35_诱虫量,2024-11-10,2024-11-17,0.0,RandomForest,0.07370128034666269
稻纵卷叶螟,RLF,程桥金山稻纵_1_35_诱虫量,2024-11-17,2024-11-24,0.0,RandomForest,0.0008668094380470035
稻纵卷叶螟,RLF,程桥金山稻纵_1_35_诱虫量,2024-11-24,2024-12-01,0.0,RandomForest,0.0
稻纵卷叶螟,RLF,程桥金山稻纵_1_35_诱虫量,2024-12-01,2024-12-08,0.0,RandomForest,0.05670638676229459
稻纵卷叶螟,RLF,程桥金山稻纵_1_35_诱虫量,2024-12-08,2024-12-15,0.0,RandomForest,0.0
稻纵卷叶螟,RLF,程桥金山稻纵_1_35_诱虫量,2024-12-15,2024-12-22,0.0,RandomForest,0.0
稻纵卷叶螟,RLF,程桥金山稻纵_1_35_诱虫量,2024-12-22,2024-12-29,0.0,RandomForest,0.0
稻纵卷叶螟,RLF,竹镇镇光华村 稻纵_1_18_诱虫量,2024-05-26,2024-06-02,1.0,RandomForest,0.30086506403355223
稻纵卷叶螟,RLF,竹镇镇光华村 稻纵_1_18_诱虫量,2024-06-02,2024-06-09,2.0,RandomForest,0.4171879249755608
稻纵卷叶螟,RLF,竹镇镇光华村 稻纵_1_18_诱虫量,2024-06-09,2024-06-16,1.0,RandomForest,1.278262269258398
稻纵卷叶螟,RLF,竹镇镇光华村 稻纵_1_18_诱虫量,2024-06-16,2024-06-23,1.0,RandomForest,1.273886765217716
稻纵卷叶螟,RLF,竹镇镇光华村 稻纵_1_18_诱虫量,2024-06-23,2024-06-30,1.0,RandomForest,1.2225471635659826
稻纵卷叶螟,RLF,竹镇镇光华村 稻纵_1_18_诱虫量,2024-06-30,2024-07-07,1.0,RandomForest,1.3579990259586454
稻纵卷叶螟,RLF,竹镇镇光华村 稻纵_1_18_诱虫量,2024-07-07,2024-07-14,0.0,RandomForest,3.0052693297104813
稻纵卷叶螟,RLF,竹镇镇光华村 稻纵_1_18_诱虫量,2024-07-14,2024-07-21,1.0,RandomForest,0.8065856318397284
稻纵卷叶螟,RLF,竹镇镇光华村 稻纵_1_18_诱虫量,2024-07-21,2024-07-28,17.0,RandomForest,2.4330333765105374
稻纵卷叶螟,RLF,竹镇镇光华村 稻纵_1_18_诱虫量,2024-07-28,2024-08-04,14.0,RandomForest,33.16212877160448
稻纵卷叶螟,RLF,竹镇镇光华村 稻纵_1_18_诱虫量,2024-08-04,2024-08-11,6.0,RandomForest,13.487866948056716
稻纵卷叶螟,RLF,竹镇镇光华村 稻纵_1_18_诱虫量,2024-08-11,2024-08-18,5.0,RandomForest,5.48126461431827
稻纵卷叶螟,RLF,竹镇镇光华村 稻纵_1_18_诱虫量,2024-08-18,2024-08-25,23.0,RandomForest,2.887516007177323
稻纵卷叶螟,RLF,竹镇镇光华村 稻纵_1_18_诱虫量,2024-08-25,2024-09-01,30.0,RandomForest,9.138246233665708
稻纵卷叶螟,RLF,竹镇镇光华村 稻纵_1_18_诱虫量,2024-09-01,2024-09-08,38.0,RandomForest,12.475515132124327
稻纵卷叶螟,RLF,竹镇镇光华村 稻纵_1_18_诱虫量,2024-09-08,2024-09-15,46.0,RandomForest,16.17399540696595
稻纵卷叶螟,RLF,竹镇镇光华村 稻纵_1_18_诱虫量,2024-09-15,2024-09-22,20.0,RandomForest,27.44844677933737
稻纵卷叶螟,RLF,竹镇镇光华村 稻纵_1_18_诱虫量,2024-09-22,2024-09-29,5.0,RandomForest,10.338507109552658
稻纵卷叶螟,RLF,竹镇镇光华村 稻纵_1_18_诱虫量,2024-09-29,2024-10-06,0.0,RandomForest,5.398299726654602
稻纵卷叶螟,RLF,竹镇镇光华村 稻纵_1_18_诱虫量,2024-10-06,2024-10-13,0.0,RandomForest,0.03231715922184907
稻纵卷叶螟,RLF,竹镇镇光华村 稻纵_1_18_诱虫量,2024-10-13,2024-10-20,0.0,RandomForest,0.004950342062800142
稻纵卷叶螟,RLF,竹镇镇光华村 稻纵_1_18_诱虫量,2024-10-20,2024-10-27,0.0,RandomForest,0.08710247970249911
稻纵卷叶螟,RLF,竹镇镇光华村 稻纵_1_32_诱虫量,2023-12-31,2024-01-07,0.0,RandomForest,0.03338047753833381
稻纵卷叶螟,RLF,竹镇镇光华村 稻纵_1_32_诱虫量,2024-01-07,2024-01-14,0.0,RandomForest,0.0
稻纵卷叶螟,RLF,竹镇镇光华村 稻纵_1_32_诱虫量,2024-01-14,2024-01-21,0.0,RandomForest,0.0
稻纵卷叶螟,RLF,竹镇镇光华村 稻纵_1_32_诱虫量,2024-01-21,2024-01-28,0.0,RandomForest,0.0
稻纵卷叶螟,RLF,竹镇镇光华村 稻纵_1_32_诱虫量,2024-01-28,2024-02-04,0.0,RandomForest,0.0
稻纵卷叶螟,RLF,竹镇镇光华村 稻纵_1_32_诱虫量,2024-02-04,2024-02-11,0.0,RandomForest,0.424615047167525
稻纵卷叶螟,RLF,竹镇镇光华村 稻纵_1_32_诱虫量,2024-02-11,2024-02-18,0.0,RandomForest,0.4664578052032157
稻纵卷叶螟,RLF,竹镇镇光华村 稻纵_1_32_诱虫量,2024-02-18,2024-02-25,0.0,RandomForest,0.004128294108423136
稻纵卷叶螟,RLF,竹镇镇光华村 稻纵_1_32_诱虫量,2024-02-25,2024-03-03,0.0,RandomForest,0.7783704974605878
稻纵卷叶螟,RLF,竹镇镇光华村 稻纵_1_32_诱虫量,2024-03-03,2024-03-10,0.0,RandomForest,0.038398947376013105
稻纵卷叶螟,RLF,竹镇镇光华村 稻纵_1_32_诱虫量,2024-03-10,2024-03-17,0.0,RandomForest,0.0020685490431686018
稻纵卷叶螟,RLF,竹镇镇光华村 稻纵_1_32_诱虫量,2024-03-17,2024-03-24,0.0,RandomForest,0.014098305092416108
稻纵卷叶螟,RLF,竹镇镇光华村 稻纵_1_32_诱虫量,2024-03-24,2024-03-31,0.0,RandomForest,3.299026147578921
稻纵卷叶螟,RLF,竹镇镇光华村 稻纵_1_32_诱虫量,2024-03-31,2024-04-07,0.0,RandomForest,0.8537614776536877
稻纵卷叶螟,RLF,竹镇镇光华村 稻纵_1_32_诱虫量,2024-04-07,2024-04-14,0.0,RandomForest,0.01205931613291722
稻纵卷叶螟,RLF,竹镇镇光华村 稻纵_1_32_诱虫量,2024-04-14,2024-04-21,0.0,RandomForest,0.008374445900264482
稻纵卷叶螟,RLF,竹镇镇光华村 稻纵_1_32_诱虫量,2024-04-21,2024-04-28,0.0,RandomForest,0.7528182630869587
稻纵卷叶螟,RLF,竹镇镇光华村 稻纵_1_32_诱虫量,2024-04-28,2024-05-05,0.0,RandomForest,0.0066207219082980275
稻纵卷叶螟,RLF,竹镇镇光华村 稻纵_1_32_诱虫量,2024-05-05,2024-05-12,0.0,RandomForest,0.3184546953975065
稻纵卷叶螟,RLF,竹镇镇光华村 稻纵_1_32_诱虫量,2024-05-12,2024-05-19,0.0,RandomForest,0.21706621598237383
稻纵卷叶螟,RLF,竹镇镇光华村 稻纵_1_32_诱虫量,2024-05-19,2024-05-26,3.0,RandomForest,0.017685451573501505
稻纵卷叶螟,RLF,竹镇镇光华村 稻纵_1_32_诱虫量,2024-10-27,2024-11-03,0.0,RandomForest,0.06051232383203814
稻纵卷叶螟,RLF,竹镇镇光华村 稻纵_1_32_诱虫量,2024-11-03,2024-11-10,0.0,RandomForest,0.0842755411372702
稻纵卷叶螟,RLF,竹镇镇光华村 稻纵_1_32_诱虫量,2024-11-10,2024-11-17,0.0,RandomForest,0.07370128034666269
稻纵卷叶螟,RLF,竹镇镇光华村 稻纵_1_32_诱虫量,2024-11-17,2024-11-24,0.0,RandomForest,0.0008668094380470035
稻纵卷叶螟,RLF,竹镇镇光华村 稻纵_1_32_诱虫量,2024-11-24,2024-12-01,0.0,RandomForest,0.0
稻纵卷叶螟,RLF,竹镇镇光华村 稻纵_1_32_诱虫量,2024-12-01,2024-12-08,0.0,RandomForest,0.05670638676229459
稻纵卷叶螟,RLF,竹镇镇光华村 稻纵_1_32_诱虫量,2024-12-08,2024-12-15,0.0,RandomForest,0.0
稻纵卷叶螟,RLF,竹镇镇光华村 稻纵_1_32_诱虫量,2024-12-15,2024-12-22,0.0,RandomForest,0.0
稻纵卷叶螟,RLF,竹镇镇光华村 稻纵_1_32_诱虫量,2024-12-22,2024-12-29,0.0,RandomForest,0.0
稻纵卷叶螟,RLF,金牛湖街道 稻纵_1_23_诱虫量,2023-12-31,2024-01-07,0.0,RandomForest,0.03338047753833381
稻纵卷叶螟,RLF,金牛湖街道 稻纵_1_23_诱虫量,2024-01-07,2024-01-14,0.0,RandomForest,0.0
稻纵卷叶螟,RLF,金牛湖街道 稻纵_1_23_诱虫量,2024-01-14,2024-01-21,0.0,RandomForest,0.0
稻纵卷叶螟,RLF,金牛湖街道 稻纵_1_23_诱虫量,2024-01-21,2024-01-28,0.0,RandomForest,0.0
稻纵卷叶螟,RLF,金牛湖街道 稻纵_1_23_诱虫量,2024-01-28,2024-02-04,0.0,RandomForest,0.0
稻纵卷叶螟,RLF,金牛湖街道 稻纵_1_23_诱虫量,2024-02-04,2024-02-11,0.0,RandomForest,0.424615047167525
稻纵卷叶螟,RLF,金牛湖街道 稻纵_1_23_诱虫量,2024-02-11,2024-02-18,0.0,RandomForest,0.4664578052032157
稻纵卷叶螟,RLF,金牛湖街道 稻纵_1_23_诱虫量,2024-02-18,2024-02-25,0.0,RandomForest,0.004128294108423136
稻纵卷叶螟,RLF,金牛湖街道 稻纵_1_23_诱虫量,2024-02-25,2024-03-03,0.0,RandomForest,0.7783704974605878
稻纵卷叶螟,RLF,金牛湖街道 稻纵_1_23_诱虫量,2024-03-03,2024-03-10,0.0,RandomForest,0.038398947376013105
稻纵卷叶螟,RLF,金牛湖街道 稻纵_1_23_诱虫量,2024-03-10,2024-03-17,0.0,RandomForest,0.0020685490431686018
稻纵卷叶螟,RLF,金牛湖街道 稻纵_1_23_诱虫量,2024-03-17,2024-03-24,1.0,RandomForest,0.014098305092416108
稻纵卷叶螟,RLF,金牛湖街道 稻纵_1_23_诱虫量,2024-03-24,2024-03-31,0.0,RandomForest,1.1364523011310705
稻纵卷叶螟,RLF,金牛湖街道 稻纵_1_23_诱虫量,2024-03-31,2024-04-07,0.0,RandomForest,1.2402071381608306
稻纵卷叶螟,RLF,金牛湖街道 稻纵_1_23_诱虫量,2024-04-07,2024-04-14,1.0,RandomForest,0.9179662852595829
稻纵卷叶螟,RLF,金牛湖街道 稻纵_1_23_诱虫量,2024-04-14,2024-04-21,0.0,RandomForest,0.397045478410562
稻纵卷叶螟,RLF,金牛湖街道 稻纵_1_23_诱虫量,2024-04-21,2024-04-28,0.0,RandomForest,0.6617910342282141
稻纵卷叶螟,RLF,金牛湖街道 稻纵_1_23_诱虫量,2024-04-28,2024-05-05,0.0,RandomForest,0.525225489729519
稻纵卷叶螟,RLF,金牛湖街道 稻纵_1_23_诱虫量,2024-05-05,2024-05-12,0.0,RandomForest,0.36167169744011785
稻纵卷叶螟,RLF,金牛湖街道 稻纵_1_23_诱虫量,2024-05-12,2024-05-19,0.0,RandomForest,0.1850596900349972
稻纵卷叶螟,RLF,金牛湖街道 稻纵_1_23_诱虫量,2024-05-19,2024-05-26,0.0,RandomForest,0.03543109763809153
稻纵卷叶螟,RLF,金牛湖街道 稻纵_1_23_诱虫量,2024-10-27,2024-11-03,0.0,RandomForest,0.06051232383203814
稻纵卷叶螟,RLF,金牛湖街道 稻纵_1_23_诱虫量,2024-11-03,2024-11-10,0.0,RandomForest,0.0842755411372702
稻纵卷叶螟,RLF,金牛湖街道 稻纵_1_23_诱虫量,2024-11-10,2024-11-17,0.0,RandomForest,0.07370128034666269
稻纵卷叶螟,RLF,金牛湖街道 稻纵_1_23_诱虫量,2024-11-17,2024-11-24,0.0,RandomForest,0.0008668094380470035
稻纵卷叶螟,RLF,金牛湖街道 稻纵_1_23_诱虫量,2024-11-24,2024-12-01,0.0,RandomForest,0.0
稻纵卷叶螟,RLF,金牛湖街道 稻纵_1_23_诱虫量,2024-12-01,2024-12-08,0.0,RandomForest,0.05670638676229459
稻纵卷叶螟,RLF,金牛湖街道 稻纵_1_23_诱虫量,2024-12-08,2024-12-15,0.0,RandomForest,0.0
稻纵卷叶螟,RLF,金牛湖街道 稻纵_1_23_诱虫量,2024-12-15,2024-12-22,0.0,RandomForest,0.0
稻纵卷叶螟,RLF,金牛湖街道 稻纵_1_23_诱虫量,2024-12-22,2024-12-29,0.0,RandomForest,0.0
稻纵卷叶螟,RLF,金牛湖街道 稻纵_1_27_诱虫量,2024-05-26,2024-06-02,0.0,RandomForest,0.30086506403355223
稻纵卷叶螟,RLF,金牛湖街道 稻纵_1_27_诱虫量,2024-06-02,2024-06-09,0.0,RandomForest,0.12410127030205712
稻纵卷叶螟,RLF,金牛湖街道 稻纵_1_27_诱虫量,2024-06-09,2024-06-16,1.0,RandomForest,0.3406564895820411
稻纵卷叶螟,RLF,金牛湖街道 稻纵_1_27_诱虫量,2024-06-16,2024-06-23,0.0,RandomForest,0.6794538868491744
稻纵卷叶螟,RLF,金牛湖街道 稻纵_1_27_诱虫量,2024-06-23,2024-06-30,0.0,RandomForest,0.8343115232888039
稻纵卷叶螟,RLF,金牛湖街道 稻纵_1_27_诱虫量,2024-06-30,2024-07-07,1.0,RandomForest,0.8354133528910557
稻纵卷叶螟,RLF,金牛湖街道 稻纵_1_27_诱虫量,2024-07-07,2024-07-14,3.0,RandomForest,3.110042829498542
稻纵卷叶螟,RLF,金牛湖街道 稻纵_1_27_诱虫量,2024-07-14,2024-07-21,25.0,RandomForest,1.736228406682994
稻纵卷叶螟,RLF,金牛湖街道 稻纵_1_27_诱虫量,2024-07-21,2024-07-28,45.0,RandomForest,35.15715671656287
稻纵卷叶螟,RLF,金牛湖街道 稻纵_1_27_诱虫量,2024-07-28,2024-08-04,14.0,RandomForest,36.76979297026864
稻纵卷叶螟,RLF,金牛湖街道 稻纵_1_27_诱虫量,2024-08-04,2024-08-11,57.0,RandomForest,11.57020931928123
稻纵卷叶螟,RLF,金牛湖街道 稻纵_1_27_诱虫量,2024-08-11,2024-08-18,53.0,RandomForest,15.481773828395518
稻纵卷叶螟,RLF,金牛湖街道 稻纵_1_27_诱虫量,2024-08-18,2024-08-25,105.0,RandomForest,19.04225067470012
稻纵卷叶螟,RLF,金牛湖街道 稻纵_1_27_诱虫量,2024-08-25,2024-09-01,91.0,RandomForest,58.756985747992424
稻纵卷叶螟,RLF,金牛湖街道 稻纵_1_27_诱虫量,2024-09-01,2024-09-08,90.0,RandomForest,70.48154414609671
稻纵卷叶螟,RLF,金牛湖街道 稻纵_1_27_诱虫量,2024-09-08,2024-09-15,84.0,RandomForest,146.8548491505017
稻纵卷叶螟,RLF,金牛湖街道 稻纵_1_27_诱虫量,2024-09-15,2024-09-22,101.0,RandomForest,124.56330066629407
稻纵卷叶螟,RLF,金牛湖街道 稻纵_1_27_诱虫量,2024-09-22,2024-09-29,45.0,RandomForest,105.7404400346992
稻纵卷叶螟,RLF,金牛湖街道 稻纵_1_27_诱虫量,2024-09-29,2024-10-06,47.0,RandomForest,12.706978999546017
稻纵卷叶螟,RLF,金牛湖街道 稻纵_1_27_诱虫量,2024-10-06,2024-10-13,198.0,RandomForest,18.532070745187237
稻纵卷叶螟,RLF,金牛湖街道 稻纵_1_27_诱虫量,2024-10-13,2024-10-20,1.0,RandomForest,38.014036965324564
稻纵卷叶螟,RLF,金牛湖街道 稻纵_1_27_诱虫量,2024-10-20,2024-10-27,0.0,RandomForest,0.3979506845339567
稻纵卷叶螟,RLF,雄州街道钱仓村 稻纵_1_10_诱虫量,2024-05-26,2024-06-02,0.0,RandomForest,0.30086506403355223
稻纵卷叶螟,RLF,雄州街道钱仓村 稻纵_1_10_诱虫量,2024-06-02,2024-06-09,2.0,RandomForest,0.12410127030205712
稻纵卷叶螟,RLF,雄州街道钱仓村 稻纵_1_10_诱虫量,2024-06-09,2024-06-16,1.0,RandomForest,0.6181315833707746
稻纵卷叶螟,RLF,雄州街道钱仓村 稻纵_1_10_诱虫量,2024-06-16,2024-06-23,2.0,RandomForest,1.3749348781665054
稻纵卷叶螟,RLF,雄州街道钱仓村 稻纵_1_10_诱虫量,2024-06-23,2024-06-30,0.0,RandomForest,1.4003403079931878
稻纵卷叶螟,RLF,雄州街道钱仓村 稻纵_1_10_诱虫量,2024-06-30,2024-07-07,16.0,RandomForest,1.3007951462818785
稻纵卷叶螟,RLF,雄州街道钱仓村 稻纵_1_10_诱虫量,2024-07-07,2024-07-14,14.0,RandomForest,52.18782491835824
稻纵卷叶螟,RLF,雄州街道钱仓村 稻纵_1_10_诱虫量,2024-07-14,2024-07-21,3.0,RandomForest,7.509460111555615
稻纵卷叶螟,RLF,雄州街道钱仓村 稻纵_1_10_诱虫量,2024-07-21,2024-07-28,18.0,RandomForest,6.645202539373273
稻纵卷叶螟,RLF,雄州街道钱仓村 稻纵_1_10_诱虫量,2024-07-28,2024-08-04,9.0,RandomForest,13.709642142299824
稻纵卷叶螟,RLF,雄州街道钱仓村 稻纵_1_10_诱虫量,2024-08-04,2024-08-11,37.0,RandomForest,7.751340757631496
稻纵卷叶螟,RLF,雄州街道钱仓村 稻纵_1_10_诱虫量,2024-08-11,2024-08-18,12.0,RandomForest,11.819031932048496
稻纵卷叶螟,RLF,雄州街道钱仓村 稻纵_1_10_诱虫量,2024-08-18,2024-08-25,38.0,RandomForest,9.17552099711196
稻纵卷叶螟,RLF,雄州街道钱仓村 稻纵_1_10_诱虫量,2024-08-25,2024-09-01,456.0,RandomForest,15.45213670236787
稻纵卷叶螟,RLF,雄州街道钱仓村 稻纵_1_10_诱虫量,2024-09-01,2024-09-08,168.0,RandomForest,98.80434663197005
稻纵卷叶螟,RLF,雄州街道钱仓村 稻纵_1_10_诱虫量,2024-09-08,2024-09-15,26.0,RandomForest,143.822246380064
稻纵卷叶螟,RLF,雄州街道钱仓村 稻纵_1_10_诱虫量,2024-09-15,2024-09-22,21.0,RandomForest,17.531126460171098
稻纵卷叶螟,RLF,雄州街道钱仓村 稻纵_1_10_诱虫量,2024-09-22,2024-09-29,77.0,RandomForest,8.392500930839706
稻纵卷叶螟,RLF,雄州街道钱仓村 稻纵_1_10_诱虫量,2024-09-29,2024-10-06,39.0,RandomForest,43.72098687306071
稻纵卷叶螟,RLF,雄州街道钱仓村 稻纵_1_10_诱虫量,2024-10-06,2024-10-13,202.0,RandomForest,11.287840332631488
稻纵卷叶螟,RLF,雄州街道钱仓村 稻纵_1_10_诱虫量,2024-10-13,2024-10-20,13.0,RandomForest,32.475666456034375
稻纵卷叶螟,RLF,雄州街道钱仓村 稻纵_1_10_诱虫量,2024-10-20,2024-10-27,3.0,RandomForest,7.3147552174008865
稻纵卷叶螟,RLF,雄州街道钱仓村 稻纵_1_46_诱虫量,2023-12-31,2024-01-07,0.0,RandomForest,0.03338047753833381
稻纵卷叶螟,RLF,雄州街道钱仓村 稻纵_1_46_诱虫量,2024-01-07,2024-01-14,0.0,RandomForest,0.0
稻纵卷叶螟,RLF,雄州街道钱仓村 稻纵_1_46_诱虫量,2024-01-14,2024-01-21,0.0,RandomForest,0.0
稻纵卷叶螟,RLF,雄州街道钱仓村 稻纵_1_46_诱虫量,2024-01-21,2024-01-28,0.0,RandomForest,0.0
稻纵卷叶螟,RLF,雄州街道钱仓村 稻纵_1_46_诱虫量,2024-01-28,2024-02-04,0.0,RandomForest,0.0
稻纵卷叶螟,RLF,雄州街道钱仓村 稻纵_1_46_诱虫量,2024-02-04,2024-02-11,0.0,RandomForest,0.424615047167525
稻纵卷叶螟,RLF,雄州街道钱仓村 稻纵_1_46_诱虫量,2024-02-11,2024-02-18,0.0,RandomForest,0.4664578052032157
稻纵卷叶螟,RLF,雄州街道钱仓村 稻纵_1_46_诱虫量,2024-02-18,2024-02-25,0.0,RandomForest,0.004128294108423136
稻纵卷叶螟,RLF,雄州街道钱仓村 稻纵_1_46_诱虫量,2024-02-25,2024-03-03,0.0,RandomForest,0.7783704974605878
稻纵卷叶螟,RLF,雄州街道钱仓村 稻纵_1_46_诱虫量,2024-03-03,2024-03-10,0.0,RandomForest,0.038398947376013105
稻纵卷叶螟,RLF,雄州街道钱仓村 稻纵_1_46_诱虫量,2024-03-10,2024-03-17,0.0,RandomForest,0.0020685490431686018
稻纵卷叶螟,RLF,雄州街道钱仓村 稻纵_1_46_诱虫量,2024-03-17,2024-03-24,0.0,RandomForest,0.014098305092416108
稻纵卷叶螟,RLF,雄州街道钱仓村 稻纵_1_46_诱虫量,2024-03-24,2024-03-31,0.0,RandomForest,3.299026147578921
稻纵卷叶螟,RLF,雄州街道钱仓村 稻纵_1_46_诱虫量,2024-03-31,2024-04-07,0.0,RandomForest,0.8537614776536877
稻纵卷叶螟,RLF,雄州街道钱仓村 稻纵_1_46_诱虫量,2024-04-07,2024-04-14,0.0,RandomForest,0.01205931613291722
稻纵卷叶螟,RLF,雄州街道钱仓村 稻纵_1_46_诱虫量,2024-04-14,2024-04-21,0.0,RandomForest,0.008374445900264482
稻纵卷叶螟,RLF,雄州街道钱仓村 稻纵_1_46_诱虫量,2024-04-21,2024-04-28,0.0,RandomForest,0.7528182630869587
稻纵卷叶螟,RLF,雄州街道钱仓村 稻纵_1_46_诱虫量,2024-04-28,2024-05-05,2.0,RandomForest,0.0066207219082980275
稻纵卷叶螟,RLF,雄州街道钱仓村 稻纵_1_46_诱虫量,2024-05-05,2024-05-12,0.0,RandomForest,0.30099274185297187
稻纵卷叶螟,RLF,雄州街道钱仓村 稻纵_1_46_诱虫量,2024-05-12,2024-05-19,0.0,RandomForest,0.2777787023284633
稻纵卷叶螟,RLF,雄州街道钱仓村 稻纵_1_46_诱虫量,2024-05-19,2024-05-26,1.0,RandomForest,0.3425626053581178
稻纵卷叶螟,RLF,雄州街道钱仓村 稻纵_1_46_诱虫量,2024-10-27,2024-11-03,2.0,RandomForest,0.3964508391135367
稻纵卷叶螟,RLF,雄州街道钱仓村 稻纵_1_46_诱虫量,2024-11-03,2024-11-10,3.0,RandomForest,0.2077663462266684
稻纵卷叶螟,RLF,雄州街道钱仓村 稻纵_1_46_诱虫量,2024-11-10,2024-11-17,0.0,RandomForest,0.25412873697396166
稻纵卷叶螟,RLF,雄州街道钱仓村 稻纵_1_46_诱虫量,2024-11-17,2024-11-24,0.0,RandomForest,0.016618319718712634
稻纵卷叶螟,RLF,雄州街道钱仓村 稻纵_1_46_诱虫量,2024-11-24,2024-12-01,0.0,RandomForest,0.011674976233136382
稻纵卷叶螟,RLF,雄州街道钱仓村 稻纵_1_46_诱虫量,2024-12-01,2024-12-08,0.0,RandomForest,0.05773983767354112
稻纵卷叶螟,RLF,雄州街道钱仓村 稻纵_1_46_诱虫量,2024-12-08,2024-12-15,0.0,RandomForest,0.0038795727561997013
稻纵卷叶螟,RLF,雄州街道钱仓村 稻纵_1_46_诱虫量,2024-12-15,2024-12-22,0.0,RandomForest,0.0016337003214595195
稻纵卷叶螟,RLF,雄州街道钱仓村 稻纵_1_46_诱虫量,2024-12-22,2024-12-29,0.0,RandomForest,0.0010315664697169342
稻纵卷叶螟,RLF,马鞍街道 稻纵_1_22_诱虫量,2023-12-31,2024-01-07,0.0,RandomForest,0.03338047753833381
稻纵卷叶螟,RLF,马鞍街道 稻纵_1_22_诱虫量,2024-01-07,2024-01-14,0.0,RandomForest,0.0
稻纵卷叶螟,RLF,马鞍街道 稻纵_1_22_诱虫量,2024-01-14,2024-01-21,0.0,RandomForest,0.0
稻纵卷叶螟,RLF,马鞍街道 稻纵_1_22_诱虫量,2024-01-21,2024-01-28,0.0,RandomForest,0.0
稻纵卷叶螟,RLF,马鞍街道 稻纵_1_22_诱虫量,2024-01-28,2024-02-04,0.0,RandomForest,0.0
稻纵卷叶螟,RLF,马鞍街道 稻纵_1_22_诱虫量,2024-02-04,2024-02-11,0.0,RandomForest,0.424615047167525
稻纵卷叶螟,RLF,马鞍街道 稻纵_1_22_诱虫量,2024-02-11,2024-02-18,0.0,RandomForest,0.4664578052032157
稻纵卷叶螟,RLF,马鞍街道 稻纵_1_22_诱虫量,2024-02-18,2024-02-25,0.0,RandomForest,0.004128294108423136
稻纵卷叶螟,RLF,马鞍街道 稻纵_1_22_诱虫量,2024-02-25,2024-03-03,0.0,RandomForest,0.7783704974605878
稻纵卷叶螟,RLF,马鞍街道 稻纵_1_22_诱虫量,2024-03-03,2024-03-10,0.0,RandomForest,0.038398947376013105
稻纵卷叶螟,RLF,马鞍街道 稻纵_1_22_诱虫量,2024-03-10,2024-03-17,0.0,RandomForest,0.0020685490431686018
稻纵卷叶螟,RLF,马鞍街道 稻纵_1_22_诱虫量,2024-03-17,2024-03-24,0.0,RandomForest,0.014098305092416108
稻纵卷叶螟,RLF,马鞍街道 稻纵_1_22_诱虫量,2024-03-24,2024-03-31,0.0,RandomForest,3.299026147578921
稻纵卷叶螟,RLF,马鞍街道 稻纵_1_22_诱虫量,2024-03-31,2024-04-07,0.0,RandomForest,0.8537614776536877
稻纵卷叶螟,RLF,马鞍街道 稻纵_1_22_诱虫量,2024-04-07,2024-04-14,0.0,RandomForest,0.01205931613291722
稻纵卷叶螟,RLF,马鞍街道 稻纵_1_22_诱虫量,2024-04-14,2024-04-21,0.0,RandomForest,0.008374445900264482
稻纵卷叶螟,RLF,马鞍街道 稻纵_1_22_诱虫量,2024-04-21,2024-04-28,1.0,RandomForest,0.7528182630869587
稻纵卷叶螟,RLF,马鞍街道 稻纵_1_22_诱虫量,2024-04-28,2024-05-05,0.0,RandomForest,0.11156458370042212
稻纵卷叶螟,RLF,马鞍街道 稻纵_1_22_诱虫量,2024-05-05,2024-05-12,0.0,RandomForest,0.5278315513951872
稻纵卷叶螟,RLF,马鞍街道 稻纵_1_22_诱虫量,2024-05-12,2024-05-19,0.0,RandomForest,0.9473411672514056
稻纵卷叶螟,RLF,马鞍街道 稻纵_1_22_诱虫量,2024-05-19,2024-05-26,0.0,RandomForest,0.28481480487628646
稻纵卷叶螟,RLF,马鞍街道 稻纵_1_22_诱虫量,2024-10-27,2024-11-03,0.0,RandomForest,0.06051232383203814
稻纵卷叶螟,RLF,马鞍街道 稻纵_1_22_诱虫量,2024-11-03,2024-11-10,0.0,RandomForest,0.0842755411372702
稻纵卷叶螟,RLF,马鞍街道 稻纵_1_22_诱虫量,2024-11-10,2024-11-17,0.0,RandomForest,0.07370128034666269
稻纵卷叶螟,RLF,马鞍街道 稻纵_1_22_诱虫量,2024-11-17,2024-11-24,0.0,RandomForest,0.0008668094380470035
稻纵卷叶螟,RLF,马鞍街道 稻纵_1_22_诱虫量,2024-11-24,2024-12-01,0.0,RandomForest,0.0
稻纵卷叶螟,RLF,马鞍街道 稻纵_1_22_诱虫量,2024-12-01,2024-12-08,0.0,RandomForest,0.05670638676229459
稻纵卷叶螟,RLF,马鞍街道 稻纵_1_22_诱虫量,2024-12-08,2024-12-15,0.0,RandomForest,0.0
稻纵卷叶螟,RLF,马鞍街道 稻纵_1_22_诱虫量,2024-12-15,2024-12-22,0.0,RandomForest,0.0
稻纵卷叶螟,RLF,马鞍街道 稻纵_1_22_诱虫量,2024-12-22,2024-12-29,0.0,RandomForest,0.0
稻纵卷叶螟,RLF,马鞍街道 稻纵_1_9_诱虫量,2024-05-26,2024-06-02,0.0,RandomForest,0.30086506403355223
稻纵卷叶螟,RLF,马鞍街道 稻纵_1_9_诱虫量,2024-06-02,2024-06-09,0.0,RandomForest,0.12410127030205712
稻纵卷叶螟,RLF,马鞍街道 稻纵_1_9_诱虫量,2024-06-09,2024-06-16,0.0,RandomForest,0.3406564895820411
稻纵卷叶螟,RLF,马鞍街道 稻纵_1_9_诱虫量,2024-06-16,2024-06-23,0.0,RandomForest,0.6307476124454268
稻纵卷叶螟,RLF,马鞍街道 稻纵_1_9_诱虫量,2024-06-23,2024-06-30,10.0,RandomForest,0.6330396584873192
稻纵卷叶螟,RLF,马鞍街道 稻纵_1_9_诱虫量,2024-06-30,2024-07-07,6.0,RandomForest,8.907128780013219
稻纵卷叶螟,RLF,马鞍街道 稻纵_1_9_诱虫量,2024-07-07,2024-07-14,11.0,RandomForest,13.71899667136229
稻纵卷叶螟,RLF,马鞍街道 稻纵_1_9_诱虫量,2024-07-14,2024-07-21,5.0,RandomForest,4.415402773926727
稻纵卷叶螟,RLF,马鞍街道 稻纵_1_9_诱虫量,2024-07-21,2024-07-28,54.0,RandomForest,8.805782515599436
稻纵卷叶螟,RLF,马鞍街道 稻纵_1_9_诱虫量,2024-07-28,2024-08-04,58.0,RandomForest,57.50823698250988
稻纵卷叶螟,RLF,马鞍街道 稻纵_1_9_诱虫量,2024-08-04,2024-08-11,107.0,RandomForest,24.161463460018272
稻纵卷叶螟,RLF,马鞍街道 稻纵_1_9_诱虫量,2024-08-11,2024-08-18,104.0,RandomForest,44.14669244563694
稻纵卷叶螟,RLF,马鞍街道 稻纵_1_9_诱虫量,2024-08-18,2024-08-25,127.0,RandomForest,57.516009977974115
稻纵卷叶螟,RLF,马鞍街道 稻纵_1_9_诱虫量,2024-08-25,2024-09-01,486.0,RandomForest,68.01026011048948
稻纵卷叶螟,RLF,马鞍街道 稻纵_1_9_诱虫量,2024-09-01,2024-09-08,265.0,RandomForest,96.34928755443899
稻纵卷叶螟,RLF,马鞍街道 稻纵_1_9_诱虫量,2024-09-08,2024-09-15,20.0,RandomForest,169.2408831363227
稻纵卷叶螟,RLF,马鞍街道 稻纵_1_9_诱虫量,2024-09-15,2024-09-22,19.0,RandomForest,17.180809697234846
稻纵卷叶螟,RLF,马鞍街道 稻纵_1_9_诱虫量,2024-09-22,2024-09-29,4.0,RandomForest,7.449926286018485
稻纵卷叶螟,RLF,马鞍街道 稻纵_1_9_诱虫量,2024-09-29,2024-10-06,0.0,RandomForest,11.181472800958382
稻纵卷叶螟,RLF,马鞍街道 稻纵_1_9_诱虫量,2024-10-06,2024-10-13,0.0,RandomForest,0.09597063659814285
稻纵卷叶螟,RLF,马鞍街道 稻纵_1_9_诱虫量,2024-10-13,2024-10-20,0.0,RandomForest,0.069196151766332
稻纵卷叶螟,RLF,马鞍街道 稻纵_1_9_诱虫量,2024-10-20,2024-10-27,0.0,RandomForest,0.08945539184205606
稻纵卷叶螟,RLF,龙池街道头桥村 稻纵_1_26_诱虫量,2024-05-26,2024-06-02,0.0,RandomForest,0.30086506403355223
稻纵卷叶螟,RLF,龙池街道头桥村 稻纵_1_26_诱虫量,2024-06-02,2024-06-09,0.0,RandomForest,0.12410127030205712
稻纵卷叶螟,RLF,龙池街道头桥村 稻纵_1_26_诱虫量,2024-06-09,2024-06-16,1.0,RandomForest,0.3406564895820411
稻纵卷叶螟,RLF,龙池街道头桥村 稻纵_1_26_诱虫量,2024-06-16,2024-06-23,2.0,RandomForest,0.6794538868491744
稻纵卷叶螟,RLF,龙池街道头桥村 稻纵_1_26_诱虫量,2024-06-23,2024-06-30,4.0,RandomForest,1.163641760107419
稻纵卷叶螟,RLF,龙池街道头桥村 稻纵_1_26_诱虫量,2024-06-30,2024-07-07,1.0,RandomForest,3.255897899823972
稻纵卷叶螟,RLF,龙池街道头桥村 稻纵_1_26_诱虫量,2024-07-07,2024-07-14,1.0,RandomForest,4.4152145412767725
稻纵卷叶螟,RLF,龙池街道头桥村 稻纵_1_26_诱虫量,2024-07-14,2024-07-21,7.0,RandomForest,1.1961396092785876
稻纵卷叶螟,RLF,龙池街道头桥村 稻纵_1_26_诱虫量,2024-07-21,2024-07-28,71.0,RandomForest,7.345689081719247
稻纵卷叶螟,RLF,龙池街道头桥村 稻纵_1_26_诱虫量,2024-07-28,2024-08-04,70.0,RandomForest,122.71100183523701
稻纵卷叶螟,RLF,龙池街道头桥村 稻纵_1_26_诱虫量,2024-08-04,2024-08-11,37.0,RandomForest,30.24906533246779
稻纵卷叶螟,RLF,龙池街道头桥村 稻纵_1_26_诱虫量,2024-08-11,2024-08-18,68.0,RandomForest,13.227399444653535
稻纵卷叶螟,RLF,龙池街道头桥村 稻纵_1_26_诱虫量,2024-08-18,2024-08-25,232.0,RandomForest,23.283901342408384
稻纵卷叶螟,RLF,龙池街道头桥村 稻纵_1_26_诱虫量,2024-08-25,2024-09-01,185.0,RandomForest,95.15502274001824
稻纵卷叶螟,RLF,龙池街道头桥村 稻纵_1_26_诱虫量,2024-09-01,2024-09-08,128.0,RandomForest,64.5622449211621
稻纵卷叶螟,RLF,龙池街道头桥村 稻纵_1_26_诱虫量,2024-09-08,2024-09-15,84.0,RandomForest,141.63750232924957
稻纵卷叶螟,RLF,龙池街道头桥村 稻纵_1_26_诱虫量,2024-09-15,2024-09-22,88.0,RandomForest,130.33921177979082
稻纵卷叶螟,RLF,龙池街道头桥村 稻纵_1_26_诱虫量,2024-09-22,2024-09-29,48.0,RandomForest,108.26420878505695
稻纵卷叶螟,RLF,龙池街道头桥村 稻纵_1_26_诱虫量,2024-09-29,2024-10-06,21.0,RandomForest,14.208350666610643
稻纵卷叶螟,RLF,龙池街道头桥村 稻纵_1_26_诱虫量,2024-10-06,2024-10-13,111.0,RandomForest,7.68959273889916
稻纵卷叶螟,RLF,龙池街道头桥村 稻纵_1_26_诱虫量,2024-10-13,2024-10-20,14.0,RandomForest,31.068270707231434
稻纵卷叶螟,RLF,龙池街道头桥村 稻纵_1_26_诱虫量,2024-10-20,2024-10-27,9.0,RandomForest,7.6318490006958
稻纵卷叶螟,RLF,龙池街道头桥村 稻纵_1_44_诱虫量,2023-12-31,2024-01-07,0.0,RandomForest,0.03338047753833381
稻纵卷叶螟,RLF,龙池街道头桥村 稻纵_1_44_诱虫量,2024-01-07,2024-01-14,0.0,RandomForest,0.0
稻纵卷叶螟,RLF,龙池街道头桥村 稻纵_1_44_诱虫量,2024-01-14,2024-01-21,0.0,RandomForest,0.0
稻纵卷叶螟,RLF,龙池街道头桥村 稻纵_1_44_诱虫量,2024-01-21,2024-01-28,0.0,RandomForest,0.0
稻纵卷叶螟,RLF,龙池街道头桥村 稻纵_1_44_诱虫量,2024-01-28,2024-02-04,0.0,RandomForest,0.0
稻纵卷叶螟,RLF,龙池街道头桥村 稻纵_1_44_诱虫量,2024-02-04,2024-02-11,0.0,RandomForest,0.424615047167525
稻纵卷叶螟,RLF,龙池街道头桥村 稻纵_1_44_诱虫量,2024-02-11,2024-02-18,0.0,RandomForest,0.4664578052032157
稻纵卷叶螟,RLF,龙池街道头桥村 稻纵_1_44_诱虫量,2024-02-18,2024-02-25,0.0,RandomForest,0.004128294108423136
稻纵卷叶螟,RLF,龙池街道头桥村 稻纵_1_44_诱虫量,2024-02-25,2024-03-03,0.0,RandomForest,0.7783704974605878
稻纵卷叶螟,RLF,龙池街道头桥村 稻纵_1_44_诱虫量,2024-03-03,2024-03-10,0.0,RandomForest,0.038398947376013105
稻纵卷叶螟,RLF,龙池街道头桥村 稻纵_1_44_诱虫量,2024-03-10,2024-03-17,0.0,RandomForest,0.0020685490431686018
稻纵卷叶螟,RLF,龙池街道头桥村 稻纵_1_44_诱虫量,2024-03-17,2024-03-24,0.0,RandomForest,0.014098305092416108
稻纵卷叶螟,RLF,龙池街道头桥村 稻纵_1_44_诱虫量,2024-03-24,2024-03-31,0.0,RandomForest,3.299026147578921
稻纵卷叶螟,RLF,龙池街道头桥村 稻纵_1_44_诱虫量,2024-03-31,2024-04-07,0.0,RandomForest,0.8537614776536877
稻纵卷叶螟,RLF,龙池街道头桥村 稻纵_1_44_诱虫量,2024-04-07,2024-04-14,0.0,RandomForest,0.01205931613291722
稻纵卷叶螟,RLF,龙池街道头桥村 稻纵_1_44_诱虫量,2024-04-14,2024-04-21,0.0,RandomForest,0.008374445900264482
稻纵卷叶螟,RLF,龙池街道头桥村 稻纵_1_44_诱虫量,2024-04-21,2024-04-28,0.0,RandomForest,0.7528182630869587
稻纵卷叶螟,RLF,龙池街道头桥村 稻纵_1_44_诱虫量,2024-04-28,2024-05-05,0.0,RandomForest,0.0066207219082980275
稻纵卷叶螟,RLF,龙池街道头桥村 稻纵_1_44_诱虫量,2024-05-05,2024-05-12,0.0,RandomForest,0.3184546953975065
稻纵卷叶螟,RLF,龙池街道头桥村 稻纵_1_44_诱虫量,2024-05-12,2024-05-19,0.0,RandomForest,0.21706621598237383
稻纵卷叶螟,RLF,龙池街道头桥村 稻纵_1_44_诱虫量,2024-05-19,2024-05-26,0.0,RandomForest,0.017685451573501505
稻纵卷叶螟,RLF,龙池街道头桥村 稻纵_1_44_诱虫量,2024-10-27,2024-11-03,1.0,RandomForest,0.4103069197546621
稻纵卷叶螟,RLF,龙池街道头桥村 稻纵_1_44_诱虫量,2024-11-03,2024-11-10,3.0,RandomForest,0.26954461382869677
稻纵卷叶螟,RLF,龙池街道头桥村 稻纵_1_44_诱虫量,2024-11-10,2024-11-17,0.0,RandomForest,0.289234865865861
稻纵卷叶螟,RLF,龙池街道头桥村 稻纵_1_44_诱虫量,2024-11-17,2024-11-24,0.0,RandomForest,0.00877356914545343
稻纵卷叶螟,RLF,龙池街道头桥村 稻纵_1_44_诱虫量,2024-11-24,2024-12-01,0.0,RandomForest,0.012593683149429014
稻纵卷叶螟,RLF,龙池街道头桥村 稻纵_1_44_诱虫量,2024-12-01,2024-12-08,0.0,RandomForest,0.05949934421000786
稻纵卷叶螟,RLF,龙池街道头桥村 稻纵_1_44_诱虫量,2024-12-08,2024-12-15,0.0,RandomForest,0.0016337003214595195
稻纵卷叶螟,RLF,龙池街道头桥村 稻纵_1_44_诱虫量,2024-12-15,2024-12-22,0.0,RandomForest,0.0016337003214595195
稻纵卷叶螟,RLF,龙池街道头桥村 稻纵_1_44_诱虫量,2024-12-22,2024-12-29,0.0,RandomForest,0.0010315664697169342
稻纵卷叶螟,RLF,龙潭街道东化_1_24_诱虫量,2024-12-08,2024-12-15,0.0,RandomForest,0.0043844536868920606
稻纵卷叶螟,RLF,龙潭街道东化_1_24_诱虫量,2024-12-15,2024-12-22,0.0,RandomForest,0.0
稻纵卷叶螟,RLF,龙潭街道东化_1_24_诱虫量,2024-12-22,2024-12-29,0.0,RandomForest,0.0
稻纵卷叶螟,RLF,龙潭街道地心_1_19_诱虫量,2024-12-08,2024-12-15,0.0,RandomForest,0.0043844536868920606
稻纵卷叶螟,RLF,龙潭街道地心_1_19_诱虫量,2024-12-15,2024-12-22,0.0,RandomForest,0.0
稻纵卷叶螟,RLF,龙潭街道地心_1_19_诱虫量,2024-12-22,2024-12-29,0.0,RandomForest,0.0
稻纵卷叶螟,RLF,龙袍长江社区稻纵_1_11_诱虫量,2024-05-26,2024-06-02,1.0,RandomForest,0.30086506403355223
稻纵卷叶螟,RLF,龙袍长江社区稻纵_1_11_诱虫量,2024-06-02,2024-06-09,2.0,RandomForest,0.4171879249755608
稻纵卷叶螟,RLF,龙袍长江社区稻纵_1_11_诱虫量,2024-06-09,2024-06-16,0.0,RandomForest,1.278262269258398
稻纵卷叶螟,RLF,龙袍长江社区稻纵_1_11_诱虫量,2024-06-16,2024-06-23,0.0,RandomForest,1.013003349440265
稻纵卷叶螟,RLF,龙袍长江社区稻纵_1_11_诱虫量,2024-06-23,2024-06-30,0.0,RandomForest,1.1346574398862592
稻纵卷叶螟,RLF,龙袍长江社区稻纵_1_11_诱虫量,2024-06-30,2024-07-07,10.0,RandomForest,0.8655614612437645
稻纵卷叶螟,RLF,龙袍长江社区稻纵_1_11_诱虫量,2024-07-07,2024-07-14,3.0,RandomForest,28.18557323842316
稻纵卷叶螟,RLF,龙袍长江社区稻纵_1_11_诱虫量,2024-07-14,2024-07-21,0.0,RandomForest,5.525743174841018
稻纵卷叶螟,RLF,龙袍长江社区稻纵_1_11_诱虫量,2024-07-21,2024-07-28,14.0,RandomForest,3.545113179543078
稻纵卷叶螟,RLF,龙袍长江社区稻纵_1_11_诱虫量,2024-07-28,2024-08-04,81.0,RandomForest,16.981805858530727
稻纵卷叶螟,RLF,龙袍长江社区稻纵_1_11_诱虫量,2024-08-04,2024-08-11,157.0,RandomForest,47.71983197090223
稻纵卷叶螟,RLF,龙袍长江社区稻纵_1_11_诱虫量,2024-08-11,2024-08-18,0.0,RandomForest,47.41808078925672
稻纵卷叶螟,RLF,龙袍长江社区稻纵_1_11_诱虫量,2024-08-18,2024-08-25,0.0,RandomForest,3.150624870222048
稻纵卷叶螟,RLF,龙袍长江社区稻纵_1_11_诱虫量,2024-08-25,2024-09-01,0.0,RandomForest,1.9940520389786869
稻纵卷叶螟,RLF,龙袍长江社区稻纵_1_11_诱虫量,2024-09-01,2024-09-08,49.0,RandomForest,2.16067439919215
稻纵卷叶螟,RLF,龙袍长江社区稻纵_1_11_诱虫量,2024-09-08,2024-09-15,48.0,RandomForest,43.98643785887404
稻纵卷叶螟,RLF,龙袍长江社区稻纵_1_11_诱虫量,2024-09-15,2024-09-22,57.0,RandomForest,29.7585861208958
稻纵卷叶螟,RLF,龙袍长江社区稻纵_1_11_诱虫量,2024-09-22,2024-09-29,24.0,RandomForest,37.33828736400717
稻纵卷叶螟,RLF,龙袍长江社区稻纵_1_11_诱虫量,2024-09-29,2024-10-06,36.0,RandomForest,9.018622993749819
稻纵卷叶螟,RLF,龙袍长江社区稻纵_1_11_诱虫量,2024-10-06,2024-10-13,80.0,RandomForest,7.781075101921729
稻纵卷叶螟,RLF,龙袍长江社区稻纵_1_11_诱虫量,2024-10-13,2024-10-20,0.0,RandomForest,26.898497517063785
稻纵卷叶螟,RLF,龙袍长江社区稻纵_1_11_诱虫量,2024-10-20,2024-10-27,1.0,RandomForest,0.19403972860828161
稻纵卷叶螟,RLF,龙袍长江社区稻纵_1_18_诱虫量,2023-12-31,2024-01-07,0.0,RandomForest,0.03338047753833381
稻纵卷叶螟,RLF,龙袍长江社区稻纵_1_18_诱虫量,2024-01-07,2024-01-14,0.0,RandomForest,0.0
稻纵卷叶螟,RLF,龙袍长江社区稻纵_1_18_诱虫量,2024-01-14,2024-01-21,0.0,RandomForest,0.0
稻纵卷叶螟,RLF,龙袍长江社区稻纵_1_18_诱虫量,2024-01-21,2024-01-28,0.0,RandomForest,0.0
稻纵卷叶螟,RLF,龙袍长江社区稻纵_1_18_诱虫量,2024-01-28,2024-02-04,0.0,RandomForest,0.0
稻纵卷叶螟,RLF,龙袍长江社区稻纵_1_18_诱虫量,2024-02-04,2024-02-11,0.0,RandomForest,0.424615047167525
稻纵卷叶螟,RLF,龙袍长江社区稻纵_1_18_诱虫量,2024-02-11,2024-02-18,0.0,RandomForest,0.4664578052032157
稻纵卷叶螟,RLF,龙袍长江社区稻纵_1_18_诱虫量,2024-02-18,2024-02-25,0.0,RandomForest,0.004128294108423136
稻纵卷叶螟,RLF,龙袍长江社区稻纵_1_18_诱虫量,2024-02-25,2024-03-03,0.0,RandomForest,0.7783704974605878
稻纵卷叶螟,RLF,龙袍长江社区稻纵_1_18_诱虫量,2024-03-03,2024-03-10,2.0,RandomForest,0.038398947376013105
稻纵卷叶螟,RLF,龙袍长江社区稻纵_1_18_诱虫量,2024-03-10,2024-03-17,0.0,RandomForest,0.1800318828749829
稻纵卷叶螟,RLF,龙袍长江社区稻纵_1_18_诱虫量,2024-03-17,2024-03-24,0.0,RandomForest,0.09160243519940056
稻纵卷叶螟,RLF,龙袍长江社区稻纵_1_18_诱虫量,2024-03-24,2024-03-31,0.0,RandomForest,0.5751227135330335
稻纵卷叶螟,RLF,龙袍长江社区稻纵_1_18_诱虫量,2024-03-31,2024-04-07,0.0,RandomForest,0.580782183315893
稻纵卷叶螟,RLF,龙袍长江社区稻纵_1_18_诱虫量,2024-04-07,2024-04-14,0.0,RandomForest,0.00045785990614159483
稻纵卷叶螟,RLF,龙袍长江社区稻纵_1_18_诱虫量,2024-04-14,2024-04-21,0.0,RandomForest,0.0032094250535286933
稻纵卷叶螟,RLF,龙袍长江社区稻纵_1_18_诱虫量,2024-04-21,2024-04-28,0.0,RandomForest,0.2686521783177131
稻纵卷叶螟,RLF,龙袍长江社区稻纵_1_18_诱虫量,2024-04-28,2024-05-05,0.0,RandomForest,0.0066207219082980275
稻纵卷叶螟,RLF,龙袍长江社区稻纵_1_18_诱虫量,2024-05-05,2024-05-12,0.0,RandomForest,0.3184546953975065
稻纵卷叶螟,RLF,龙袍长江社区稻纵_1_18_诱虫量,2024-05-12,2024-05-19,3.0,RandomForest,0.21706621598237383
稻纵卷叶螟,RLF,龙袍长江社区稻纵_1_18_诱虫量,2024-05-19,2024-05-26,0.0,RandomForest,0.16201813148858754
稻纵卷叶螟,RLF,龙袍长江社区稻纵_1_18_诱虫量,2024-10-27,2024-11-03,0.0,RandomForest,0.06051232383203814
稻纵卷叶螟,RLF,龙袍长江社区稻纵_1_18_诱虫量,2024-11-03,2024-11-10,0.0,RandomForest,0.0842755411372702
稻纵卷叶螟,RLF,龙袍长江社区稻纵_1_18_诱虫量,2024-11-10,2024-11-17,0.0,RandomForest,0.07370128034666269
稻纵卷叶螟,RLF,龙袍长江社区稻纵_1_18_诱虫量,2024-11-17,2024-11-24,0.0,RandomForest,0.0008668094380470035
稻纵卷叶螟,RLF,龙袍长江社区稻纵_1_18_诱虫量,2024-11-24,2024-12-01,0.0,RandomForest,0.0
稻纵卷叶螟,RLF,龙袍长江社区稻纵_1_18_诱虫量,2024-12-01,2024-12-08,0.0,RandomForest,0.05670638676229459
稻纵卷叶螟,RLF,龙袍长江社区稻纵_1_18_诱虫量,2024-12-08,2024-12-15,0.0,RandomForest,0.0
稻纵卷叶螟,RLF,龙袍长江社区稻纵_1_18_诱虫量,2024-12-15,2024-12-22,0.0,RandomForest,0.0
稻纵卷叶螟,RLF,龙袍长江社区稻纵_1_18_诱虫量,2024-12-22,2024-12-29,0.0,RandomForest,0.0
二化螟,SSB,冶山街道 二化螟_1_7_诱虫量,2023-12-31,2024-01-07,0.0,GradientBoosting,0.0
二化螟,SSB,冶山街道 二化螟_1_7_诱虫量,2024-01-07,2024-01-14,0.0,GradientBoosting,0.03190722154744406
二化螟,SSB,冶山街道 二化螟_1_7_诱虫量,2024-01-14,2024-01-21,0.0,GradientBoosting,0.03190722154744406
二化螟,SSB,冶山街道 二化螟_1_7_诱虫量,2024-01-21,2024-01-28,0.0,GradientBoosting,0.03190722154744406
二化螟,SSB,冶山街道 二化螟_1_7_诱虫量,2024-01-28,2024-02-04,0.0,GradientBoosting,0.07393153320678551
二化螟,SSB,冶山街道 二化螟_1_7_诱虫量,2024-02-04,2024-02-11,0.0,GradientBoosting,0.25588615736252995
二化螟,SSB,冶山街道 二化螟_1_7_诱虫量,2024-02-11,2024-02-18,0.0,GradientBoosting,0.26726575100331107
二化螟,SSB,冶山街道 二化螟_1_7_诱虫量,2024-02-18,2024-02-25,0.0,GradientBoosting,0.29918614943600697
二化螟,SSB,冶山街道 二化螟_1_7_诱虫量,2024-02-25,2024-03-03,0.0,GradientBoosting,0.5664207724981172
二化螟,SSB,冶山街道 二化螟_1_7_诱虫量,2024-03-03,2024-03-10,2.0,GradientBoosting,0.5826247443754995
二化螟,SSB,冶山街道 二化螟_1_7_诱虫量,2024-03-10,2024-03-17,0.0,GradientBoosting,0.52878241262333
二化螟,SSB,冶山街道 二化螟_1_7_诱虫量,2024-03-17,2024-03-24,0.0,GradientBoosting,0.5209601846814018
二化螟,SSB,冶山街道 二化螟_1_7_诱虫量,2024-03-24,2024-03-31,0.0,GradientBoosting,1.8761432701943241
二化螟,SSB,冶山街道 二化螟_1_7_诱虫量,2024-03-31,2024-04-07,1.0,GradientBoosting,1.461764068439769
二化螟,SSB,冶山街道 二化螟_1_7_诱虫量,2024-04-07,2024-04-14,2.0,GradientBoosting,0.9706603641448266
二化螟,SSB,冶山街道 二化螟_1_7_诱虫量,2024-04-14,2024-04-21,3.0,GradientBoosting,3.224262335624423
二化螟,SSB,冶山街道 二化螟_1_7_诱虫量,2024-04-21,2024-04-28,4.0,GradientBoosting,12.117105495025914
二化螟,SSB,冶山街道 二化螟_1_7_诱虫量,2024-04-28,2024-05-05,28.0,GradientBoosting,11.73721144373082
二化螟,SSB,冶山街道 二化螟_1_7_诱虫量,2024-05-05,2024-05-12,103.0,GradientBoosting,12.814100369442269
二化螟,SSB,冶山街道 二化螟_1_7_诱虫量,2024-05-12,2024-05-19,340.0,GradientBoosting,265.01466784841165
二化螟,SSB,冶山街道 二化螟_1_7_诱虫量,2024-05-19,2024-05-26,89.0,GradientBoosting,106.38629608935463
二化螟,SSB,冶山街道 二化螟_1_7_诱虫量,2024-05-26,2024-06-02,55.0,GradientBoosting,109.31497567855646
二化螟,SSB,冶山街道 二化螟_1_7_诱虫量,2024-06-02,2024-06-09,17.0,GradientBoosting,44.67136398287412
二化螟,SSB,冶山街道 二化螟_1_7_诱虫量,2024-06-09,2024-06-16,6.0,GradientBoosting,13.396018341660563
二化螟,SSB,冶山街道 二化螟_1_7_诱虫量,2024-06-16,2024-06-23,6.0,GradientBoosting,6.198738368475504
二化螟,SSB,冶山街道 二化螟_1_7_诱虫量,2024-06-23,2024-06-30,3.0,GradientBoosting,9.02074464801348
二化螟,SSB,冶山街道 二化螟_1_7_诱虫量,2024-06-30,2024-07-07,0.0,GradientBoosting,3.4945023088622307
二化螟,SSB,冶山街道 二化螟_1_7_诱虫量,2024-07-07,2024-07-14,0.0,GradientBoosting,1.9719671799318128
二化螟,SSB,冶山街道 二化螟_1_7_诱虫量,2024-07-14,2024-07-21,0.0,GradientBoosting,0.0
二化螟,SSB,冶山街道 二化螟_1_7_诱虫量,2024-07-21,2024-07-28,0.0,GradientBoosting,0.18197008727966918
二化螟,SSB,冶山街道 二化螟_1_7_诱虫量,2024-07-28,2024-08-04,0.0,GradientBoosting,0.0
二化螟,SSB,冶山街道 二化螟_1_7_诱虫量,2024-08-04,2024-08-11,0.0,GradientBoosting,0.04132680260658196
二化螟,SSB,冶山街道 二化螟_1_7_诱虫量,2024-08-11,2024-08-18,0.0,GradientBoosting,0.27839035906933324
二化螟,SSB,冶山街道 二化螟_1_7_诱虫量,2024-08-18,2024-08-25,5.0,GradientBoosting,0.15332242201989976
二化螟,SSB,冶山街道 二化螟_1_7_诱虫量,2024-08-25,2024-09-01,1.0,GradientBoosting,1.6864767080963343
二化螟,SSB,冶山街道 二化螟_1_7_诱虫量,2024-09-01,2024-09-08,4.0,GradientBoosting,1.5564017279166023
二化螟,SSB,冶山街道 二化螟_1_7_诱虫量,2024-09-08,2024-09-15,9.0,GradientBoosting,2.7628804181023274
二化螟,SSB,冶山街道 二化螟_1_7_诱虫量,2024-09-15,2024-09-22,0.0,GradientBoosting,3.260513330699321
二化螟,SSB,冶山街道 二化螟_1_7_诱虫量,2024-09-22,2024-09-29,1.0,GradientBoosting,1.0092552160683028
二化螟,SSB,冶山街道 二化螟_1_7_诱虫量,2024-09-29,2024-10-06,0.0,GradientBoosting,0.16580254772817377
二化螟,SSB,冶山街道 二化螟_1_7_诱虫量,2024-10-06,2024-10-13,7.0,GradientBoosting,0.11598341494120855
二化螟,SSB,冶山街道 二化螟_1_7_诱虫量,2024-10-13,2024-10-20,0.0,GradientBoosting,1.0519550447539658
二化螟,SSB,冶山街道 二化螟_1_7_诱虫量,2024-10-20,2024-10-27,0.0,GradientBoosting,0.7925052739515961
二化螟,SSB,冶山街道 二化螟_1_7_诱虫量,2024-10-27,2024-11-03,1.0,GradientBoosting,0.0
二化螟,SSB,冶山街道 二化螟_1_7_诱虫量,2024-11-03,2024-11-10,0.0,GradientBoosting,0.3977511806764176
二化螟,SSB,冶山街道 二化螟_1_7_诱虫量,2024-11-10,2024-11-17,0.0,GradientBoosting,0.11413644928952901
二化螟,SSB,冶山街道 二化螟_1_7_诱虫量,2024-11-17,2024-11-24,0.0,GradientBoosting,0.36125565903234297
二化螟,SSB,冶山街道 二化螟_1_7_诱虫量,2024-11-24,2024-12-01,0.0,GradientBoosting,0.04243214007753692
二化螟,SSB,冶山街道 二化螟_1_7_诱虫量,2024-12-01,2024-12-08,0.0,GradientBoosting,0.0
二化螟,SSB,冶山街道 二化螟_1_7_诱虫量,2024-12-08,2024-12-15,0.0,GradientBoosting,0.0
二化螟,SSB,冶山街道 二化螟_1_7_诱虫量,2024-12-15,2024-12-22,0.0,GradientBoosting,0.0
二化螟,SSB,冶山街道 二化螟_1_7_诱虫量,2024-12-22,2024-12-29,0.0,GradientBoosting,0.0
二化螟,SSB,固城街道前陇村_1_6_诱虫量,2024-09-08,2024-09-15,86.0,GradientBoosting,8.038183059102025
二化螟,SSB,固城街道前陇村_1_6_诱虫量,2024-09-15,2024-09-22,15.0,GradientBoosting,18.694283075222085
二化螟,SSB,固城街道前陇村_1_6_诱虫量,2024-09-22,2024-09-29,40.0,GradientBoosting,3.4701410682673197
二化螟,SSB,固城街道前陇村_1_6_诱虫量,2024-09-29,2024-10-06,13.0,GradientBoosting,20.13272166181203
二化螟,SSB,固城街道前陇村_1_6_诱虫量,2024-10-06,2024-10-13,28.0,GradientBoosting,4.454274407045431
二化螟,SSB,固城街道前陇村_1_6_诱虫量,2024-10-13,2024-10-20,38.0,GradientBoosting,15.720602920211839
二化螟,SSB,固城街道前陇村_1_6_诱虫量,2024-10-20,2024-10-27,6.0,GradientBoosting,24.956742909306918
二化螟,SSB,固城街道前陇村_1_6_诱虫量,2024-10-27,2024-11-03,1.0,GradientBoosting,3.0102011766047534
二化螟,SSB,固城街道前陇村_1_6_诱虫量,2024-11-03,2024-11-10,0.0,GradientBoosting,1.0038869727482078
二化螟,SSB,固城街道前陇村_1_6_诱虫量,2024-11-10,2024-11-17,0.0,GradientBoosting,0.531774867734673
二化螟,SSB,固城街道前陇村_1_6_诱虫量,2024-11-17,2024-11-24,0.0,GradientBoosting,0.0
二化螟,SSB,固城街道前陇村_1_6_诱虫量,2024-11-24,2024-12-01,0.0,GradientBoosting,0.0
二化螟,SSB,固城街道前陇村_1_6_诱虫量,2024-12-01,2024-12-08,0.0,GradientBoosting,0.07862524054754061
二化螟,SSB,固城街道前陇村_1_6_诱虫量,2024-12-08,2024-12-15,0.0,GradientBoosting,0.11094926107026448
二化螟,SSB,固城街道前陇村_1_6_诱虫量,2024-12-15,2024-12-22,0.0,GradientBoosting,0.0
二化螟,SSB,固城街道前陇村_1_6_诱虫量,2024-12-22,2024-12-29,0.0,GradientBoosting,0.0
二化螟,SSB,新 江宁区 湖熟街道 二化螟_1_49_诱虫量,2023-12-31,2024-01-07,0.0,GradientBoosting,0.0
二化螟,SSB,新 江宁区 湖熟街道 二化螟_1_49_诱虫量,2024-01-07,2024-01-14,0.0,GradientBoosting,0.03190722154744406
二化螟,SSB,新 江宁区 湖熟街道 二化螟_1_49_诱虫量,2024-01-14,2024-01-21,0.0,GradientBoosting,0.03190722154744406
二化螟,SSB,新 江宁区 湖熟街道 二化螟_1_49_诱虫量,2024-01-21,2024-01-28,0.0,GradientBoosting,0.03190722154744406
二化螟,SSB,新 江宁区 湖熟街道 二化螟_1_49_诱虫量,2024-01-28,2024-02-04,0.0,GradientBoosting,0.07393153320678551
二化螟,SSB,新 江宁区 湖熟街道 二化螟_1_49_诱虫量,2024-02-04,2024-02-11,0.0,GradientBoosting,0.25588615736252995
二化螟,SSB,新 江宁区 湖熟街道 二化螟_1_49_诱虫量,2024-02-11,2024-02-18,0.0,GradientBoosting,0.26726575100331107
二化螟,SSB,新 江宁区 湖熟街道 二化螟_1_49_诱虫量,2024-02-18,2024-02-25,0.0,GradientBoosting,0.29918614943600697
二化螟,SSB,新 江宁区 湖熟街道 二化螟_1_49_诱虫量,2024-02-25,2024-03-03,0.0,GradientBoosting,0.5664207724981172
二化螟,SSB,新 江宁区 湖熟街道 二化螟_1_49_诱虫量,2024-03-03,2024-03-10,3.0,GradientBoosting,0.5826247443754995
二化螟,SSB,新 江宁区 湖熟街道 二化螟_1_49_诱虫量,2024-03-10,2024-03-17,0.0,GradientBoosting,0.4537193830998099
二化螟,SSB,新 江宁区 湖熟街道 二化螟_1_49_诱虫量,2024-03-17,2024-03-24,0.0,GradientBoosting,0.5280150490207958
二化螟,SSB,新 江宁区 湖熟街道 二化螟_1_49_诱虫量,2024-03-24,2024-03-31,0.0,GradientBoosting,2.1974987785754245
二化螟,SSB,新 江宁区 湖熟街道 二化螟_1_49_诱虫量,2024-03-31,2024-04-07,4.0,GradientBoosting,1.5186571752910054
二化螟,SSB,新 江宁区 湖熟街道 二化螟_1_49_诱虫量,2024-04-07,2024-04-14,7.0,GradientBoosting,2.7422182424928048
二化螟,SSB,新 江宁区 湖熟街道 二化螟_1_49_诱虫量,2024-04-14,2024-04-21,0.0,GradientBoosting,8.07752504163804
二化螟,SSB,新 江宁区 湖熟街道 二化螟_1_49_诱虫量,2024-04-21,2024-04-28,6.0,GradientBoosting,16.09927843109955
二化螟,SSB,新 江宁区 湖熟街道 二化螟_1_49_诱虫量,2024-04-28,2024-05-05,91.0,GradientBoosting,4.476371641028837
二化螟,SSB,新 江宁区 湖熟街道 二化螟_1_49_诱虫量,2024-05-05,2024-05-12,148.0,GradientBoosting,48.153044780022086
二化螟,SSB,新 江宁区 湖熟街道 二化螟_1_49_诱虫量,2024-05-12,2024-05-19,122.0,GradientBoosting,54.12530288836338
二化螟,SSB,新 江宁区 湖熟街道 二化螟_1_49_诱虫量,2024-05-19,2024-05-26,9.0,GradientBoosting,363.2691653750211
二化螟,SSB,新 江宁区 湖熟街道 二化螟_1_49_诱虫量,2024-05-26,2024-06-02,95.0,GradientBoosting,16.36433740759908
二化螟,SSB,新 江宁区 湖熟街道 二化螟_1_49_诱虫量,2024-06-02,2024-06-09,86.0,GradientBoosting,26.153896270445923
二化螟,SSB,新 江宁区 湖熟街道 二化螟_1_49_诱虫量,2024-06-09,2024-06-16,24.0,GradientBoosting,32.0112458047905
二化螟,SSB,新 江宁区 湖熟街道 二化螟_1_49_诱虫量,2024-06-16,2024-06-23,17.0,GradientBoosting,15.678526262709365
二化螟,SSB,新 江宁区 湖熟街道 二化螟_1_49_诱虫量,2024-06-23,2024-06-30,66.0,GradientBoosting,23.19000985444875
二化螟,SSB,新 江宁区 湖熟街道 二化螟_1_49_诱虫量,2024-06-30,2024-07-07,57.0,GradientBoosting,23.477029103027263
二化螟,SSB,新 江宁区 湖熟街道 二化螟_1_49_诱虫量,2024-07-07,2024-07-14,20.0,GradientBoosting,13.389648403169867
二化螟,SSB,新 江宁区 湖熟街道 二化螟_1_49_诱虫量,2024-07-14,2024-07-21,11.0,GradientBoosting,11.582414830287275
二化螟,SSB,新 江宁区 湖熟街道 二化螟_1_49_诱虫量,2024-07-21,2024-07-28,18.0,GradientBoosting,7.684848847112178
二化螟,SSB,新 江宁区 湖熟街道 二化螟_1_49_诱虫量,2024-07-28,2024-08-04,62.0,GradientBoosting,9.651785338319018
二化螟,SSB,新 江宁区 湖熟街道 二化螟_1_49_诱虫量,2024-08-04,2024-08-11,22.0,GradientBoosting,26.04824233603015
二化螟,SSB,新 江宁区 湖熟街道 二化螟_1_49_诱虫量,2024-08-11,2024-08-18,14.0,GradientBoosting,6.177536799905804
二化螟,SSB,新 江宁区 湖熟街道 二化螟_1_49_诱虫量,2024-08-18,2024-08-25,29.0,GradientBoosting,3.9562168314878807
二化螟,SSB,新 江宁区 湖熟街道 二化螟_1_49_诱虫量,2024-08-25,2024-09-01,24.0,GradientBoosting,10.981860624125863
二化螟,SSB,新 江宁区 湖熟街道 二化螟_1_49_诱虫量,2024-09-01,2024-09-08,115.0,GradientBoosting,15.463062883270151
二化螟,SSB,新 江宁区 湖熟街道 二化螟_1_49_诱虫量,2024-09-08,2024-09-15,138.0,GradientBoosting,72.58737321272919
二化螟,SSB,新 江宁区 湖熟街道 二化螟_1_49_诱虫量,2024-09-15,2024-09-22,184.0,GradientBoosting,51.43045623353743
二化螟,SSB,新 江宁区 湖熟街道 二化螟_1_49_诱虫量,2024-09-22,2024-09-29,131.0,GradientBoosting,110.53449051649149
二化螟,SSB,新 江宁区 湖熟街道 二化螟_1_49_诱虫量,2024-09-29,2024-10-06,79.0,GradientBoosting,182.96623732800444
二化螟,SSB,新 江宁区 湖熟街道 二化螟_1_49_诱虫量,2024-10-06,2024-10-13,101.0,GradientBoosting,48.23897996950535
二化螟,SSB,新 江宁区 湖熟街道 二化螟_1_49_诱虫量,2024-10-13,2024-10-20,5.0,GradientBoosting,22.9634665909539
二化螟,SSB,新 江宁区 湖熟街道 二化螟_1_49_诱虫量,2024-10-20,2024-10-27,0.0,GradientBoosting,2.7499581384267615
二化螟,SSB,新 江宁区 湖熟街道 二化螟_1_49_诱虫量,2024-10-27,2024-11-03,0.0,GradientBoosting,2.3170773028703913
二化螟,SSB,新 江宁区 湖熟街道 二化螟_1_49_诱虫量,2024-11-03,2024-11-10,0.0,GradientBoosting,1.0868258707954146
二化螟,SSB,新 江宁区 湖熟街道 二化螟_1_49_诱虫量,2024-11-10,2024-11-17,0.0,GradientBoosting,1.9011996989846547
二化螟,SSB,新 江宁区 湖熟街道 二化螟_1_49_诱虫量,2024-11-17,2024-11-24,0.0,GradientBoosting,0.3474478922665378
二化螟,SSB,新 江宁区 湖熟街道 二化螟_1_49_诱虫量,2024-11-24,2024-12-01,0.0,GradientBoosting,0.0
二化螟,SSB,新 江宁区 湖熟街道 二化螟_1_49_诱虫量,2024-12-01,2024-12-08,0.0,GradientBoosting,0.09579660467766449
二化螟,SSB,新 江宁区 湖熟街道 二化螟_1_49_诱虫量,2024-12-08,2024-12-15,0.0,GradientBoosting,0.0
二化螟,SSB,新 江宁区 湖熟街道 二化螟_1_49_诱虫量,2024-12-15,2024-12-22,0.0,GradientBoosting,0.0
二化螟,SSB,新 江宁区 湖熟街道 二化螟_1_49_诱虫量,2024-12-22,2024-12-29,0.0,GradientBoosting,0.0
二化螟,SSB,桠溪街道顾陇村_1_9_诱虫量,2024-09-08,2024-09-15,47.0,GradientBoosting,6.456922935018122
二化螟,SSB,桠溪街道顾陇村_1_9_诱虫量,2024-09-15,2024-09-22,17.0,GradientBoosting,15.55084625472617
二化螟,SSB,桠溪街道顾陇村_1_9_诱虫量,2024-09-22,2024-09-29,20.0,GradientBoosting,7.663046023026386
二化螟,SSB,桠溪街道顾陇村_1_9_诱虫量,2024-09-29,2024-10-06,40.0,GradientBoosting,13.29590537877612
二化螟,SSB,桠溪街道顾陇村_1_9_诱虫量,2024-10-06,2024-10-13,50.0,GradientBoosting,21.495833531945976
二化螟,SSB,桠溪街道顾陇村_1_9_诱虫量,2024-10-13,2024-10-20,1.0,GradientBoosting,27.94428073873786
二化螟,SSB,桠溪街道顾陇村_1_9_诱虫量,2024-10-20,2024-10-27,4.0,GradientBoosting,1.3132854713750564
二化螟,SSB,桠溪街道顾陇村_1_9_诱虫量,2024-10-27,2024-11-03,6.0,GradientBoosting,1.1601947879570615
二化螟,SSB,桠溪街道顾陇村_1_9_诱虫量,2024-11-03,2024-11-10,3.0,GradientBoosting,3.5935227647770516
二化螟,SSB,桠溪街道顾陇村_1_9_诱虫量,2024-11-10,2024-11-17,0.0,GradientBoosting,2.3151917359582073
二化螟,SSB,桠溪街道顾陇村_1_9_诱虫量,2024-11-17,2024-11-24,0.0,GradientBoosting,0.10597014117760833
二化螟,SSB,桠溪街道顾陇村_1_9_诱虫量,2024-11-24,2024-12-01,0.0,GradientBoosting,0.0
二化螟,SSB,桠溪街道顾陇村_1_9_诱虫量,2024-12-01,2024-12-08,0.0,GradientBoosting,0.0
二化螟,SSB,桠溪街道顾陇村_1_9_诱虫量,2024-12-08,2024-12-15,0.0,GradientBoosting,0.0
二化螟,SSB,桠溪街道顾陇村_1_9_诱虫量,2024-12-15,2024-12-22,0.0,GradientBoosting,0.0
二化螟,SSB,桠溪街道顾陇村_1_9_诱虫量,2024-12-22,2024-12-29,0.0,GradientBoosting,0.06327653393352556
二化螟,SSB,横梁街道艾津稻园二化螟_1_8_诱虫量,2023-12-31,2024-01-07,0.0,GradientBoosting,0.0
二化螟,SSB,横梁街道艾津稻园二化螟_1_8_诱虫量,2024-01-07,2024-01-14,0.0,GradientBoosting,0.03190722154744406
二化螟,SSB,横梁街道艾津稻园二化螟_1_8_诱虫量,2024-01-14,2024-01-21,0.0,GradientBoosting,0.03190722154744406
二化螟,SSB,横梁街道艾津稻园二化螟_1_8_诱虫量,2024-01-21,2024-01-28,0.0,GradientBoosting,0.03190722154744406
二化螟,SSB,横梁街道艾津稻园二化螟_1_8_诱虫量,2024-01-28,2024-02-04,0.0,GradientBoosting,0.07393153320678551
二化螟,SSB,横梁街道艾津稻园二化螟_1_8_诱虫量,2024-02-04,2024-02-11,0.0,GradientBoosting,0.25588615736252995
二化螟,SSB,横梁街道艾津稻园二化螟_1_8_诱虫量,2024-02-11,2024-02-18,0.0,GradientBoosting,0.26726575100331107
二化螟,SSB,横梁街道艾津稻园二化螟_1_8_诱虫量,2024-02-18,2024-02-25,0.0,GradientBoosting,0.29918614943600697
二化螟,SSB,横梁街道艾津稻园二化螟_1_8_诱虫量,2024-02-25,2024-03-03,0.0,GradientBoosting,0.5664207724981172
二化螟,SSB,横梁街道艾津稻园二化螟_1_8_诱虫量,2024-03-03,2024-03-10,2.0,GradientBoosting,0.5826247443754995
二化螟,SSB,横梁街道艾津稻园二化螟_1_8_诱虫量,2024-03-10,2024-03-17,0.0,GradientBoosting,0.52878241262333
二化螟,SSB,横梁街道艾津稻园二化螟_1_8_诱虫量,2024-03-17,2024-03-24,0.0,GradientBoosting,0.5209601846814018
二化螟,SSB,横梁街道艾津稻园二化螟_1_8_诱虫量,2024-03-24,2024-03-31,2.0,GradientBoosting,1.8761432701943241
二化螟,SSB,横梁街道艾津稻园二化螟_1_8_诱虫量,2024-03-31,2024-04-07,0.0,GradientBoosting,0.882800124817833
二化螟,SSB,横梁街道艾津稻园二化螟_1_8_诱虫量,2024-04-07,2024-04-14,2.0,GradientBoosting,1.0347082873671183
二化螟,SSB,横梁街道艾津稻园二化螟_1_8_诱虫量,2024-04-14,2024-04-21,2.0,GradientBoosting,4.6597988709411835
二化螟,SSB,横梁街道艾津稻园二化螟_1_8_诱虫量,2024-04-21,2024-04-28,2.0,GradientBoosting,10.13260776882072
二化螟,SSB,横梁街道艾津稻园二化螟_1_8_诱虫量,2024-04-28,2024-05-05,6.0,GradientBoosting,14.79161184599112
二化螟,SSB,横梁街道艾津稻园二化螟_1_8_诱虫量,2024-05-05,2024-05-12,30.0,GradientBoosting,8.287094452878788
二化螟,SSB,横梁街道艾津稻园二化螟_1_8_诱虫量,2024-05-12,2024-05-19,386.0,GradientBoosting,16.02122364297008
二化螟,SSB,横梁街道艾津稻园二化螟_1_8_诱虫量,2024-05-19,2024-05-26,140.0,GradientBoosting,204.99895118716142
二化螟,SSB,横梁街道艾津稻园二化螟_1_8_诱虫量,2024-05-26,2024-06-02,132.0,GradientBoosting,261.5786770206642
二化螟,SSB,横梁街道艾津稻园二化螟_1_8_诱虫量,2024-06-02,2024-06-09,89.0,GradientBoosting,125.19028476337348
二化螟,SSB,横梁街道艾津稻园二化螟_1_8_诱虫量,2024-06-09,2024-06-16,29.0,GradientBoosting,14.423449966580504
二化螟,SSB,横梁街道艾津稻园二化螟_1_8_诱虫量,2024-06-16,2024-06-23,1.0,GradientBoosting,9.086528348275543
二化螟,SSB,横梁街道艾津稻园二化螟_1_8_诱虫量,2024-06-23,2024-06-30,3.0,GradientBoosting,1.340497687429942
二化螟,SSB,横梁街道艾津稻园二化螟_1_8_诱虫量,2024-06-30,2024-07-07,2.0,GradientBoosting,1.0516501804991196
二化螟,SSB,横梁街道艾津稻园二化螟_1_8_诱虫量,2024-07-07,2024-07-14,3.0,GradientBoosting,6.58146728420231
二化螟,SSB,横梁街道艾津稻园二化螟_1_8_诱虫量,2024-07-14,2024-07-21,1.0,GradientBoosting,5.430537285784755
二化螟,SSB,横梁街道艾津稻园二化螟_1_8_诱虫量,2024-07-21,2024-07-28,14.0,GradientBoosting,0.205133292690557
二化螟,SSB,横梁街道艾津稻园二化螟_1_8_诱虫量,2024-07-28,2024-08-04,12.0,GradientBoosting,4.011277281539651
二化螟,SSB,横梁街道艾津稻园二化螟_1_8_诱虫量,2024-08-04,2024-08-11,6.0,GradientBoosting,2.6378207581226065
二化螟,SSB,横梁街道艾津稻园二化螟_1_8_诱虫量,2024-08-11,2024-08-18,4.0,GradientBoosting,2.756345563045157
二化螟,SSB,横梁街道艾津稻园二化螟_1_8_诱虫量,2024-08-18,2024-08-25,5.0,GradientBoosting,3.773512769498331
二化螟,SSB,横梁街道艾津稻园二化螟_1_8_诱虫量,2024-08-25,2024-09-01,7.0,GradientBoosting,4.6034617236667135
二化螟,SSB,横梁街道艾津稻园二化螟_1_8_诱虫量,2024-09-01,2024-09-08,13.0,GradientBoosting,6.425227169314084
二化螟,SSB,横梁街道艾津稻园二化螟_1_8_诱虫量,2024-09-08,2024-09-15,1.0,GradientBoosting,9.024338417047286
二化螟,SSB,横梁街道艾津稻园二化螟_1_8_诱虫量,2024-09-15,2024-09-22,7.0,GradientBoosting,1.5604158643608934
二化螟,SSB,横梁街道艾津稻园二化螟_1_8_诱虫量,2024-09-22,2024-09-29,1.0,GradientBoosting,2.523812679654383
二化螟,SSB,横梁街道艾津稻园二化螟_1_8_诱虫量,2024-09-29,2024-10-06,2.0,GradientBoosting,2.7929622344279843
二化螟,SSB,横梁街道艾津稻园二化螟_1_8_诱虫量,2024-10-06,2024-10-13,2.0,GradientBoosting,1.5694678873808767
二化螟,SSB,横梁街道艾津稻园二化螟_1_8_诱虫量,2024-10-13,2024-10-20,1.0,GradientBoosting,1.5267314940114067
二化螟,SSB,横梁街道艾津稻园二化螟_1_8_诱虫量,2024-10-20,2024-10-27,1.0,GradientBoosting,0.8354406351210684
二化螟,SSB,横梁街道艾津稻园二化螟_1_8_诱虫量,2024-10-27,2024-11-03,0.0,GradientBoosting,0.2983824308971775
二化螟,SSB,横梁街道艾津稻园二化螟_1_8_诱虫量,2024-11-03,2024-11-10,3.0,GradientBoosting,0.24298146517612262
二化螟,SSB,横梁街道艾津稻园二化螟_1_8_诱虫量,2024-11-10,2024-11-17,0.0,GradientBoosting,2.053277363943175
二化螟,SSB,横梁街道艾津稻园二化螟_1_8_诱虫量,2024-11-17,2024-11-24,0.0,GradientBoosting,0.0
二化螟,SSB,横梁街道艾津稻园二化螟_1_8_诱虫量,2024-11-24,2024-12-01,0.0,GradientBoosting,0.21719578172317444
二化螟,SSB,横梁街道艾津稻园二化螟_1_8_诱虫量,2024-12-01,2024-12-08,0.0,GradientBoosting,0.0
二化螟,SSB,横梁街道艾津稻园二化螟_1_8_诱虫量,2024-12-08,2024-12-15,0.0,GradientBoosting,0.14314392522053002
二化螟,SSB,横梁街道艾津稻园二化螟_1_8_诱虫量,2024-12-15,2024-12-22,0.0,GradientBoosting,0.06327653393352556
二化螟,SSB,横梁街道艾津稻园二化螟_1_8_诱虫量,2024-12-22,2024-12-29,0.0,GradientBoosting,0.06327653393352556
二化螟,SSB,江宁区 汤山街道 二化螟_1_10_诱虫量,2023-12-31,2024-01-07,0.0,GradientBoosting,0.0
二化螟,SSB,江宁区 汤山街道 二化螟_1_10_诱虫量,2024-01-07,2024-01-14,1.0,GradientBoosting,0.03190722154744406
二化螟,SSB,江宁区 汤山街道 二化螟_1_10_诱虫量,2024-01-14,2024-01-21,0.0,GradientBoosting,0.2215610551204275
二化螟,SSB,江宁区 汤山街道 二化螟_1_10_诱虫量,2024-01-21,2024-01-28,0.0,GradientBoosting,0.0
二化螟,SSB,江宁区 汤山街道 二化螟_1_10_诱虫量,2024-01-28,2024-02-04,0.0,GradientBoosting,0.5577052397099085
二化螟,SSB,江宁区 汤山街道 二化螟_1_10_诱虫量,2024-02-04,2024-02-11,0.0,GradientBoosting,0.10797654387672286
二化螟,SSB,江宁区 汤山街道 二化螟_1_10_诱虫量,2024-02-11,2024-02-18,0.0,GradientBoosting,0.271138531210917
二化螟,SSB,江宁区 汤山街道 二化螟_1_10_诱虫量,2024-02-18,2024-02-25,0.0,GradientBoosting,0.3031564787860647
二化螟,SSB,江宁区 汤山街道 二化螟_1_10_诱虫量,2024-02-25,2024-03-03,0.0,GradientBoosting,0.5712077742455492
二化螟,SSB,江宁区 汤山街道 二化螟_1_10_诱虫量,2024-03-03,2024-03-10,4.0,GradientBoosting,0.5826247443754995
二化螟,SSB,江宁区 汤山街道 二化螟_1_10_诱虫量,2024-03-10,2024-03-17,0.0,GradientBoosting,0.4810204602218487
二化螟,SSB,江宁区 汤山街道 二化螟_1_10_诱虫量,2024-03-17,2024-03-24,0.0,GradientBoosting,2.644088060161553
二化螟,SSB,江宁区 汤山街道 二化螟_1_10_诱虫量,2024-03-24,2024-03-31,1.0,GradientBoosting,1.8253215324765417
二化螟,SSB,江宁区 汤山街道 二化螟_1_10_诱虫量,2024-03-31,2024-04-07,3.0,GradientBoosting,2.361138456023116
二化螟,SSB,江宁区 汤山街道 二化螟_1_10_诱虫量,2024-04-07,2024-04-14,7.0,GradientBoosting,3.343419935578
二化螟,SSB,江宁区 汤山街道 二化螟_1_10_诱虫量,2024-04-14,2024-04-21,2.0,GradientBoosting,4.9503173224132855
二化螟,SSB,江宁区 汤山街道 二化螟_1_10_诱虫量,2024-04-21,2024-04-28,15.0,GradientBoosting,68.33110087610795
二化螟,SSB,江宁区 汤山街道 二化螟_1_10_诱虫量,2024-04-28,2024-05-05,4.0,GradientBoosting,5.574544766851465
二化螟,SSB,江宁区 汤山街道 二化螟_1_10_诱虫量,2024-05-05,2024-05-12,21.0,GradientBoosting,36.59079530633439
二化螟,SSB,江宁区 汤山街道 二化螟_1_10_诱虫量,2024-05-12,2024-05-19,32.0,GradientBoosting,15.189018502742684
二化螟,SSB,江宁区 汤山街道 二化螟_1_10_诱虫量,2024-05-19,2024-05-26,10.0,GradientBoosting,112.50150225630709
二化螟,SSB,江宁区 汤山街道 二化螟_1_10_诱虫量,2024-05-26,2024-06-02,10.0,GradientBoosting,5.635637658458338
二化螟,SSB,江宁区 汤山街道 二化螟_1_10_诱虫量,2024-06-02,2024-06-09,5.0,GradientBoosting,3.8638861270547205
二化螟,SSB,江宁区 汤山街道 二化螟_1_10_诱虫量,2024-06-09,2024-06-16,4.0,GradientBoosting,1.8273561031903482
二化螟,SSB,江宁区 汤山街道 二化螟_1_10_诱虫量,2024-06-16,2024-06-23,3.0,GradientBoosting,1.0497727614943053
二化螟,SSB,江宁区 汤山街道 二化螟_1_10_诱虫量,2024-06-23,2024-06-30,0.0,GradientBoosting,1.759479217057077
二化螟,SSB,江宁区 汤山街道 二化螟_1_10_诱虫量,2024-06-30,2024-07-07,2.0,GradientBoosting,0.3409036108311691
二化螟,SSB,江宁区 汤山街道 二化螟_1_10_诱虫量,2024-07-07,2024-07-14,1.0,GradientBoosting,2.0982967375152635
二化螟,SSB,江宁区 汤山街道 二化螟_1_10_诱虫量,2024-07-14,2024-07-21,1.0,GradientBoosting,0.041036071909335774
二化螟,SSB,江宁区 汤山街道 二化螟_1_10_诱虫量,2024-07-21,2024-07-28,0.0,GradientBoosting,0.7368443879057218
二化螟,SSB,江宁区 汤山街道 二化螟_1_10_诱虫量,2024-07-28,2024-08-04,0.0,GradientBoosting,0.2524915106713747
二化螟,SSB,江宁区 汤山街道 二化螟_1_10_诱虫量,2024-08-04,2024-08-11,0.0,GradientBoosting,0.7262089907926819
二化螟,SSB,江宁区 汤山街道 二化螟_1_10_诱虫量,2024-08-11,2024-08-18,0.0,GradientBoosting,0.3525720809104241
二化螟,SSB,江宁区 汤山街道 二化螟_1_10_诱虫量,2024-08-18,2024-08-25,4.0,GradientBoosting,0.4305556618749937
二化螟,SSB,江宁区 汤山街道 二化螟_1_10_诱虫量,2024-08-25,2024-09-01,5.0,GradientBoosting,1.5945156218362597
二化螟,SSB,江宁区 汤山街道 二化螟_1_10_诱虫量,2024-09-01,2024-09-08,11.0,GradientBoosting,3.2327456660162293
二化螟,SSB,江宁区 汤山街道 二化螟_1_10_诱虫量,2024-09-08,2024-09-15,5.0,GradientBoosting,2.79749859587024
二化螟,SSB,江宁区 汤山街道 二化螟_1_10_诱虫量,2024-09-15,2024-09-22,2.0,GradientBoosting,2.7888432735356115
二化螟,SSB,江宁区 汤山街道 二化螟_1_10_诱虫量,2024-09-22,2024-09-29,1.0,GradientBoosting,1.7902158138501498
二化螟,SSB,江宁区 汤山街道 二化螟_1_10_诱虫量,2024-09-29,2024-10-06,1.0,GradientBoosting,0.8906722372631473
二化螟,SSB,江宁区 汤山街道 二化螟_1_10_诱虫量,2024-10-06,2024-10-13,0.0,GradientBoosting,1.4447912027206296
二化螟,SSB,江宁区 汤山街道 二化螟_1_10_诱虫量,2024-10-13,2024-10-20,0.0,GradientBoosting,0.380027826430628
二化螟,SSB,江宁区 汤山街道 二化螟_1_10_诱虫量,2024-10-20,2024-10-27,0.0,GradientBoosting,0.2935923478626361
二化螟,SSB,江宁区 汤山街道 二化螟_1_10_诱虫量,2024-10-27,2024-11-03,0.0,GradientBoosting,0.11080258610377156
二化螟,SSB,江宁区 汤山街道 二化螟_1_10_诱虫量,2024-11-03,2024-11-10,0.0,GradientBoosting,0.24040177704084542
二化螟,SSB,江宁区 汤山街道 二化螟_1_10_诱虫量,2024-11-10,2024-11-17,0.0,GradientBoosting,0.13622748443458332
二化螟,SSB,江宁区 汤山街道 二化螟_1_10_诱虫量,2024-11-17,2024-11-24,0.0,GradientBoosting,0.021407317763205893
二化螟,SSB,江宁区 汤山街道 二化螟_1_10_诱虫量,2024-11-24,2024-12-01,0.0,GradientBoosting,0.066257281217389
二化螟,SSB,江宁区 汤山街道 二化螟_1_10_诱虫量,2024-12-01,2024-12-08,0.0,GradientBoosting,0.0
二化螟,SSB,江宁区 汤山街道 二化螟_1_10_诱虫量,2024-12-08,2024-12-15,0.0,GradientBoosting,0.0
二化螟,SSB,江宁区 汤山街道 二化螟_1_10_诱虫量,2024-12-15,2024-12-22,0.0,GradientBoosting,0.0
二化螟,SSB,江宁区 汤山街道 二化螟_1_10_诱虫量,2024-12-22,2024-12-29,0.0,GradientBoosting,0.0
二化螟,SSB,江宁区江宁街道二化螟_1_2_诱虫量,2023-12-31,2024-01-07,0.0,GradientBoosting,0.0
二化螟,SSB,江宁区江宁街道二化螟_1_2_诱虫量,2024-01-07,2024-01-14,0.0,GradientBoosting,0.03190722154744406
二化螟,SSB,江宁区江宁街道二化螟_1_2_诱虫量,2024-01-14,2024-01-21,0.0,GradientBoosting,0.03190722154744406
二化螟,SSB,江宁区江宁街道二化螟_1_2_诱虫量,2024-01-21,2024-01-28,0.0,GradientBoosting,0.03190722154744406
二化螟,SSB,江宁区江宁街道二化螟_1_2_诱虫量,2024-01-28,2024-02-04,0.0,GradientBoosting,0.07393153320678551
二化螟,SSB,江宁区江宁街道二化螟_1_2_诱虫量,2024-02-04,2024-02-11,0.0,GradientBoosting,0.25588615736252995
二化螟,SSB,江宁区江宁街道二化螟_1_2_诱虫量,2024-02-11,2024-02-18,0.0,GradientBoosting,0.26726575100331107
二化螟,SSB,江宁区江宁街道二化螟_1_2_诱虫量,2024-02-18,2024-02-25,0.0,GradientBoosting,0.29918614943600697
二化螟,SSB,江宁区江宁街道二化螟_1_2_诱虫量,2024-02-25,2024-03-03,0.0,GradientBoosting,0.5664207724981172
二化螟,SSB,江宁区江宁街道二化螟_1_2_诱虫量,2024-03-03,2024-03-10,1.0,GradientBoosting,0.5826247443754995
二化螟,SSB,江宁区江宁街道二化螟_1_2_诱虫量,2024-03-10,2024-03-17,0.0,GradientBoosting,1.2826836812279283
二化螟,SSB,江宁区江宁街道二化螟_1_2_诱虫量,2024-03-17,2024-03-24,0.0,GradientBoosting,1.0708299563410995
二化螟,SSB,江宁区江宁街道二化螟_1_2_诱虫量,2024-03-24,2024-03-31,3.0,GradientBoosting,3.499966135763878
二化螟,SSB,江宁区江宁街道二化螟_1_2_诱虫量,2024-03-31,2024-04-07,2.0,GradientBoosting,1.139382761707009
二化螟,SSB,江宁区江宁街道二化螟_1_2_诱虫量,2024-04-07,2024-04-14,4.0,GradientBoosting,2.5409210098116133
二化螟,SSB,江宁区江宁街道二化螟_1_2_诱虫量,2024-04-14,2024-04-21,3.0,GradientBoosting,7.781910878239856
二化螟,SSB,江宁区江宁街道二化螟_1_2_诱虫量,2024-04-21,2024-04-28,6.0,GradientBoosting,32.22243945829743
二化螟,SSB,江宁区江宁街道二化螟_1_2_诱虫量,2024-04-28,2024-05-05,31.0,GradientBoosting,4.892368857896014
二化螟,SSB,江宁区江宁街道二化螟_1_2_诱虫量,2024-05-05,2024-05-12,73.0,GradientBoosting,31.98559028985735
二化螟,SSB,江宁区江宁街道二化螟_1_2_诱虫量,2024-05-12,2024-05-19,254.0,GradientBoosting,114.97522854461451
二化螟,SSB,江宁区江宁街道二化螟_1_2_诱虫量,2024-05-19,2024-05-26,98.0,GradientBoosting,87.35121137515505
二化螟,SSB,江宁区江宁街道二化螟_1_2_诱虫量,2024-05-26,2024-06-02,87.0,GradientBoosting,96.1990998570867
二化螟,SSB,江宁区江宁街道二化螟_1_2_诱虫量,2024-06-02,2024-06-09,36.0,GradientBoosting,37.51045521476573
二化螟,SSB,江宁区江宁街道二化螟_1_2_诱虫量,2024-06-09,2024-06-16,14.0,GradientBoosting,20.114811880019037
二化螟,SSB,江宁区江宁街道二化螟_1_2_诱虫量,2024-06-16,2024-06-23,4.0,GradientBoosting,8.291592966552196
二化螟,SSB,江宁区江宁街道二化螟_1_2_诱虫量,2024-06-23,2024-06-30,1.0,GradientBoosting,6.32927139645048
二化螟,SSB,江宁区江宁街道二化螟_1_2_诱虫量,2024-06-30,2024-07-07,0.0,GradientBoosting,3.5006572062823613
二化螟,SSB,江宁区江宁街道二化螟_1_2_诱虫量,2024-07-07,2024-07-14,1.0,GradientBoosting,1.6420552335623477
二化螟,SSB,江宁区江宁街道二化螟_1_2_诱虫量,2024-07-14,2024-07-21,1.0,GradientBoosting,0.5260400485942267
二化螟,SSB,江宁区江宁街道二化螟_1_2_诱虫量,2024-07-21,2024-07-28,6.0,GradientBoosting,0.022336325737739658
二化螟,SSB,江宁区江宁街道二化螟_1_2_诱虫量,2024-07-28,2024-08-04,6.0,GradientBoosting,2.7019290125788737
二化螟,SSB,江宁区江宁街道二化螟_1_2_诱虫量,2024-08-04,2024-08-11,3.0,GradientBoosting,2.2569939989440386
二化螟,SSB,江宁区江宁街道二化螟_1_2_诱虫量,2024-08-11,2024-08-18,9.0,GradientBoosting,3.884722706807324
二化螟,SSB,江宁区江宁街道二化螟_1_2_诱虫量,2024-08-18,2024-08-25,5.0,GradientBoosting,1.6125366191568147
二化螟,SSB,江宁区江宁街道二化螟_1_2_诱虫量,2024-08-25,2024-09-01,42.0,GradientBoosting,4.043926612765509
二化螟,SSB,江宁区江宁街道二化螟_1_2_诱虫量,2024-09-01,2024-09-08,88.0,GradientBoosting,9.681266047969922
二化螟,SSB,江宁区江宁街道二化螟_1_2_诱虫量,2024-09-08,2024-09-15,42.0,GradientBoosting,16.860116265253595
二化螟,SSB,江宁区江宁街道二化螟_1_2_诱虫量,2024-09-15,2024-09-22,35.0,GradientBoosting,12.645668585173276
二化螟,SSB,江宁区江宁街道二化螟_1_2_诱虫量,2024-09-22,2024-09-29,13.0,GradientBoosting,11.26622556971891
二化螟,SSB,江宁区江宁街道二化螟_1_2_诱虫量,2024-09-29,2024-10-06,4.0,GradientBoosting,2.78987125183874
二化螟,SSB,江宁区江宁街道二化螟_1_2_诱虫量,2024-10-06,2024-10-13,11.0,GradientBoosting,2.2898679731621536
二化螟,SSB,江宁区江宁街道二化螟_1_2_诱虫量,2024-10-13,2024-10-20,0.0,GradientBoosting,4.188002092420726
二化螟,SSB,江宁区江宁街道二化螟_1_2_诱虫量,2024-10-20,2024-10-27,1.0,GradientBoosting,0.9415693774360827
二化螟,SSB,江宁区江宁街道二化螟_1_2_诱虫量,2024-10-27,2024-11-03,0.0,GradientBoosting,0.0
二化螟,SSB,江宁区江宁街道二化螟_1_2_诱虫量,2024-11-03,2024-11-10,0.0,GradientBoosting,0.0
二化螟,SSB,江宁区江宁街道二化螟_1_2_诱虫量,2024-11-10,2024-11-17,0.0,GradientBoosting,0.42918913409518905
二化螟,SSB,江宁区江宁街道二化螟_1_2_诱虫量,2024-11-17,2024-11-24,0.0,GradientBoosting,0.007708801139513536
二化螟,SSB,江宁区江宁街道二化螟_1_2_诱虫量,2024-11-24,2024-12-01,0.0,GradientBoosting,0.008827252320615719
二化螟,SSB,江宁区江宁街道二化螟_1_2_诱虫量,2024-12-01,2024-12-08,0.0,GradientBoosting,0.0
二化螟,SSB,江宁区江宁街道二化螟_1_2_诱虫量,2024-12-08,2024-12-15,0.0,GradientBoosting,0.0
二化螟,SSB,江宁区江宁街道二化螟_1_2_诱虫量,2024-12-15,2024-12-22,0.0,GradientBoosting,0.0
二化螟,SSB,江宁区江宁街道二化螟_1_2_诱虫量,2024-12-22,2024-12-29,0.0,GradientBoosting,0.0
二化螟,SSB,江宁区禄口街道二化螟_1_50_诱虫量,2023-12-31,2024-01-07,0.0,GradientBoosting,0.0
二化螟,SSB,江宁区禄口街道二化螟_1_50_诱虫量,2024-01-07,2024-01-14,0.0,GradientBoosting,0.0
二化螟,SSB,江宁区禄口街道二化螟_1_50_诱虫量,2024-01-14,2024-01-21,1.0,GradientBoosting,0.0
二化螟,SSB,江宁区禄口街道二化螟_1_50_诱虫量,2024-01-21,2024-01-28,0.0,GradientBoosting,0.2215610551204275
二化螟,SSB,江宁区禄口街道二化螟_1_50_诱虫量,2024-01-28,2024-02-04,1.0,GradientBoosting,0.0
二化螟,SSB,江宁区禄口街道二化螟_1_50_诱虫量,2024-02-04,2024-02-11,2.0,GradientBoosting,1.417934657058753
二化螟,SSB,江宁区禄口街道二化螟_1_50_诱虫量,2024-02-11,2024-02-18,1.0,GradientBoosting,0.11093548955880311
二化螟,SSB,江宁区禄口街道二化螟_1_50_诱虫量,2024-02-18,2024-02-25,2.0,GradientBoosting,1.2304869380119086
二化螟,SSB,江宁区禄口街道二化螟_1_50_诱虫量,2024-02-25,2024-03-03,2.0,GradientBoosting,2.0879577311503312
二化螟,SSB,江宁区禄口街道二化螟_1_50_诱虫量,2024-03-03,2024-03-10,3.0,GradientBoosting,2.207325552309638
二化螟,SSB,江宁区禄口街道二化螟_1_50_诱虫量,2024-03-10,2024-03-17,0.0,GradientBoosting,2.7795244680495976
二化螟,SSB,江宁区禄口街道二化螟_1_50_诱虫量,2024-03-17,2024-03-24,0.0,GradientBoosting,2.0999113901906536
二化螟,SSB,江宁区禄口街道二化螟_1_50_诱虫量,2024-03-24,2024-03-31,0.0,GradientBoosting,2.236036815229976
二化螟,SSB,江宁区禄口街道二化螟_1_50_诱虫量,2024-03-31,2024-04-07,0.0,GradientBoosting,1.2589918599830003
二化螟,SSB,江宁区禄口街道二化螟_1_50_诱虫量,2024-04-07,2024-04-14,0.0,GradientBoosting,0.9758830901485052
二化螟,SSB,江宁区禄口街道二化螟_1_50_诱虫量,2024-06-16,2024-06-23,1.0,GradientBoosting,0.6288655731030779
二化螟,SSB,江宁区禄口街道二化螟_1_50_诱虫量,2024-06-23,2024-06-30,0.0,GradientBoosting,1.0332760612748837
二化螟,SSB,江宁区禄口街道二化螟_1_50_诱虫量,2024-06-30,2024-07-07,0.0,GradientBoosting,0.5268195802424149
二化螟,SSB,江宁区禄口街道二化螟_1_50_诱虫量,2024-07-07,2024-07-14,0.0,GradientBoosting,1.360242245081873
二化螟,SSB,江宁区禄口街道二化螟_1_50_诱虫量,2024-07-14,2024-07-21,0.0,GradientBoosting,0.0
二化螟,SSB,江宁区禄口街道二化螟_1_50_诱虫量,2024-07-21,2024-07-28,1.0,GradientBoosting,0.0
二化螟,SSB,江宁区禄口街道二化螟_1_50_诱虫量,2024-07-28,2024-08-04,2.0,GradientBoosting,0.1516545358094786
二化螟,SSB,江宁区禄口街道二化螟_1_50_诱虫量,2024-08-04,2024-08-11,0.0,GradientBoosting,1.7941258453680562
二化螟,SSB,江宁区禄口街道二化螟_1_50_诱虫量,2024-08-11,2024-08-18,3.0,GradientBoosting,1.0101007733095875
二化螟,SSB,江宁区禄口街道二化螟_1_50_诱虫量,2024-08-18,2024-08-25,0.0,GradientBoosting,1.6621446541739173
二化螟,SSB,江宁区禄口街道二化螟_1_50_诱虫量,2024-08-25,2024-09-01,2.0,GradientBoosting,0.21694122795982376
二化螟,SSB,江宁区禄口街道二化螟_1_50_诱虫量,2024-09-01,2024-09-08,7.0,GradientBoosting,1.6705235376056695
二化螟,SSB,江宁区禄口街道二化螟_1_50_诱虫量,2024-09-08,2024-09-15,6.0,GradientBoosting,2.286766506496323
二化螟,SSB,江宁区禄口街道二化螟_1_50_诱虫量,2024-09-15,2024-09-22,9.0,GradientBoosting,2.991043787568568
二化螟,SSB,江宁区禄口街道二化螟_1_50_诱虫量,2024-09-22,2024-09-29,1.0,GradientBoosting,2.7552467586710385
二化螟,SSB,江宁区禄口街道二化螟_1_50_诱虫量,2024-09-29,2024-10-06,0.0,GradientBoosting,2.010654628357223
二化螟,SSB,江宁区禄口街道二化螟_1_50_诱虫量,2024-10-06,2024-10-13,1.0,GradientBoosting,0.2940498460885445
二化螟,SSB,江宁区禄口街道二化螟_1_50_诱虫量,2024-10-13,2024-10-20,0.0,GradientBoosting,0.5082085081290839
二化螟,SSB,江宁区禄口街道二化螟_1_50_诱虫量,2024-10-20,2024-10-27,0.0,GradientBoosting,0.09270547277579397
二化螟,SSB,江宁区禄口街道二化螟_1_50_诱虫量,2024-10-27,2024-11-03,0.0,GradientBoosting,0.18189741365281625
二化螟,SSB,江宁区禄口街道二化螟_1_50_诱虫量,2024-11-03,2024-11-10,0.0,GradientBoosting,0.17894837767115668
二化螟,SSB,江宁区禄口街道二化螟_1_50_诱虫量,2024-11-10,2024-11-17,0.0,GradientBoosting,0.13622748443458332
二化螟,SSB,江宁区禄口街道二化螟_1_50_诱虫量,2024-11-17,2024-11-24,0.0,GradientBoosting,0.021407317763205893
二化螟,SSB,江宁区禄口街道二化螟_1_50_诱虫量,2024-11-24,2024-12-01,0.0,GradientBoosting,0.05955932905654379
二化螟,SSB,江宁区禄口街道二化螟_1_50_诱虫量,2024-12-01,2024-12-08,0.0,GradientBoosting,0.0
二化螟,SSB,江宁区禄口街道二化螟_1_50_诱虫量,2024-12-08,2024-12-15,0.0,GradientBoosting,0.0
二化螟,SSB,江宁区禄口街道二化螟_1_50_诱虫量,2024-12-15,2024-12-22,0.0,GradientBoosting,0.0
二化螟,SSB,江宁区禄口街道二化螟_1_50_诱虫量,2024-12-22,2024-12-29,0.0,GradientBoosting,0.0
二化螟,SSB,淳化街道二化螟_1_4_诱虫量,2023-12-31,2024-01-07,2.0,GradientBoosting,0.0
二化螟,SSB,淳化街道二化螟_1_4_诱虫量,2024-01-07,2024-01-14,0.0,GradientBoosting,0.05416324419811739
二化螟,SSB,淳化街道二化螟_1_4_诱虫量,2024-01-14,2024-01-21,19.0,GradientBoosting,0.0
二化螟,SSB,淳化街道二化螟_1_4_诱虫量,2024-01-21,2024-01-28,5.0,GradientBoosting,4.799782578594812
二化螟,SSB,淳化街道二化螟_1_4_诱虫量,2024-01-28,2024-02-04,0.0,GradientBoosting,16.667337822257622
二化螟,SSB,淳化街道二化螟_1_4_诱虫量,2024-02-04,2024-02-11,0.0,GradientBoosting,0.8965165257614776
二化螟,SSB,淳化街道二化螟_1_4_诱虫量,2024-02-11,2024-02-18,0.0,GradientBoosting,1.5413487457392083
二化螟,SSB,淳化街道二化螟_1_4_诱虫量,2024-02-18,2024-02-25,0.0,GradientBoosting,1.0702413777563993
二化螟,SSB,淳化街道二化螟_1_4_诱虫量,2024-02-25,2024-03-03,0.0,GradientBoosting,0.1436270967728697
二化螟,SSB,淳化街道二化螟_1_4_诱虫量,2024-03-03,2024-03-10,74.0,GradientBoosting,0.15545744379052728
二化螟,SSB,淳化街道二化螟_1_4_诱虫量,2024-03-10,2024-03-17,49.0,GradientBoosting,8.833685173333663
二化螟,SSB,淳化街道二化螟_1_4_诱虫量,2024-03-17,2024-03-24,35.0,GradientBoosting,40.94571102096042
二化螟,SSB,淳化街道二化螟_1_4_诱虫量,2024-03-24,2024-03-31,82.0,GradientBoosting,23.54735785687893
二化螟,SSB,淳化街道二化螟_1_4_诱虫量,2024-03-31,2024-04-07,57.0,GradientBoosting,93.46427472391986
二化螟,SSB,淳化街道二化螟_1_4_诱虫量,2024-04-07,2024-04-14,27.0,GradientBoosting,101.74763928652901
二化螟,SSB,淳化街道二化螟_1_4_诱虫量,2024-04-14,2024-04-21,65.0,GradientBoosting,95.56943552189709
二化螟,SSB,淳化街道二化螟_1_4_诱虫量,2024-04-21,2024-04-28,69.0,GradientBoosting,74.87307483302051
二化螟,SSB,淳化街道二化螟_1_4_诱虫量,2024-04-28,2024-05-05,46.0,GradientBoosting,79.5009731139374
二化螟,SSB,淳化街道二化螟_1_4_诱虫量,2024-05-05,2024-05-12,101.0,GradientBoosting,63.725640157531345
二化螟,SSB,淳化街道二化螟_1_4_诱虫量,2024-05-12,2024-05-19,354.0,GradientBoosting,80.34976387157148
二化螟,SSB,淳化街道二化螟_1_4_诱虫量,2024-05-19,2024-05-26,43.0,GradientBoosting,148.86054338521438
二化螟,SSB,淳化街道二化螟_1_4_诱虫量,2024-05-26,2024-06-02,5.0,GradientBoosting,116.07753380694355
二化螟,SSB,淳化街道二化螟_1_4_诱虫量,2024-06-02,2024-06-09,57.0,GradientBoosting,6.226936903698761
二化螟,SSB,淳化街道二化螟_1_4_诱虫量,2024-06-09,2024-06-16,42.0,GradientBoosting,31.68202515183109
二化螟,SSB,淳化街道二化螟_1_4_诱虫量,2024-06-16,2024-06-23,69.0,GradientBoosting,23.76734597533042
二化螟,SSB,淳化街道二化螟_1_4_诱虫量,2024-06-23,2024-06-30,11.0,GradientBoosting,34.94313044711792
二化螟,SSB,淳化街道二化螟_1_4_诱虫量,2024-06-30,2024-07-07,0.0,GradientBoosting,9.375887858274943
二化螟,SSB,淳化街道二化螟_1_4_诱虫量,2024-07-07,2024-07-14,4.0,GradientBoosting,1.466427226660476
二化螟,SSB,淳化街道二化螟_1_4_诱虫量,2024-07-14,2024-07-21,16.0,GradientBoosting,1.2438394765485588
二化螟,SSB,淳化街道二化螟_1_4_诱虫量,2024-07-21,2024-07-28,55.0,GradientBoosting,16.764506375477215
二化螟,SSB,淳化街道二化螟_1_4_诱虫量,2024-07-28,2024-08-04,49.0,GradientBoosting,12.640509875446128
二化螟,SSB,淳化街道二化螟_1_4_诱虫量,2024-08-04,2024-08-11,1.0,GradientBoosting,15.766549500068233
二化螟,SSB,淳化街道二化螟_1_4_诱虫量,2024-08-11,2024-08-18,2.0,GradientBoosting,1.3386010872457361
二化螟,SSB,淳化街道二化螟_1_4_诱虫量,2024-08-18,2024-08-25,6.0,GradientBoosting,2.357594526447575
二化螟,SSB,淳化街道二化螟_1_4_诱虫量,2024-08-25,2024-09-01,10.0,GradientBoosting,5.733356870417361
二化螟,SSB,淳化街道二化螟_1_4_诱虫量,2024-09-01,2024-09-08,28.0,GradientBoosting,4.124650314811825
二化螟,SSB,淳化街道二化螟_1_4_诱虫量,2024-09-08,2024-09-15,33.0,GradientBoosting,14.707889715985607
二化螟,SSB,淳化街道二化螟_1_4_诱虫量,2024-09-15,2024-09-22,40.0,GradientBoosting,20.597926577282454
二化螟,SSB,淳化街道二化螟_1_4_诱虫量,2024-09-22,2024-09-29,10.0,GradientBoosting,11.150021086819851
二化螟,SSB,淳化街道二化螟_1_4_诱虫量,2024-09-29,2024-10-06,7.0,GradientBoosting,1.569739579128055
二化螟,SSB,淳化街道二化螟_1_4_诱虫量,2024-10-06,2024-10-13,14.0,GradientBoosting,1.594252614748871
二化螟,SSB,淳化街道二化螟_1_4_诱虫量,2024-10-13,2024-10-20,0.0,GradientBoosting,3.1101392973650244
二化螟,SSB,淳化街道二化螟_1_4_诱虫量,2024-10-20,2024-10-27,0.0,GradientBoosting,0.3851049066882141
二化螟,SSB,淳化街道二化螟_1_4_诱虫量,2024-10-27,2024-11-03,0.0,GradientBoosting,0.0
二化螟,SSB,淳化街道二化螟_1_4_诱虫量,2024-11-03,2024-11-10,1.0,GradientBoosting,0.0
二化螟,SSB,淳化街道二化螟_1_4_诱虫量,2024-11-10,2024-11-17,0.0,GradientBoosting,0.6009658568070062
二化螟,SSB,淳化街道二化螟_1_4_诱虫量,2024-11-17,2024-11-24,0.0,GradientBoosting,0.07699775829049894
二化螟,SSB,淳化街道二化螟_1_4_诱虫量,2024-11-24,2024-12-01,0.0,GradientBoosting,0.3889793008167379
二化螟,SSB,淳化街道二化螟_1_4_诱虫量,2024-12-01,2024-12-08,0.0,GradientBoosting,0.0
二化螟,SSB,淳化街道二化螟_1_4_诱虫量,2024-12-08,2024-12-15,0.0,GradientBoosting,0.0
二化螟,SSB,淳化街道二化螟_1_4_诱虫量,2024-12-15,2024-12-22,0.0,GradientBoosting,0.0
二化螟,SSB,淳化街道二化螟_1_4_诱虫量,2024-12-22,2024-12-29,0.0,GradientBoosting,0.0
二化螟,SSB,溧水区 叁拾叁_1_21_诱虫量,2023-12-31,2024-01-07,0.0,GradientBoosting,0.0
二化螟,SSB,溧水区 叁拾叁_1_21_诱虫量,2024-01-07,2024-01-14,0.0,GradientBoosting,0.03190722154744406
二化螟,SSB,溧水区 叁拾叁_1_21_诱虫量,2024-01-14,2024-01-21,0.0,GradientBoosting,0.03190722154744406
二化螟,SSB,溧水区 叁拾叁_1_21_诱虫量,2024-01-21,2024-01-28,0.0,GradientBoosting,0.03190722154744406
二化螟,SSB,溧水区 叁拾叁_1_21_诱虫量,2024-01-28,2024-02-04,0.0,GradientBoosting,0.07393153320678551
二化螟,SSB,溧水区 叁拾叁_1_21_诱虫量,2024-02-04,2024-02-11,0.0,GradientBoosting,0.25588615736252995
二化螟,SSB,溧水区 叁拾叁_1_21_诱虫量,2024-02-11,2024-02-18,0.0,GradientBoosting,0.26726575100331107
二化螟,SSB,溧水区 叁拾叁_1_21_诱虫量,2024-02-18,2024-02-25,0.0,GradientBoosting,0.29918614943600697
二化螟,SSB,溧水区 叁拾叁_1_21_诱虫量,2024-02-25,2024-03-03,0.0,GradientBoosting,0.5664207724981172
二化螟,SSB,溧水区 叁拾叁_1_21_诱虫量,2024-03-03,2024-03-10,4.0,GradientBoosting,0.5826247443754995
二化螟,SSB,溧水区 叁拾叁_1_21_诱虫量,2024-03-10,2024-03-17,0.0,GradientBoosting,0.4810204602218487
二化螟,SSB,溧水区 叁拾叁_1_21_诱虫量,2024-03-17,2024-03-24,0.0,GradientBoosting,2.644088060161553
二化螟,SSB,溧水区 叁拾叁_1_21_诱虫量,2024-03-24,2024-03-31,0.0,GradientBoosting,1.8253215324765417
二化螟,SSB,溧水区 叁拾叁_1_21_诱虫量,2024-03-31,2024-04-07,0.0,GradientBoosting,2.4833990821052474
二化螟,SSB,溧水区 叁拾叁_1_21_诱虫量,2024-04-07,2024-04-14,0.0,GradientBoosting,1.074399128166002
二化螟,SSB,溧水区 叁拾叁_1_21_诱虫量,2024-04-14,2024-04-21,1.0,GradientBoosting,0.8974510102346633
二化螟,SSB,溧水区 叁拾叁_1_21_诱虫量,2024-04-21,2024-04-28,1.0,GradientBoosting,2.258234747105092
二化螟,SSB,溧水区 叁拾叁_1_21_诱虫量,2024-04-28,2024-05-05,17.0,GradientBoosting,1.9626605618803685
二化螟,SSB,溧水区 叁拾叁_1_21_诱虫量,2024-05-05,2024-05-12,10.0,GradientBoosting,10.759929036055754
二化螟,SSB,溧水区 叁拾叁_1_21_诱虫量,2024-05-12,2024-05-19,6.0,GradientBoosting,40.808993466056535
二化螟,SSB,溧水区 叁拾叁_1_21_诱虫量,2024-05-19,2024-05-26,0.0,GradientBoosting,15.060446043393895
二化螟,SSB,溧水区 叁拾叁_1_21_诱虫量,2024-05-26,2024-06-02,0.0,GradientBoosting,5.819863437346372
二化螟,SSB,溧水区 叁拾叁_1_21_诱虫量,2024-06-02,2024-06-09,0.0,GradientBoosting,3.5277134973687643
二化螟,SSB,溧水区 叁拾叁_1_21_诱虫量,2024-06-09,2024-06-16,0.0,GradientBoosting,1.846938416742625
二化螟,SSB,溧水区 叁拾叁_1_21_诱虫量,2024-06-16,2024-06-23,0.0,GradientBoosting,0.6091477510005523
二化螟,SSB,溧水区 叁拾叁_1_21_诱虫量,2024-06-23,2024-06-30,0.0,GradientBoosting,0.7876355381967854
二化螟,SSB,溧水区 叁拾叁_1_21_诱虫量,2024-06-30,2024-07-07,0.0,GradientBoosting,0.9022942015752089
二化螟,SSB,溧水区 叁拾叁_1_21_诱虫量,2024-07-07,2024-07-14,2.0,GradientBoosting,0.7810641997529784
二化螟,SSB,溧水区 叁拾叁_1_21_诱虫量,2024-07-14,2024-07-21,0.0,GradientBoosting,0.8503167158624181
二化螟,SSB,溧水区 叁拾叁_1_21_诱虫量,2024-07-21,2024-07-28,2.0,GradientBoosting,0.13642131242816516
二化螟,SSB,溧水区 叁拾叁_1_21_诱虫量,2024-07-28,2024-08-04,2.0,GradientBoosting,1.047157201758333
二化螟,SSB,溧水区 叁拾叁_1_21_诱虫量,2024-08-04,2024-08-11,2.0,GradientBoosting,2.487396053329005
二化螟,SSB,溧水区 叁拾叁_1_21_诱虫量,2024-08-11,2024-08-18,2.0,GradientBoosting,5.342871335763
二化螟,SSB,溧水区 叁拾叁_1_21_诱虫量,2024-08-18,2024-08-25,0.0,GradientBoosting,3.0766278921105386
二化螟,SSB,溧水区 叁拾叁_1_21_诱虫量,2024-08-25,2024-09-01,0.0,GradientBoosting,0.402622597800743
二化螟,SSB,溧水区 叁拾叁_1_21_诱虫量,2024-09-01,2024-09-08,0.0,GradientBoosting,0.4293250273132631
二化螟,SSB,溧水区 叁拾叁_1_21_诱虫量,2024-09-08,2024-09-15,1.0,GradientBoosting,0.3401850805947659
二化螟,SSB,溧水区 叁拾叁_1_21_诱虫量,2024-09-15,2024-09-22,0.0,GradientBoosting,1.097239648180528
二化螟,SSB,溧水区 叁拾叁_1_21_诱虫量,2024-09-22,2024-09-29,0.0,GradientBoosting,0.25955826742956456
二化螟,SSB,溧水区 叁拾叁_1_21_诱虫量,2024-09-29,2024-10-06,0.0,GradientBoosting,0.2746243474748551
二化螟,SSB,溧水区 叁拾叁_1_21_诱虫量,2024-10-06,2024-10-13,0.0,GradientBoosting,0.007824497094598605
二化螟,SSB,溧水区 叁拾叁_1_21_诱虫量,2024-10-13,2024-10-20,1.0,GradientBoosting,0.0
二化螟,SSB,溧水区 叁拾叁_1_21_诱虫量,2024-10-20,2024-10-27,1.0,GradientBoosting,0.30992642765107925
二化螟,SSB,溧水区 叁拾叁_1_21_诱虫量,2024-10-27,2024-11-03,0.0,GradientBoosting,0.3485698473292256
二化螟,SSB,溧水区 叁拾叁_1_21_诱虫量,2024-11-03,2024-11-10,0.0,GradientBoosting,0.3105881187153813
二化螟,SSB,溧水区 叁拾叁_1_21_诱虫量,2024-11-10,2024-11-17,0.0,GradientBoosting,0.2528515049330581
二化螟,SSB,溧水区 叁拾叁_1_21_诱虫量,2024-11-17,2024-11-24,0.0,GradientBoosting,0.0
二化螟,SSB,溧水区 叁拾叁_1_21_诱虫量,2024-11-24,2024-12-01,0.0,GradientBoosting,0.11936142009088488
二化螟,SSB,溧水区 叁拾叁_1_21_诱虫量,2024-12-01,2024-12-08,0.0,GradientBoosting,0.04767357993099873
二化螟,SSB,溧水区 叁拾叁_1_21_诱虫量,2024-12-08,2024-12-15,0.0,GradientBoosting,0.0
二化螟,SSB,溧水区 叁拾叁_1_21_诱虫量,2024-12-15,2024-12-22,0.0,GradientBoosting,0.0
二化螟,SSB,溧水区 叁拾叁_1_21_诱虫量,2024-12-22,2024-12-29,0.0,GradientBoosting,0.0
二化螟,SSB,程桥街道 二化螟_1_45_诱虫量,2023-12-31,2024-01-07,0.0,GradientBoosting,0.0
二化螟,SSB,程桥街道 二化螟_1_45_诱虫量,2024-01-07,2024-01-14,0.0,GradientBoosting,0.03190722154744406
二化螟,SSB,程桥街道 二化螟_1_45_诱虫量,2024-01-14,2024-01-21,0.0,GradientBoosting,0.03190722154744406
二化螟,SSB,程桥街道 二化螟_1_45_诱虫量,2024-01-21,2024-01-28,0.0,GradientBoosting,0.03190722154744406
二化螟,SSB,程桥街道 二化螟_1_45_诱虫量,2024-01-28,2024-02-04,0.0,GradientBoosting,0.07393153320678551
二化螟,SSB,程桥街道 二化螟_1_45_诱虫量,2024-02-04,2024-02-11,0.0,GradientBoosting,0.25588615736252995
二化螟,SSB,程桥街道 二化螟_1_45_诱虫量,2024-02-11,2024-02-18,0.0,GradientBoosting,0.26726575100331107
二化螟,SSB,程桥街道 二化螟_1_45_诱虫量,2024-02-18,2024-02-25,0.0,GradientBoosting,0.29918614943600697
二化螟,SSB,程桥街道 二化螟_1_45_诱虫量,2024-02-25,2024-03-03,0.0,GradientBoosting,0.5664207724981172
二化螟,SSB,程桥街道 二化螟_1_45_诱虫量,2024-03-03,2024-03-10,3.0,GradientBoosting,0.5826247443754995
二化螟,SSB,程桥街道 二化螟_1_45_诱虫量,2024-03-10,2024-03-17,0.0,GradientBoosting,0.4537193830998099
二化螟,SSB,程桥街道 二化螟_1_45_诱虫量,2024-03-17,2024-03-24,0.0,GradientBoosting,0.5280150490207958
二化螟,SSB,程桥街道 二化螟_1_45_诱虫量,2024-03-24,2024-03-31,2.0,GradientBoosting,2.1974987785754245
二化螟,SSB,程桥街道 二化螟_1_45_诱虫量,2024-03-31,2024-04-07,0.0,GradientBoosting,0.8503810252293267
二化螟,SSB,程桥街道 二化螟_1_45_诱虫量,2024-04-07,2024-04-14,1.0,GradientBoosting,0.4736518437468216
二化螟,SSB,程桥街道 二化螟_1_45_诱虫量,2024-04-14,2024-04-21,1.0,GradientBoosting,2.500320844566515
二化螟,SSB,程桥街道 二化螟_1_45_诱虫量,2024-04-21,2024-04-28,1.0,GradientBoosting,3.080581039032274
二化螟,SSB,程桥街道 二化螟_1_45_诱虫量,2024-04-28,2024-05-05,18.0,GradientBoosting,8.95640698193387
二化螟,SSB,程桥街道 二化螟_1_45_诱虫量,2024-05-05,2024-05-12,305.0,GradientBoosting,10.04689391574202
二化螟,SSB,程桥街道 二化螟_1_45_诱虫量,2024-05-12,2024-05-19,581.0,GradientBoosting,168.32052473246608
二化螟,SSB,程桥街道 二化螟_1_45_诱虫量,2024-05-19,2024-05-26,60.0,GradientBoosting,304.7821553065756
二化螟,SSB,程桥街道 二化螟_1_45_诱虫量,2024-05-26,2024-06-02,33.0,GradientBoosting,40.162004998725536
二化螟,SSB,程桥街道 二化螟_1_45_诱虫量,2024-06-02,2024-06-09,20.0,GradientBoosting,10.641435914728183
二化螟,SSB,程桥街道 二化螟_1_45_诱虫量,2024-06-09,2024-06-16,17.0,GradientBoosting,10.19391818423987
二化螟,SSB,程桥街道 二化螟_1_45_诱虫量,2024-06-16,2024-06-23,3.0,GradientBoosting,10.926536799457708
二化螟,SSB,程桥街道 二化螟_1_45_诱虫量,2024-06-23,2024-06-30,7.0,GradientBoosting,3.988849822303086
二化螟,SSB,程桥街道 二化螟_1_45_诱虫量,2024-06-30,2024-07-07,10.0,GradientBoosting,1.5699975193501658
二化螟,SSB,程桥街道 二化螟_1_45_诱虫量,2024-07-07,2024-07-14,0.0,GradientBoosting,6.517017253874194
二化螟,SSB,程桥街道 二化螟_1_45_诱虫量,2024-07-14,2024-07-21,0.0,GradientBoosting,0.14717231357870003
二化螟,SSB,程桥街道 二化螟_1_45_诱虫量,2024-07-21,2024-07-28,0.0,GradientBoosting,0.10274114645325598
二化螟,SSB,程桥街道 二化螟_1_45_诱虫量,2024-07-28,2024-08-04,0.0,GradientBoosting,0.9037299546848987
二化螟,SSB,程桥街道 二化螟_1_45_诱虫量,2024-08-04,2024-08-11,0.0,GradientBoosting,0.0
二化螟,SSB,程桥街道 二化螟_1_45_诱虫量,2024-08-11,2024-08-18,11.0,GradientBoosting,0.0
二化螟,SSB,程桥街道 二化螟_1_45_诱虫量,2024-08-18,2024-08-25,8.0,GradientBoosting,2.723687432311503
二化螟,SSB,程桥街道 二化螟_1_45_诱虫量,2024-08-25,2024-09-01,13.0,GradientBoosting,3.933793635776361
二化螟,SSB,程桥街道 二化螟_1_45_诱虫量,2024-09-01,2024-09-08,8.0,GradientBoosting,2.6447940000375345
二化螟,SSB,程桥街道 二化螟_1_45_诱虫量,2024-09-08,2024-09-15,12.0,GradientBoosting,3.5772892535741283
二化螟,SSB,程桥街道 二化螟_1_45_诱虫量,2024-09-15,2024-09-22,4.0,GradientBoosting,6.378323796048937
二化螟,SSB,程桥街道 二化螟_1_45_诱虫量,2024-09-22,2024-09-29,1.0,GradientBoosting,1.5479316290870022
二化螟,SSB,程桥街道 二化螟_1_45_诱虫量,2024-09-29,2024-10-06,2.0,GradientBoosting,0.8226428262583445
二化螟,SSB,程桥街道 二化螟_1_45_诱虫量,2024-10-06,2024-10-13,5.0,GradientBoosting,1.1918706099716432
二化螟,SSB,程桥街道 二化螟_1_45_诱虫量,2024-10-13,2024-10-20,0.0,GradientBoosting,3.0354326364494186
二化螟,SSB,程桥街道 二化螟_1_45_诱虫量,2024-10-20,2024-10-27,0.0,GradientBoosting,0.7674229111817628
二化螟,SSB,程桥街道 二化螟_1_45_诱虫量,2024-10-27,2024-11-03,0.0,GradientBoosting,0.06761889694953135
二化螟,SSB,程桥街道 二化螟_1_45_诱虫量,2024-11-03,2024-11-10,0.0,GradientBoosting,0.3034300306615259
二化螟,SSB,程桥街道 二化螟_1_45_诱虫量,2024-11-10,2024-11-17,0.0,GradientBoosting,0.16832103418949018
二化螟,SSB,程桥街道 二化螟_1_45_诱虫量,2024-11-17,2024-11-24,0.0,GradientBoosting,0.22340601503976054
二化螟,SSB,程桥街道 二化螟_1_45_诱虫量,2024-11-24,2024-12-01,0.0,GradientBoosting,0.19316009858570707
二化螟,SSB,程桥街道 二化螟_1_45_诱虫量,2024-12-01,2024-12-08,0.0,GradientBoosting,0.0
二化螟,SSB,程桥街道 二化螟_1_45_诱虫量,2024-12-08,2024-12-15,0.0,GradientBoosting,0.0
二化螟,SSB,程桥街道 二化螟_1_45_诱虫量,2024-12-15,2024-12-22,0.0,GradientBoosting,0.0
二化螟,SSB,程桥街道 二化螟_1_45_诱虫量,2024-12-22,2024-12-29,0.0,GradientBoosting,0.0
二化螟,SSB,金牛湖二化螟新_1_3_诱虫量,2023-12-31,2024-01-07,0.0,GradientBoosting,0.0
二化螟,SSB,金牛湖二化螟新_1_3_诱虫量,2024-01-07,2024-01-14,0.0,GradientBoosting,0.03190722154744406
二化螟,SSB,金牛湖二化螟新_1_3_诱虫量,2024-01-14,2024-01-21,0.0,GradientBoosting,0.03190722154744406
二化螟,SSB,金牛湖二化螟新_1_3_诱虫量,2024-01-21,2024-01-28,0.0,GradientBoosting,0.03190722154744406
二化螟,SSB,金牛湖二化螟新_1_3_诱虫量,2024-01-28,2024-02-04,0.0,GradientBoosting,0.07393153320678551
二化螟,SSB,金牛湖二化螟新_1_3_诱虫量,2024-02-04,2024-02-11,0.0,GradientBoosting,0.25588615736252995
二化螟,SSB,金牛湖二化螟新_1_3_诱虫量,2024-02-11,2024-02-18,0.0,GradientBoosting,0.26726575100331107
二化螟,SSB,金牛湖二化螟新_1_3_诱虫量,2024-02-18,2024-02-25,0.0,GradientBoosting,0.29918614943600697
二化螟,SSB,金牛湖二化螟新_1_3_诱虫量,2024-02-25,2024-03-03,0.0,GradientBoosting,0.5664207724981172
二化螟,SSB,金牛湖二化螟新_1_3_诱虫量,2024-03-03,2024-03-10,4.0,GradientBoosting,0.5826247443754995
二化螟,SSB,金牛湖二化螟新_1_3_诱虫量,2024-03-10,2024-03-17,1.0,GradientBoosting,0.4810204602218487
二化螟,SSB,金牛湖二化螟新_1_3_诱虫量,2024-03-17,2024-03-24,2.0,GradientBoosting,4.230088750629246
二化螟,SSB,金牛湖二化螟新_1_3_诱虫量,2024-03-24,2024-03-31,3.0,GradientBoosting,0.7883707130774968
二化螟,SSB,金牛湖二化螟新_1_3_诱虫量,2024-03-31,2024-04-07,0.0,GradientBoosting,4.2642907673581485
二化螟,SSB,金牛湖二化螟新_1_3_诱虫量,2024-04-07,2024-04-14,0.0,GradientBoosting,3.425895267884565
二化螟,SSB,金牛湖二化螟新_1_3_诱虫量,2024-04-14,2024-04-21,0.0,GradientBoosting,2.345408774722343
二化螟,SSB,金牛湖二化螟新_1_3_诱虫量,2024-04-21,2024-04-28,0.0,GradientBoosting,1.4585600867330313
二化螟,SSB,金牛湖二化螟新_1_3_诱虫量,2024-04-28,2024-05-05,10.0,GradientBoosting,1.6584988390652375
二化螟,SSB,金牛湖二化螟新_1_3_诱虫量,2024-05-05,2024-05-12,91.0,GradientBoosting,3.796494085716879
二化螟,SSB,金牛湖二化螟新_1_3_诱虫量,2024-05-12,2024-05-19,242.0,GradientBoosting,31.975354634385162
二化螟,SSB,金牛湖二化螟新_1_3_诱虫量,2024-05-19,2024-05-26,127.0,GradientBoosting,51.04861387773294
二化螟,SSB,金牛湖二化螟新_1_3_诱虫量,2024-05-26,2024-06-02,68.0,GradientBoosting,191.1550820791692
二化螟,SSB,金牛湖二化螟新_1_3_诱虫量,2024-06-02,2024-06-09,11.0,GradientBoosting,45.208665228924296
二化螟,SSB,金牛湖二化螟新_1_3_诱虫量,2024-06-09,2024-06-16,4.0,GradientBoosting,5.991268134277689
二化螟,SSB,金牛湖二化螟新_1_3_诱虫量,2024-06-16,2024-06-23,4.0,GradientBoosting,4.719497544661454
二化螟,SSB,金牛湖二化螟新_1_3_诱虫量,2024-06-23,2024-06-30,6.0,GradientBoosting,5.4597431540956105
二化螟,SSB,金牛湖二化螟新_1_3_诱虫量,2024-06-30,2024-07-07,5.0,GradientBoosting,6.338236073540415
二化螟,SSB,金牛湖二化螟新_1_3_诱虫量,2024-07-07,2024-07-14,12.0,GradientBoosting,11.975103869787189
二化螟,SSB,金牛湖二化螟新_1_3_诱虫量,2024-07-14,2024-07-21,7.0,GradientBoosting,4.157492048480178
二化螟,SSB,金牛湖二化螟新_1_3_诱虫量,2024-07-21,2024-07-28,3.0,GradientBoosting,6.032211019122122
二化螟,SSB,金牛湖二化螟新_1_3_诱虫量,2024-07-28,2024-08-04,3.0,GradientBoosting,4.000791702023076
二化螟,SSB,金牛湖二化螟新_1_3_诱虫量,2024-08-04,2024-08-11,1.0,GradientBoosting,3.2645012197595884
二化螟,SSB,金牛湖二化螟新_1_3_诱虫量,2024-08-11,2024-08-18,0.0,GradientBoosting,2.669702946101773
二化螟,SSB,金牛湖二化螟新_1_3_诱虫量,2024-08-18,2024-08-25,3.0,GradientBoosting,0.5639254375214449
二化螟,SSB,金牛湖二化螟新_1_3_诱虫量,2024-08-25,2024-09-01,7.0,GradientBoosting,2.8540052425044524
二化螟,SSB,金牛湖二化螟新_1_3_诱虫量,2024-09-01,2024-09-08,9.0,GradientBoosting,1.4003479514219879
二化螟,SSB,金牛湖二化螟新_1_3_诱虫量,2024-09-08,2024-09-15,2.0,GradientBoosting,4.145065080175324
二化螟,SSB,金牛湖二化螟新_1_3_诱虫量,2024-09-15,2024-09-22,4.0,GradientBoosting,1.3945639489012969
二化螟,SSB,金牛湖二化螟新_1_3_诱虫量,2024-09-22,2024-09-29,0.0,GradientBoosting,1.0482375402282296
二化螟,SSB,金牛湖二化螟新_1_3_诱虫量,2024-09-29,2024-10-06,1.0,GradientBoosting,0.43928251877478586
二化螟,SSB,金牛湖二化螟新_1_3_诱虫量,2024-10-06,2024-10-13,5.0,GradientBoosting,0.37311330734503095
二化螟,SSB,金牛湖二化螟新_1_3_诱虫量,2024-10-13,2024-10-20,0.0,GradientBoosting,0.9085511920410172
二化螟,SSB,金牛湖二化螟新_1_3_诱虫量,2024-10-20,2024-10-27,0.0,GradientBoosting,0.33099250101985467
二化螟,SSB,金牛湖二化螟新_1_3_诱虫量,2024-10-27,2024-11-03,0.0,GradientBoosting,0.024965252882156966
二化螟,SSB,金牛湖二化螟新_1_3_诱虫量,2024-11-03,2024-11-10,0.0,GradientBoosting,0.4274655097334829
二化螟,SSB,金牛湖二化螟新_1_3_诱虫量,2024-11-10,2024-11-17,0.0,GradientBoosting,0.26683598802636577
二化螟,SSB,金牛湖二化螟新_1_3_诱虫量,2024-11-17,2024-11-24,0.0,GradientBoosting,0.20807927730997797
二化螟,SSB,金牛湖二化螟新_1_3_诱虫量,2024-11-24,2024-12-01,0.0,GradientBoosting,0.19316009858570707
二化螟,SSB,金牛湖二化螟新_1_3_诱虫量,2024-12-01,2024-12-08,0.0,GradientBoosting,0.0
二化螟,SSB,金牛湖二化螟新_1_3_诱虫量,2024-12-08,2024-12-15,0.0,GradientBoosting,0.0
二化螟,SSB,金牛湖二化螟新_1_3_诱虫量,2024-12-15,2024-12-22,0.0,GradientBoosting,0.0
二化螟,SSB,金牛湖二化螟新_1_3_诱虫量,2024-12-22,2024-12-29,0.0,GradientBoosting,0.0
二化螟,SSB,雄州钱仓二化螟_1_1_诱虫量,2023-12-31,2024-01-07,0.0,GradientBoosting,0.0
二化螟,SSB,雄州钱仓二化螟_1_1_诱虫量,2024-01-07,2024-01-14,0.0,GradientBoosting,0.03190722154744406
二化螟,SSB,雄州钱仓二化螟_1_1_诱虫量,2024-01-14,2024-01-21,0.0,GradientBoosting,0.03190722154744406
二化螟,SSB,雄州钱仓二化螟_1_1_诱虫量,2024-01-21,2024-01-28,0.0,GradientBoosting,0.03190722154744406
二化螟,SSB,雄州钱仓二化螟_1_1_诱虫量,2024-01-28,2024-02-04,0.0,GradientBoosting,0.07393153320678551
二化螟,SSB,雄州钱仓二化螟_1_1_诱虫量,2024-02-04,2024-02-11,0.0,GradientBoosting,0.25588615736252995
二化螟,SSB,雄州钱仓二化螟_1_1_诱虫量,2024-02-11,2024-02-18,0.0,GradientBoosting,0.26726575100331107
二化螟,SSB,雄州钱仓二化螟_1_1_诱虫量,2024-02-18,2024-02-25,0.0,GradientBoosting,0.29918614943600697
二化螟,SSB,雄州钱仓二化螟_1_1_诱虫量,2024-02-25,2024-03-03,0.0,GradientBoosting,0.5664207724981172
二化螟,SSB,雄州钱仓二化螟_1_1_诱虫量,2024-03-03,2024-03-10,3.0,GradientBoosting,0.5826247443754995
二化螟,SSB,雄州钱仓二化螟_1_1_诱虫量,2024-03-10,2024-03-17,0.0,GradientBoosting,0.4537193830998099
二化螟,SSB,雄州钱仓二化螟_1_1_诱虫量,2024-03-17,2024-03-24,1.0,GradientBoosting,0.5280150490207958
二化螟,SSB,雄州钱仓二化螟_1_1_诱虫量,2024-03-24,2024-03-31,0.0,GradientBoosting,2.696953589599337
二化螟,SSB,雄州钱仓二化螟_1_1_诱虫量,2024-03-31,2024-04-07,4.0,GradientBoosting,2.5815444786941844
二化螟,SSB,雄州钱仓二化螟_1_1_诱虫量,2024-04-07,2024-04-14,9.0,GradientBoosting,8.498390435263381
二化螟,SSB,雄州钱仓二化螟_1_1_诱虫量,2024-04-14,2024-04-21,16.0,GradientBoosting,11.764168904081309
二化螟,SSB,雄州钱仓二化螟_1_1_诱虫量,2024-04-21,2024-04-28,24.0,GradientBoosting,23.580944443320227
二化螟,SSB,雄州钱仓二化螟_1_1_诱虫量,2024-04-28,2024-05-05,34.0,GradientBoosting,62.297301655867145
二化螟,SSB,雄州钱仓二化螟_1_1_诱虫量,2024-05-05,2024-05-12,83.0,GradientBoosting,111.21090209199711
二化螟,SSB,雄州钱仓二化螟_1_1_诱虫量,2024-05-12,2024-05-19,463.0,GradientBoosting,72.28530561953305
二化螟,SSB,雄州钱仓二化螟_1_1_诱虫量,2024-05-19,2024-05-26,174.0,GradientBoosting,173.41687429547596
二化螟,SSB,雄州钱仓二化螟_1_1_诱虫量,2024-05-26,2024-06-02,81.0,GradientBoosting,251.65994958242038
二化螟,SSB,雄州钱仓二化螟_1_1_诱虫量,2024-06-02,2024-06-09,8.0,GradientBoosting,19.631500846823023
二化螟,SSB,雄州钱仓二化螟_1_1_诱虫量,2024-06-09,2024-06-16,9.0,GradientBoosting,1.4310428747047985
二化螟,SSB,雄州钱仓二化螟_1_1_诱虫量,2024-06-16,2024-06-23,6.0,GradientBoosting,1.5232810496366542
二化螟,SSB,雄州钱仓二化螟_1_1_诱虫量,2024-06-23,2024-06-30,2.0,GradientBoosting,2.520694148985684
二化螟,SSB,雄州钱仓二化螟_1_1_诱虫量,2024-06-30,2024-07-07,3.0,GradientBoosting,0.9696469098454865
二化螟,SSB,雄州钱仓二化螟_1_1_诱虫量,2024-07-07,2024-07-14,5.0,GradientBoosting,8.744024421238443
二化螟,SSB,雄州钱仓二化螟_1_1_诱虫量,2024-07-14,2024-07-21,3.0,GradientBoosting,1.7460711297945077
二化螟,SSB,雄州钱仓二化螟_1_1_诱虫量,2024-07-21,2024-07-28,6.0,GradientBoosting,6.147408793794438
二化螟,SSB,雄州钱仓二化螟_1_1_诱虫量,2024-07-28,2024-08-04,9.0,GradientBoosting,1.4761727591858786
二化螟,SSB,雄州钱仓二化螟_1_1_诱虫量,2024-08-04,2024-08-11,2.0,GradientBoosting,2.210449332615945
二化螟,SSB,雄州钱仓二化螟_1_1_诱虫量,2024-08-11,2024-08-18,3.0,GradientBoosting,3.3553854878717626
二化螟,SSB,雄州钱仓二化螟_1_1_诱虫量,2024-08-18,2024-08-25,4.0,GradientBoosting,2.5652616684732568
二化螟,SSB,雄州钱仓二化螟_1_1_诱虫量,2024-08-25,2024-09-01,10.0,GradientBoosting,3.2958749033954025
二化螟,SSB,雄州钱仓二化螟_1_1_诱虫量,2024-09-01,2024-09-08,19.0,GradientBoosting,3.3947767888641662
二化螟,SSB,雄州钱仓二化螟_1_1_诱虫量,2024-09-08,2024-09-15,16.0,GradientBoosting,11.146807368503374
二化螟,SSB,雄州钱仓二化螟_1_1_诱虫量,2024-09-15,2024-09-22,27.0,GradientBoosting,20.369148164199654
二化螟,SSB,雄州钱仓二化螟_1_1_诱虫量,2024-09-22,2024-09-29,1.0,GradientBoosting,7.299254809965275
二化螟,SSB,雄州钱仓二化螟_1_1_诱虫量,2024-09-29,2024-10-06,0.0,GradientBoosting,0.9342489258488915
二化螟,SSB,雄州钱仓二化螟_1_1_诱虫量,2024-10-06,2024-10-13,4.0,GradientBoosting,0.0
二化螟,SSB,雄州钱仓二化螟_1_1_诱虫量,2024-10-13,2024-10-20,0.0,GradientBoosting,1.3253943708256841
二化螟,SSB,雄州钱仓二化螟_1_1_诱虫量,2024-10-20,2024-10-27,0.0,GradientBoosting,0.08869432219434101
二化螟,SSB,雄州钱仓二化螟_1_1_诱虫量,2024-10-27,2024-11-03,0.0,GradientBoosting,0.0
二化螟,SSB,雄州钱仓二化螟_1_1_诱虫量,2024-11-03,2024-11-10,0.0,GradientBoosting,0.414288625576899
二化螟,SSB,雄州钱仓二化螟_1_1_诱虫量,2024-11-10,2024-11-17,0.0,GradientBoosting,0.18130099606607733
二化螟,SSB,雄州钱仓二化螟_1_1_诱虫量,2024-11-17,2024-11-24,0.0,GradientBoosting,0.1847710437667268
二化螟,SSB,雄州钱仓二化螟_1_1_诱虫量,2024-11-24,2024-12-01,0.0,GradientBoosting,0.22902508175501451
二化螟,SSB,雄州钱仓二化螟_1_1_诱虫量,2024-12-01,2024-12-08,0.0,GradientBoosting,0.0
二化螟,SSB,雄州钱仓二化螟_1_1_诱虫量,2024-12-08,2024-12-15,0.0,GradientBoosting,0.0
二化螟,SSB,雄州钱仓二化螟_1_1_诱虫量,2024-12-15,2024-12-22,0.0,GradientBoosting,0.0
二化螟,SSB,雄州钱仓二化螟_1_1_诱虫量,2024-12-22,2024-12-29,0.0,GradientBoosting,0.0
二化螟,SSB,马鞍街道二化螟新_1_5_诱虫量,2023-12-31,2024-01-07,0.0,GradientBoosting,0.0
二化螟,SSB,马鞍街道二化螟新_1_5_诱虫量,2024-01-07,2024-01-14,0.0,GradientBoosting,0.03190722154744406
二化螟,SSB,马鞍街道二化螟新_1_5_诱虫量,2024-01-14,2024-01-21,0.0,GradientBoosting,0.03190722154744406
二化螟,SSB,马鞍街道二化螟新_1_5_诱虫量,2024-01-21,2024-01-28,0.0,GradientBoosting,0.03190722154744406
二化螟,SSB,马鞍街道二化螟新_1_5_诱虫量,2024-01-28,2024-02-04,0.0,GradientBoosting,0.07393153320678551
二化螟,SSB,马鞍街道二化螟新_1_5_诱虫量,2024-02-04,2024-02-11,0.0,GradientBoosting,0.25588615736252995
二化螟,SSB,马鞍街道二化螟新_1_5_诱虫量,2024-02-11,2024-02-18,0.0,GradientBoosting,0.26726575100331107
二化螟,SSB,马鞍街道二化螟新_1_5_诱虫量,2024-02-18,2024-02-25,0.0,GradientBoosting,0.29918614943600697
二化螟,SSB,马鞍街道二化螟新_1_5_诱虫量,2024-02-25,2024-03-03,0.0,GradientBoosting,0.5664207724981172
二化螟,SSB,马鞍街道二化螟新_1_5_诱虫量,2024-03-03,2024-03-10,3.0,GradientBoosting,0.5826247443754995
二化螟,SSB,马鞍街道二化螟新_1_5_诱虫量,2024-03-10,2024-03-17,0.0,GradientBoosting,0.4537193830998099
二化螟,SSB,马鞍街道二化螟新_1_5_诱虫量,2024-03-17,2024-03-24,2.0,GradientBoosting,0.5280150490207958
二化螟,SSB,马鞍街道二化螟新_1_5_诱虫量,2024-03-24,2024-03-31,0.0,GradientBoosting,1.417361036079046
二化螟,SSB,马鞍街道二化螟新_1_5_诱虫量,2024-03-31,2024-04-07,4.0,GradientBoosting,1.2557195986590286
二化螟,SSB,马鞍街道二化螟新_1_5_诱虫量,2024-04-07,2024-04-14,1.0,GradientBoosting,4.655266887951529
二化螟,SSB,马鞍街道二化螟新_1_5_诱虫量,2024-04-14,2024-04-21,5.0,GradientBoosting,7.139487940033577
二化螟,SSB,马鞍街道二化螟新_1_5_诱虫量,2024-04-21,2024-04-28,3.0,GradientBoosting,4.300761891781024
二化螟,SSB,马鞍街道二化螟新_1_5_诱虫量,2024-04-28,2024-05-05,16.0,GradientBoosting,47.437410465061944
二化螟,SSB,马鞍街道二化螟新_1_5_诱虫量,2024-05-05,2024-05-12,53.0,GradientBoosting,7.312787294307578
二化螟,SSB,马鞍街道二化螟新_1_5_诱虫量,2024-05-12,2024-05-19,207.0,GradientBoosting,84.90192668743853
二化螟,SSB,马鞍街道二化螟新_1_5_诱虫量,2024-05-19,2024-05-26,72.0,GradientBoosting,161.7088203807369
二化螟,SSB,马鞍街道二化螟新_1_5_诱虫量,2024-05-26,2024-06-02,33.0,GradientBoosting,109.63238768099399
二化螟,SSB,马鞍街道二化螟新_1_5_诱虫量,2024-06-02,2024-06-09,4.0,GradientBoosting,30.96216341211224
二化螟,SSB,马鞍街道二化螟新_1_5_诱虫量,2024-06-09,2024-06-16,8.0,GradientBoosting,3.8649795050815445
二化螟,SSB,马鞍街道二化螟新_1_5_诱虫量,2024-06-16,2024-06-23,6.0,GradientBoosting,6.009788376464729
二化螟,SSB,马鞍街道二化螟新_1_5_诱虫量,2024-06-23,2024-06-30,19.0,GradientBoosting,10.431751489412232
二化螟,SSB,马鞍街道二化螟新_1_5_诱虫量,2024-06-30,2024-07-07,7.0,GradientBoosting,17.79303100936216
二化螟,SSB,马鞍街道二化螟新_1_5_诱虫量,2024-07-07,2024-07-14,2.0,GradientBoosting,6.094162186025432
二化螟,SSB,马鞍街道二化螟新_1_5_诱虫量,2024-07-14,2024-07-21,7.0,GradientBoosting,0.4562729892248459
二化螟,SSB,马鞍街道二化螟新_1_5_诱虫量,2024-07-21,2024-07-28,1.0,GradientBoosting,3.747075265265482
二化螟,SSB,马鞍街道二化螟新_1_5_诱虫量,2024-07-28,2024-08-04,3.0,GradientBoosting,3.4465606534219253
二化螟,SSB,马鞍街道二化螟新_1_5_诱虫量,2024-08-04,2024-08-11,2.0,GradientBoosting,2.552469379564858
二化螟,SSB,马鞍街道二化螟新_1_5_诱虫量,2024-08-11,2024-08-18,10.0,GradientBoosting,4.6810666144942354
二化螟,SSB,马鞍街道二化螟新_1_5_诱虫量,2024-08-18,2024-08-25,17.0,GradientBoosting,2.180025091873482
二化螟,SSB,马鞍街道二化螟新_1_5_诱虫量,2024-08-25,2024-09-01,20.0,GradientBoosting,8.898302029867885
二化螟,SSB,马鞍街道二化螟新_1_5_诱虫量,2024-09-01,2024-09-08,7.0,GradientBoosting,10.756177529475096
二化螟,SSB,马鞍街道二化螟新_1_5_诱虫量,2024-09-08,2024-09-15,2.0,GradientBoosting,4.379067226505701
二化螟,SSB,马鞍街道二化螟新_1_5_诱虫量,2024-09-15,2024-09-22,0.0,GradientBoosting,1.36642510572692
二化螟,SSB,马鞍街道二化螟新_1_5_诱虫量,2024-09-22,2024-09-29,0.0,GradientBoosting,0.19494757927484496
二化螟,SSB,马鞍街道二化螟新_1_5_诱虫量,2024-09-29,2024-10-06,1.0,GradientBoosting,0.0
二化螟,SSB,马鞍街道二化螟新_1_5_诱虫量,2024-10-06,2024-10-13,0.0,GradientBoosting,0.30417917296307706
二化螟,SSB,马鞍街道二化螟新_1_5_诱虫量,2024-10-13,2024-10-20,0.0,GradientBoosting,0.041614762133153876
二化螟,SSB,马鞍街道二化螟新_1_5_诱虫量,2024-10-20,2024-10-27,0.0,GradientBoosting,0.3553698234952537
二化螟,SSB,马鞍街道二化螟新_1_5_诱虫量,2024-10-27,2024-11-03,0.0,GradientBoosting,0.10168540026314717
二化螟,SSB,马鞍街道二化螟新_1_5_诱虫量,2024-11-03,2024-11-10,0.0,GradientBoosting,0.09626565946571725
二化螟,SSB,马鞍街道二化螟新_1_5_诱虫量,2024-11-10,2024-11-17,0.0,GradientBoosting,0.06472050583175579
二化螟,SSB,马鞍街道二化螟新_1_5_诱虫量,2024-11-17,2024-11-24,0.0,GradientBoosting,0.021407317763205893
二化螟,SSB,马鞍街道二化螟新_1_5_诱虫量,2024-11-24,2024-12-01,0.0,GradientBoosting,0.066257281217389
二化螟,SSB,马鞍街道二化螟新_1_5_诱虫量,2024-12-01,2024-12-08,0.0,GradientBoosting,0.0
二化螟,SSB,马鞍街道二化螟新_1_5_诱虫量,2024-12-08,2024-12-15,0.0,GradientBoosting,0.0
二化螟,SSB,马鞍街道二化螟新_1_5_诱虫量,2024-12-15,2024-12-22,0.0,GradientBoosting,0.0
二化螟,SSB,马鞍街道二化螟新_1_5_诱虫量,2024-12-22,2024-12-29,0.0,GradientBoosting,0.0

