PestSpecies,PestCode,Location,GatewayAlias,Region,week_start,observed_days,PestCount,TrapTemperature,TrapHumidity,Year,Week,MaxT,MinT,RH1,RH2,RF,WS,SSH,EVP
甜菜夜蛾,BAW,江宁槐湖果园测报点_1_15_诱虫量,江宁槐湖果园测报点,江苏省南京市江宁区,2023-01-01,7,0.0,11.65857142857143,59.174285714285716,2022,52,,,,,,,,
甜菜夜蛾,BAW,江宁槐湖果园测报点_1_15_诱虫量,江宁槐湖果园测报点,江苏省南京市江宁区,2023-01-08,7,0.0,13.637142857142857,72.76285714285714,2023,1,,,,,,,,
甜菜夜蛾,BAW,江宁槐湖果园测报点_1_15_诱虫量,江宁槐湖果园测报点,江苏省南京市江宁区,2023-01-15,7,1.0,7.051428571428572,62.098571428571425,2023,2,,,,,,,,
甜菜夜蛾,BAW,江宁槐湖果园测报点_1_15_诱虫量,江宁槐湖果园测报点,江苏省南京市江宁区,2023-01-22,7,0.0,4.454285714285715,60.277142857142856,2023,3,,,,,,,,
甜菜夜蛾,BAW,江宁槐湖果园测报点_1_15_诱虫量,江宁槐湖果园测报点,江苏省南京市江宁区,2023-01-29,7,0.0,9.962857142857143,55.451428571428565,2023,4,,,,,,,,
甜菜夜蛾,BAW,江宁槐湖果园测报点_1_15_诱虫量,江宁槐湖果园测报点,江苏省南京市江宁区,2023-02-05,7,0.0,8.867142857142857,91.29857142857144,2023,5,,,,,,,,
甜菜夜蛾,BAW,江宁槐湖果园测报点_1_15_诱虫量,江宁槐湖果园测报点,江苏省南京市江宁区,2023-02-12,7,0.0,10.581428571428573,69.18142857142857,2023,6,,,,,,,,
甜菜夜蛾,BAW,江宁槐湖果园测报点_1_15_诱虫量,江宁槐湖果园测报点,江苏省南京市江宁区,2023-02-19,7,1.0,8.997142857142856,64.87571428571428,2023,7,,,,,,,,
甜菜夜蛾,BAW,江宁槐湖果园测报点_1_15_诱虫量,江宁槐湖果园测报点,江苏省南京市江宁区,2023-02-26,7,6.0,16.580000000000002,48.68,2023,8,,,,,,,,
甜菜夜蛾,BAW,江宁槐湖果园测报点_1_15_诱虫量,江宁槐湖果园测报点,江苏省南京市江宁区,2023-03-05,7,1.0,22.497142857142855,55.059999999999995,2023,9,,,,,,,,
甜菜夜蛾,BAW,江宁槐湖果园测报点_1_15_诱虫量,江宁槐湖果园测报点,江苏省南京市江宁区,2023-03-12,7,0.0,15.422857142857143,57.77571428571429,2023,10,,,,,,,,
甜菜夜蛾,BAW,江宁槐湖果园测报点_1_15_诱虫量,江宁槐湖果园测报点,江苏省南京市江宁区,2023-03-19,7,0.0,13.767142857142858,77.53999999999999,2023,11,,,,,,,,
甜菜夜蛾,BAW,江宁槐湖果园测报点_1_15_诱虫量,江宁槐湖果园测报点,江苏省南京市江宁区,2023-03-26,7,2.0,19.41,59.41142857142857,2023,12,,,,,,,,
甜菜夜蛾,BAW,江宁槐湖果园测报点_1_15_诱虫量,江宁槐湖果园测报点,江苏省南京市江宁区,2023-04-02,7,5.0,17.244285714285716,71.11714285714285,2023,13,,,,,,,,
甜菜夜蛾,BAW,江宁槐湖果园测报点_1_15_诱虫量,江宁槐湖果园测报点,江苏省南京市江宁区,2023-04-09,7,2.0,24.618571428571425,52.598571428571425,2023,14,,,,,,,,
甜菜夜蛾,BAW,江宁槐湖果园测报点_1_15_诱虫量,江宁槐湖果园测报点,江苏省南京市江宁区,2023-04-16,7,0.0,25.214285714285715,61.371428571428574,2023,15,,,,,,,,
甜菜夜蛾,BAW,江宁槐湖果园测报点_1_15_诱虫量,江宁槐湖果园测报点,江苏省南京市江宁区,2023-04-23,7,1.0,19.90857142857143,66.11142857142856,2023,16,,,,,,,,
甜菜夜蛾,BAW,江宁槐湖果园测报点_1_15_诱虫量,江宁槐湖果园测报点,江苏省南京市江宁区,2023-04-30,7,1.0,24.36285714285714,70.35714285714286,2023,17,,,,,,,,
甜菜夜蛾,BAW,江宁槐湖果园测报点_1_15_诱虫量,江宁槐湖果园测报点,江苏省南京市江宁区,2023-05-07,7,0.0,23.005714285714284,59.620000000000005,2023,18,,,,,,,,
甜菜夜蛾,BAW,江宁槐湖果园测报点_1_15_诱虫量,江宁槐湖果园测报点,江苏省南京市江宁区,2023-05-14,7,1.0,28.13714285714286,64.23428571428572,2023,19,,,,,,,,
甜菜夜蛾,BAW,江宁槐湖果园测报点_1_15_诱虫量,江宁槐湖果园测报点,江苏省南京市江宁区,2023-05-21,7,2.0,24.882857142857144,73.0957142857143,2023,20,,,,,,,,
甜菜夜蛾,BAW,江宁槐湖果园测报点_1_15_诱虫量,江宁槐湖果园测报点,江苏省南京市江宁区,2023-05-28,7,14.0,30.157142857142855,68.74714285714286,2023,21,,,,,,,,
甜菜夜蛾,BAW,江宁槐湖果园测报点_1_15_诱虫量,江宁槐湖果园测报点,江苏省南京市江宁区,2023-06-04,7,18.0,28.912857142857145,70.65714285714286,2023,22,32.3,20.1,84.14,74.14,29.6,2.38,48.59,25.72
甜菜夜蛾,BAW,江宁槐湖果园测报点_1_15_诱虫量,江宁槐湖果园测报点,江苏省南京市江宁区,2023-06-11,7,14.0,29.985714285714288,67.06571428571428,2023,23,34.2,16.0,80.43,75.0,31.1,2.66,59.78,28.9
甜菜夜蛾,BAW,江宁槐湖果园测报点_1_15_诱虫量,江宁槐湖果园测报点,江苏省南京市江宁区,2023-06-18,7,14.0,29.284285714285716,80.65857142857143,2023,24,32.4,19.2,80.14,65.0,8.5,2.69,57.13,31.06
甜菜夜蛾,BAW,江宁槐湖果园测报点_1_15_诱虫量,江宁槐湖果园测报点,江苏省南京市江宁区,2023-06-25,7,22.0,32.04571428571428,76.84142857142857,2023,25,31.4,20.5,87.57,74.57,82.3,2.55,29.04,21.42
甜菜夜蛾,BAW,江宁槐湖果园测报点_1_15_诱虫量,江宁槐湖果园测报点,江苏省南京市江宁区,2023-07-02,7,19.0,32.721428571428575,78.68142857142857,2023,26,32.8,21.5,86.29,78.86,64.0,2.94,49.98,24.98
甜菜夜蛾,BAW,江宁槐湖果园测报点_1_15_诱虫量,江宁槐湖果园测报点,江苏省南京市江宁区,2023-07-09,7,7.0,33.68857142857143,74.88,2023,27,32.9,23.9,87.86,82.29,123.1,3.4,45.76,24.46
甜菜夜蛾,BAW,江宁槐湖果园测报点_1_15_诱虫量,江宁槐湖果园测报点,江苏省南京市江宁区,2023-07-16,7,4.0,31.194285714285716,82.39428571428572,2023,28,34.9,24.6,84.57,77.0,27.6,3.38,49.19,28.48
甜菜夜蛾,BAW,江宁槐湖果园测报点_1_15_诱虫量,江宁槐湖果园测报点,江苏省南京市江宁区,2023-07-23,3,1.0,32.98666666666667,78.03333333333333,2023,29,31.5,23.5,89.43,84.71,117.0,2.29,34.08,19.55
甜菜夜蛾,BAW,江宁槐湖果园测报点_1_15_诱虫量,江宁槐湖果园测报点,江苏省南京市江宁区,2023-08-20,3,4.0,32.43,69.33,2023,33,33.7,23.9,86.57,81.29,26.5,2.19,77.01,29.64
甜菜夜蛾,BAW,江宁槐湖果园测报点_1_15_诱虫量,江宁槐湖果园测报点,江苏省南京市江宁区,2023-08-27,7,3.0,29.172857142857143,73.71857142857142,2023,34,32.0,22.4,82.71,72.0,27.1,2.8,70.93,31.5
甜菜夜蛾,BAW,江宁槐湖果园测报点_1_15_诱虫量,江宁槐湖果园测报点,江苏省南京市江宁区,2023-09-03,7,16.0,31.047142857142855,73.38285714285713,2023,35,29.4,18.5,86.86,78.57,59.2,2.79,42.5,22.49
甜菜夜蛾,BAW,江宁槐湖果园测报点_1_15_诱虫量,江宁槐湖果园测报点,江苏省南京市江宁区,2023-09-10,7,20.0,27.35571428571429,84.60857142857142,2023,36,31.0,21.7,88.0,73.71,2.5,2.83,74.88,29.19
甜菜夜蛾,BAW,江宁槐湖果园测报点_1_15_诱虫量,江宁槐湖果园测报点,江苏省南京市江宁区,2023-09-17,7,15.0,25.604285714285712,86.04857142857144,2023,37,31.4,20.4,87.43,82.14,74.6,2.74,29.78,17.15
甜菜夜蛾,BAW,江宁槐湖果园测报点_1_15_诱虫量,江宁槐湖果园测报点,江苏省南京市江宁区,2023-09-24,7,27.0,27.184285714285714,81.16857142857143,2023,38,32.0,18.8,88.57,77.57,41.3,2.51,30.18,16.82
甜菜夜蛾,BAW,江宁槐湖果园测报点_1_15_诱虫量,江宁槐湖果园测报点,江苏省南京市江宁区,2023-10-01,7,3.0,23.898571428571426,73.13428571428571,2023,39,28.2,19.1,89.57,82.43,13.3,2.19,45.28,17.44
甜菜夜蛾,BAW,江宁槐湖果园测报点_1_15_诱虫量,江宁槐湖果园测报点,江苏省南京市江宁区,2023-10-08,7,19.0,23.095714285714287,73.73714285714286,2023,40,25.5,15.7,80.86,71.71,21.7,3.55,38.52,19.59
甜菜夜蛾,BAW,江宁槐湖果园测报点_1_15_诱虫量,江宁槐湖果园测报点,江苏省南京市江宁区,2023-10-15,7,3.0,23.53857142857143,64.29142857142857,2023,41,23.6,13.5,84.86,74.14,0.0,2.05,50.14,17.04
甜菜夜蛾,BAW,江宁槐湖果园测报点_1_15_诱虫量,江宁槐湖果园测报点,江苏省南京市江宁区,2023-10-22,7,0.0,22.937142857142856,69.97,2023,42,26.1,9.6,84.43,62.0,4.0,2.46,71.43,22.45
甜菜夜蛾,BAW,江宁槐湖果园测报点_1_15_诱虫量,江宁槐湖果园测报点,江苏省南京市江宁区,2023-10-29,7,1.0,24.87142857142857,68.61142857142856,2023,43,25.6,9.6,85.14,64.29,0.0,1.94,60.15,18.61
甜菜夜蛾,BAW,江宁槐湖果园测报点_1_15_诱虫量,江宁槐湖果园测报点,江苏省南京市江宁区,2023-11-05,5,0.0,12.86,85.49666666666667,2023,44,27.6,12.9,83.57,69.14,0.8,2.48,60.23,19.36
甜菜夜蛾,BAW,江宁槐湖果园测报点_1_15_诱虫量,江宁槐湖果园测报点,江苏省南京市江宁区,2023-11-12,7,0.0,13.587142857142856,57.40714285714286,2023,45,,,,,,,,
甜菜夜蛾,BAW,江宁槐湖果园测报点_1_15_诱虫量,江宁槐湖果园测报点,江苏省南京市江宁区,2023-11-19,7,1.0,16.490000000000002,58.95428571428572,2023,46,,,,,,,,
甜菜夜蛾,BAW,江宁槐湖果园测报点_1_15_诱虫量,江宁槐湖果园测报点,江苏省南京市江宁区,2023-11-26,7,0.0,15.308571428571428,51.83714285714286,2023,47,,,,,,,,
甜菜夜蛾,BAW,江宁槐湖果园测报点_1_15_诱虫量,江宁槐湖果园测报点,江苏省南京市江宁区,2023-12-03,3,0.0,17.43,51.01333333333333,2023,48,,,,,,,,
甜菜夜蛾,BAW,江宁槐湖果园测报点_1_15_诱虫量,江宁槐湖果园测报点,江苏省南京市江宁区,2023-12-10,2,0.0,4.005,56.64,2023,49,,,,,,,,
甜菜夜蛾,BAW,江宁槐湖果园测报点_1_15_诱虫量,江宁槐湖果园测报点,江苏省南京市江宁区,2023-12-17,1,0.0,15.9,17.9,2023,50,,,,,,,,
甜菜夜蛾,BAW,江宁槐湖果园测报点_1_15_诱虫量,江宁槐湖果园测报点,江苏省南京市江宁区,2023-12-31,1,0.0,6.96,77.58,2023,52,,,,,,,,
甜菜夜蛾,BAW,江宁槐湖果园测报点_1_15_诱虫量,江宁槐湖果园测报点,江苏省南京市江宁区,2024-01-07,6,0.0,10.731666666666667,64.04166666666667,2024,1,,,,,,,,
甜菜夜蛾,BAW,江宁槐湖果园测报点_1_15_诱虫量,江宁槐湖果园测报点,江苏省南京市江宁区,2024-03-10,5,12.0,15.925999999999998,66.75,2024,10,,,,,,,,
甜菜夜蛾,BAW,江宁槐湖果园测报点_1_15_诱虫量,江宁槐湖果园测报点,江苏省南京市江宁区,2024-03-17,7,12.0,15.981428571428571,65.63571428571429,2024,11,,,,,,,,
甜菜夜蛾,BAW,江宁槐湖果园测报点_1_15_诱虫量,江宁槐湖果园测报点,江苏省南京市江宁区,2024-03-24,7,28.0,17.009999999999998,79.86,2024,12,,,,,,,,
甜菜夜蛾,BAW,江宁槐湖果园测报点_1_15_诱虫量,江宁槐湖果园测报点,江苏省南京市江宁区,2024-03-31,7,18.0,18.928571428571427,73.16142857142857,2024,13,,,,,,,,
甜菜夜蛾,BAW,江宁槐湖果园测报点_1_15_诱虫量,江宁槐湖果园测报点,江苏省南京市江宁区,2024-04-07,7,25.0,20.150000000000002,77.07571428571428,2024,14,,,,,,,,
甜菜夜蛾,BAW,江宁槐湖果园测报点_1_15_诱虫量,江宁槐湖果园测报点,江苏省南京市江宁区,2024-04-14,7,7.0,21.88714285714286,77.01285714285714,2024,15,,,,,,,,
甜菜夜蛾,BAW,江宁槐湖果园测报点_1_15_诱虫量,江宁槐湖果园测报点,江苏省南京市江宁区,2024-04-21,7,19.0,24.09714285714286,68.44142857142857,2024,16,,,,,,,,
甜菜夜蛾,BAW,江宁槐湖果园测报点_1_15_诱虫量,江宁槐湖果园测报点,江苏省南京市江宁区,2024-04-28,7,48.0,19.37142857142857,79.78428571428572,2024,17,,,,,,,,
甜菜夜蛾,BAW,江宁槐湖果园测报点_1_15_诱虫量,江宁槐湖果园测报点,江苏省南京市江宁区,2024-05-05,7,57.0,23.708571428571425,72.97285714285714,2024,18,,,,,,,,
甜菜夜蛾,BAW,江宁槐湖果园测报点_1_15_诱虫量,江宁槐湖果园测报点,江苏省南京市江宁区,2024-05-12,7,2.0,27.225714285714282,58.32571428571429,2024,19,,,,,,,,
甜菜夜蛾,BAW,江宁槐湖果园测报点_1_15_诱虫量,江宁槐湖果园测报点,江苏省南京市江宁区,2024-05-19,7,3.0,28.574285714285715,68.62285714285714,2024,20,,,,,,,,
甜菜夜蛾,BAW,江宁槐湖果园测报点_1_15_诱虫量,江宁槐湖果园测报点,江苏省南京市江宁区,2024-05-26,7,2.0,24.564285714285717,74.22571428571429,2024,21,,,,,,,,
甜菜夜蛾,BAW,江宁槐湖果园测报点_1_15_诱虫量,江宁槐湖果园测报点,江苏省南京市江宁区,2024-06-02,7,1.0,27.194285714285712,68.16428571428571,2024,22,26.9,14.2,77.71,68.43,42.5,2.69,50.74,25.99
甜菜夜蛾,BAW,江宁槐湖果园测报点_1_15_诱虫量,江宁槐湖果园测报点,江苏省南京市江宁区,2024-06-09,7,0.0,32.058571428571426,66.62857142857142,2024,23,30.9,17.1,76.86,61.71,5.2,2.43,62.66,30.94
甜菜夜蛾,BAW,江宁槐湖果园测报点_1_15_诱虫量,江宁槐湖果园测报点,江苏省南京市江宁区,2024-06-16,7,14.0,29.577142857142857,76.86,2024,24,34.2,20.7,79.71,58.71,0.7,2.43,71.14,35.09
甜菜夜蛾,BAW,江宁槐湖果园测报点_1_15_诱虫量,江宁槐湖果园测报点,江苏省南京市江宁区,2024-06-23,7,35.0,26.824285714285715,88.27142857142857,2024,25,32.3,21.3,85.0,69.86,96.1,3.32,46.58,27.17
甜菜夜蛾,BAW,江宁槐湖果园测报点_1_15_诱虫量,江宁槐湖果园测报点,江苏省南京市江宁区,2024-06-30,7,71.0,31.697142857142858,79.9057142857143,2024,26,30.9,20.7,88.71,85.57,179.0,2.73,26.58,17.62
甜菜夜蛾,BAW,江宁槐湖果园测报点_1_15_诱虫量,江宁槐湖果园测报点,江苏省南京市江宁区,2024-07-07,7,49.0,30.212857142857143,84.60285714285715,2024,27,34.9,22.6,81.14,78.57,41.8,4.14,62.65,32.6
甜菜夜蛾,BAW,江宁槐湖果园测报点_1_15_诱虫量,江宁槐湖果园测报点,江苏省南京市江宁区,2024-07-14,7,20.0,33.042857142857144,79.78428571428572,2024,28,35.0,21.4,88.57,86.0,168.8,2.44,20.72,18.18
甜菜夜蛾,BAW,江宁槐湖果园测报点_1_15_诱虫量,江宁槐湖果园测报点,江苏省南京市江宁区,2024-07-21,7,25.0,35.21714285714286,72.48428571428572,2024,29,35.2,24.3,81.86,78.57,22.4,3.39,35.37,25.73
甜菜夜蛾,BAW,江宁槐湖果园测报点_1_15_诱虫量,江宁槐湖果园测报点,江苏省南京市江宁区,2024-07-28,7,14.0,37.42714285714286,66.64714285714285,2024,30,36.7,27.0,80.57,71.86,6.1,4.7,71.71,37.84
甜菜夜蛾,BAW,江宁槐湖果园测报点_1_15_诱虫量,江宁槐湖果园测报点,江苏省南京市江宁区,2024-08-04,7,67.0,38.21999999999999,64.65285714285714,2024,31,37.5,27.6,76.0,71.57,9.5,2.75,86.5,40.56
甜菜夜蛾,BAW,江宁槐湖果园测报点_1_15_诱虫量,江宁槐湖果园测报点,江苏省南京市江宁区,2024-08-11,7,11.0,34.38,71.72,2024,32,37.8,27.1,76.86,66.71,62.0,1.88,83.96,39.02
甜菜夜蛾,BAW,江宁槐湖果园测报点_1_15_诱虫量,江宁槐湖果园测报点,江苏省南京市江宁区,2024-08-18,7,16.0,33.35,78.49142857142859,2024,33,36.3,24.9,84.43,67.71,34.3,2.42,75.24,33.56
甜菜夜蛾,BAW,江宁槐湖果园测报点_1_15_诱虫量,江宁槐湖果园测报点,江苏省南京市江宁区,2024-08-25,7,46.0,33.95857142857143,75.02,2024,34,34.7,25.4,84.71,77.86,50.4,1.93,64.42,27.34
甜菜夜蛾,BAW,江宁槐湖果园测报点_1_15_诱虫量,江宁槐湖果园测报点,江苏省南京市江宁区,2024-09-01,7,32.0,34.26428571428571,71.84285714285714,2024,35,35.2,24.1,83.43,71.71,6.3,2.35,74.77,30.13
甜菜夜蛾,BAW,江宁槐湖果园测报点_1_15_诱虫量,江宁槐湖果园测报点,江苏省南京市江宁区,2024-09-08,7,41.0,32.72571428571429,77.70857142857143,2024,36,33.8,24.2,79.29,68.43,2.9,3.23,78.8,33.31
甜菜夜蛾,BAW,江宁槐湖果园测报点_1_15_诱虫量,江宁槐湖果园测报点,江苏省南京市江宁区,2024-09-15,7,22.0,29.169999999999998,82.99428571428572,2024,37,33.8,23.6,88.14,80.14,83.0,3.4,57.66,23.89
甜菜夜蛾,BAW,江宁槐湖果园测报点_1_15_诱虫量,江宁槐湖果园测报点,江苏省南京市江宁区,2024-09-22,7,22.0,26.815714285714286,74.20285714285714,2024,38,31.6,17.4,81.14,76.86,124.9,5.49,54.64,24.01
甜菜夜蛾,BAW,江宁槐湖果园测报点_1_15_诱虫量,江宁槐湖果园测报点,江苏省南京市江宁区,2024-09-29,7,17.0,22.937142857142856,74.0,2024,39,29.1,15.8,86.14,76.0,15.1,2.67,66.18,23.31
甜菜夜蛾,BAW,江宁槐湖果园测报点_1_15_诱虫量,江宁槐湖果园测报点,江苏省南京市江宁区,2024-10-06,7,1.0,21.584285714285716,79.07714285714285,2024,40,28.6,11.9,79.0,72.14,17.2,3.38,48.16,18.62
甜菜夜蛾,BAW,江宁槐湖果园测报点_1_15_诱虫量,江宁槐湖果园测报点,江苏省南京市江宁区,2024-10-13,7,15.0,22.25857142857143,85.9342857142857,2024,41,25.2,13.1,85.0,74.71,16.7,2.16,49.5,16.94
甜菜夜蛾,BAW,江宁槐湖果园测报点_1_15_诱虫量,江宁槐湖果园测报点,江苏省南京市江宁区,2024-10-20,7,7.0,18.782857142857146,81.42571428571429,2024,42,27.2,11.2,86.57,77.0,49.2,3.66,31.77,14.95
甜菜夜蛾,BAW,江宁槐湖果园测报点_1_15_诱虫量,江宁槐湖果园测报点,江苏省南京市江宁区,2024-10-27,7,13.0,19.47714285714286,78.2057142857143,2024,43,22.3,8.6,88.29,80.43,20.0,3.16,35.15,12.25
甜菜夜蛾,BAW,江宁槐湖果园测报点_1_15_诱虫量,江宁槐湖果园测报点,江苏省南京市江宁区,2024-11-03,7,3.0,18.560000000000002,71.96857142857142,2024,44,22.0,9.3,87.57,74.57,6.8,2.95,55.84,15.81
甜菜夜蛾,BAW,江宁槐湖果园测报点_1_15_诱虫量,江宁槐湖果园测报点,江苏省南京市江宁区,2024-11-10,7,5.0,20.888571428571428,79.36142857142856,2024,45,,,,,,,,
甜菜夜蛾,BAW,江宁槐湖果园测报点_1_15_诱虫量,江宁槐湖果园测报点,江苏省南京市江宁区,2024-11-17,7,0.0,13.074285714285713,75.64857142857143,2024,46,,,,,,,,
甜菜夜蛾,BAW,江宁槐湖果园测报点_1_15_诱虫量,江宁槐湖果园测报点,江苏省南京市江宁区,2024-11-24,7,0.0,12.04857142857143,62.57285714285714,2024,47,,,,,,,,
甜菜夜蛾,BAW,江宁槐湖果园测报点_1_15_诱虫量,江宁槐湖果园测报点,江苏省南京市江宁区,2024-12-01,7,0.0,11.724285714285713,73.23285714285714,2024,48,,,,,,,,
甜菜夜蛾,BAW,江宁槐湖果园测报点_1_15_诱虫量,江宁槐湖果园测报点,江苏省南京市江宁区,2024-12-08,7,0.0,6.804285714285713,73.00571428571429,2024,49,,,,,,,,
甜菜夜蛾,BAW,江宁槐湖果园测报点_1_15_诱虫量,江宁槐湖果园测报点,江苏省南京市江宁区,2024-12-15,7,2.0,5.575714285714286,63.42142857142857,2024,50,,,,,,,,
甜菜夜蛾,BAW,江宁槐湖果园测报点_1_15_诱虫量,江宁槐湖果园测报点,江苏省南京市江宁区,2024-12-22,7,0.0,7.4957142857142856,63.32714285714285,2024,51,,,,,,,,
甜菜夜蛾,BAW,江宁槐湖果园测报点_1_15_诱虫量,江宁槐湖果园测报点,江苏省南京市江宁区,2024-12-29,3,0.0,7.615,54.685,2024,52,,,,,,,,
甜菜夜蛾,BAW,雄州街道钱仓村 甜菜夜蛾_1_14_诱虫量,雄州街道钱仓村 甜菜夜蛾,江苏省南京市六合区,2024-08-25,1,8.0,,,2024,34,34.7,25.4,84.71,77.86,50.4,1.93,64.42,27.34
甜菜夜蛾,BAW,雄州街道钱仓村 甜菜夜蛾_1_14_诱虫量,雄州街道钱仓村 甜菜夜蛾,江苏省南京市六合区,2024-10-13,3,3.0,19.64,77.14333333333333,2024,41,25.2,13.1,85.0,74.71,16.7,2.16,49.5,16.94
甜菜夜蛾,BAW,雄州街道钱仓村 甜菜夜蛾_1_14_诱虫量,雄州街道钱仓村 甜菜夜蛾,江苏省南京市六合区,2024-10-20,7,7.0,14.76,85.83428571428571,2024,42,27.2,11.2,86.57,77.0,49.2,3.66,31.77,14.95
甜菜夜蛾,BAW,雄州街道钱仓村 甜菜夜蛾_1_14_诱虫量,雄州街道钱仓村 甜菜夜蛾,江苏省南京市六合区,2024-10-27,7,10.0,14.652857142857142,83.03142857142858,2024,43,22.3,8.6,88.29,80.43,20.0,3.16,35.15,12.25
甜菜夜蛾,BAW,雄州街道钱仓村 甜菜夜蛾_1_14_诱虫量,雄州街道钱仓村 甜菜夜蛾,江苏省南京市六合区,2024-11-03,7,15.0,13.064285714285715,78.03285714285714,2024,44,22.0,9.3,87.57,74.57,6.8,2.95,55.84,15.81
甜菜夜蛾,BAW,雄州街道钱仓村 甜菜夜蛾_1_14_诱虫量,雄州街道钱仓村 甜菜夜蛾,江苏省南京市六合区,2024-11-10,7,11.0,16.37857142857143,84.15142857142857,2024,45,,,,,,,,
甜菜夜蛾,BAW,雄州街道钱仓村 甜菜夜蛾_1_14_诱虫量,雄州街道钱仓村 甜菜夜蛾,江苏省南京市六合区,2024-11-17,7,1.0,8.995714285714286,78.18714285714285,2024,46,,,,,,,,
甜菜夜蛾,BAW,雄州街道钱仓村 甜菜夜蛾_1_14_诱虫量,雄州街道钱仓村 甜菜夜蛾,江苏省南京市六合区,2024-11-24,7,0.0,7.227142857142858,64.54857142857144,2024,47,,,,,,,,
甜菜夜蛾,BAW,雄州街道钱仓村 甜菜夜蛾_1_14_诱虫量,雄州街道钱仓村 甜菜夜蛾,江苏省南京市六合区,2024-12-01,7,0.0,7.107142857142857,79.41857142857144,2024,48,,,,,,,,
甜菜夜蛾,BAW,雄州街道钱仓村 甜菜夜蛾_1_14_诱虫量,雄州街道钱仓村 甜菜夜蛾,江苏省南京市六合区,2024-12-08,7,0.0,3.0285714285714285,73.78571428571429,2024,49,,,,,,,,
甜菜夜蛾,BAW,雄州街道钱仓村 甜菜夜蛾_1_14_诱虫量,雄州街道钱仓村 甜菜夜蛾,江苏省南京市六合区,2024-12-15,7,0.0,0.8385714285714286,69.60571428571428,2024,50,,,,,,,,
甜菜夜蛾,BAW,雄州街道钱仓村 甜菜夜蛾_1_14_诱虫量,雄州街道钱仓村 甜菜夜蛾,江苏省南京市六合区,2024-12-22,7,0.0,1.8228571428571427,67.09142857142857,2024,51,,,,,,,,
甜菜夜蛾,BAW,雄州街道钱仓村 甜菜夜蛾_1_14_诱虫量,雄州街道钱仓村 甜菜夜蛾,江苏省南京市六合区,2024-12-29,3,0.0,2.15,61.53,2024,52,,,,,,,,
甜菜夜蛾,BAW,龙池街道朱营 甜菜夜蛾_1_13_诱虫量,龙池街道朱营 甜菜夜蛾,江苏省南京市六合区,2023-10-15,1,6.0,25.65,51.98,2023,41,23.6,13.5,84.86,74.14,0.0,2.05,50.14,17.04
甜菜夜蛾,BAW,龙池街道朱营 甜菜夜蛾_1_13_诱虫量,龙池街道朱营 甜菜夜蛾,江苏省南京市六合区,2023-11-05,2,10.0,9.9,83.545,2023,44,27.6,12.9,83.57,69.14,0.8,2.48,60.23,19.36
甜菜夜蛾,BAW,龙池街道朱营 甜菜夜蛾_1_13_诱虫量,龙池街道朱营 甜菜夜蛾,江苏省南京市六合区,2023-11-12,7,1.0,8.485714285714286,70.37714285714286,2023,45,,,,,,,,
甜菜夜蛾,BAW,龙池街道朱营 甜菜夜蛾_1_13_诱虫量,龙池街道朱营 甜菜夜蛾,江苏省南京市六合区,2023-11-19,7,1.0,10.507142857142856,73.01857142857143,2023,46,,,,,,,,
甜菜夜蛾,BAW,龙池街道朱营 甜菜夜蛾_1_13_诱虫量,龙池街道朱营 甜菜夜蛾,江苏省南京市六合区,2023-11-26,7,1.0,6.378571428571428,72.08428571428571,2023,47,,,,,,,,
甜菜夜蛾,BAW,龙池街道朱营 甜菜夜蛾_1_13_诱虫量,龙池街道朱营 甜菜夜蛾,江苏省南京市六合区,2023-12-03,7,1.0,10.15857142857143,72.06428571428572,2023,48,,,,,,,,
甜菜夜蛾,BAW,龙池街道朱营 甜菜夜蛾_1_13_诱虫量,龙池街道朱营 甜菜夜蛾,江苏省南京市六合区,2023-12-10,7,0.0,4.0442857142857145,86.44285714285715,2023,49,,,,,,,,
甜菜夜蛾,BAW,龙池街道朱营 甜菜夜蛾_1_13_诱虫量,龙池街道朱营 甜菜夜蛾,江苏省南京市六合区,2023-12-17,7,0.0,-1.957142857142857,72.72285714285714,2023,50,,,,,,,,
甜菜夜蛾,BAW,龙池街道朱营 甜菜夜蛾_1_13_诱虫量,龙池街道朱营 甜菜夜蛾,江苏省南京市六合区,2023-12-24,7,0.0,4.444285714285714,81.28142857142858,2023,51,,,,,,,,
甜菜夜蛾,BAW,龙池街道朱营 甜菜夜蛾_1_13_诱虫量,龙池街道朱营 甜菜夜蛾,江苏省南京市六合区,2023-12-31,7,0.0,3.1485714285714286,86.33714285714287,2023,52,,,,,,,,
甜菜夜蛾,BAW,龙池街道朱营 甜菜夜蛾_1_13_诱虫量,龙池街道朱营 甜菜夜蛾,江苏省南京市六合区,2024-01-07,7,0.0,4.447142857142857,79.69571428571429,2024,1,,,,,,,,
甜菜夜蛾,BAW,龙池街道朱营 甜菜夜蛾_1_13_诱虫量,龙池街道朱营 甜菜夜蛾,江苏省南京市六合区,2024-01-14,7,0.0,4.128571428571428,89.20714285714287,2024,2,,,,,,,,
甜菜夜蛾,BAW,龙池街道朱营 甜菜夜蛾_1_13_诱虫量,龙池街道朱营 甜菜夜蛾,江苏省南京市六合区,2024-01-21,7,0.0,-1.0385714285714285,72.31142857142858,2024,3,,,,,,,,
甜菜夜蛾,BAW,龙池街道朱营 甜菜夜蛾_1_13_诱虫量,龙池街道朱营 甜菜夜蛾,江苏省南京市六合区,2024-01-28,7,0.0,3.7314285714285718,88.46428571428571,2024,4,,,,,,,,
甜菜夜蛾,BAW,龙池街道朱营 甜菜夜蛾_1_13_诱虫量,龙池街道朱营 甜菜夜蛾,江苏省南京市六合区,2024-02-04,7,0.0,1.8828571428571428,83.41142857142857,2024,5,,,,,,,,
甜菜夜蛾,BAW,龙池街道朱营 甜菜夜蛾_1_13_诱虫量,龙池街道朱营 甜菜夜蛾,江苏省南京市六合区,2024-02-11,7,1.0,10.037142857142857,73.40142857142857,2024,6,,,,,,,,
甜菜夜蛾,BAW,龙池街道朱营 甜菜夜蛾_1_13_诱虫量,龙池街道朱营 甜菜夜蛾,江苏省南京市六合区,2024-02-18,7,0.0,2.6342857142857143,90.23142857142857,2024,7,,,,,,,,
甜菜夜蛾,BAW,龙池街道朱营 甜菜夜蛾_1_13_诱虫量,龙池街道朱营 甜菜夜蛾,江苏省南京市六合区,2024-02-25,7,0.0,4.304285714285714,77.36857142857141,2024,8,,,,,,,,
甜菜夜蛾,BAW,龙池街道朱营 甜菜夜蛾_1_13_诱虫量,龙池街道朱营 甜菜夜蛾,江苏省南京市六合区,2024-03-03,7,0.0,8.165714285714285,77.17,2024,9,,,,,,,,
甜菜夜蛾,BAW,龙池街道朱营 甜菜夜蛾_1_13_诱虫量,龙池街道朱营 甜菜夜蛾,江苏省南京市六合区,2024-03-10,7,0.0,13.231428571428571,70.98714285714286,2024,10,,,,,,,,
甜菜夜蛾,BAW,龙池街道朱营 甜菜夜蛾_1_13_诱虫量,龙池街道朱营 甜菜夜蛾,江苏省南京市六合区,2024-03-17,7,0.0,12.952857142857143,70.32000000000001,2024,11,,,,,,,,
甜菜夜蛾,BAW,龙池街道朱营 甜菜夜蛾_1_13_诱虫量,龙池街道朱营 甜菜夜蛾,江苏省南京市六合区,2024-03-24,7,2.0,14.94,81.93142857142857,2024,12,,,,,,,,
甜菜夜蛾,BAW,龙池街道朱营 甜菜夜蛾_1_13_诱虫量,龙池街道朱营 甜菜夜蛾,江苏省南京市六合区,2024-03-31,7,0.0,16.795714285714286,74.74857142857142,2024,13,,,,,,,,
甜菜夜蛾,BAW,龙池街道朱营 甜菜夜蛾_1_13_诱虫量,龙池街道朱营 甜菜夜蛾,江苏省南京市六合区,2024-04-07,7,1.0,18.10142857142857,79.11285714285714,2024,14,,,,,,,,
甜菜夜蛾,BAW,龙池街道朱营 甜菜夜蛾_1_13_诱虫量,龙池街道朱营 甜菜夜蛾,江苏省南京市六合区,2024-04-14,7,3.0,19.19857142857143,78.09857142857143,2024,15,,,,,,,,
甜菜夜蛾,BAW,龙池街道朱营 甜菜夜蛾_1_13_诱虫量,龙池街道朱营 甜菜夜蛾,江苏省南京市六合区,2024-04-21,7,1.0,21.34142857142857,73.42999999999999,2024,16,,,,,,,,
甜菜夜蛾,BAW,龙池街道朱营 甜菜夜蛾_1_13_诱虫量,龙池街道朱营 甜菜夜蛾,江苏省南京市六合区,2024-04-28,7,1.0,18.082857142857144,78.87285714285714,2024,17,,,,,,,,
甜菜夜蛾,BAW,龙池街道朱营 甜菜夜蛾_1_13_诱虫量,龙池街道朱营 甜菜夜蛾,江苏省南京市六合区,2024-05-05,7,3.0,21.377142857142854,75.91428571428571,2024,18,,,,,,,,
甜菜夜蛾,BAW,龙池街道朱营 甜菜夜蛾_1_13_诱虫量,龙池街道朱营 甜菜夜蛾,江苏省南京市六合区,2024-05-12,7,0.0,26.204285714285714,58.84142857142857,2024,19,,,,,,,,
甜菜夜蛾,BAW,龙池街道朱营 甜菜夜蛾_1_13_诱虫量,龙池街道朱营 甜菜夜蛾,江苏省南京市六合区,2024-05-19,7,10.0,26.609999999999996,72.61,2024,20,,,,,,,,
甜菜夜蛾,BAW,龙池街道朱营 甜菜夜蛾_1_13_诱虫量,龙池街道朱营 甜菜夜蛾,江苏省南京市六合区,2024-05-26,7,5.0,23.36285714285714,71.53999999999999,2024,21,,,,,,,,
甜菜夜蛾,BAW,龙池街道朱营 甜菜夜蛾_1_13_诱虫量,龙池街道朱营 甜菜夜蛾,江苏省南京市六合区,2024-06-02,7,3.0,25.194285714285716,69.58142857142857,2024,22,26.9,14.2,77.71,68.43,42.5,2.69,50.74,25.99
甜菜夜蛾,BAW,龙池街道朱营 甜菜夜蛾_1_13_诱虫量,龙池街道朱营 甜菜夜蛾,江苏省南京市六合区,2024-06-09,7,4.0,30.11285714285714,68.46571428571428,2024,23,30.9,17.1,76.86,61.71,5.2,2.43,62.66,30.94
甜菜夜蛾,BAW,龙池街道朱营 甜菜夜蛾_1_13_诱虫量,龙池街道朱营 甜菜夜蛾,江苏省南京市六合区,2024-06-16,7,3.0,28.54,76.26,2024,24,34.2,20.7,79.71,58.71,0.7,2.43,71.14,35.09
甜菜夜蛾,BAW,龙池街道朱营 甜菜夜蛾_1_13_诱虫量,龙池街道朱营 甜菜夜蛾,江苏省南京市六合区,2024-06-23,7,1.0,26.00857142857143,85.28285714285714,2024,25,32.3,21.3,85.0,69.86,96.1,3.32,46.58,27.17
甜菜夜蛾,BAW,龙池街道朱营 甜菜夜蛾_1_13_诱虫量,龙池街道朱营 甜菜夜蛾,江苏省南京市六合区,2024-06-30,7,6.0,29.81142857142857,81.52,2024,26,30.9,20.7,88.71,85.57,179.0,2.73,26.58,17.62
甜菜夜蛾,BAW,龙池街道朱营 甜菜夜蛾_1_13_诱虫量,龙池街道朱营 甜菜夜蛾,江苏省南京市六合区,2024-07-07,7,2.0,28.274285714285714,86.01857142857143,2024,27,34.9,22.6,81.14,78.57,41.8,4.14,62.65,32.6
甜菜夜蛾,BAW,龙池街道朱营 甜菜夜蛾_1_13_诱虫量,龙池街道朱营 甜菜夜蛾,江苏省南京市六合区,2024-07-14,7,0.0,30.45,82.67142857142858,2024,28,35.0,21.4,88.57,86.0,168.8,2.44,20.72,18.18
甜菜夜蛾,BAW,龙池街道朱营 甜菜夜蛾_1_13_诱虫量,龙池街道朱营 甜菜夜蛾,江苏省南京市六合区,2024-07-21,7,0.0,33.652857142857144,73.88714285714286,2024,29,35.2,24.3,81.86,78.57,22.4,3.39,35.37,25.73
甜菜夜蛾,BAW,龙池街道朱营 甜菜夜蛾_1_13_诱虫量,龙池街道朱营 甜菜夜蛾,江苏省南京市六合区,2024-07-28,7,1.0,33.995714285714286,75.32428571428571,2024,30,36.7,27.0,80.57,71.86,6.1,4.7,71.71,37.84
甜菜夜蛾,BAW,龙池街道朱营 甜菜夜蛾_1_13_诱虫量,龙池街道朱营 甜菜夜蛾,江苏省南京市六合区,2024-08-04,7,5.0,34.8,73.69714285714285,2024,31,37.5,27.6,76.0,71.57,9.5,2.75,86.5,40.56
甜菜夜蛾,BAW,龙池街道朱营 甜菜夜蛾_1_13_诱虫量,龙池街道朱营 甜菜夜蛾,江苏省南京市六合区,2024-08-11,7,76.0,32.26428571428571,79.03,2024,32,37.8,27.1,76.86,66.71,62.0,1.88,83.96,39.02
甜菜夜蛾,BAW,龙池街道朱营 甜菜夜蛾_1_13_诱虫量,龙池街道朱营 甜菜夜蛾,江苏省南京市六合区,2024-08-18,7,292.0,30.82,83.11428571428571,2024,33,36.3,24.9,84.43,67.71,34.3,2.42,75.24,33.56
甜菜夜蛾,BAW,龙池街道朱营 甜菜夜蛾_1_13_诱虫量,龙池街道朱营 甜菜夜蛾,江苏省南京市六合区,2024-08-25,7,527.0,31.17142857142857,80.2057142857143,2024,34,34.7,25.4,84.71,77.86,50.4,1.93,64.42,27.34
甜菜夜蛾,BAW,龙池街道朱营 甜菜夜蛾_1_13_诱虫量,龙池街道朱营 甜菜夜蛾,江苏省南京市六合区,2024-09-01,7,262.0,30.87142857142857,78.77857142857144,2024,35,35.2,24.1,83.43,71.71,6.3,2.35,74.77,30.13
甜菜夜蛾,BAW,龙池街道朱营 甜菜夜蛾_1_13_诱虫量,龙池街道朱营 甜菜夜蛾,江苏省南京市六合区,2024-09-08,7,121.0,30.07857142857143,84.1557142857143,2024,36,33.8,24.2,79.29,68.43,2.9,3.23,78.8,33.31
甜菜夜蛾,BAW,龙池街道朱营 甜菜夜蛾_1_13_诱虫量,龙池街道朱营 甜菜夜蛾,江苏省南京市六合区,2024-09-15,7,60.0,26.65285714285714,87.0442857142857,2024,37,33.8,23.6,88.14,80.14,83.0,3.4,57.66,23.89
甜菜夜蛾,BAW,龙池街道朱营 甜菜夜蛾_1_13_诱虫量,龙池街道朱营 甜菜夜蛾,江苏省南京市六合区,2024-09-22,7,122.0,23.978571428571428,79.58285714285715,2024,38,31.6,17.4,81.14,76.86,124.9,5.49,54.64,24.01
甜菜夜蛾,BAW,龙池街道朱营 甜菜夜蛾_1_13_诱虫量,龙池街道朱营 甜菜夜蛾,江苏省南京市六合区,2024-09-29,7,37.0,20.41,80.14714285714285,2024,39,29.1,15.8,86.14,76.0,15.1,2.67,66.18,23.31
甜菜夜蛾,BAW,龙池街道朱营 甜菜夜蛾_1_13_诱虫量,龙池街道朱营 甜菜夜蛾,江苏省南京市六合区,2024-10-06,7,29.0,18.957142857142856,83.52714285714286,2024,40,28.6,11.9,79.0,72.14,17.2,3.38,48.16,18.62
甜菜夜蛾,BAW,龙池街道朱营 甜菜夜蛾_1_13_诱虫量,龙池街道朱营 甜菜夜蛾,江苏省南京市六合区,2024-10-13,7,70.0,20.122857142857146,88.01285714285714,2024,41,25.2,13.1,85.0,74.71,16.7,2.16,49.5,16.94
甜菜夜蛾,BAW,龙池街道朱营 甜菜夜蛾_1_13_诱虫量,龙池街道朱营 甜菜夜蛾,江苏省南京市六合区,2024-10-20,7,47.0,16.00857142857143,86.13142857142857,2024,42,27.2,11.2,86.57,77.0,49.2,3.66,31.77,14.95
甜菜夜蛾,BAW,龙池街道朱营 甜菜夜蛾_1_13_诱虫量,龙池街道朱营 甜菜夜蛾,江苏省南京市六合区,2024-10-27,7,28.0,16.015714285714285,83.13714285714286,2024,43,22.3,8.6,88.29,80.43,20.0,3.16,35.15,12.25
甜菜夜蛾,BAW,龙池街道朱营 甜菜夜蛾_1_13_诱虫量,龙池街道朱营 甜菜夜蛾,江苏省南京市六合区,2024-11-03,7,19.0,14.594285714285714,78.65714285714286,2024,44,22.0,9.3,87.57,74.57,6.8,2.95,55.84,15.81
甜菜夜蛾,BAW,龙池街道朱营 甜菜夜蛾_1_13_诱虫量,龙池街道朱营 甜菜夜蛾,江苏省南京市六合区,2024-11-10,7,2.0,17.594285714285714,84.81857142857143,2024,45,,,,,,,,
甜菜夜蛾,BAW,龙池街道朱营 甜菜夜蛾_1_13_诱虫量,龙池街道朱营 甜菜夜蛾,江苏省南京市六合区,2024-11-17,7,1.0,10.221428571428572,79.66285714285713,2024,46,,,,,,,,
甜菜夜蛾,BAW,龙池街道朱营 甜菜夜蛾_1_13_诱虫量,龙池街道朱营 甜菜夜蛾,江苏省南京市六合区,2024-11-24,7,1.0,7.615714285714286,71.80285714285715,2024,47,,,,,,,,
甜菜夜蛾,BAW,龙池街道朱营 甜菜夜蛾_1_13_诱虫量,龙池街道朱营 甜菜夜蛾,江苏省南京市六合区,2024-12-01,7,0.0,8.171428571428573,81.32000000000001,2024,48,,,,,,,,
甜菜夜蛾,BAW,龙池街道朱营 甜菜夜蛾_1_13_诱虫量,龙池街道朱营 甜菜夜蛾,江苏省南京市六合区,2024-12-08,7,0.0,3.9842857142857144,76.71285714285715,2024,49,,,,,,,,
甜菜夜蛾,BAW,龙池街道朱营 甜菜夜蛾_1_13_诱虫量,龙池街道朱营 甜菜夜蛾,江苏省南京市六合区,2024-12-15,7,0.0,1.6685714285714286,72.96428571428571,2024,50,,,,,,,,
甜菜夜蛾,BAW,龙池街道朱营 甜菜夜蛾_1_13_诱虫量,龙池街道朱营 甜菜夜蛾,江苏省南京市六合区,2024-12-22,7,0.0,3.0228571428571427,69.95142857142858,2024,51,,,,,,,,
甜菜夜蛾,BAW,龙池街道朱营 甜菜夜蛾_1_13_诱虫量,龙池街道朱营 甜菜夜蛾,江苏省南京市六合区,2024-12-29,3,0.0,3.25,66.315,2024,52,,,,,,,,
甜菜夜蛾,BAW,龙袍街道东沟镇甜菜夜蛾_1_12_诱虫量,龙袍街道东沟镇甜菜夜蛾,江苏省南京市六合区,2023-10-15,1,12.0,25.4,52.2,2023,41,23.6,13.5,84.86,74.14,0.0,2.05,50.14,17.04
甜菜夜蛾,BAW,龙袍街道东沟镇甜菜夜蛾_1_12_诱虫量,龙袍街道东沟镇甜菜夜蛾,江苏省南京市六合区,2023-11-05,1,5.0,8.2,88.27,2023,44,27.6,12.9,83.57,69.14,0.8,2.48,60.23,19.36
甜菜夜蛾,BAW,龙袍街道东沟镇甜菜夜蛾_1_12_诱虫量,龙袍街道东沟镇甜菜夜蛾,江苏省南京市六合区,2023-11-12,7,0.0,7.702857142857143,73.24714285714286,2023,45,,,,,,,,
甜菜夜蛾,BAW,龙袍街道东沟镇甜菜夜蛾_1_12_诱虫量,龙袍街道东沟镇甜菜夜蛾,江苏省南京市六合区,2023-11-19,7,2.0,9.881428571428572,75.38285714285715,2023,46,,,,,,,,
甜菜夜蛾,BAW,龙袍街道东沟镇甜菜夜蛾_1_12_诱虫量,龙袍街道东沟镇甜菜夜蛾,江苏省南京市六合区,2023-11-26,7,1.0,5.997142857142856,72.73857142857143,2023,47,,,,,,,,
甜菜夜蛾,BAW,龙袍街道东沟镇甜菜夜蛾_1_12_诱虫量,龙袍街道东沟镇甜菜夜蛾,江苏省南京市六合区,2023-12-03,7,2.0,9.882857142857144,72.53285714285714,2023,48,,,,,,,,
甜菜夜蛾,BAW,龙袍街道东沟镇甜菜夜蛾_1_12_诱虫量,龙袍街道东沟镇甜菜夜蛾,江苏省南京市六合区,2023-12-10,7,1.0,4.087142857142857,86.34571428571428,2023,49,,,,,,,,
甜菜夜蛾,BAW,龙袍街道东沟镇甜菜夜蛾_1_12_诱虫量,龙袍街道东沟镇甜菜夜蛾,江苏省南京市六合区,2023-12-17,7,0.0,-2.8300000000000005,73.53,2023,50,,,,,,,,
甜菜夜蛾,BAW,龙袍街道东沟镇甜菜夜蛾_1_12_诱虫量,龙袍街道东沟镇甜菜夜蛾,江苏省南京市六合区,2023-12-24,7,0.0,3.737142857142857,83.19428571428571,2023,51,,,,,,,,
甜菜夜蛾,BAW,龙袍街道东沟镇甜菜夜蛾_1_12_诱虫量,龙袍街道东沟镇甜菜夜蛾,江苏省南京市六合区,2023-12-31,7,0.0,2.957142857142857,86.36142857142856,2023,52,,,,,,,,
甜菜夜蛾,BAW,龙袍街道东沟镇甜菜夜蛾_1_12_诱虫量,龙袍街道东沟镇甜菜夜蛾,江苏省南京市六合区,2024-01-07,7,0.0,4.425714285714286,78.93571428571428,2024,1,,,,,,,,
甜菜夜蛾,BAW,龙袍街道东沟镇甜菜夜蛾_1_12_诱虫量,龙袍街道东沟镇甜菜夜蛾,江苏省南京市六合区,2024-01-14,7,0.0,4.292857142857143,87.85000000000001,2024,2,,,,,,,,
甜菜夜蛾,BAW,龙袍街道东沟镇甜菜夜蛾_1_12_诱虫量,龙袍街道东沟镇甜菜夜蛾,江苏省南京市六合区,2024-01-21,7,0.0,-1.5042857142857142,71.46428571428571,2024,3,,,,,,,,
甜菜夜蛾,BAW,龙袍街道东沟镇甜菜夜蛾_1_12_诱虫量,龙袍街道东沟镇甜菜夜蛾,江苏省南京市六合区,2024-01-28,7,0.0,3.932857142857143,88.28857142857143,2024,4,,,,,,,,
甜菜夜蛾,BAW,龙袍街道东沟镇甜菜夜蛾_1_12_诱虫量,龙袍街道东沟镇甜菜夜蛾,江苏省南京市六合区,2024-02-04,7,0.0,1.8257142857142858,82.98571428571428,2024,5,,,,,,,,
甜菜夜蛾,BAW,龙袍街道东沟镇甜菜夜蛾_1_12_诱虫量,龙袍街道东沟镇甜菜夜蛾,江苏省南京市六合区,2024-02-11,7,2.0,9.680000000000001,73.44571428571429,2024,6,,,,,,,,
甜菜夜蛾,BAW,龙袍街道东沟镇甜菜夜蛾_1_12_诱虫量,龙袍街道东沟镇甜菜夜蛾,江苏省南京市六合区,2024-02-18,7,0.0,2.6,90.15285714285713,2024,7,,,,,,,,
甜菜夜蛾,BAW,龙袍街道东沟镇甜菜夜蛾_1_12_诱虫量,龙袍街道东沟镇甜菜夜蛾,江苏省南京市六合区,2024-02-25,7,0.0,3.6185714285714283,77.53999999999999,2024,8,,,,,,,,
甜菜夜蛾,BAW,龙袍街道东沟镇甜菜夜蛾_1_12_诱虫量,龙袍街道东沟镇甜菜夜蛾,江苏省南京市六合区,2024-03-03,7,0.0,8.111428571428572,74.98,2024,9,,,,,,,,
甜菜夜蛾,BAW,龙袍街道东沟镇甜菜夜蛾_1_12_诱虫量,龙袍街道东沟镇甜菜夜蛾,江苏省南京市六合区,2024-03-10,7,2.0,13.052857142857144,68.47571428571429,2024,10,,,,,,,,
甜菜夜蛾,BAW,龙袍街道东沟镇甜菜夜蛾_1_12_诱虫量,龙袍街道东沟镇甜菜夜蛾,江苏省南京市六合区,2024-03-17,7,0.0,12.952857142857143,66.98571428571428,2024,11,,,,,,,,
甜菜夜蛾,BAW,龙袍街道东沟镇甜菜夜蛾_1_12_诱虫量,龙袍街道东沟镇甜菜夜蛾,江苏省南京市六合区,2024-03-24,7,2.0,14.752857142857142,79.89142857142858,2024,12,,,,,,,,
甜菜夜蛾,BAW,龙袍街道东沟镇甜菜夜蛾_1_12_诱虫量,龙袍街道东沟镇甜菜夜蛾,江苏省南京市六合区,2024-03-31,7,0.0,16.547142857142855,70.94,2024,13,,,,,,,,
甜菜夜蛾,BAW,龙袍街道东沟镇甜菜夜蛾_1_12_诱虫量,龙袍街道东沟镇甜菜夜蛾,江苏省南京市六合区,2024-04-07,7,0.0,18.194285714285716,77.22571428571428,2024,14,,,,,,,,
甜菜夜蛾,BAW,龙袍街道东沟镇甜菜夜蛾_1_12_诱虫量,龙袍街道东沟镇甜菜夜蛾,江苏省南京市六合区,2024-04-14,7,1.0,19.17142857142857,76.9742857142857,2024,15,,,,,,,,
甜菜夜蛾,BAW,龙袍街道东沟镇甜菜夜蛾_1_12_诱虫量,龙袍街道东沟镇甜菜夜蛾,江苏省南京市六合区,2024-04-21,7,2.0,21.615714285714287,70.56571428571428,2024,16,,,,,,,,
甜菜夜蛾,BAW,龙袍街道东沟镇甜菜夜蛾_1_12_诱虫量,龙袍街道东沟镇甜菜夜蛾,江苏省南京市六合区,2024-04-28,7,3.0,18.614285714285717,75.25571428571428,2024,17,,,,,,,,
甜菜夜蛾,BAW,龙袍街道东沟镇甜菜夜蛾_1_12_诱虫量,龙袍街道东沟镇甜菜夜蛾,江苏省南京市六合区,2024-05-05,7,13.0,21.47142857142857,74.48285714285714,2024,18,,,,,,,,
甜菜夜蛾,BAW,龙袍街道东沟镇甜菜夜蛾_1_12_诱虫量,龙袍街道东沟镇甜菜夜蛾,江苏省南京市六合区,2024-05-12,7,19.0,26.16142857142857,58.392857142857146,2024,19,,,,,,,,
甜菜夜蛾,BAW,龙袍街道东沟镇甜菜夜蛾_1_12_诱虫量,龙袍街道东沟镇甜菜夜蛾,江苏省南京市六合区,2024-05-19,7,12.0,26.80857142857143,72.81285714285714,2024,20,,,,,,,,
甜菜夜蛾,BAW,龙袍街道东沟镇甜菜夜蛾_1_12_诱虫量,龙袍街道东沟镇甜菜夜蛾,江苏省南京市六合区,2024-05-26,7,36.0,22.639999999999997,74.15714285714286,2024,21,,,,,,,,
甜菜夜蛾,BAW,龙袍街道东沟镇甜菜夜蛾_1_12_诱虫量,龙袍街道东沟镇甜菜夜蛾,江苏省南京市六合区,2024-06-02,7,9.0,25.027142857142856,69.99285714285715,2024,22,26.9,14.2,77.71,68.43,42.5,2.69,50.74,25.99
甜菜夜蛾,BAW,龙袍街道东沟镇甜菜夜蛾_1_12_诱虫量,龙袍街道东沟镇甜菜夜蛾,江苏省南京市六合区,2024-06-09,7,31.0,29.68285714285714,69.61571428571429,2024,23,30.9,17.1,76.86,61.71,5.2,2.43,62.66,30.94
甜菜夜蛾,BAW,龙袍街道东沟镇甜菜夜蛾_1_12_诱虫量,龙袍街道东沟镇甜菜夜蛾,江苏省南京市六合区,2024-06-16,7,333.0,28.142857142857142,77.9557142857143,2024,24,34.2,20.7,79.71,58.71,0.7,2.43,71.14,35.09
甜菜夜蛾,BAW,龙袍街道东沟镇甜菜夜蛾_1_12_诱虫量,龙袍街道东沟镇甜菜夜蛾,江苏省南京市六合区,2024-06-23,7,234.0,25.804285714285715,85.69142857142857,2024,25,32.3,21.3,85.0,69.86,96.1,3.32,46.58,27.17
甜菜夜蛾,BAW,龙袍街道东沟镇甜菜夜蛾_1_12_诱虫量,龙袍街道东沟镇甜菜夜蛾,江苏省南京市六合区,2024-06-30,7,276.0,29.72714285714286,80.86857142857141,2024,26,30.9,20.7,88.71,85.57,179.0,2.73,26.58,17.62
甜菜夜蛾,BAW,龙袍街道东沟镇甜菜夜蛾_1_12_诱虫量,龙袍街道东沟镇甜菜夜蛾,江苏省南京市六合区,2024-07-07,7,176.0,28.407142857142855,85.36714285714285,2024,27,34.9,22.6,81.14,78.57,41.8,4.14,62.65,32.6
甜菜夜蛾,BAW,龙袍街道东沟镇甜菜夜蛾_1_12_诱虫量,龙袍街道东沟镇甜菜夜蛾,江苏省南京市六合区,2024-07-14,7,65.0,30.74285714285714,81.5442857142857,2024,28,35.0,21.4,88.57,86.0,168.8,2.44,20.72,18.18
甜菜夜蛾,BAW,龙袍街道东沟镇甜菜夜蛾_1_12_诱虫量,龙袍街道东沟镇甜菜夜蛾,江苏省南京市六合区,2024-07-21,7,248.0,33.66857142857143,74.93571428571428,2024,29,35.2,24.3,81.86,78.57,22.4,3.39,35.37,25.73
甜菜夜蛾,BAW,龙袍街道东沟镇甜菜夜蛾_1_12_诱虫量,龙袍街道东沟镇甜菜夜蛾,江苏省南京市六合区,2024-07-28,7,215.0,34.57,72.62428571428572,2024,30,36.7,27.0,80.57,71.86,6.1,4.7,71.71,37.84
甜菜夜蛾,BAW,龙袍街道东沟镇甜菜夜蛾_1_12_诱虫量,龙袍街道东沟镇甜菜夜蛾,江苏省南京市六合区,2024-08-04,7,460.0,34.63285714285714,71.84285714285714,2024,31,37.5,27.6,76.0,71.57,9.5,2.75,86.5,40.56
甜菜夜蛾,BAW,龙袍街道东沟镇甜菜夜蛾_1_12_诱虫量,龙袍街道东沟镇甜菜夜蛾,江苏省南京市六合区,2024-08-11,7,292.0,32.74285714285714,73.94285714285715,2024,32,37.8,27.1,76.86,66.71,62.0,1.88,83.96,39.02
甜菜夜蛾,BAW,龙袍街道东沟镇甜菜夜蛾_1_12_诱虫量,龙袍街道东沟镇甜菜夜蛾,江苏省南京市六合区,2024-08-18,7,427.0,30.87857142857143,82.64999999999999,2024,33,36.3,24.9,84.43,67.71,34.3,2.42,75.24,33.56
甜菜夜蛾,BAW,龙袍街道东沟镇甜菜夜蛾_1_12_诱虫量,龙袍街道东沟镇甜菜夜蛾,江苏省南京市六合区,2024-08-25,7,255.0,30.71,80.67285714285715,2024,34,34.7,25.4,84.71,77.86,50.4,1.93,64.42,27.34
甜菜夜蛾,BAW,龙袍街道东沟镇甜菜夜蛾_1_12_诱虫量,龙袍街道东沟镇甜菜夜蛾,江苏省南京市六合区,2024-09-01,7,350.0,30.759999999999998,77.93142857142857,2024,35,35.2,24.1,83.43,71.71,6.3,2.35,74.77,30.13
甜菜夜蛾,BAW,龙袍街道东沟镇甜菜夜蛾_1_12_诱虫量,龙袍街道东沟镇甜菜夜蛾,江苏省南京市六合区,2024-09-08,7,342.0,30.091428571428573,84.01571428571428,2024,36,33.8,24.2,79.29,68.43,2.9,3.23,78.8,33.31
甜菜夜蛾,BAW,龙袍街道东沟镇甜菜夜蛾_1_12_诱虫量,龙袍街道东沟镇甜菜夜蛾,江苏省南京市六合区,2024-09-15,7,639.0,26.59,87.20714285714287,2024,37,33.8,23.6,88.14,80.14,83.0,3.4,57.66,23.89
甜菜夜蛾,BAW,龙袍街道东沟镇甜菜夜蛾_1_12_诱虫量,龙袍街道东沟镇甜菜夜蛾,江苏省南京市六合区,2024-09-22,7,440.0,23.335714285714285,80.35285714285715,2024,38,31.6,17.4,81.14,76.86,124.9,5.49,54.64,24.01
甜菜夜蛾,BAW,龙袍街道东沟镇甜菜夜蛾_1_12_诱虫量,龙袍街道东沟镇甜菜夜蛾,江苏省南京市六合区,2024-09-29,7,560.0,20.125714285714285,80.53,2024,39,29.1,15.8,86.14,76.0,15.1,2.67,66.18,23.31
甜菜夜蛾,BAW,龙袍街道东沟镇甜菜夜蛾_1_12_诱虫量,龙袍街道东沟镇甜菜夜蛾,江苏省南京市六合区,2024-10-06,7,543.0,18.42142857142857,84.99000000000001,2024,40,28.6,11.9,79.0,72.14,17.2,3.38,48.16,18.62
甜菜夜蛾,BAW,龙袍街道东沟镇甜菜夜蛾_1_12_诱虫量,龙袍街道东沟镇甜菜夜蛾,江苏省南京市六合区,2024-10-13,7,1164.0,20.071428571428573,88.41714285714285,2024,41,25.2,13.1,85.0,74.71,16.7,2.16,49.5,16.94
甜菜夜蛾,BAW,龙袍街道东沟镇甜菜夜蛾_1_12_诱虫量,龙袍街道东沟镇甜菜夜蛾,江苏省南京市六合区,2024-10-20,6,464.0,16.251666666666665,87.77333333333333,2024,42,27.2,11.2,86.57,77.0,49.2,3.66,31.77,14.95
甜菜夜蛾,BAW,龙袍街道东沟镇甜菜夜蛾_1_12_诱虫量,龙袍街道东沟镇甜菜夜蛾,江苏省南京市六合区,2024-10-27,7,272.0,15.217142857142859,85.32571428571428,2024,43,22.3,8.6,88.29,80.43,20.0,3.16,35.15,12.25
甜菜夜蛾,BAW,龙袍街道东沟镇甜菜夜蛾_1_12_诱虫量,龙袍街道东沟镇甜菜夜蛾,江苏省南京市六合区,2024-11-03,7,224.0,14.129999999999999,79.43571428571428,2024,44,22.0,9.3,87.57,74.57,6.8,2.95,55.84,15.81
甜菜夜蛾,BAW,龙袍街道东沟镇甜菜夜蛾_1_12_诱虫量,龙袍街道东沟镇甜菜夜蛾,江苏省南京市六合区,2024-11-10,7,393.0,17.548571428571428,85.0442857142857,2024,45,,,,,,,,
甜菜夜蛾,BAW,龙袍街道东沟镇甜菜夜蛾_1_12_诱虫量,龙袍街道东沟镇甜菜夜蛾,江苏省南京市六合区,2024-11-17,7,56.0,9.847142857142858,79.68142857142857,2024,46,,,,,,,,
甜菜夜蛾,BAW,龙袍街道东沟镇甜菜夜蛾_1_12_诱虫量,龙袍街道东沟镇甜菜夜蛾,江苏省南京市六合区,2024-11-24,7,26.0,7.335714285714286,73.07285714285715,2024,47,,,,,,,,
甜菜夜蛾,BAW,龙袍街道东沟镇甜菜夜蛾_1_12_诱虫量,龙袍街道东沟镇甜菜夜蛾,江苏省南京市六合区,2024-12-01,7,13.0,7.922857142857142,81.28571428571429,2024,48,,,,,,,,
甜菜夜蛾,BAW,龙袍街道东沟镇甜菜夜蛾_1_12_诱虫量,龙袍街道东沟镇甜菜夜蛾,江苏省南京市六合区,2024-12-08,7,1.0,3.781428571428571,76.64714285714285,2024,49,,,,,,,,
甜菜夜蛾,BAW,龙袍街道东沟镇甜菜夜蛾_1_12_诱虫量,龙袍街道东沟镇甜菜夜蛾,江苏省南京市六合区,2024-12-15,7,0.0,1.5299999999999998,73.48,2024,50,,,,,,,,
甜菜夜蛾,BAW,龙袍街道东沟镇甜菜夜蛾_1_12_诱虫量,龙袍街道东沟镇甜菜夜蛾,江苏省南京市六合区,2024-12-22,7,0.0,2.542857142857143,71.12142857142858,2024,51,,,,,,,,
甜菜夜蛾,BAW,龙袍街道东沟镇甜菜夜蛾_1_12_诱虫量,龙袍街道东沟镇甜菜夜蛾,江苏省南京市六合区,2024-12-29,3,0.0,3.36,64.765,2024,52,,,,,,,,
美国白蛾,FWW,六合区灵岩山林场南_1_41_诱虫量,六合区灵岩山林场南,江苏省南京市六合区,2023-04-23,6,0.0,18.206666666666667,61.54833333333334,2023,16,,,,,,,,
美国白蛾,FWW,六合区灵岩山林场南_1_41_诱虫量,六合区灵岩山林场南,江苏省南京市六合区,2023-04-30,7,0.0,21.005714285714284,73.87142857142858,2023,17,,,,,,,,
美国白蛾,FWW,六合区灵岩山林场南_1_41_诱虫量,六合区灵岩山林场南,江苏省南京市六合区,2023-05-07,7,0.0,20.51142857142857,54.75428571428571,2023,18,,,,,,,,
美国白蛾,FWW,六合区灵岩山林场南_1_41_诱虫量,六合区灵岩山林场南,江苏省南京市六合区,2023-05-14,7,0.0,24.57857142857143,62.777142857142856,2023,19,,,,,,,,
美国白蛾,FWW,六合区灵岩山林场南_1_41_诱虫量,六合区灵岩山林场南,江苏省南京市六合区,2023-05-21,7,0.0,22.06714285714286,70.29142857142857,2023,20,,,,,,,,
美国白蛾,FWW,六合区灵岩山林场南_1_41_诱虫量,六合区灵岩山林场南,江苏省南京市六合区,2023-05-28,7,0.0,24.728571428571428,75.36571428571428,2023,21,,,,,,,,
美国白蛾,FWW,六合区灵岩山林场南_1_41_诱虫量,六合区灵岩山林场南,江苏省南京市六合区,2023-06-04,7,0.0,24.632857142857144,74.86142857142856,2023,22,32.3,20.1,84.14,74.14,29.6,2.38,48.59,25.72
美国白蛾,FWW,六合区灵岩山林场南_1_41_诱虫量,六合区灵岩山林场南,江苏省南京市六合区,2023-06-11,7,0.0,26.898571428571426,65.11285714285715,2023,23,34.2,16.0,80.43,75.0,31.1,2.66,59.78,28.9
美国白蛾,FWW,六合区灵岩山林场南_1_41_诱虫量,六合区灵岩山林场南,江苏省南京市六合区,2023-06-18,7,0.0,25.437142857142856,82.62428571428572,2023,24,32.4,19.2,80.14,65.0,8.5,2.69,57.13,31.06
美国白蛾,FWW,六合区灵岩山林场南_1_41_诱虫量,六合区灵岩山林场南,江苏省南京市六合区,2023-06-25,7,0.0,27.93285714285714,81.97714285714287,2023,25,31.4,20.5,87.57,74.57,82.3,2.55,29.04,21.42
美国白蛾,FWW,六合区灵岩山林场南_1_41_诱虫量,六合区灵岩山林场南,江苏省南京市六合区,2023-07-02,7,0.0,28.951428571428572,84.6842857142857,2023,26,32.8,21.5,86.29,78.86,64.0,2.94,49.98,24.98
美国白蛾,FWW,六合区灵岩山林场南_1_41_诱虫量,六合区灵岩山林场南,江苏省南京市六合区,2023-07-09,7,0.0,29.804285714285715,80.96857142857142,2023,27,32.9,23.9,87.86,82.29,123.1,3.4,45.76,24.46
美国白蛾,FWW,六合区灵岩山林场南_1_41_诱虫量,六合区灵岩山林场南,江苏省南京市六合区,2023-07-16,7,1.0,27.08142857142857,90.33571428571429,2023,28,34.9,24.6,84.57,77.0,27.6,3.38,49.19,28.48
美国白蛾,FWW,六合区灵岩山林场南_1_41_诱虫量,六合区灵岩山林场南,江苏省南京市六合区,2023-07-23,7,0.0,29.574285714285715,81.46571428571428,2023,29,31.5,23.5,89.43,84.71,117.0,2.29,34.08,19.55
美国白蛾,FWW,六合区灵岩山林场南_1_41_诱虫量,六合区灵岩山林场南,江苏省南京市六合区,2023-07-30,7,0.0,31.178571428571427,76.82571428571428,2023,30,33.2,25.1,86.86,80.86,44.3,3.98,65.75,29.7
美国白蛾,FWW,六合区灵岩山林场南_1_41_诱虫量,六合区灵岩山林场南,江苏省南京市六合区,2023-08-06,7,1.0,29.807142857142853,75.80285714285715,2023,31,34.0,25.0,86.43,76.43,17.1,3.1,81.36,32.83
美国白蛾,FWW,六合区灵岩山林场南_1_41_诱虫量,六合区灵岩山林场南,江苏省南京市六合区,2023-08-13,6,0.0,30.09833333333333,75.00666666666666,2023,32,35.1,24.0,83.71,75.14,10.3,2.08,79.69,33.11
美国白蛾,FWW,六合区灵岩山林场南_1_41_诱虫量,六合区灵岩山林场南,江苏省南京市六合区,2023-08-20,6,0.0,28.986666666666668,73.20333333333333,2023,33,33.7,23.9,86.57,81.29,26.5,2.19,77.01,29.64
美国白蛾,FWW,六合区灵岩山林场南_1_41_诱虫量,六合区灵岩山林场南,江苏省南京市六合区,2023-08-27,7,0.0,25.31714285714286,79.05142857142857,2023,34,32.0,22.4,82.71,72.0,27.1,2.8,70.93,31.5
美国白蛾,FWW,六合区灵岩山林场南_1_41_诱虫量,六合区灵岩山林场南,江苏省南京市六合区,2023-09-03,7,0.0,27.927142857142858,75.41857142857143,2023,35,29.4,18.5,86.86,78.57,59.2,2.79,42.5,22.49
美国白蛾,FWW,六合区灵岩山林场南_1_41_诱虫量,六合区灵岩山林场南,江苏省南京市六合区,2023-09-10,7,0.0,23.952857142857145,88.36571428571428,2023,36,31.0,21.7,88.0,73.71,2.5,2.83,74.88,29.19
美国白蛾,FWW,六合区灵岩山林场南_1_41_诱虫量,六合区灵岩山林场南,江苏省南京市六合区,2023-09-17,7,4.0,24.08142857142857,85.70428571428572,2023,37,31.4,20.4,87.43,82.14,74.6,2.74,29.78,17.15
美国白蛾,FWW,六合区灵岩山林场南_1_41_诱虫量,六合区灵岩山林场南,江苏省南京市六合区,2023-09-24,7,3.0,22.919999999999998,87.52857142857144,2023,38,32.0,18.8,88.57,77.57,41.3,2.51,30.18,16.82
美国白蛾,FWW,六合区灵岩山林场南_1_41_诱虫量,六合区灵岩山林场南,江苏省南京市六合区,2023-10-01,7,0.0,19.951428571428572,76.23,2023,39,28.2,19.1,89.57,82.43,13.3,2.19,45.28,17.44
美国白蛾,FWW,六合区灵岩山林场南_1_41_诱虫量,六合区灵岩山林场南,江苏省南京市六合区,2023-10-08,7,0.0,19.365714285714287,75.07000000000001,2023,40,25.5,15.7,80.86,71.71,21.7,3.55,38.52,19.59
美国白蛾,FWW,六合区灵岩山林场南_1_41_诱虫量,六合区灵岩山林场南,江苏省南京市六合区,2023-10-15,7,0.0,19.065714285714286,66.57428571428571,2023,41,23.6,13.5,84.86,74.14,0.0,2.05,50.14,17.04
美国白蛾,FWW,六合区灵岩山林场南_1_41_诱虫量,六合区灵岩山林场南,江苏省南京市六合区,2023-10-22,7,0.0,19.351428571428574,71.36285714285715,2023,42,26.1,9.6,84.43,62.0,4.0,2.46,71.43,22.45
美国白蛾,FWW,六合区灵岩山林场南_1_41_诱虫量,六合区灵岩山林场南,江苏省南京市六合区,2023-10-29,7,0.0,21.414285714285715,70.17857142857143,2023,43,25.6,9.6,85.14,64.29,0.0,1.94,60.15,18.61
美国白蛾,FWW,六合区灵岩山林场南_1_41_诱虫量,六合区灵岩山林场南,江苏省南京市六合区,2023-11-05,5,0.0,11.6775,84.1225,2023,44,27.6,12.9,83.57,69.14,0.8,2.48,60.23,19.36
美国白蛾,FWW,六合区灵岩山林场南_1_41_诱虫量,六合区灵岩山林场南,江苏省南京市六合区,2023-11-12,7,0.0,8.59142857142857,62.83857142857143,2023,45,,,,,,,,
美国白蛾,FWW,六合区灵岩山林场南_1_41_诱虫量,六合区灵岩山林场南,江苏省南京市六合区,2023-11-19,7,0.0,11.828571428571427,63.17857142857143,2023,46,,,,,,,,
美国白蛾,FWW,六合区灵岩山林场南_1_41_诱虫量,六合区灵岩山林场南,江苏省南京市六合区,2023-11-26,7,0.0,7.122857142857143,62.730000000000004,2023,47,,,,,,,,
美国白蛾,FWW,六合区灵岩山林场南_1_41_诱虫量,六合区灵岩山林场南,江苏省南京市六合区,2023-12-03,7,2.0,12.561428571428573,56.589999999999996,2023,48,,,,,,,,
美国白蛾,FWW,六合区灵岩山林场南_1_41_诱虫量,六合区灵岩山林场南,江苏省南京市六合区,2023-12-10,7,0.0,3.904285714285714,84.52714285714286,2023,49,,,,,,,,
美国白蛾,FWW,六合区灵岩山林场南_1_41_诱虫量,六合区灵岩山林场南,江苏省南京市六合区,2023-12-17,7,0.0,-2.2285714285714286,65.89857142857143,2023,50,,,,,,,,
美国白蛾,FWW,六合区灵岩山林场南_1_41_诱虫量,六合区灵岩山林场南,江苏省南京市六合区,2023-12-24,7,0.0,5.187142857142858,75.43142857142857,2023,51,,,,,,,,
美国白蛾,FWW,六合区灵岩山林场南_1_41_诱虫量,六合区灵岩山林场南,江苏省南京市六合区,2023-12-31,7,0.0,4.085714285714286,82.20857142857143,2023,52,,,,,,,,
美国白蛾,FWW,六合区灵岩山林场南_1_41_诱虫量,六合区灵岩山林场南,江苏省南京市六合区,2024-01-07,7,0.0,6.159999999999999,71.63,2024,1,,,,,,,,
美国白蛾,FWW,六合区灵岩山林场南_1_41_诱虫量,六合区灵岩山林场南,江苏省南京市六合区,2024-01-14,7,0.0,4.16,86.11428571428571,2024,2,,,,,,,,
美国白蛾,FWW,六合区灵岩山林场南_1_41_诱虫量,六合区灵岩山林场南,江苏省南京市六合区,2024-01-21,7,0.0,-0.4528571428571428,60.04571428571428,2024,3,,,,,,,,
美国白蛾,FWW,六合区灵岩山林场南_1_41_诱虫量,六合区灵岩山林场南,江苏省南京市六合区,2024-01-28,7,0.0,4.151428571428571,83.22714285714287,2024,4,,,,,,,,
美国白蛾,FWW,六合区灵岩山林场南_1_41_诱虫量,六合区灵岩山林场南,江苏省南京市六合区,2024-02-04,7,0.0,2.4785714285714286,78.53714285714285,2024,5,,,,,,,,
美国白蛾,FWW,六合区灵岩山林场南_1_41_诱虫量,六合区灵岩山林场南,江苏省南京市六合区,2024-02-11,7,0.0,11.245714285714286,61.011428571428574,2024,6,,,,,,,,
美国白蛾,FWW,六合区灵岩山林场南_1_41_诱虫量,六合区灵岩山林场南,江苏省南京市六合区,2024-02-18,7,0.0,2.454285714285714,89.48714285714286,2024,7,,,,,,,,
美国白蛾,FWW,六合区灵岩山林场南_1_41_诱虫量,六合区灵岩山林场南,江苏省南京市六合区,2024-02-25,7,0.0,4.147142857142858,70.31857142857143,2024,8,,,,,,,,
美国白蛾,FWW,六合区灵岩山林场南_1_41_诱虫量,六合区灵岩山林场南,江苏省南京市六合区,2024-03-03,7,0.0,9.175714285714287,67.25428571428571,2024,9,,,,,,,,
美国白蛾,FWW,六合区灵岩山林场南_1_41_诱虫量,六合区灵岩山林场南,江苏省南京市六合区,2024-03-10,7,0.0,13.95142857142857,60.441428571428574,2024,10,,,,,,,,
美国白蛾,FWW,六合区灵岩山林场南_1_41_诱虫量,六合区灵岩山林场南,江苏省南京市六合区,2024-03-17,7,0.0,13.780000000000001,58.38142857142857,2024,11,,,,,,,,
美国白蛾,FWW,六合区灵岩山林场南_1_41_诱虫量,六合区灵岩山林场南,江苏省南京市六合区,2024-03-24,7,0.0,15.564285714285715,75.5657142857143,2024,12,,,,,,,,
美国白蛾,FWW,六合区灵岩山林场南_1_41_诱虫量,六合区灵岩山林场南,江苏省南京市六合区,2024-03-31,7,4.0,16.961428571428574,66.26285714285714,2024,13,,,,,,,,
美国白蛾,FWW,六合区灵岩山林场南_1_41_诱虫量,六合区灵岩山林场南,江苏省南京市六合区,2024-04-07,7,0.0,17.877142857142857,75.11714285714287,2024,14,,,,,,,,
美国白蛾,FWW,六合区灵岩山林场南_1_41_诱虫量,六合区灵岩山林场南,江苏省南京市六合区,2024-04-14,7,0.0,19.47142857142857,71.55999999999999,2024,15,,,,,,,,
美国白蛾,FWW,六合区灵岩山林场南_1_41_诱虫量,六合区灵岩山林场南,江苏省南京市六合区,2024-04-21,7,1.0,21.48428571428571,65.00571428571428,2024,16,,,,,,,,
美国白蛾,FWW,六合区灵岩山林场南_1_41_诱虫量,六合区灵岩山林场南,江苏省南京市六合区,2024-04-28,7,0.0,17.669999999999998,72.01714285714286,2024,17,,,,,,,,
美国白蛾,FWW,六合区灵岩山林场南_1_41_诱虫量,六合区灵岩山林场南,江苏省南京市六合区,2024-05-05,7,0.0,21.32,69.06571428571428,2024,18,,,,,,,,
美国白蛾,FWW,六合区灵岩山林场南_1_41_诱虫量,六合区灵岩山林场南,江苏省南京市六合区,2024-05-12,7,0.0,25.397142857142857,49.02428571428572,2024,19,,,,,,,,
美国白蛾,FWW,六合区灵岩山林场南_1_41_诱虫量,六合区灵岩山林场南,江苏省南京市六合区,2024-05-19,7,0.0,26.382857142857144,67.14142857142858,2024,20,,,,,,,,
美国白蛾,FWW,六合区灵岩山林场南_1_41_诱虫量,六合区灵岩山林场南,江苏省南京市六合区,2024-05-26,7,1.0,22.22714285714286,67.56857142857143,2024,21,,,,,,,,
美国白蛾,FWW,六合区灵岩山林场南_1_41_诱虫量,六合区灵岩山林场南,江苏省南京市六合区,2024-06-02,7,0.0,24.825714285714287,62.800000000000004,2024,22,26.9,14.2,77.71,68.43,42.5,2.69,50.74,25.99
美国白蛾,FWW,六合区灵岩山林场南_1_41_诱虫量,六合区灵岩山林场南,江苏省南京市六合区,2024-06-09,7,0.0,28.731428571428573,64.44428571428571,2024,23,30.9,17.1,76.86,61.71,5.2,2.43,62.66,30.94
美国白蛾,FWW,六合区灵岩山林场南_1_41_诱虫量,六合区灵岩山林场南,江苏省南京市六合区,2024-06-16,7,0.0,27.458571428571428,74.64285714285714,2024,24,34.2,20.7,79.71,58.71,0.7,2.43,71.14,35.09
美国白蛾,FWW,六合区灵岩山林场南_1_41_诱虫量,六合区灵岩山林场南,江苏省南京市六合区,2024-06-23,7,1.0,25.298571428571428,85.54857142857144,2024,25,32.3,21.3,85.0,69.86,96.1,3.32,46.58,27.17
美国白蛾,FWW,六合区灵岩山林场南_1_41_诱虫量,六合区灵岩山林场南,江苏省南京市六合区,2024-06-30,7,0.0,29.138571428571428,80.38571428571429,2024,26,30.9,20.7,88.71,85.57,179.0,2.73,26.58,17.62
美国白蛾,FWW,六合区灵岩山林场南_1_41_诱虫量,六合区灵岩山林场南,江苏省南京市六合区,2024-07-07,7,0.0,27.631428571428575,86.11142857142856,2024,27,34.9,22.6,81.14,78.57,41.8,4.14,62.65,32.6
美国白蛾,FWW,六合区灵岩山林场南_1_41_诱虫量,六合区灵岩山林场南,江苏省南京市六合区,2024-07-14,7,0.0,30.232857142857142,80.1842857142857,2024,28,35.0,21.4,88.57,86.0,168.8,2.44,20.72,18.18
美国白蛾,FWW,六合区灵岩山林场南_1_41_诱虫量,六合区灵岩山林场南,江苏省南京市六合区,2024-07-21,7,1.0,32.75142857142857,71.88285714285715,2024,29,35.2,24.3,81.86,78.57,22.4,3.39,35.37,25.73
美国白蛾,FWW,六合区灵岩山林场南_1_41_诱虫量,六合区灵岩山林场南,江苏省南京市六合区,2024-07-28,7,0.0,33.565714285714286,69.80714285714285,2024,30,36.7,27.0,80.57,71.86,6.1,4.7,71.71,37.84
美国白蛾,FWW,六合区灵岩山林场南_1_41_诱虫量,六合区灵岩山林场南,江苏省南京市六合区,2024-08-04,7,1.0,33.60142857142857,69.01142857142857,2024,31,37.5,27.6,76.0,71.57,9.5,2.75,86.5,40.56
美国白蛾,FWW,六合区灵岩山林场南_1_41_诱虫量,六合区灵岩山林场南,江苏省南京市六合区,2024-08-11,7,0.0,31.312857142857144,74.32857142857142,2024,32,37.8,27.1,76.86,66.71,62.0,1.88,83.96,39.02
美国白蛾,FWW,六合区灵岩山林场南_1_41_诱虫量,六合区灵岩山林场南,江苏省南京市六合区,2024-08-18,7,0.0,29.97142857142857,82.46142857142857,2024,33,36.3,24.9,84.43,67.71,34.3,2.42,75.24,33.56
美国白蛾,FWW,六合区灵岩山林场南_1_41_诱虫量,六合区灵岩山林场南,江苏省南京市六合区,2024-08-25,7,0.0,30.18,79.42428571428572,2024,34,34.7,25.4,84.71,77.86,50.4,1.93,64.42,27.34
美国白蛾,FWW,六合区灵岩山林场南_1_41_诱虫量,六合区灵岩山林场南,江苏省南京市六合区,2024-09-01,7,0.0,29.68285714285714,78.08571428571429,2024,35,35.2,24.1,83.43,71.71,6.3,2.35,74.77,30.13
美国白蛾,FWW,六合区灵岩山林场南_1_41_诱虫量,六合区灵岩山林场南,江苏省南京市六合区,2024-09-08,7,0.0,28.852857142857143,85.50999999999999,2024,36,33.8,24.2,79.29,68.43,2.9,3.23,78.8,33.31
美国白蛾,FWW,六合区灵岩山林场南_1_41_诱虫量,六合区灵岩山林场南,江苏省南京市六合区,2024-09-15,7,1.0,25.97142857142857,88.10285714285715,2024,37,33.8,23.6,88.14,80.14,83.0,3.4,57.66,23.89
美国白蛾,FWW,六合区灵岩山林场南_1_41_诱虫量,六合区灵岩山林场南,江苏省南京市六合区,2024-09-22,7,0.0,23.575714285714287,75.51142857142858,2024,38,31.6,17.4,81.14,76.86,124.9,5.49,54.64,24.01
美国白蛾,FWW,六合区灵岩山林场南_1_41_诱虫量,六合区灵岩山林场南,江苏省南京市六合区,2024-09-29,7,0.0,20.455714285714286,72.62428571428572,2024,39,29.1,15.8,86.14,76.0,15.1,2.67,66.18,23.31
美国白蛾,FWW,六合区灵岩山林场南_1_41_诱虫量,六合区灵岩山林场南,江苏省南京市六合区,2024-10-06,7,0.0,18.527142857142856,80.61571428571428,2024,40,28.6,11.9,79.0,72.14,17.2,3.38,48.16,18.62
美国白蛾,FWW,六合区灵岩山林场南_1_41_诱虫量,六合区灵岩山林场南,江苏省南京市六合区,2024-10-13,7,1.0,19.687142857142856,88.12285714285714,2024,41,25.2,13.1,85.0,74.71,16.7,2.16,49.5,16.94
美国白蛾,FWW,六合区灵岩山林场南_1_41_诱虫量,六合区灵岩山林场南,江苏省南京市六合区,2024-10-20,7,0.0,15.768571428571429,85.80999999999999,2024,42,27.2,11.2,86.57,77.0,49.2,3.66,31.77,14.95
美国白蛾,FWW,六合区灵岩山林场南_1_41_诱虫量,六合区灵岩山林场南,江苏省南京市六合区,2024-10-27,7,0.0,16.06,81.92,2024,43,22.3,8.6,88.29,80.43,20.0,3.16,35.15,12.25
美国白蛾,FWW,六合区灵岩山林场南_1_41_诱虫量,六合区灵岩山林场南,江苏省南京市六合区,2024-11-03,7,0.0,15.154285714285715,72.46857142857144,2024,44,22.0,9.3,87.57,74.57,6.8,2.95,55.84,15.81
美国白蛾,FWW,六合区灵岩山林场南_1_41_诱虫量,六合区灵岩山林场南,江苏省南京市六合区,2024-11-10,7,0.0,17.83142857142857,83.82142857142857,2024,45,,,,,,,,
美国白蛾,FWW,六合区灵岩山林场南_1_41_诱虫量,六合区灵岩山林场南,江苏省南京市六合区,2024-11-17,7,0.0,10.485714285714286,75.81428571428572,2024,46,,,,,,,,
美国白蛾,FWW,六合区灵岩山林场南_1_41_诱虫量,六合区灵岩山林场南,江苏省南京市六合区,2024-11-24,7,0.0,8.562857142857142,65.09285714285714,2024,47,,,,,,,,
美国白蛾,FWW,六合区灵岩山林场南_1_41_诱虫量,六合区灵岩山林场南,江苏省南京市六合区,2024-12-01,7,0.0,8.848571428571429,76.72,2024,48,,,,,,,,
美国白蛾,FWW,六合区灵岩山林场南_1_41_诱虫量,六合区灵岩山林场南,江苏省南京市六合区,2024-12-08,7,0.0,4.664285714285714,68.91285714285713,2024,49,,,,,,,,
美国白蛾,FWW,六合区灵岩山林场南_1_41_诱虫量,六合区灵岩山林场南,江苏省南京市六合区,2024-12-15,7,0.0,3.677142857142857,59.73571428571428,2024,50,,,,,,,,
美国白蛾,FWW,六合区灵岩山林场南_1_41_诱虫量,六合区灵岩山林场南,江苏省南京市六合区,2024-12-22,7,0.0,3.7914285714285714,60.65,2024,51,,,,,,,,
美国白蛾,FWW,六合区灵岩山林场南_1_41_诱虫量,六合区灵岩山林场南,江苏省南京市六合区,2024-12-29,3,0.0,5.35,51.96,2024,52,,,,,,,,
大螟,PSB,横梁艾津稻园 大螟_1_11_诱虫量,横梁艾津稻园 大螟,江苏省南京市六合区,2024-08-25,1,6.0,,,2024,34,34.7,25.4,84.71,77.86,50.4,1.93,64.42,27.34
大螟,PSB,横梁艾津稻园 大螟_1_11_诱虫量,横梁艾津稻园 大螟,江苏省南京市六合区,2024-09-08,1,0.0,,,2024,36,33.8,24.2,79.29,68.43,2.9,3.23,78.8,33.31
大螟,PSB,横梁艾津稻园 大螟_1_11_诱虫量,横梁艾津稻园 大螟,江苏省南京市六合区,2024-10-13,2,0.0,16.314999999999998,81.36500000000001,2024,41,25.2,13.1,85.0,74.71,16.7,2.16,49.5,16.94
大螟,PSB,横梁艾津稻园 大螟_1_11_诱虫量,横梁艾津稻园 大螟,江苏省南京市六合区,2024-10-20,7,0.0,14.37142857142857,87.39714285714285,2024,42,27.2,11.2,86.57,77.0,49.2,3.66,31.77,14.95
大螟,PSB,横梁艾津稻园 大螟_1_11_诱虫量,横梁艾津稻园 大螟,江苏省南京市六合区,2024-10-27,7,0.0,14.622857142857143,82.99857142857142,2024,43,22.3,8.6,88.29,80.43,20.0,3.16,35.15,12.25
大螟,PSB,横梁艾津稻园 大螟_1_11_诱虫量,横梁艾津稻园 大螟,江苏省南京市六合区,2024-11-03,7,0.0,13.530000000000001,77.54571428571428,2024,44,22.0,9.3,87.57,74.57,6.8,2.95,55.84,15.81
大螟,PSB,横梁艾津稻园 大螟_1_11_诱虫量,横梁艾津稻园 大螟,江苏省南京市六合区,2024-11-10,7,0.0,16.694285714285716,83.14857142857143,2024,45,,,,,,,,
大螟,PSB,横梁艾津稻园 大螟_1_11_诱虫量,横梁艾津稻园 大螟,江苏省南京市六合区,2024-11-17,7,0.0,8.874285714285715,76.88714285714286,2024,46,,,,,,,,
大螟,PSB,横梁艾津稻园 大螟_1_11_诱虫量,横梁艾津稻园 大螟,江苏省南京市六合区,2024-11-24,7,0.0,6.430000000000001,71.31714285714285,2024,47,,,,,,,,
大螟,PSB,横梁艾津稻园 大螟_1_11_诱虫量,横梁艾津稻园 大螟,江苏省南京市六合区,2024-12-01,7,0.0,7.054285714285714,78.69142857142857,2024,48,,,,,,,,
大螟,PSB,横梁艾津稻园 大螟_1_11_诱虫量,横梁艾津稻园 大螟,江苏省南京市六合区,2024-12-08,7,0.0,2.6685714285714286,74.09285714285714,2024,49,,,,,,,,
大螟,PSB,横梁艾津稻园 大螟_1_11_诱虫量,横梁艾津稻园 大螟,江苏省南京市六合区,2024-12-15,7,0.0,0.6042857142857142,70.20285714285714,2024,50,,,,,,,,
大螟,PSB,横梁艾津稻园 大螟_1_11_诱虫量,横梁艾津稻园 大螟,江苏省南京市六合区,2024-12-22,7,0.0,1.6928571428571428,67.34142857142857,2024,51,,,,,,,,
大螟,PSB,横梁艾津稻园 大螟_1_11_诱虫量,横梁艾津稻园 大螟,江苏省南京市六合区,2024-12-29,3,0.0,2.88,58.28,2024,52,,,,,,,,
大螟,PSB,江宁区 横溪街道 大螟_1_51_诱虫量,江宁区 横溪街道 大螟,江苏省南京市江宁区,2023-01-01,7,0.0,6.465714285714285,74.70285714285714,2022,52,,,,,,,,
大螟,PSB,江宁区 横溪街道 大螟_1_51_诱虫量,江宁区 横溪街道 大螟,江苏省南京市江宁区,2023-01-08,6,0.0,10.241666666666667,85.39999999999999,2023,1,,,,,,,,
大螟,PSB,江宁区 横溪街道 大螟_1_51_诱虫量,江宁区 横溪街道 大螟,江苏省南京市江宁区,2023-01-15,7,0.0,3.302857142857143,72.97142857142858,2023,2,,,,,,,,
大螟,PSB,江宁区 横溪街道 大螟_1_51_诱虫量,江宁区 横溪街道 大螟,江苏省南京市江宁区,2023-01-22,7,0.0,0.8842857142857142,72.22857142857143,2023,3,,,,,,,,
大螟,PSB,江宁区 横溪街道 大螟_1_51_诱虫量,江宁区 横溪街道 大螟,江苏省南京市江宁区,2023-01-29,7,0.0,5.448571428571428,69.31714285714285,2023,4,,,,,,,,
大螟,PSB,江宁区 横溪街道 大螟_1_51_诱虫量,江宁区 横溪街道 大螟,江苏省南京市江宁区,2023-02-05,7,0.0,7.658571428571428,93.81285714285715,2023,5,,,,,,,,
大螟,PSB,江宁区 横溪街道 大螟_1_51_诱虫量,江宁区 横溪街道 大螟,江苏省南京市江宁区,2023-02-12,7,0.0,6.859999999999999,79.95,2023,6,,,,,,,,
大螟,PSB,江宁区 横溪街道 大螟_1_51_诱虫量,江宁区 横溪街道 大螟,江苏省南京市江宁区,2023-02-19,7,0.0,5.124285714285714,76.02428571428571,2023,7,,,,,,,,
大螟,PSB,江宁区 横溪街道 大螟_1_51_诱虫量,江宁区 横溪街道 大螟,江苏省南京市江宁区,2023-02-26,7,0.0,9.768571428571429,65.66142857142857,2023,8,,,,,,,,
大螟,PSB,江宁区 横溪街道 大螟_1_51_诱虫量,江宁区 横溪街道 大螟,江苏省南京市江宁区,2023-03-05,7,3.0,16.13,72.25142857142858,2023,9,,,,,,,,
大螟,PSB,江宁区 横溪街道 大螟_1_51_诱虫量,江宁区 横溪街道 大螟,江苏省南京市江宁区,2023-03-12,7,0.0,10.742857142857144,71.53857142857143,2023,10,,,,,,,,
大螟,PSB,江宁区 横溪街道 大螟_1_51_诱虫量,江宁区 横溪街道 大螟,江苏省南京市江宁区,2023-03-19,7,1.0,11.134285714285713,83.84714285714287,2023,11,,,,,,,,
大螟,PSB,江宁区 横溪街道 大螟_1_51_诱虫量,江宁区 横溪街道 大螟,江苏省南京市江宁区,2023-03-26,7,0.0,14.307142857142859,73.03,2023,12,,,,,,,,
大螟,PSB,江宁区 横溪街道 大螟_1_51_诱虫量,江宁区 横溪街道 大螟,江苏省南京市江宁区,2023-04-02,7,1.0,13.587142857142856,78.80857142857143,2023,13,,,,,,,,
大螟,PSB,江宁区 横溪街道 大螟_1_51_诱虫量,江宁区 横溪街道 大螟,江苏省南京市江宁区,2023-04-09,7,1.0,19.134285714285713,68.25285714285714,2023,14,,,,,,,,
大螟,PSB,江宁区 横溪街道 大螟_1_51_诱虫量,江宁区 横溪街道 大螟,江苏省南京市江宁区,2023-04-16,7,12.0,20.72714285714286,74.91714285714285,2023,15,,,,,,,,
大螟,PSB,江宁区 横溪街道 大螟_1_51_诱虫量,江宁区 横溪街道 大螟,江苏省南京市江宁区,2023-04-23,7,16.0,15.811428571428573,79.30142857142857,2023,16,,,,,,,,
大螟,PSB,江宁区 横溪街道 大螟_1_51_诱虫量,江宁区 横溪街道 大螟,江苏省南京市江宁区,2023-04-30,7,49.0,21.15857142857143,78.12571428571428,2023,17,,,,,,,,
大螟,PSB,江宁区 横溪街道 大螟_1_51_诱虫量,江宁区 横溪街道 大螟,江苏省南京市江宁区,2023-05-07,7,30.0,18.895714285714284,70.9,2023,18,,,,,,,,
大螟,PSB,江宁区 横溪街道 大螟_1_51_诱虫量,江宁区 横溪街道 大螟,江苏省南京市江宁区,2023-05-14,7,34.0,23.80857142857143,75.50714285714285,2023,19,,,,,,,,
大螟,PSB,江宁区 横溪街道 大螟_1_51_诱虫量,江宁区 横溪街道 大螟,江苏省南京市江宁区,2023-05-21,7,11.0,21.607142857142858,81.11285714285714,2023,20,,,,,,,,
大螟,PSB,江宁区 横溪街道 大螟_1_51_诱虫量,江宁区 横溪街道 大螟,江苏省南京市江宁区,2023-05-28,7,21.0,26.964285714285715,76.2242857142857,2023,21,,,,,,,,
大螟,PSB,江宁区 横溪街道 大螟_1_51_诱虫量,江宁区 横溪街道 大螟,江苏省南京市江宁区,2023-06-04,7,2.0,25.225714285714286,78.73142857142857,2023,22,32.3,20.1,84.14,74.14,29.6,2.38,48.59,25.72
大螟,PSB,江宁区 横溪街道 大螟_1_51_诱虫量,江宁区 横溪街道 大螟,江苏省南京市江宁区,2023-06-11,7,4.0,26.29,76.77142857142857,2023,23,34.2,16.0,80.43,75.0,31.1,2.66,59.78,28.9
大螟,PSB,江宁区 横溪街道 大螟_1_51_诱虫量,江宁区 横溪街道 大螟,江苏省南京市江宁区,2023-06-18,7,3.0,26.349999999999998,87.76142857142857,2023,24,32.4,19.2,80.14,65.0,8.5,2.69,57.13,31.06
大螟,PSB,江宁区 横溪街道 大螟_1_51_诱虫量,江宁区 横溪街道 大螟,江苏省南京市江宁区,2023-06-25,7,5.0,28.98,84.50428571428571,2023,25,31.4,20.5,87.57,74.57,82.3,2.55,29.04,21.42
大螟,PSB,江宁区 横溪街道 大螟_1_51_诱虫量,江宁区 横溪街道 大螟,江苏省南京市江宁区,2023-07-02,7,2.0,30.027142857142856,86.67,2023,26,32.8,21.5,86.29,78.86,64.0,2.94,49.98,24.98
大螟,PSB,江宁区 横溪街道 大螟_1_51_诱虫量,江宁区 横溪街道 大螟,江苏省南京市江宁区,2023-07-09,7,0.0,30.22714285714286,86.11857142857141,2023,27,32.9,23.9,87.86,82.29,123.1,3.4,45.76,24.46
大螟,PSB,江宁区 横溪街道 大螟_1_51_诱虫量,江宁区 横溪街道 大螟,江苏省南京市江宁区,2023-07-16,7,2.0,28.532857142857143,90.39,2023,28,34.9,24.6,84.57,77.0,27.6,3.38,49.19,28.48
大螟,PSB,江宁区 横溪街道 大螟_1_51_诱虫量,江宁区 横溪街道 大螟,江苏省南京市江宁区,2023-07-23,7,5.0,29.47714285714286,85.67999999999999,2023,29,31.5,23.5,89.43,84.71,117.0,2.29,34.08,19.55
大螟,PSB,江宁区 横溪街道 大螟_1_51_诱虫量,江宁区 横溪街道 大螟,江苏省南京市江宁区,2023-07-30,7,6.0,30.849999999999998,83.11142857142856,2023,30,33.2,25.1,86.86,80.86,44.3,3.98,65.75,29.7
大螟,PSB,江宁区 横溪街道 大螟_1_51_诱虫量,江宁区 横溪街道 大螟,江苏省南京市江宁区,2023-08-06,7,2.0,30.59142857142857,80.89428571428572,2023,31,34.0,25.0,86.43,76.43,17.1,3.1,81.36,32.83
大螟,PSB,江宁区 横溪街道 大螟_1_51_诱虫量,江宁区 横溪街道 大螟,江苏省南京市江宁区,2023-08-13,7,0.0,30.562857142857144,80.90714285714286,2023,32,35.1,24.0,83.71,75.14,10.3,2.08,79.69,33.11
大螟,PSB,江宁区 横溪街道 大螟_1_51_诱虫量,江宁区 横溪街道 大螟,江苏省南京市江宁区,2023-08-20,7,1.0,29.26571428571429,80.91857142857143,2023,33,33.7,23.9,86.57,81.29,26.5,2.19,77.01,29.64
大螟,PSB,江宁区 横溪街道 大螟_1_51_诱虫量,江宁区 横溪街道 大螟,江苏省南京市江宁区,2023-08-27,7,0.0,25.55,83.28,2023,34,32.0,22.4,82.71,72.0,27.1,2.8,70.93,31.5
大螟,PSB,江宁区 横溪街道 大螟_1_51_诱虫量,江宁区 横溪街道 大螟,江苏省南京市江宁区,2023-09-03,7,1.0,27.434285714285714,82.78142857142858,2023,35,29.4,18.5,86.86,78.57,59.2,2.79,42.5,22.49
大螟,PSB,江宁区 横溪街道 大螟_1_51_诱虫量,江宁区 横溪街道 大螟,江苏省南京市江宁区,2023-09-10,7,0.0,25.437142857142856,89.41571428571429,2023,36,31.0,21.7,88.0,73.71,2.5,2.83,74.88,29.19
大螟,PSB,江宁区 横溪街道 大螟_1_51_诱虫量,江宁区 横溪街道 大螟,江苏省南京市江宁区,2023-09-17,7,3.0,23.934285714285714,89.26,2023,37,31.4,20.4,87.43,82.14,74.6,2.74,29.78,17.15
大螟,PSB,江宁区 横溪街道 大螟_1_51_诱虫量,江宁区 横溪街道 大螟,江苏省南京市江宁区,2023-09-24,7,0.0,24.454285714285714,89.82571428571428,2023,38,32.0,18.8,88.57,77.57,41.3,2.51,30.18,16.82
大螟,PSB,江宁区 横溪街道 大螟_1_51_诱虫量,江宁区 横溪街道 大螟,江苏省南京市江宁区,2023-10-01,7,0.0,20.064285714285713,83.91714285714285,2023,39,28.2,19.1,89.57,82.43,13.3,2.19,45.28,17.44
大螟,PSB,江宁区 横溪街道 大螟_1_51_诱虫量,江宁区 横溪街道 大螟,江苏省南京市江宁区,2023-10-08,7,0.0,19.745714285714286,81.57714285714285,2023,40,25.5,15.7,80.86,71.71,21.7,3.55,38.52,19.59
大螟,PSB,江宁区 横溪街道 大螟_1_51_诱虫量,江宁区 横溪街道 大螟,江苏省南京市江宁区,2023-10-15,7,0.0,18.13142857142857,76.26428571428572,2023,41,23.6,13.5,84.86,74.14,0.0,2.05,50.14,17.04
大螟,PSB,江宁区 横溪街道 大螟_1_51_诱虫量,江宁区 横溪街道 大螟,江苏省南京市江宁区,2023-10-22,7,0.0,19.08857142857143,79.51285714285714,2023,42,26.1,9.6,84.43,62.0,4.0,2.46,71.43,22.45
大螟,PSB,江宁区 横溪街道 大螟_1_51_诱虫量,江宁区 横溪街道 大螟,江苏省南京市江宁区,2023-10-29,7,0.0,20.487142857142857,79.67714285714285,2023,43,25.6,9.6,85.14,64.29,0.0,1.94,60.15,18.61
大螟,PSB,江宁区 横溪街道 大螟_1_51_诱虫量,江宁区 横溪街道 大螟,江苏省南京市江宁区,2023-11-05,5,0.0,12.254999999999999,89.72999999999999,2023,44,27.6,12.9,83.57,69.14,0.8,2.48,60.23,19.36
大螟,PSB,江宁区 横溪街道 大螟_1_51_诱虫量,江宁区 横溪街道 大螟,江苏省南京市江宁区,2023-11-12,7,0.0,8.607142857142858,69.77714285714286,2023,45,,,,,,,,
大螟,PSB,江宁区 横溪街道 大螟_1_51_诱虫量,江宁区 横溪街道 大螟,江苏省南京市江宁区,2023-11-19,7,0.0,11.505714285714285,71.45285714285714,2023,46,,,,,,,,
大螟,PSB,江宁区 横溪街道 大螟_1_51_诱虫量,江宁区 横溪街道 大螟,江苏省南京市江宁区,2023-11-26,7,0.0,7.5528571428571425,70.94,2023,47,,,,,,,,
大螟,PSB,江宁区 横溪街道 大螟_1_51_诱虫量,江宁区 横溪街道 大螟,江苏省南京市江宁区,2023-12-03,7,0.0,10.707142857142857,69.79571428571428,2023,48,,,,,,,,
大螟,PSB,江宁区 横溪街道 大螟_1_51_诱虫量,江宁区 横溪街道 大螟,江苏省南京市江宁区,2023-12-10,7,0.0,5.631428571428572,85.03999999999999,2023,49,,,,,,,,
大螟,PSB,江宁区 横溪街道 大螟_1_51_诱虫量,江宁区 横溪街道 大螟,江苏省南京市江宁区,2023-12-17,7,0.0,-0.9842857142857142,75.69285714285715,2023,50,,,,,,,,
大螟,PSB,江宁区 横溪街道 大螟_1_51_诱虫量,江宁区 横溪街道 大螟,江苏省南京市江宁区,2023-12-24,7,0.0,5.367142857142857,81.65142857142858,2023,51,,,,,,,,
大螟,PSB,江宁区 横溪街道 大螟_1_51_诱虫量,江宁区 横溪街道 大螟,江苏省南京市江宁区,2023-12-31,7,0.0,4.594285714285713,85.57571428571428,2023,52,,,,,,,,
大螟,PSB,江宁区 横溪街道 大螟_1_51_诱虫量,江宁区 横溪街道 大螟,江苏省南京市江宁区,2024-01-07,7,0.0,6.072857142857143,81.33571428571429,2024,1,,,,,,,,
大螟,PSB,江宁区 横溪街道 大螟_1_51_诱虫量,江宁区 横溪街道 大螟,江苏省南京市江宁区,2024-01-14,7,0.0,5.585714285714286,86.33571428571429,2024,2,,,,,,,,
大螟,PSB,江宁区 横溪街道 大螟_1_51_诱虫量,江宁区 横溪街道 大螟,江苏省南京市江宁区,2024-01-21,7,0.0,0.6114285714285714,70.32857142857144,2024,3,,,,,,,,
大螟,PSB,江宁区 横溪街道 大螟_1_51_诱虫量,江宁区 横溪街道 大螟,江苏省南京市江宁区,2024-01-28,7,0.0,5.077142857142857,87.73571428571428,2024,4,,,,,,,,
大螟,PSB,江宁区 横溪街道 大螟_1_51_诱虫量,江宁区 横溪街道 大螟,江苏省南京市江宁区,2024-02-04,7,0.0,3.2214285714285715,81.91714285714285,2024,5,,,,,,,,
大螟,PSB,江宁区 横溪街道 大螟_1_51_诱虫量,江宁区 横溪街道 大螟,江苏省南京市江宁区,2024-02-11,7,1.0,9.52,78.56714285714285,2024,6,,,,,,,,
大螟,PSB,江宁区 横溪街道 大螟_1_51_诱虫量,江宁区 横溪街道 大螟,江苏省南京市江宁区,2024-02-18,7,0.0,4.488571428571428,91.35571428571428,2024,7,,,,,,,,
大螟,PSB,江宁区 横溪街道 大螟_1_51_诱虫量,江宁区 横溪街道 大螟,江苏省南京市江宁区,2024-02-25,7,0.0,4.097142857142857,80.95142857142856,2024,8,,,,,,,,
大螟,PSB,江宁区 横溪街道 大螟_1_51_诱虫量,江宁区 横溪街道 大螟,江苏省南京市江宁区,2024-03-03,7,0.0,8.394285714285713,77.91285714285713,2024,9,,,,,,,,
大螟,PSB,江宁区 横溪街道 大螟_1_51_诱虫量,江宁区 横溪街道 大螟,江苏省南京市江宁区,2024-03-10,7,3.0,13.215714285714284,74.02857142857144,2024,10,,,,,,,,
大螟,PSB,江宁区 横溪街道 大螟_1_51_诱虫量,江宁区 横溪街道 大螟,江苏省南京市江宁区,2024-03-17,7,0.0,13.185714285714285,74.10428571428572,2024,11,,,,,,,,
大螟,PSB,江宁区 横溪街道 大螟_1_51_诱虫量,江宁区 横溪街道 大螟,江苏省南京市江宁区,2024-03-24,7,0.0,15.018571428571429,84.7957142857143,2024,12,,,,,,,,
大螟,PSB,江宁区 横溪街道 大螟_1_51_诱虫量,江宁区 横溪街道 大螟,江苏省南京市江宁区,2024-03-31,7,3.0,16.34,81.42714285714285,2024,13,,,,,,,,
大螟,PSB,江宁区 横溪街道 大螟_1_51_诱虫量,江宁区 横溪街道 大螟,江苏省南京市江宁区,2024-04-07,7,1.0,17.525714285714287,85.08714285714287,2024,14,,,,,,,,
大螟,PSB,江宁区 横溪街道 大螟_1_51_诱虫量,江宁区 横溪街道 大螟,江苏省南京市江宁区,2024-04-14,7,14.0,19.517142857142858,85.14714285714285,2024,15,,,,,,,,
大螟,PSB,江宁区 横溪街道 大螟_1_51_诱虫量,江宁区 横溪街道 大螟,江苏省南京市江宁区,2024-04-21,7,24.0,20.707142857142856,79.21571428571428,2024,16,,,,,,,,
大螟,PSB,江宁区 横溪街道 大螟_1_51_诱虫量,江宁区 横溪街道 大螟,江苏省南京市江宁区,2024-04-28,7,9.0,17.68285714285714,85.53285714285714,2024,17,,,,,,,,
大螟,PSB,江宁区 横溪街道 大螟_1_51_诱虫量,江宁区 横溪街道 大螟,江苏省南京市江宁区,2024-05-05,7,21.0,20.844285714285714,81.60428571428572,2024,18,,,,,,,,
大螟,PSB,江宁区 横溪街道 大螟_1_51_诱虫量,江宁区 横溪街道 大螟,江苏省南京市江宁区,2024-05-12,7,12.0,22.99285714285714,70.77857142857142,2024,19,,,,,,,,
大螟,PSB,江宁区 横溪街道 大螟_1_51_诱虫量,江宁区 横溪街道 大螟,江苏省南京市江宁区,2024-05-19,7,8.0,25.889999999999997,76.01571428571428,2024,20,,,,,,,,
大螟,PSB,江宁区 横溪街道 大螟_1_51_诱虫量,江宁区 横溪街道 大螟,江苏省南京市江宁区,2024-05-26,7,2.0,22.73,78.26857142857143,2024,21,,,,,,,,
大螟,PSB,江宁区 横溪街道 大螟_1_51_诱虫量,江宁区 横溪街道 大螟,江苏省南京市江宁区,2024-06-02,7,1.0,24.41,74.60857142857142,2024,22,26.9,14.2,77.71,68.43,42.5,2.69,50.74,25.99
大螟,PSB,江宁区 横溪街道 大螟_1_51_诱虫量,江宁区 横溪街道 大螟,江苏省南京市江宁区,2024-06-09,7,5.0,28.864285714285717,76.14428571428572,2024,23,30.9,17.1,76.86,61.71,5.2,2.43,62.66,30.94
大螟,PSB,江宁区 横溪街道 大螟_1_51_诱虫量,江宁区 横溪街道 大螟,江苏省南京市江宁区,2024-06-16,7,10.0,27.774285714285714,82.67428571428572,2024,24,34.2,20.7,79.71,58.71,0.7,2.43,71.14,35.09
大螟,PSB,江宁区 横溪街道 大螟_1_51_诱虫量,江宁区 横溪街道 大螟,江苏省南京市江宁区,2024-06-23,7,9.0,25.384285714285713,93.23571428571428,2024,25,32.3,21.3,85.0,69.86,96.1,3.32,46.58,27.17
大螟,PSB,江宁区 横溪街道 大螟_1_51_诱虫量,江宁区 横溪街道 大螟,江苏省南京市江宁区,2024-06-30,7,3.0,29.837142857142858,84.53999999999999,2024,26,30.9,20.7,88.71,85.57,179.0,2.73,26.58,17.62
大螟,PSB,江宁区 横溪街道 大螟_1_51_诱虫量,江宁区 横溪街道 大螟,江苏省南京市江宁区,2024-07-07,7,0.0,28.897142857142857,88.02571428571427,2024,27,34.9,22.6,81.14,78.57,41.8,4.14,62.65,32.6
大螟,PSB,江宁区 横溪街道 大螟_1_51_诱虫量,江宁区 横溪街道 大螟,江苏省南京市江宁区,2024-07-14,7,0.0,30.852857142857143,86.50857142857141,2024,28,35.0,21.4,88.57,86.0,168.8,2.44,20.72,18.18
大螟,PSB,江宁区 横溪街道 大螟_1_51_诱虫量,江宁区 横溪街道 大螟,江苏省南京市江宁区,2024-07-21,7,0.0,32.36857142857143,81.38285714285715,2024,29,35.2,24.3,81.86,78.57,22.4,3.39,35.37,25.73
大螟,PSB,江宁区 横溪街道 大螟_1_51_诱虫量,江宁区 横溪街道 大螟,江苏省南京市江宁区,2024-07-28,7,0.0,33.43571428571429,78.70142857142856,2024,30,36.7,27.0,80.57,71.86,6.1,4.7,71.71,37.84
大螟,PSB,江宁区 横溪街道 大螟_1_51_诱虫量,江宁区 横溪街道 大螟,江苏省南京市江宁区,2024-08-04,7,0.0,33.90571428571429,75.27857142857144,2024,31,37.5,27.6,76.0,71.57,9.5,2.75,86.5,40.56
大螟,PSB,江宁区 横溪街道 大螟_1_51_诱虫量,江宁区 横溪街道 大螟,江苏省南京市江宁区,2024-08-11,7,0.0,31.222857142857144,82.81714285714285,2024,32,37.8,27.1,76.86,66.71,62.0,1.88,83.96,39.02
大螟,PSB,江宁区 横溪街道 大螟_1_51_诱虫量,江宁区 横溪街道 大螟,江苏省南京市江宁区,2024-08-18,7,0.0,30.948571428571427,86.01714285714286,2024,33,36.3,24.9,84.43,67.71,34.3,2.42,75.24,33.56
大螟,PSB,江宁区 横溪街道 大螟_1_51_诱虫量,江宁区 横溪街道 大螟,江苏省南京市江宁区,2024-08-25,7,0.0,30.631428571428568,84.96714285714286,2024,34,34.7,25.4,84.71,77.86,50.4,1.93,64.42,27.34
大螟,PSB,江宁区 横溪街道 大螟_1_51_诱虫量,江宁区 横溪街道 大螟,江苏省南京市江宁区,2024-09-01,7,0.0,30.645714285714288,84.50285714285714,2024,35,35.2,24.1,83.43,71.71,6.3,2.35,74.77,30.13
大螟,PSB,江宁区 横溪街道 大螟_1_51_诱虫量,江宁区 横溪街道 大螟,江苏省南京市江宁区,2024-09-08,7,0.0,29.602857142857143,89.51,2024,36,33.8,24.2,79.29,68.43,2.9,3.23,78.8,33.31
大螟,PSB,江宁区 横溪街道 大螟_1_51_诱虫量,江宁区 横溪街道 大螟,江苏省南京市江宁区,2024-09-15,7,0.0,27.17142857142857,91.55857142857143,2024,37,33.8,23.6,88.14,80.14,83.0,3.4,57.66,23.89
大螟,PSB,江宁区 横溪街道 大螟_1_51_诱虫量,江宁区 横溪街道 大螟,江苏省南京市江宁区,2024-09-22,7,0.0,23.327142857142857,87.67142857142858,2024,38,31.6,17.4,81.14,76.86,124.9,5.49,54.64,24.01
大螟,PSB,江宁区 横溪街道 大螟_1_51_诱虫量,江宁区 横溪街道 大螟,江苏省南京市江宁区,2024-09-29,7,0.0,20.325714285714287,86.00285714285714,2024,39,29.1,15.8,86.14,76.0,15.1,2.67,66.18,23.31
大螟,PSB,江宁区 横溪街道 大螟_1_51_诱虫量,江宁区 横溪街道 大螟,江苏省南京市江宁区,2024-10-06,7,1.0,18.72714285714286,89.06285714285715,2024,40,28.6,11.9,79.0,72.14,17.2,3.38,48.16,18.62
大螟,PSB,江宁区 横溪街道 大螟_1_51_诱虫量,江宁区 横溪街道 大螟,江苏省南京市江宁区,2024-10-13,7,1.0,20.624285714285715,93.46857142857142,2024,41,25.2,13.1,85.0,74.71,16.7,2.16,49.5,16.94
大螟,PSB,江宁区 横溪街道 大螟_1_51_诱虫量,江宁区 横溪街道 大螟,江苏省南京市江宁区,2024-10-20,7,2.0,16.674285714285713,90.01714285714286,2024,42,27.2,11.2,86.57,77.0,49.2,3.66,31.77,14.95
大螟,PSB,江宁区 横溪街道 大螟_1_51_诱虫量,江宁区 横溪街道 大螟,江苏省南京市江宁区,2024-10-27,7,1.0,16.52857142857143,89.5,2024,43,22.3,8.6,88.29,80.43,20.0,3.16,35.15,12.25
大螟,PSB,江宁区 横溪街道 大螟_1_51_诱虫量,江宁区 横溪街道 大螟,江苏省南京市江宁区,2024-11-03,7,0.0,15.318571428571428,83.38428571428572,2024,44,22.0,9.3,87.57,74.57,6.8,2.95,55.84,15.81
大螟,PSB,江宁区 横溪街道 大螟_1_51_诱虫量,江宁区 横溪街道 大螟,江苏省南京市江宁区,2024-11-10,7,2.0,18.381428571428575,88.83571428571429,2024,45,,,,,,,,
大螟,PSB,江宁区 横溪街道 大螟_1_51_诱虫量,江宁区 横溪街道 大螟,江苏省南京市江宁区,2024-11-17,7,0.0,11.301428571428572,83.86428571428571,2024,46,,,,,,,,
大螟,PSB,江宁区 横溪街道 大螟_1_51_诱虫量,江宁区 横溪街道 大螟,江苏省南京市江宁区,2024-11-24,7,0.0,8.535714285714286,74.60571428571428,2024,47,,,,,,,,
大螟,PSB,江宁区 横溪街道 大螟_1_51_诱虫量,江宁区 横溪街道 大螟,江苏省南京市江宁区,2024-12-01,7,2.0,9.507142857142856,82.33428571428571,2024,48,,,,,,,,
大螟,PSB,江宁区 横溪街道 大螟_1_51_诱虫量,江宁区 横溪街道 大螟,江苏省南京市江宁区,2024-12-08,7,2.0,5.062857142857142,81.87285714285714,2024,49,,,,,,,,
大螟,PSB,江宁区 横溪街道 大螟_1_51_诱虫量,江宁区 横溪街道 大螟,江苏省南京市江宁区,2024-12-15,7,1.0,2.8242857142857143,75.76,2024,50,,,,,,,,
大螟,PSB,江宁区 横溪街道 大螟_1_51_诱虫量,江宁区 横溪街道 大螟,江苏省南京市江宁区,2024-12-22,7,1.0,4.265714285714286,73.33571428571429,2024,51,,,,,,,,
大螟,PSB,江宁区 横溪街道 大螟_1_51_诱虫量,江宁区 横溪街道 大螟,江苏省南京市江宁区,2024-12-29,3,1.0,3.4749999999999996,71.58500000000001,2024,52,,,,,,,,
大螟,PSB,溧水区 叁拾叁_2_43_诱虫量,溧水区 叁拾叁,江苏省南京市溧水区,2023-01-01,5,2.0,7.122,61.525999999999996,2022,52,,,,,,,,
大螟,PSB,溧水区 叁拾叁_2_43_诱虫量,溧水区 叁拾叁,江苏省南京市溧水区,2023-01-08,4,4.0,10.6325,69.8725,2023,1,,,,,,,,
大螟,PSB,溧水区 叁拾叁_2_43_诱虫量,溧水区 叁拾叁,江苏省南京市溧水区,2023-01-15,3,0.0,3.6300000000000003,70.64,2023,2,,,,,,,,
大螟,PSB,溧水区 叁拾叁_2_43_诱虫量,溧水区 叁拾叁,江苏省南京市溧水区,2023-01-22,7,0.0,1.7100000000000002,60.87,2023,3,,,,,,,,
大螟,PSB,溧水区 叁拾叁_2_43_诱虫量,溧水区 叁拾叁,江苏省南京市溧水区,2023-01-29,5,0.0,9.290000000000001,48.352,2023,4,,,,,,,,
大螟,PSB,溧水区 叁拾叁_2_43_诱虫量,溧水区 叁拾叁,江苏省南京市溧水区,2023-02-05,7,0.0,7.324285714285715,91.17285714285715,2023,5,,,,,,,,
大螟,PSB,溧水区 叁拾叁_2_43_诱虫量,溧水区 叁拾叁,江苏省南京市溧水区,2023-02-12,3,0.0,9.496666666666668,84.04,2023,6,,,,,,,,
大螟,PSB,溧水区 叁拾叁_2_43_诱虫量,溧水区 叁拾叁,江苏省南京市溧水区,2023-02-19,5,0.0,5.754,63.727999999999994,2023,7,,,,,,,,
大螟,PSB,溧水区 叁拾叁_2_43_诱虫量,溧水区 叁拾叁,江苏省南京市溧水区,2023-02-26,2,0.0,15.715,35.535,2023,8,,,,,,,,
大螟,PSB,溧水区 叁拾叁_2_43_诱虫量,溧水区 叁拾叁,江苏省南京市溧水区,2023-03-05,3,0.0,19.22,56.70666666666667,2023,9,,,,,,,,
大螟,PSB,溧水区 叁拾叁_2_43_诱虫量,溧水区 叁拾叁,江苏省南京市溧水区,2023-03-12,5,0.0,14.315999999999999,48.114,2023,10,,,,,,,,
大螟,PSB,溧水区 叁拾叁_2_43_诱虫量,溧水区 叁拾叁,江苏省南京市溧水区,2023-03-19,5,0.0,12.326,86.03200000000001,2023,11,,,,,,,,
大螟,PSB,溧水区 叁拾叁_2_43_诱虫量,溧水区 叁拾叁,江苏省南京市溧水区,2023-03-26,5,0.0,14.016,65.848,2023,12,,,,,,,,
大螟,PSB,溧水区 叁拾叁_2_43_诱虫量,溧水区 叁拾叁,江苏省南京市溧水区,2023-04-02,7,4.0,12.92,72.88571428571429,2023,13,,,,,,,,
大螟,PSB,溧水区 叁拾叁_2_43_诱虫量,溧水区 叁拾叁,江苏省南京市溧水区,2023-04-09,7,0.0,19.43285714285714,58.199999999999996,2023,14,,,,,,,,
大螟,PSB,溧水区 叁拾叁_2_43_诱虫量,溧水区 叁拾叁,江苏省南京市溧水区,2023-04-16,7,1.0,20.884285714285713,65.44000000000001,2023,15,,,,,,,,
大螟,PSB,溧水区 叁拾叁_2_43_诱虫量,溧水区 叁拾叁,江苏省南京市溧水区,2023-04-23,7,2.0,16.05142857142857,70.89428571428572,2023,16,,,,,,,,
大螟,PSB,溧水区 叁拾叁_2_43_诱虫量,溧水区 叁拾叁,江苏省南京市溧水区,2023-04-30,7,2.0,21.31142857142857,71.32714285714285,2023,17,,,,,,,,
大螟,PSB,溧水区 叁拾叁_2_43_诱虫量,溧水区 叁拾叁,江苏省南京市溧水区,2023-05-07,7,3.0,18.858571428571427,63.93571428571429,2023,18,,,,,,,,
大螟,PSB,溧水区 叁拾叁_2_43_诱虫量,溧水区 叁拾叁,江苏省南京市溧水区,2023-05-14,7,1.0,23.518571428571427,71.30571428571429,2023,19,,,,,,,,
大螟,PSB,溧水区 叁拾叁_2_43_诱虫量,溧水区 叁拾叁,江苏省南京市溧水区,2023-05-21,7,0.0,20.975714285714286,78.19428571428571,2023,20,,,,,,,,
大螟,PSB,溧水区 叁拾叁_2_43_诱虫量,溧水区 叁拾叁,江苏省南京市溧水区,2023-05-28,7,0.0,26.021428571428572,75.24142857142859,2023,21,,,,,,,,
大螟,PSB,溧水区 叁拾叁_2_43_诱虫量,溧水区 叁拾叁,江苏省南京市溧水区,2023-06-04,7,0.0,24.685714285714287,75.38857142857144,2023,22,32.3,20.1,84.14,74.14,29.6,2.38,48.59,25.72
大螟,PSB,溧水区 叁拾叁_2_43_诱虫量,溧水区 叁拾叁,江苏省南京市溧水区,2023-06-11,7,0.0,25.692857142857143,73.68142857142857,2023,23,34.2,16.0,80.43,75.0,31.1,2.66,59.78,28.9
大螟,PSB,溧水区 叁拾叁_2_43_诱虫量,溧水区 叁拾叁,江苏省南京市溧水区,2023-06-18,7,5.0,25.282857142857143,86.01,2023,24,32.4,19.2,80.14,65.0,8.5,2.69,57.13,31.06
大螟,PSB,溧水区 叁拾叁_2_43_诱虫量,溧水区 叁拾叁,江苏省南京市溧水区,2023-06-25,6,4.0,26.996666666666666,83.65166666666666,2023,25,31.4,20.5,87.57,74.57,82.3,2.55,29.04,21.42
大螟,PSB,溧水区 叁拾叁_2_43_诱虫量,溧水区 叁拾叁,江苏省南京市溧水区,2023-07-02,7,0.0,29.395714285714288,82.64571428571428,2023,26,32.8,21.5,86.29,78.86,64.0,2.94,49.98,24.98
大螟,PSB,溧水区 叁拾叁_2_43_诱虫量,溧水区 叁拾叁,江苏省南京市溧水区,2023-07-09,7,0.0,29.614285714285717,82.39999999999999,2023,27,32.9,23.9,87.86,82.29,123.1,3.4,45.76,24.46
大螟,PSB,溧水区 叁拾叁_2_43_诱虫量,溧水区 叁拾叁,江苏省南京市溧水区,2023-07-16,7,0.0,27.787142857142857,88.38714285714286,2023,28,34.9,24.6,84.57,77.0,27.6,3.38,49.19,28.48
大螟,PSB,溧水区 叁拾叁_2_43_诱虫量,溧水区 叁拾叁,江苏省南京市溧水区,2023-07-23,7,0.0,28.934285714285714,83.42428571428572,2023,29,31.5,23.5,89.43,84.71,117.0,2.29,34.08,19.55
大螟,PSB,溧水区 叁拾叁_2_43_诱虫量,溧水区 叁拾叁,江苏省南京市溧水区,2023-07-30,7,0.0,30.334285714285716,79.34571428571428,2023,30,33.2,25.1,86.86,80.86,44.3,3.98,65.75,29.7
大螟,PSB,溧水区 叁拾叁_2_43_诱虫量,溧水区 叁拾叁,江苏省南京市溧水区,2023-08-06,7,0.0,30.208571428571428,77.53571428571429,2023,31,34.0,25.0,86.43,76.43,17.1,3.1,81.36,32.83
大螟,PSB,溧水区 叁拾叁_2_43_诱虫量,溧水区 叁拾叁,江苏省南京市溧水区,2023-08-13,7,0.0,30.051428571428573,77.2957142857143,2023,32,35.1,24.0,83.71,75.14,10.3,2.08,79.69,33.11
大螟,PSB,溧水区 叁拾叁_2_43_诱虫量,溧水区 叁拾叁,江苏省南京市溧水区,2023-08-20,7,0.0,29.24142857142857,76.22285714285715,2023,33,33.7,23.9,86.57,81.29,26.5,2.19,77.01,29.64
大螟,PSB,溧水区 叁拾叁_2_43_诱虫量,溧水区 叁拾叁,江苏省南京市溧水区,2023-08-27,7,0.0,24.504285714285714,83.68714285714285,2023,34,32.0,22.4,82.71,72.0,27.1,2.8,70.93,31.5
大螟,PSB,溧水区 叁拾叁_2_43_诱虫量,溧水区 叁拾叁,江苏省南京市溧水区,2023-09-03,7,0.0,27.607142857142858,77.92142857142858,2023,35,29.4,18.5,86.86,78.57,59.2,2.79,42.5,22.49
大螟,PSB,溧水区 叁拾叁_2_43_诱虫量,溧水区 叁拾叁,江苏省南京市溧水区,2023-09-10,7,1.0,24.759999999999998,88.06142857142856,2023,36,31.0,21.7,88.0,73.71,2.5,2.83,74.88,29.19
大螟,PSB,溧水区 叁拾叁_2_43_诱虫量,溧水区 叁拾叁,江苏省南京市溧水区,2023-09-17,7,0.0,24.00142857142857,87.12857142857142,2023,37,31.4,20.4,87.43,82.14,74.6,2.74,29.78,17.15
大螟,PSB,溧水区 叁拾叁_2_43_诱虫量,溧水区 叁拾叁,江苏省南京市溧水区,2023-09-24,7,0.0,23.922857142857143,88.18714285714285,2023,38,32.0,18.8,88.57,77.57,41.3,2.51,30.18,16.82
大螟,PSB,溧水区 叁拾叁_2_43_诱虫量,溧水区 叁拾叁,江苏省南京市溧水区,2023-10-01,7,0.0,20.259999999999998,77.52714285714286,2023,39,28.2,19.1,89.57,82.43,13.3,2.19,45.28,17.44
大螟,PSB,溧水区 叁拾叁_2_43_诱虫量,溧水区 叁拾叁,江苏省南京市溧水区,2023-10-08,7,0.0,19.148571428571426,81.2,2023,40,25.5,15.7,80.86,71.71,21.7,3.55,38.52,19.59
大螟,PSB,溧水区 叁拾叁_2_43_诱虫量,溧水区 叁拾叁,江苏省南京市溧水区,2023-10-15,7,0.0,18.400000000000002,71.69285714285715,2023,41,23.6,13.5,84.86,74.14,0.0,2.05,50.14,17.04
大螟,PSB,溧水区 叁拾叁_2_43_诱虫量,溧水区 叁拾叁,江苏省南京市溧水区,2023-10-22,7,0.0,18.62857142857143,77.58571428571429,2023,42,26.1,9.6,84.43,62.0,4.0,2.46,71.43,22.45
大螟,PSB,溧水区 叁拾叁_2_43_诱虫量,溧水区 叁拾叁,江苏省南京市溧水区,2023-10-29,7,0.0,20.41857142857143,74.89571428571428,2023,43,25.6,9.6,85.14,64.29,0.0,1.94,60.15,18.61
大螟,PSB,溧水区 叁拾叁_2_43_诱虫量,溧水区 叁拾叁,江苏省南京市溧水区,2023-11-05,5,0.0,12.0975,86.28,2023,44,27.6,12.9,83.57,69.14,0.8,2.48,60.23,19.36
大螟,PSB,溧水区 叁拾叁_2_43_诱虫量,溧水区 叁拾叁,江苏省南京市溧水区,2023-11-12,7,0.0,9.598571428571429,65.13571428571429,2023,45,,,,,,,,
大螟,PSB,溧水区 叁拾叁_2_43_诱虫量,溧水区 叁拾叁,江苏省南京市溧水区,2023-11-19,7,0.0,12.12142857142857,65.76714285714286,2023,46,,,,,,,,
大螟,PSB,溧水区 叁拾叁_2_43_诱虫量,溧水区 叁拾叁,江苏省南京市溧水区,2023-11-26,7,0.0,8.357142857142858,65.59857142857143,2023,47,,,,,,,,
大螟,PSB,溧水区 叁拾叁_2_43_诱虫量,溧水区 叁拾叁,江苏省南京市溧水区,2023-12-03,7,0.0,11.082857142857142,65.06142857142858,2023,48,,,,,,,,
大螟,PSB,溧水区 叁拾叁_2_43_诱虫量,溧水区 叁拾叁,江苏省南京市溧水区,2023-12-10,7,0.0,5.45,84.68714285714285,2023,49,,,,,,,,
大螟,PSB,溧水区 叁拾叁_2_43_诱虫量,溧水区 叁拾叁,江苏省南京市溧水区,2023-12-17,7,0.0,-1.262857142857143,72.47428571428571,2023,50,,,,,,,,
大螟,PSB,溧水区 叁拾叁_2_43_诱虫量,溧水区 叁拾叁,江苏省南京市溧水区,2023-12-24,7,0.0,5.357142857142857,79.52285714285713,2023,51,,,,,,,,
大螟,PSB,溧水区 叁拾叁_2_43_诱虫量,溧水区 叁拾叁,江苏省南京市溧水区,2023-12-31,7,0.0,4.335714285714285,82.39428571428572,2023,52,,,,,,,,
大螟,PSB,溧水区 叁拾叁_2_43_诱虫量,溧水区 叁拾叁,江苏省南京市溧水区,2024-01-07,7,0.0,5.825714285714286,76.70142857142856,2024,1,,,,,,,,
大螟,PSB,溧水区 叁拾叁_2_43_诱虫量,溧水区 叁拾叁,江苏省南京市溧水区,2024-01-14,7,0.0,5.771428571428571,83.56285714285714,2024,2,,,,,,,,
大螟,PSB,溧水区 叁拾叁_2_43_诱虫量,溧水区 叁拾叁,江苏省南京市溧水区,2024-01-21,7,0.0,-0.20857142857142857,70.23428571428572,2024,3,,,,,,,,
大螟,PSB,溧水区 叁拾叁_2_43_诱虫量,溧水区 叁拾叁,江苏省南京市溧水区,2024-01-28,7,0.0,4.7371428571428575,87.88857142857144,2024,4,,,,,,,,
大螟,PSB,溧水区 叁拾叁_2_43_诱虫量,溧水区 叁拾叁,江苏省南京市溧水区,2024-02-04,7,0.0,2.5357142857142856,81.7042857142857,2024,5,,,,,,,,
大螟,PSB,溧水区 叁拾叁_2_43_诱虫量,溧水区 叁拾叁,江苏省南京市溧水区,2024-02-11,7,0.0,10.424285714285714,71.68571428571428,2024,6,,,,,,,,
大螟,PSB,溧水区 叁拾叁_2_43_诱虫量,溧水区 叁拾叁,江苏省南京市溧水区,2024-02-18,7,0.0,3.5185714285714282,94.67142857142858,2024,7,,,,,,,,
大螟,PSB,溧水区 叁拾叁_2_43_诱虫量,溧水区 叁拾叁,江苏省南京市溧水区,2024-02-25,7,0.0,4.0128571428571425,78.52428571428571,2024,8,,,,,,,,
大螟,PSB,溧水区 叁拾叁_2_43_诱虫量,溧水区 叁拾叁,江苏省南京市溧水区,2024-03-03,7,0.0,8.877142857142857,73.41857142857144,2024,9,,,,,,,,
大螟,PSB,溧水区 叁拾叁_2_43_诱虫量,溧水区 叁拾叁,江苏省南京市溧水区,2024-03-10,7,4.0,13.217142857142857,70.26571428571428,2024,10,,,,,,,,
大螟,PSB,溧水区 叁拾叁_2_43_诱虫量,溧水区 叁拾叁,江苏省南京市溧水区,2024-03-17,7,0.0,13.549999999999999,69.47857142857143,2024,11,,,,,,,,
大螟,PSB,溧水区 叁拾叁_2_43_诱虫量,溧水区 叁拾叁,江苏省南京市溧水区,2024-03-24,7,0.0,14.65,83.0942857142857,2024,12,,,,,,,,
大螟,PSB,溧水区 叁拾叁_2_43_诱虫量,溧水区 叁拾叁,江苏省南京市溧水区,2024-03-31,7,0.0,16.224285714285713,78.76428571428572,2024,13,,,,,,,,
大螟,PSB,溧水区 叁拾叁_2_43_诱虫量,溧水区 叁拾叁,江苏省南京市溧水区,2024-04-07,7,0.0,16.97142857142857,81.35857142857142,2024,14,,,,,,,,
大螟,PSB,溧水区 叁拾叁_2_43_诱虫量,溧水区 叁拾叁,江苏省南京市溧水区,2024-04-14,7,2.0,19.18285714285714,80.33142857142857,2024,15,,,,,,,,
大螟,PSB,溧水区 叁拾叁_2_43_诱虫量,溧水区 叁拾叁,江苏省南京市溧水区,2024-04-21,7,0.0,20.400000000000002,73.24428571428572,2024,16,,,,,,,,
大螟,PSB,溧水区 叁拾叁_2_43_诱虫量,溧水区 叁拾叁,江苏省南京市溧水区,2024-04-28,7,0.0,17.264285714285712,81.92714285714285,2024,17,,,,,,,,
大螟,PSB,溧水区 叁拾叁_2_43_诱虫量,溧水区 叁拾叁,江苏省南京市溧水区,2024-05-05,7,3.0,21.054285714285715,75.33857142857143,2024,18,,,,,,,,
大螟,PSB,溧水区 叁拾叁_2_43_诱虫量,溧水区 叁拾叁,江苏省南京市溧水区,2024-05-12,7,0.0,24.437142857142856,57.075714285714284,2024,19,,,,,,,,
大螟,PSB,溧水区 叁拾叁_2_43_诱虫量,溧水区 叁拾叁,江苏省南京市溧水区,2024-05-19,7,1.0,25.837142857142858,69.51571428571428,2024,20,,,,,,,,
大螟,PSB,溧水区 叁拾叁_2_43_诱虫量,溧水区 叁拾叁,江苏省南京市溧水区,2024-05-26,7,1.0,22.1,74.13142857142859,2024,21,,,,,,,,
大螟,PSB,溧水区 叁拾叁_2_43_诱虫量,溧水区 叁拾叁,江苏省南京市溧水区,2024-06-02,7,0.0,23.64428571428571,71.32714285714286,2024,22,26.9,14.2,77.71,68.43,42.5,2.69,50.74,25.99
大螟,PSB,溧水区 叁拾叁_2_43_诱虫量,溧水区 叁拾叁,江苏省南京市溧水区,2024-06-09,7,0.0,28.175714285714285,72.12428571428572,2024,23,30.9,17.1,76.86,61.71,5.2,2.43,62.66,30.94
大螟,PSB,溧水区 叁拾叁_2_43_诱虫量,溧水区 叁拾叁,江苏省南京市溧水区,2024-06-16,7,1.0,26.771428571428572,82.06285714285714,2024,24,34.2,20.7,79.71,58.71,0.7,2.43,71.14,35.09
大螟,PSB,溧水区 叁拾叁_2_43_诱虫量,溧水区 叁拾叁,江苏省南京市溧水区,2024-06-23,7,0.0,24.297142857142855,93.21571428571428,2024,25,32.3,21.3,85.0,69.86,96.1,3.32,46.58,27.17
大螟,PSB,溧水区 叁拾叁_2_43_诱虫量,溧水区 叁拾叁,江苏省南京市溧水区,2024-06-30,7,0.0,29.214285714285715,83.05714285714285,2024,26,30.9,20.7,88.71,85.57,179.0,2.73,26.58,17.62
大螟,PSB,溧水区 叁拾叁_2_43_诱虫量,溧水区 叁拾叁,江苏省南京市溧水区,2024-07-07,7,0.0,27.93,87.42857142857143,2024,27,34.9,22.6,81.14,78.57,41.8,4.14,62.65,32.6
大螟,PSB,溧水区 叁拾叁_2_43_诱虫量,溧水区 叁拾叁,江苏省南京市溧水区,2024-07-14,7,0.0,30.622857142857146,81.87,2024,28,35.0,21.4,88.57,86.0,168.8,2.44,20.72,18.18
大螟,PSB,溧水区 叁拾叁_2_43_诱虫量,溧水区 叁拾叁,江苏省南京市溧水区,2024-07-21,7,0.0,32.14857142857143,76.5457142857143,2024,29,35.2,24.3,81.86,78.57,22.4,3.39,35.37,25.73
大螟,PSB,溧水区 叁拾叁_2_43_诱虫量,溧水区 叁拾叁,江苏省南京市溧水区,2024-07-28,7,0.0,33.44857142857143,73.61,2024,30,36.7,27.0,80.57,71.86,6.1,4.7,71.71,37.84
大螟,PSB,溧水区 叁拾叁_2_43_诱虫量,溧水区 叁拾叁,江苏省南京市溧水区,2024-08-04,7,0.0,33.45428571428572,72.58571428571429,2024,31,37.5,27.6,76.0,71.57,9.5,2.75,86.5,40.56
大螟,PSB,溧水区 叁拾叁_2_43_诱虫量,溧水区 叁拾叁,江苏省南京市溧水区,2024-08-11,7,0.0,30.669999999999998,79.03428571428572,2024,32,37.8,27.1,76.86,66.71,62.0,1.88,83.96,39.02
大螟,PSB,溧水区 叁拾叁_2_43_诱虫量,溧水区 叁拾叁,江苏省南京市溧水区,2024-08-18,7,3.0,30.172857142857143,82.04285714285713,2024,33,36.3,24.9,84.43,67.71,34.3,2.42,75.24,33.56
大螟,PSB,溧水区 叁拾叁_2_43_诱虫量,溧水区 叁拾叁,江苏省南京市溧水区,2024-08-25,7,0.0,30.787142857142857,78.47285714285715,2024,34,34.7,25.4,84.71,77.86,50.4,1.93,64.42,27.34
大螟,PSB,溧水区 叁拾叁_2_43_诱虫量,溧水区 叁拾叁,江苏省南京市溧水区,2024-09-01,7,0.0,30.798571428571428,76.00285714285714,2024,35,35.2,24.1,83.43,71.71,6.3,2.35,74.77,30.13
大螟,PSB,溧水区 叁拾叁_2_43_诱虫量,溧水区 叁拾叁,江苏省南京市溧水区,2024-09-08,7,0.0,29.942857142857143,81.26,2024,36,33.8,24.2,79.29,68.43,2.9,3.23,78.8,33.31
大螟,PSB,溧水区 叁拾叁_2_43_诱虫量,溧水区 叁拾叁,江苏省南京市溧水区,2024-09-15,7,0.0,26.88714285714286,85.74428571428572,2024,37,33.8,23.6,88.14,80.14,83.0,3.4,57.66,23.89
大螟,PSB,溧水区 叁拾叁_2_43_诱虫量,溧水区 叁拾叁,江苏省南京市溧水区,2024-09-22,7,0.0,23.625714285714285,80.14571428571428,2024,38,31.6,17.4,81.14,76.86,124.9,5.49,54.64,24.01
大螟,PSB,溧水区 叁拾叁_2_43_诱虫量,溧水区 叁拾叁,江苏省南京市溧水区,2024-09-29,7,1.0,20.818571428571428,77.63714285714286,2024,39,29.1,15.8,86.14,76.0,15.1,2.67,66.18,23.31
大螟,PSB,溧水区 叁拾叁_2_43_诱虫量,溧水区 叁拾叁,江苏省南京市溧水区,2024-10-06,7,0.0,18.577142857142857,83.12428571428572,2024,40,28.6,11.9,79.0,72.14,17.2,3.38,48.16,18.62
大螟,PSB,溧水区 叁拾叁_2_43_诱虫量,溧水区 叁拾叁,江苏省南京市溧水区,2024-10-13,7,0.0,20.237142857142857,89.43857142857144,2024,41,25.2,13.1,85.0,74.71,16.7,2.16,49.5,16.94
大螟,PSB,溧水区 叁拾叁_2_43_诱虫量,溧水区 叁拾叁,江苏省南京市溧水区,2024-10-20,7,0.0,16.75857142857143,84.31142857142858,2024,42,27.2,11.2,86.57,77.0,49.2,3.66,31.77,14.95
大螟,PSB,溧水区 叁拾叁_2_43_诱虫量,溧水区 叁拾叁,江苏省南京市溧水区,2024-10-27,7,0.0,16.66,84.14,2024,43,22.3,8.6,88.29,80.43,20.0,3.16,35.15,12.25
大螟,PSB,溧水区 叁拾叁_2_43_诱虫量,溧水区 叁拾叁,江苏省南京市溧水区,2024-11-03,7,0.0,16.482857142857146,73.10142857142857,2024,44,22.0,9.3,87.57,74.57,6.8,2.95,55.84,15.81
大螟,PSB,溧水区 叁拾叁_2_43_诱虫量,溧水区 叁拾叁,江苏省南京市溧水区,2024-11-10,7,0.0,18.490000000000002,83.2942857142857,2024,45,,,,,,,,
大螟,PSB,溧水区 叁拾叁_2_43_诱虫量,溧水区 叁拾叁,江苏省南京市溧水区,2024-11-17,7,0.0,11.627142857142857,76.65857142857143,2024,46,,,,,,,,
大螟,PSB,溧水区 叁拾叁_2_43_诱虫量,溧水区 叁拾叁,江苏省南京市溧水区,2024-11-24,7,0.0,8.688571428571429,70.32285714285715,2024,47,,,,,,,,
大螟,PSB,溧水区 叁拾叁_2_43_诱虫量,溧水区 叁拾叁,江苏省南京市溧水区,2024-12-01,7,0.0,9.267142857142858,79.44571428571429,2024,48,,,,,,,,
大螟,PSB,溧水区 叁拾叁_2_43_诱虫量,溧水区 叁拾叁,江苏省南京市溧水区,2024-12-08,7,0.0,5.062857142857142,77.75571428571428,2024,49,,,,,,,,
大螟,PSB,溧水区 叁拾叁_2_43_诱虫量,溧水区 叁拾叁,江苏省南京市溧水区,2024-12-15,7,0.0,2.7885714285714287,72.7,2024,50,,,,,,,,
大螟,PSB,溧水区 叁拾叁_2_43_诱虫量,溧水区 叁拾叁,江苏省南京市溧水区,2024-12-22,7,0.0,4.622857142857143,67.97142857142856,2024,51,,,,,,,,
大螟,PSB,溧水区 叁拾叁_2_43_诱虫量,溧水区 叁拾叁,江苏省南京市溧水区,2024-12-29,3,0.0,3.62,68.91499999999999,2024,52,,,,,,,,
杨小舟蛾,PSP,六合区瓜埠山景区东_1_29_诱虫量,六合区瓜埠山景区东,江苏省南京市六合区,2023-04-23,5,1.0,17.684,67.068,2023,16,,,,,,,,
杨小舟蛾,PSP,六合区瓜埠山景区东_1_29_诱虫量,六合区瓜埠山景区东,江苏省南京市六合区,2023-04-30,7,0.0,20.63714285714286,77.38571428571429,2023,17,,,,,,,,
杨小舟蛾,PSP,六合区瓜埠山景区东_1_29_诱虫量,六合区瓜埠山景区东,江苏省南京市六合区,2023-05-07,7,0.0,18.93285714285714,68.15,2023,18,,,,,,,,
杨小舟蛾,PSP,六合区瓜埠山景区东_1_29_诱虫量,六合区瓜埠山景区东,江苏省南京市六合区,2023-05-14,7,0.0,24.055714285714284,69.20714285714286,2023,19,,,,,,,,
杨小舟蛾,PSP,六合区瓜埠山景区东_1_29_诱虫量,六合区瓜埠山景区东,江苏省南京市六合区,2023-05-21,7,0.0,21.584285714285716,75.98285714285714,2023,20,,,,,,,,
杨小舟蛾,PSP,六合区瓜埠山景区东_1_29_诱虫量,六合区瓜埠山景区东,江苏省南京市六合区,2023-05-28,7,0.0,25.141428571428573,77.20714285714287,2023,21,,,,,,,,
杨小舟蛾,PSP,六合区瓜埠山景区东_1_29_诱虫量,六合区瓜埠山景区东,江苏省南京市六合区,2023-06-04,7,0.0,24.297142857142855,77.71571428571428,2023,22,32.3,20.1,84.14,74.14,29.6,2.38,48.59,25.72
杨小舟蛾,PSP,六合区瓜埠山景区东_1_29_诱虫量,六合区瓜埠山景区东,江苏省南京市六合区,2023-06-11,7,0.0,26.034285714285716,72.83857142857143,2023,23,34.2,16.0,80.43,75.0,31.1,2.66,59.78,28.9
杨小舟蛾,PSP,六合区瓜埠山景区东_1_29_诱虫量,六合区瓜埠山景区东,江苏省南京市六合区,2023-06-18,7,0.0,25.485714285714288,85.53571428571429,2023,24,32.4,19.2,80.14,65.0,8.5,2.69,57.13,31.06
杨小舟蛾,PSP,六合区瓜埠山景区东_1_29_诱虫量,六合区瓜埠山景区东,江苏省南京市六合区,2023-06-25,7,0.0,28.18857142857143,81.97142857142856,2023,25,31.4,20.5,87.57,74.57,82.3,2.55,29.04,21.42
杨小舟蛾,PSP,六合区瓜埠山景区东_1_29_诱虫量,六合区瓜埠山景区东,江苏省南京市六合区,2023-07-02,7,0.0,28.87714285714286,84.75428571428571,2023,26,32.8,21.5,86.29,78.86,64.0,2.94,49.98,24.98
杨小舟蛾,PSP,六合区瓜埠山景区东_1_29_诱虫量,六合区瓜埠山景区东,江苏省南京市六合区,2023-07-09,7,0.0,29.68,82.86428571428571,2023,27,32.9,23.9,87.86,82.29,123.1,3.4,45.76,24.46
杨小舟蛾,PSP,六合区瓜埠山景区东_1_29_诱虫量,六合区瓜埠山景区东,江苏省南京市六合区,2023-07-16,7,0.0,27.84714285714286,88.40285714285713,2023,28,34.9,24.6,84.57,77.0,27.6,3.38,49.19,28.48
杨小舟蛾,PSP,六合区瓜埠山景区东_1_29_诱虫量,六合区瓜埠山景区东,江苏省南京市六合区,2023-07-23,7,1.0,29.79,82.74285714285715,2023,29,31.5,23.5,89.43,84.71,117.0,2.29,34.08,19.55
杨小舟蛾,PSP,六合区瓜埠山景区东_1_29_诱虫量,六合区瓜埠山景区东,江苏省南京市六合区,2023-07-30,7,0.0,30.942857142857143,80.95714285714287,2023,30,33.2,25.1,86.86,80.86,44.3,3.98,65.75,29.7
杨小舟蛾,PSP,六合区瓜埠山景区东_1_29_诱虫量,六合区瓜埠山景区东,江苏省南京市六合区,2023-08-06,7,1.0,30.16714285714286,78.93571428571428,2023,31,34.0,25.0,86.43,76.43,17.1,3.1,81.36,32.83
杨小舟蛾,PSP,六合区瓜埠山景区东_1_29_诱虫量,六合区瓜埠山景区东,江苏省南京市六合区,2023-08-13,6,1.0,31.51,75.19833333333334,2023,32,35.1,24.0,83.71,75.14,10.3,2.08,79.69,33.11
杨小舟蛾,PSP,六合区瓜埠山景区东_1_29_诱虫量,六合区瓜埠山景区东,江苏省南京市六合区,2023-08-20,7,0.0,29.164285714285715,77.75571428571428,2023,33,33.7,23.9,86.57,81.29,26.5,2.19,77.01,29.64
杨小舟蛾,PSP,六合区瓜埠山景区东_1_29_诱虫量,六合区瓜埠山景区东,江苏省南京市六合区,2023-08-27,7,0.0,25.217142857142854,83.30571428571429,2023,34,32.0,22.4,82.71,72.0,27.1,2.8,70.93,31.5
杨小舟蛾,PSP,六合区瓜埠山景区东_1_29_诱虫量,六合区瓜埠山景区东,江苏省南京市六合区,2023-09-03,7,0.0,27.075714285714287,81.76142857142857,2023,35,29.4,18.5,86.86,78.57,59.2,2.79,42.5,22.49
杨小舟蛾,PSP,六合区瓜埠山景区东_1_29_诱虫量,六合区瓜埠山景区东,江苏省南京市六合区,2023-09-10,7,0.0,24.082857142857144,90.74857142857142,2023,36,31.0,21.7,88.0,73.71,2.5,2.83,74.88,29.19
杨小舟蛾,PSP,六合区瓜埠山景区东_1_29_诱虫量,六合区瓜埠山景区东,江苏省南京市六合区,2023-09-17,7,0.0,23.665714285714284,89.30571428571429,2023,37,31.4,20.4,87.43,82.14,74.6,2.74,29.78,17.15
杨小舟蛾,PSP,六合区瓜埠山景区东_1_29_诱虫量,六合区瓜埠山景区东,江苏省南京市六合区,2023-09-24,7,1.0,23.032857142857143,89.5442857142857,2023,38,32.0,18.8,88.57,77.57,41.3,2.51,30.18,16.82
杨小舟蛾,PSP,六合区瓜埠山景区东_1_29_诱虫量,六合区瓜埠山景区东,江苏省南京市六合区,2023-10-01,7,0.0,21.017142857142858,79.03714285714285,2023,39,28.2,19.1,89.57,82.43,13.3,2.19,45.28,17.44
杨小舟蛾,PSP,六合区瓜埠山景区东_1_29_诱虫量,六合区瓜埠山景区东,江苏省南京市六合区,2023-10-08,7,0.0,19.174285714285713,80.55571428571429,2023,40,25.5,15.7,80.86,71.71,21.7,3.55,38.52,19.59
杨小舟蛾,PSP,六合区瓜埠山景区东_1_29_诱虫量,六合区瓜埠山景区东,江苏省南京市六合区,2023-10-15,7,0.0,18.06142857142857,75.93714285714286,2023,41,23.6,13.5,84.86,74.14,0.0,2.05,50.14,17.04
杨小舟蛾,PSP,六合区瓜埠山景区东_1_29_诱虫量,六合区瓜埠山景区东,江苏省南京市六合区,2023-10-22,7,0.0,18.242857142857144,78.71857142857142,2023,42,26.1,9.6,84.43,62.0,4.0,2.46,71.43,22.45
杨小舟蛾,PSP,六合区瓜埠山景区东_1_29_诱虫量,六合区瓜埠山景区东,江苏省南京市六合区,2023-10-29,7,0.0,19.59,79.77285714285713,2023,43,25.6,9.6,85.14,64.29,0.0,1.94,60.15,18.61
杨小舟蛾,PSP,六合区瓜埠山景区东_1_29_诱虫量,六合区瓜埠山景区东,江苏省南京市六合区,2023-11-05,5,0.0,11.3575,87.1925,2023,44,27.6,12.9,83.57,69.14,0.8,2.48,60.23,19.36
杨小舟蛾,PSP,六合区瓜埠山景区东_1_29_诱虫量,六合区瓜埠山景区东,江苏省南京市六合区,2023-11-12,7,0.0,7.998571428571429,68.62142857142858,2023,45,,,,,,,,
杨小舟蛾,PSP,六合区瓜埠山景区东_1_29_诱虫量,六合区瓜埠山景区东,江苏省南京市六合区,2023-11-19,7,0.0,9.94,73.72571428571429,2023,46,,,,,,,,
杨小舟蛾,PSP,六合区瓜埠山景区东_1_29_诱虫量,六合区瓜埠山景区东,江苏省南京市六合区,2023-11-26,7,0.0,6.525714285714286,68.85142857142857,2023,47,,,,,,,,
杨小舟蛾,PSP,六合区瓜埠山景区东_1_29_诱虫量,六合区瓜埠山景区东,江苏省南京市六合区,2023-12-03,7,0.0,10.775714285714287,65.69285714285715,2023,48,,,,,,,,
杨小舟蛾,PSP,六合区瓜埠山景区东_1_29_诱虫量,六合区瓜埠山景区东,江苏省南京市六合区,2023-12-10,7,0.0,4.045714285714285,85.38,2023,49,,,,,,,,
杨小舟蛾,PSP,六合区瓜埠山景区东_1_29_诱虫量,六合区瓜埠山景区东,江苏省南京市六合区,2023-12-17,7,0.0,-2.4314285714285715,71.09857142857143,2023,50,,,,,,,,
杨小舟蛾,PSP,六合区瓜埠山景区东_1_29_诱虫量,六合区瓜埠山景区东,江苏省南京市六合区,2023-12-24,7,0.0,3.9757142857142855,81.39571428571428,2023,51,,,,,,,,
杨小舟蛾,PSP,六合区瓜埠山景区东_1_29_诱虫量,六合区瓜埠山景区东,江苏省南京市六合区,2023-12-31,7,0.0,2.932857142857143,85.36428571428573,2023,52,,,,,,,,
杨小舟蛾,PSP,六合区瓜埠山景区东_1_29_诱虫量,六合区瓜埠山景区东,江苏省南京市六合区,2024-01-07,7,0.0,4.812857142857142,76.46285714285715,2024,1,,,,,,,,
杨小舟蛾,PSP,六合区瓜埠山景区东_1_29_诱虫量,六合区瓜埠山景区东,江苏省南京市六合区,2024-01-14,7,0.0,4.215714285714286,87.94142857142857,2024,2,,,,,,,,
杨小舟蛾,PSP,六合区瓜埠山景区东_1_29_诱虫量,六合区瓜埠山景区东,江苏省南京市六合区,2024-01-21,7,0.0,-1.2585714285714287,67.35571428571428,2024,3,,,,,,,,
杨小舟蛾,PSP,六合区瓜埠山景区东_1_29_诱虫量,六合区瓜埠山景区东,江苏省南京市六合区,2024-01-28,7,0.0,4.117142857142857,86.26285714285714,2024,4,,,,,,,,
杨小舟蛾,PSP,六合区瓜埠山景区东_1_29_诱虫量,六合区瓜埠山景区东,江苏省南京市六合区,2024-02-04,7,0.0,1.937142857142857,82.1557142857143,2024,5,,,,,,,,
杨小舟蛾,PSP,六合区瓜埠山景区东_1_29_诱虫量,六合区瓜埠山景区东,江苏省南京市六合区,2024-02-11,7,0.0,9.22,72.20285714285714,2024,6,,,,,,,,
杨小舟蛾,PSP,六合区瓜埠山景区东_1_29_诱虫量,六合区瓜埠山景区东,江苏省南京市六合区,2024-02-18,7,0.0,2.5914285714285716,90.59857142857143,2024,7,,,,,,,,
杨小舟蛾,PSP,六合区瓜埠山景区东_1_29_诱虫量,六合区瓜埠山景区东,江苏省南京市六合区,2024-02-25,7,0.0,3.565714285714286,76.74857142857142,2024,8,,,,,,,,
杨小舟蛾,PSP,六合区瓜埠山景区东_1_29_诱虫量,六合区瓜埠山景区东,江苏省南京市六合区,2024-03-03,7,0.0,7.718571428571429,74.75285714285714,2024,9,,,,,,,,
杨小舟蛾,PSP,六合区瓜埠山景区东_1_29_诱虫量,六合区瓜埠山景区东,江苏省南京市六合区,2024-03-10,7,0.0,12.637142857142859,67.86571428571429,2024,10,,,,,,,,
杨小舟蛾,PSP,六合区瓜埠山景区东_1_29_诱虫量,六合区瓜埠山景区东,江苏省南京市六合区,2024-03-17,7,0.0,12.595714285714285,65.95142857142856,2024,11,,,,,,,,
杨小舟蛾,PSP,六合区瓜埠山景区东_1_29_诱虫量,六合区瓜埠山景区东,江苏省南京市六合区,2024-03-24,7,0.0,14.724285714285713,79.45857142857143,2024,12,,,,,,,,
杨小舟蛾,PSP,六合区瓜埠山景区东_1_29_诱虫量,六合区瓜埠山景区东,江苏省南京市六合区,2024-03-31,7,2.0,16.502857142857142,70.69428571428571,2024,13,,,,,,,,
杨小舟蛾,PSP,六合区瓜埠山景区东_1_29_诱虫量,六合区瓜埠山景区东,江苏省南京市六合区,2024-04-07,7,1.0,17.647142857142857,78.51142857142858,2024,14,,,,,,,,
杨小舟蛾,PSP,六合区瓜埠山景区东_1_29_诱虫量,六合区瓜埠山景区东,江苏省南京市六合区,2024-04-14,7,0.0,18.844285714285714,77.84142857142857,2024,15,,,,,,,,
杨小舟蛾,PSP,六合区瓜埠山景区东_1_29_诱虫量,六合区瓜埠山景区东,江苏省南京市六合区,2024-04-21,7,0.0,20.834285714285716,71.60857142857142,2024,16,,,,,,,,
杨小舟蛾,PSP,六合区瓜埠山景区东_1_29_诱虫量,六合区瓜埠山景区东,江苏省南京市六合区,2024-04-28,7,0.0,17.874285714285715,77.14285714285714,2024,17,,,,,,,,
杨小舟蛾,PSP,六合区瓜埠山景区东_1_29_诱虫量,六合区瓜埠山景区东,江苏省南京市六合区,2024-05-05,7,0.0,20.537142857142857,76.67142857142858,2024,18,,,,,,,,
杨小舟蛾,PSP,六合区瓜埠山景区东_1_29_诱虫量,六合区瓜埠山景区东,江苏省南京市六合区,2024-05-12,7,0.0,25.068571428571428,58.034285714285716,2024,19,,,,,,,,
杨小舟蛾,PSP,六合区瓜埠山景区东_1_29_诱虫量,六合区瓜埠山景区东,江苏省南京市六合区,2024-05-19,7,0.0,26.435714285714283,72.05285714285715,2024,20,,,,,,,,
杨小舟蛾,PSP,六合区瓜埠山景区东_1_29_诱虫量,六合区瓜埠山景区东,江苏省南京市六合区,2024-05-26,7,0.0,22.442857142857143,74.29714285714286,2024,21,,,,,,,,
杨小舟蛾,PSP,六合区瓜埠山景区东_1_29_诱虫量,六合区瓜埠山景区东,江苏省南京市六合区,2024-06-02,7,1.0,24.50714285714286,70.39,2024,22,26.9,14.2,77.71,68.43,42.5,2.69,50.74,25.99
杨小舟蛾,PSP,六合区瓜埠山景区东_1_29_诱虫量,六合区瓜埠山景区东,江苏省南京市六合区,2024-06-09,7,0.0,29.372857142857146,68.93857142857142,2024,23,30.9,17.1,76.86,61.71,5.2,2.43,62.66,30.94
杨小舟蛾,PSP,六合区瓜埠山景区东_1_29_诱虫量,六合区瓜埠山景区东,江苏省南京市六合区,2024-06-16,7,2.0,28.310000000000002,77.03,2024,24,34.2,20.7,79.71,58.71,0.7,2.43,71.14,35.09
杨小舟蛾,PSP,六合区瓜埠山景区东_1_29_诱虫量,六合区瓜埠山景区东,江苏省南京市六合区,2024-06-23,7,0.0,25.775714285714287,86.89999999999999,2024,25,32.3,21.3,85.0,69.86,96.1,3.32,46.58,27.17
杨小舟蛾,PSP,六合区瓜埠山景区东_1_29_诱虫量,六合区瓜埠山景区东,江苏省南京市六合区,2024-06-30,7,0.0,29.202857142857145,82.0457142857143,2024,26,30.9,20.7,88.71,85.57,179.0,2.73,26.58,17.62
杨小舟蛾,PSP,六合区瓜埠山景区东_1_29_诱虫量,六合区瓜埠山景区东,江苏省南京市六合区,2024-07-07,7,0.0,28.187142857142856,86.48428571428572,2024,27,34.9,22.6,81.14,78.57,41.8,4.14,62.65,32.6
杨小舟蛾,PSP,六合区瓜埠山景区东_1_29_诱虫量,六合区瓜埠山景区东,江苏省南京市六合区,2024-07-14,7,0.0,30.002857142857145,83.6842857142857,2024,28,35.0,21.4,88.57,86.0,168.8,2.44,20.72,18.18
杨小舟蛾,PSP,六合区瓜埠山景区东_1_29_诱虫量,六合区瓜埠山景区东,江苏省南京市六合区,2024-07-21,7,0.0,32.09571428571429,78.14999999999999,2024,29,35.2,24.3,81.86,78.57,22.4,3.39,35.37,25.73
杨小舟蛾,PSP,六合区瓜埠山景区东_1_29_诱虫量,六合区瓜埠山景区东,江苏省南京市六合区,2024-07-28,7,0.0,33.044285714285714,75.36714285714287,2024,30,36.7,27.0,80.57,71.86,6.1,4.7,71.71,37.84
杨小舟蛾,PSP,六合区瓜埠山景区东_1_29_诱虫量,六合区瓜埠山景区东,江苏省南京市六合区,2024-08-04,7,2.0,33.277142857142856,75.87,2024,31,37.5,27.6,76.0,71.57,9.5,2.75,86.5,40.56
杨小舟蛾,PSP,六合区瓜埠山景区东_1_29_诱虫量,六合区瓜埠山景区东,江苏省南京市六合区,2024-08-11,7,0.0,32.01285714285714,76.72,2024,32,37.8,27.1,76.86,66.71,62.0,1.88,83.96,39.02
杨小舟蛾,PSP,六合区瓜埠山景区东_1_29_诱虫量,六合区瓜埠山景区东,江苏省南京市六合区,2024-08-18,7,0.0,30.034285714285716,85.43142857142857,2024,33,36.3,24.9,84.43,67.71,34.3,2.42,75.24,33.56
杨小舟蛾,PSP,六合区瓜埠山景区东_1_29_诱虫量,六合区瓜埠山景区东,江苏省南京市六合区,2024-08-25,7,0.0,30.53142857142857,82.44571428571429,2024,34,34.7,25.4,84.71,77.86,50.4,1.93,64.42,27.34
杨小舟蛾,PSP,六合区瓜埠山景区东_1_29_诱虫量,六合区瓜埠山景区东,江苏省南京市六合区,2024-09-01,7,0.0,30.118571428571425,81.38,2024,35,35.2,24.1,83.43,71.71,6.3,2.35,74.77,30.13
杨小舟蛾,PSP,六合区瓜埠山景区东_1_29_诱虫量,六合区瓜埠山景区东,江苏省南京市六合区,2024-09-08,7,0.0,29.62857142857143,85.52428571428571,2024,36,33.8,24.2,79.29,68.43,2.9,3.23,78.8,33.31
杨小舟蛾,PSP,六合区瓜埠山景区东_1_29_诱虫量,六合区瓜埠山景区东,江苏省南京市六合区,2024-09-15,7,0.0,26.56,88.83714285714287,2024,37,33.8,23.6,88.14,80.14,83.0,3.4,57.66,23.89
杨小舟蛾,PSP,六合区瓜埠山景区东_1_29_诱虫量,六合区瓜埠山景区东,江苏省南京市六合区,2024-09-22,7,0.0,23.447142857142858,81.12714285714286,2024,38,31.6,17.4,81.14,76.86,124.9,5.49,54.64,24.01
杨小舟蛾,PSP,六合区瓜埠山景区东_1_29_诱虫量,六合区瓜埠山景区东,江苏省南京市六合区,2024-09-29,7,0.0,20.005714285714284,81.97571428571429,2024,39,29.1,15.8,86.14,76.0,15.1,2.67,66.18,23.31
杨小舟蛾,PSP,六合区瓜埠山景区东_1_29_诱虫量,六合区瓜埠山景区东,江苏省南京市六合区,2024-10-06,7,1.0,18.324285714285715,85.37142857142858,2024,40,28.6,11.9,79.0,72.14,17.2,3.38,48.16,18.62
杨小舟蛾,PSP,六合区瓜埠山景区东_1_29_诱虫量,六合区瓜埠山景区东,江苏省南京市六合区,2024-10-13,7,0.0,19.982857142857142,88.86857142857143,2024,41,25.2,13.1,85.0,74.71,16.7,2.16,49.5,16.94
杨小舟蛾,PSP,六合区瓜埠山景区东_1_29_诱虫量,六合区瓜埠山景区东,江苏省南京市六合区,2024-10-20,7,0.0,15.642857142857142,87.64714285714285,2024,42,27.2,11.2,86.57,77.0,49.2,3.66,31.77,14.95
杨小舟蛾,PSP,六合区瓜埠山景区东_1_29_诱虫量,六合区瓜埠山景区东,江苏省南京市六合区,2024-10-27,7,0.0,15.35,86.02285714285713,2024,43,22.3,8.6,88.29,80.43,20.0,3.16,35.15,12.25
杨小舟蛾,PSP,六合区瓜埠山景区东_1_29_诱虫量,六合区瓜埠山景区东,江苏省南京市六合区,2024-11-03,7,0.0,14.005714285714285,81.04285714285713,2024,44,22.0,9.3,87.57,74.57,6.8,2.95,55.84,15.81
杨小舟蛾,PSP,六合区瓜埠山景区东_1_29_诱虫量,六合区瓜埠山景区东,江苏省南京市六合区,2024-11-10,7,0.0,17.351428571428574,86.23,2024,45,,,,,,,,
杨小舟蛾,PSP,六合区瓜埠山景区东_1_29_诱虫量,六合区瓜埠山景区东,江苏省南京市六合区,2024-11-17,7,0.0,9.707142857142857,80.79285714285713,2024,46,,,,,,,,
杨小舟蛾,PSP,六合区瓜埠山景区东_1_29_诱虫量,六合区瓜埠山景区东,江苏省南京市六合区,2024-11-24,7,0.0,8.370000000000001,65.41571428571429,2024,47,,,,,,,,
杨小舟蛾,PSP,六合区瓜埠山景区东_1_29_诱虫量,六合区瓜埠山景区东,江苏省南京市六合区,2024-12-01,7,0.0,7.847142857142857,81.88714285714286,2024,48,,,,,,,,
杨小舟蛾,PSP,六合区瓜埠山景区东_1_29_诱虫量,六合区瓜埠山景区东,江苏省南京市六合区,2024-12-08,7,0.0,4.1,74.03999999999999,2024,49,,,,,,,,
杨小舟蛾,PSP,六合区瓜埠山景区东_1_29_诱虫量,六合区瓜埠山景区东,江苏省南京市六合区,2024-12-15,7,0.0,1.6771428571428573,71.45714285714286,2024,50,,,,,,,,
杨小舟蛾,PSP,六合区瓜埠山景区东_1_29_诱虫量,六合区瓜埠山景区东,江苏省南京市六合区,2024-12-22,7,0.0,2.585714285714286,70.07428571428571,2024,51,,,,,,,,
杨小舟蛾,PSP,六合区瓜埠山景区东_1_29_诱虫量,六合区瓜埠山景区东,江苏省南京市六合区,2024-12-29,3,0.0,3.52,60.675000000000004,2024,52,,,,,,,,
稻纵卷叶螟,RLF,东坝福明农场稻纵_1_31_诱虫量,东坝福明农场稻纵,江苏省南京市高淳区,2023-05-28,3,0.0,27.343333333333334,65.85666666666667,2023,21,,,,,,,,
稻纵卷叶螟,RLF,东坝福明农场稻纵_1_31_诱虫量,东坝福明农场稻纵,江苏省南京市高淳区,2023-06-04,7,1.0,26.004285714285714,74.51857142857143,2023,22,32.3,20.1,84.14,74.14,29.6,2.38,48.59,25.72
稻纵卷叶螟,RLF,东坝福明农场稻纵_1_31_诱虫量,东坝福明农场稻纵,江苏省南京市高淳区,2023-06-11,4,0.0,27.265,70.5625,2023,23,34.2,16.0,80.43,75.0,31.1,2.66,59.78,28.9
稻纵卷叶螟,RLF,东坝福明农场稻纵_1_31_诱虫量,东坝福明农场稻纵,江苏省南京市高淳区,2023-07-16,1,0.0,29.43,84.86,2023,28,34.9,24.6,84.57,77.0,27.6,3.38,49.19,28.48
稻纵卷叶螟,RLF,东坝福明农场稻纵_1_31_诱虫量,东坝福明农场稻纵,江苏省南京市高淳区,2023-07-23,7,7.0,30.298571428571424,80.15857142857143,2023,29,31.5,23.5,89.43,84.71,117.0,2.29,34.08,19.55
稻纵卷叶螟,RLF,东坝福明农场稻纵_1_31_诱虫量,东坝福明农场稻纵,江苏省南京市高淳区,2023-07-30,7,0.0,32.99285714285714,72.94714285714285,2023,30,33.2,25.1,86.86,80.86,44.3,3.98,65.75,29.7
稻纵卷叶螟,RLF,东坝福明农场稻纵_1_31_诱虫量,东坝福明农场稻纵,江苏省南京市高淳区,2023-08-06,7,67.0,31.404285714285717,76.36714285714287,2023,31,34.0,25.0,86.43,76.43,17.1,3.1,81.36,32.83
稻纵卷叶螟,RLF,东坝福明农场稻纵_1_31_诱虫量,东坝福明农场稻纵,江苏省南京市高淳区,2023-08-13,7,279.0,30.706666666666667,76.07666666666667,2023,32,35.1,24.0,83.71,75.14,10.3,2.08,79.69,33.11
稻纵卷叶螟,RLF,东坝福明农场稻纵_1_31_诱虫量,东坝福明农场稻纵,江苏省南京市高淳区,2023-08-20,7,176.0,29.073333333333334,79.13666666666667,2023,33,33.7,23.9,86.57,81.29,26.5,2.19,77.01,29.64
稻纵卷叶螟,RLF,东坝福明农场稻纵_1_31_诱虫量,东坝福明农场稻纵,江苏省南京市高淳区,2023-08-27,7,56.0,24.85571428571429,84.29285714285713,2023,34,32.0,22.4,82.71,72.0,27.1,2.8,70.93,31.5
稻纵卷叶螟,RLF,东坝福明农场稻纵_1_31_诱虫量,东坝福明农场稻纵,江苏省南京市高淳区,2023-09-03,7,9.0,28.715714285714284,76.13571428571429,2023,35,29.4,18.5,86.86,78.57,59.2,2.79,42.5,22.49
稻纵卷叶螟,RLF,东坝福明农场稻纵_1_31_诱虫量,东坝福明农场稻纵,江苏省南京市高淳区,2023-09-10,7,41.0,25.91,85.87,2023,36,31.0,21.7,88.0,73.71,2.5,2.83,74.88,29.19
稻纵卷叶螟,RLF,东坝福明农场稻纵_1_31_诱虫量,东坝福明农场稻纵,江苏省南京市高淳区,2023-09-17,7,109.0,24.84857142857143,85.23714285714286,2023,37,31.4,20.4,87.43,82.14,74.6,2.74,29.78,17.15
稻纵卷叶螟,RLF,东坝福明农场稻纵_1_31_诱虫量,东坝福明农场稻纵,江苏省南京市高淳区,2023-09-24,7,48.0,25.225714285714282,85.50571428571428,2023,38,32.0,18.8,88.57,77.57,41.3,2.51,30.18,16.82
稻纵卷叶螟,RLF,东坝福明农场稻纵_1_31_诱虫量,东坝福明农场稻纵,江苏省南京市高淳区,2023-10-01,7,0.0,21.333333333333332,80.27666666666666,2023,39,28.2,19.1,89.57,82.43,13.3,2.19,45.28,17.44
稻纵卷叶螟,RLF,东坝福明农场稻纵_1_31_诱虫量,东坝福明农场稻纵,江苏省南京市高淳区,2023-10-08,7,0.0,20.24142857142857,79.46142857142857,2023,40,25.5,15.7,80.86,71.71,21.7,3.55,38.52,19.59
稻纵卷叶螟,RLF,东坝福明农场稻纵_1_31_诱虫量,东坝福明农场稻纵,江苏省南京市高淳区,2023-10-15,4,0.0,20.377499999999998,73.8725,2023,41,23.6,13.5,84.86,74.14,0.0,2.05,50.14,17.04
稻纵卷叶螟,RLF,东坝福明农场稻纵_1_31_诱虫量,东坝福明农场稻纵,江苏省南京市高淳区,2023-10-22,4,0.0,20.625,73.17,2023,42,26.1,9.6,84.43,62.0,4.0,2.46,71.43,22.45
稻纵卷叶螟,RLF,东坝福明农场稻纵_1_31_诱虫量,东坝福明农场稻纵,江苏省南京市高淳区,2024-06-09,1,20.0,32.26,61.63,2024,23,30.9,17.1,76.86,61.71,5.2,2.43,62.66,30.94
稻纵卷叶螟,RLF,东坝福明农场稻纵_1_31_诱虫量,东坝福明农场稻纵,江苏省南京市高淳区,2024-06-16,7,17.0,27.79,79.2942857142857,2024,24,34.2,20.7,79.71,58.71,0.7,2.43,71.14,35.09
稻纵卷叶螟,RLF,东坝福明农场稻纵_1_31_诱虫量,东坝福明农场稻纵,江苏省南京市高淳区,2024-06-23,7,0.0,25.345714285714283,88.46714285714286,2024,25,32.3,21.3,85.0,69.86,96.1,3.32,46.58,27.17
稻纵卷叶螟,RLF,东坝福明农场稻纵_1_31_诱虫量,东坝福明农场稻纵,江苏省南京市高淳区,2024-06-30,7,0.0,30.71857142857143,78.93714285714285,2024,26,30.9,20.7,88.71,85.57,179.0,2.73,26.58,17.62
稻纵卷叶螟,RLF,东坝福明农场稻纵_1_31_诱虫量,东坝福明农场稻纵,江苏省南京市高淳区,2024-07-07,7,4.0,29.109999999999996,84.92,2024,27,34.9,22.6,81.14,78.57,41.8,4.14,62.65,32.6
稻纵卷叶螟,RLF,东坝福明农场稻纵_1_31_诱虫量,东坝福明农场稻纵,江苏省南京市高淳区,2024-07-14,7,1.0,31.835714285714285,78.57714285714285,2024,28,35.0,21.4,88.57,86.0,168.8,2.44,20.72,18.18
稻纵卷叶螟,RLF,东坝福明农场稻纵_1_31_诱虫量,东坝福明农场稻纵,江苏省南京市高淳区,2024-07-21,7,0.0,33.339999999999996,73.12428571428572,2024,29,35.2,24.3,81.86,78.57,22.4,3.39,35.37,25.73
稻纵卷叶螟,RLF,东坝福明农场稻纵_1_31_诱虫量,东坝福明农场稻纵,江苏省南京市高淳区,2024-07-28,7,16.0,35.02571428571429,69.83285714285714,2024,30,36.7,27.0,80.57,71.86,6.1,4.7,71.71,37.84
稻纵卷叶螟,RLF,东坝福明农场稻纵_1_31_诱虫量,东坝福明农场稻纵,江苏省南京市高淳区,2024-08-04,7,32.0,34.11571428571428,71.23857142857143,2024,31,37.5,27.6,76.0,71.57,9.5,2.75,86.5,40.56
稻纵卷叶螟,RLF,东坝福明农场稻纵_1_31_诱虫量,东坝福明农场稻纵,江苏省南京市高淳区,2024-08-11,7,45.0,31.562857142857144,76.42999999999999,2024,32,37.8,27.1,76.86,66.71,62.0,1.88,83.96,39.02
稻纵卷叶螟,RLF,东坝福明农场稻纵_1_31_诱虫量,东坝福明农场稻纵,江苏省南京市高淳区,2024-08-18,7,54.0,30.821428571428573,81.07571428571428,2024,33,36.3,24.9,84.43,67.71,34.3,2.42,75.24,33.56
稻纵卷叶螟,RLF,东坝福明农场稻纵_1_31_诱虫量,东坝福明农场稻纵,江苏省南京市高淳区,2024-08-25,7,61.0,31.744285714285713,76.57714285714285,2024,34,34.7,25.4,84.71,77.86,50.4,1.93,64.42,27.34
稻纵卷叶螟,RLF,东坝福明农场稻纵_1_31_诱虫量,东坝福明农场稻纵,江苏省南京市高淳区,2024-09-01,7,158.0,31.11428571428571,77.43285714285715,2024,35,35.2,24.1,83.43,71.71,6.3,2.35,74.77,30.13
稻纵卷叶螟,RLF,东坝福明农场稻纵_1_31_诱虫量,东坝福明农场稻纵,江苏省南京市高淳区,2024-09-08,7,149.0,30.654285714285717,81.88571428571429,2024,36,33.8,24.2,79.29,68.43,2.9,3.23,78.8,33.31
稻纵卷叶螟,RLF,东坝福明农场稻纵_1_31_诱虫量,东坝福明农场稻纵,江苏省南京市高淳区,2024-09-15,7,60.0,27.455714285714286,87.58714285714287,2024,37,33.8,23.6,88.14,80.14,83.0,3.4,57.66,23.89
稻纵卷叶螟,RLF,东坝福明农场稻纵_1_31_诱虫量,东坝福明农场稻纵,江苏省南京市高淳区,2024-09-22,7,17.0,24.21,82.26428571428572,2024,38,31.6,17.4,81.14,76.86,124.9,5.49,54.64,24.01
稻纵卷叶螟,RLF,东坝福明农场稻纵_1_31_诱虫量,东坝福明农场稻纵,江苏省南京市高淳区,2024-09-29,4,14.0,22.8475,77.5,2024,39,29.1,15.8,86.14,76.0,15.1,2.67,66.18,23.31
稻纵卷叶螟,RLF,东坝福明农场稻纵_1_55_诱虫量,东坝福明农场稻纵,江苏省南京市高淳区,2023-03-12,7,0.0,11.617142857142856,67.01428571428572,2023,10,,,,,,,,
稻纵卷叶螟,RLF,东坝福明农场稻纵_1_55_诱虫量,东坝福明农场稻纵,江苏省南京市高淳区,2023-03-19,7,0.0,11.707142857142857,79.48857142857142,2023,11,,,,,,,,
稻纵卷叶螟,RLF,东坝福明农场稻纵_1_55_诱虫量,东坝福明农场稻纵,江苏省南京市高淳区,2023-03-26,7,0.0,14.778571428571427,68.48857142857143,2023,12,,,,,,,,
稻纵卷叶螟,RLF,东坝福明农场稻纵_1_55_诱虫量,东坝福明农场稻纵,江苏省南京市高淳区,2023-04-02,7,4.0,14.535714285714286,73.31285714285715,2023,13,,,,,,,,
稻纵卷叶螟,RLF,东坝福明农场稻纵_1_55_诱虫量,东坝福明农场稻纵,江苏省南京市高淳区,2023-04-09,7,0.0,20.064285714285713,62.19714285714286,2023,14,,,,,,,,
稻纵卷叶螟,RLF,东坝福明农场稻纵_1_55_诱虫量,东坝福明农场稻纵,江苏省南京市高淳区,2023-04-16,7,1.0,21.172857142857143,71.50142857142858,2023,15,,,,,,,,
稻纵卷叶螟,RLF,东坝福明农场稻纵_1_55_诱虫量,东坝福明农场稻纵,江苏省南京市高淳区,2023-04-23,7,2.0,16.88714285714286,73.08714285714287,2023,16,,,,,,,,
稻纵卷叶螟,RLF,东坝福明农场稻纵_1_55_诱虫量,东坝福明农场稻纵,江苏省南京市高淳区,2023-04-30,7,2.0,22.145714285714288,70.89142857142858,2023,17,,,,,,,,
稻纵卷叶螟,RLF,东坝福明农场稻纵_1_55_诱虫量,东坝福明农场稻纵,江苏省南京市高淳区,2023-05-07,7,0.0,19.76571428571429,65.03571428571429,2023,18,,,,,,,,
稻纵卷叶螟,RLF,东坝福明农场稻纵_1_55_诱虫量,东坝福明农场稻纵,江苏省南京市高淳区,2023-05-14,7,0.0,24.422857142857143,70.19714285714285,2023,19,,,,,,,,
稻纵卷叶螟,RLF,东坝福明农场稻纵_1_55_诱虫量,东坝福明农场稻纵,江苏省南京市高淳区,2023-05-21,7,0.0,22.135714285714283,76.61428571428571,2023,20,,,,,,,,
稻纵卷叶螟,RLF,东坝福明农场稻纵_1_55_诱虫量,东坝福明农场稻纵,江苏省南京市高淳区,2023-05-28,4,0.0,27.455,78.79,2023,21,,,,,,,,
稻纵卷叶螟,RLF,东坝福明农场稻纵_1_55_诱虫量,东坝福明农场稻纵,江苏省南京市高淳区,2024-02-18,2,0.0,0.145,87.145,2024,7,,,,,,,,
稻纵卷叶螟,RLF,东坝福明农场稻纵_1_55_诱虫量,东坝福明农场稻纵,江苏省南京市高淳区,2024-02-25,6,0.0,4.135,80.86,2024,8,,,,,,,,
稻纵卷叶螟,RLF,东坝福明农场稻纵_1_55_诱虫量,东坝福明农场稻纵,江苏省南京市高淳区,2024-03-10,2,4.0,16.475,77.475,2024,10,,,,,,,,
稻纵卷叶螟,RLF,东坝福明农场稻纵_1_55_诱虫量,东坝福明农场稻纵,江苏省南京市高淳区,2024-03-17,3,0.0,9.996666666666668,72.14666666666666,2024,11,,,,,,,,
稻纵卷叶螟,RLF,东坝街道马家冲_1_15_诱虫量,东坝街道马家冲,江苏省南京市高淳区,2023-08-06,1,6.0,28.1,53.2,2023,31,34.0,25.0,86.43,76.43,17.1,3.1,81.36,32.83
稻纵卷叶螟,RLF,东坝街道马家冲_1_15_诱虫量,东坝街道马家冲,江苏省南京市高淳区,2023-08-20,3,16.0,29.02333333333333,80.97,2023,33,33.7,23.9,86.57,81.29,26.5,2.19,77.01,29.64
稻纵卷叶螟,RLF,东坝街道马家冲_1_15_诱虫量,东坝街道马家冲,江苏省南京市高淳区,2023-08-27,7,4.0,23.885714285714283,89.26857142857143,2023,34,32.0,22.4,82.71,72.0,27.1,2.8,70.93,31.5
稻纵卷叶螟,RLF,东坝街道马家冲_1_15_诱虫量,东坝街道马家冲,江苏省南京市高淳区,2023-09-03,7,3.0,27.944285714285716,80.54428571428572,2023,35,29.4,18.5,86.86,78.57,59.2,2.79,42.5,22.49
稻纵卷叶螟,RLF,东坝街道马家冲_1_15_诱虫量,东坝街道马家冲,江苏省南京市高淳区,2023-09-10,7,2.0,25.092857142857145,89.88857142857144,2023,36,31.0,21.7,88.0,73.71,2.5,2.83,74.88,29.19
稻纵卷叶螟,RLF,东坝街道马家冲_1_15_诱虫量,东坝街道马家冲,江苏省南京市高淳区,2023-09-17,7,0.0,24.22,88.56714285714285,2023,37,31.4,20.4,87.43,82.14,74.6,2.74,29.78,17.15
稻纵卷叶螟,RLF,东坝街道马家冲_1_15_诱虫量,东坝街道马家冲,江苏省南京市高淳区,2023-09-24,7,0.0,24.068571428571428,89.0942857142857,2023,38,32.0,18.8,88.57,77.57,41.3,2.51,30.18,16.82
稻纵卷叶螟,RLF,东坝街道马家冲_1_15_诱虫量,东坝街道马家冲,江苏省南京市高淳区,2023-10-01,7,0.0,20.39428571428571,80.9057142857143,2023,39,28.2,19.1,89.57,82.43,13.3,2.19,45.28,17.44
稻纵卷叶螟,RLF,东坝街道马家冲_1_15_诱虫量,东坝街道马家冲,江苏省南京市高淳区,2023-10-08,7,0.0,20.005714285714284,81.36714285714287,2023,40,25.5,15.7,80.86,71.71,21.7,3.55,38.52,19.59
稻纵卷叶螟,RLF,东坝街道马家冲_1_15_诱虫量,东坝街道马家冲,江苏省南京市高淳区,2023-10-15,7,0.0,19.91142857142857,70.80857142857143,2023,41,23.6,13.5,84.86,74.14,0.0,2.05,50.14,17.04
稻纵卷叶螟,RLF,东坝街道马家冲_1_15_诱虫量,东坝街道马家冲,江苏省南京市高淳区,2023-10-22,5,0.0,20.413999999999998,74.344,2023,42,26.1,9.6,84.43,62.0,4.0,2.46,71.43,22.45
稻纵卷叶螟,RLF,东坝街道马家冲_1_15_诱虫量,东坝街道马家冲,江苏省南京市高淳区,2024-05-26,1,0.0,24.58,70.14,2024,21,,,,,,,,
稻纵卷叶螟,RLF,东坝街道马家冲_1_15_诱虫量,东坝街道马家冲,江苏省南京市高淳区,2024-06-02,7,0.0,24.50714285714286,72.34142857142857,2024,22,26.9,14.2,77.71,68.43,42.5,2.69,50.74,25.99
稻纵卷叶螟,RLF,东坝街道马家冲_1_15_诱虫量,东坝街道马家冲,江苏省南京市高淳区,2024-06-09,7,1.0,29.52857142857143,71.49428571428571,2024,23,30.9,17.1,76.86,61.71,5.2,2.43,62.66,30.94
稻纵卷叶螟,RLF,东坝街道马家冲_1_15_诱虫量,东坝街道马家冲,江苏省南京市高淳区,2024-06-16,7,3.0,27.225714285714286,83.34857142857142,2024,24,34.2,20.7,79.71,58.71,0.7,2.43,71.14,35.09
稻纵卷叶螟,RLF,东坝街道马家冲_1_15_诱虫量,东坝街道马家冲,江苏省南京市高淳区,2024-06-23,7,3.0,24.65142857142857,91.66,2024,25,32.3,21.3,85.0,69.86,96.1,3.32,46.58,27.17
稻纵卷叶螟,RLF,东坝街道马家冲_1_15_诱虫量,东坝街道马家冲,江苏省南京市高淳区,2024-06-30,7,5.0,29.861428571428572,82.19714285714285,2024,26,30.9,20.7,88.71,85.57,179.0,2.73,26.58,17.62
稻纵卷叶螟,RLF,东坝街道马家冲_1_15_诱虫量,东坝街道马家冲,江苏省南京市高淳区,2024-07-07,7,5.0,28.475714285714282,87.92428571428572,2024,27,34.9,22.6,81.14,78.57,41.8,4.14,62.65,32.6
稻纵卷叶螟,RLF,东坝街道马家冲_1_15_诱虫量,东坝街道马家冲,江苏省南京市高淳区,2024-07-14,7,2.0,31.214285714285715,81.32142857142857,2024,28,35.0,21.4,88.57,86.0,168.8,2.44,20.72,18.18
稻纵卷叶螟,RLF,东坝街道马家冲_1_15_诱虫量,东坝街道马家冲,江苏省南京市高淳区,2024-07-21,7,5.0,32.864285714285714,76.11428571428573,2024,29,35.2,24.3,81.86,78.57,22.4,3.39,35.37,25.73
稻纵卷叶螟,RLF,东坝街道马家冲_1_15_诱虫量,东坝街道马家冲,江苏省南京市高淳区,2024-07-28,7,14.0,34.230000000000004,74.78285714285714,2024,30,36.7,27.0,80.57,71.86,6.1,4.7,71.71,37.84
稻纵卷叶螟,RLF,东坝街道马家冲_1_15_诱虫量,东坝街道马家冲,江苏省南京市高淳区,2024-08-04,7,37.0,33.89857142857143,73.60285714285715,2024,31,37.5,27.6,76.0,71.57,9.5,2.75,86.5,40.56
稻纵卷叶螟,RLF,东坝街道马家冲_1_15_诱虫量,东坝街道马家冲,江苏省南京市高淳区,2024-08-11,7,90.0,31.004285714285714,79.88,2024,32,37.8,27.1,76.86,66.71,62.0,1.88,83.96,39.02
稻纵卷叶螟,RLF,东坝街道马家冲_1_15_诱虫量,东坝街道马家冲,江苏省南京市高淳区,2024-08-18,7,37.0,30.302857142857142,84.00428571428571,2024,33,36.3,24.9,84.43,67.71,34.3,2.42,75.24,33.56
稻纵卷叶螟,RLF,东坝街道马家冲_1_15_诱虫量,东坝街道马家冲,江苏省南京市高淳区,2024-08-25,7,62.0,30.84,81.48857142857143,2024,34,34.7,25.4,84.71,77.86,50.4,1.93,64.42,27.34
稻纵卷叶螟,RLF,东坝街道马家冲_1_15_诱虫量,东坝街道马家冲,江苏省南京市高淳区,2024-09-01,7,46.0,30.91142857142857,79.60714285714286,2024,35,35.2,24.1,83.43,71.71,6.3,2.35,74.77,30.13
稻纵卷叶螟,RLF,东坝街道马家冲_1_15_诱虫量,东坝街道马家冲,江苏省南京市高淳区,2024-09-08,7,271.0,30.15142857142857,83.04142857142857,2024,36,33.8,24.2,79.29,68.43,2.9,3.23,78.8,33.31
稻纵卷叶螟,RLF,东坝街道马家冲_1_15_诱虫量,东坝街道马家冲,江苏省南京市高淳区,2024-09-15,7,140.0,27.021428571428572,87.87285714285714,2024,37,33.8,23.6,88.14,80.14,83.0,3.4,57.66,23.89
稻纵卷叶螟,RLF,东坝街道马家冲_1_15_诱虫量,东坝街道马家冲,江苏省南京市高淳区,2024-09-22,7,21.0,23.595714285714283,83.51285714285714,2024,38,31.6,17.4,81.14,76.86,124.9,5.49,54.64,24.01
稻纵卷叶螟,RLF,东坝街道马家冲_1_15_诱虫量,东坝街道马家冲,江苏省南京市高淳区,2024-09-29,7,27.0,20.111428571428572,83.62857142857142,2024,39,29.1,15.8,86.14,76.0,15.1,2.67,66.18,23.31
稻纵卷叶螟,RLF,东坝街道马家冲_1_15_诱虫量,东坝街道马家冲,江苏省南京市高淳区,2024-10-06,7,1.0,18.16857142857143,87.46285714285715,2024,40,28.6,11.9,79.0,72.14,17.2,3.38,48.16,18.62
稻纵卷叶螟,RLF,东坝街道马家冲_1_15_诱虫量,东坝街道马家冲,江苏省南京市高淳区,2024-10-13,7,23.0,19.91142857142857,92.2,2024,41,25.2,13.1,85.0,74.71,16.7,2.16,49.5,16.94
稻纵卷叶螟,RLF,东坝街道马家冲_1_15_诱虫量,东坝街道马家冲,江苏省南京市高淳区,2024-10-20,7,21.0,16.615714285714287,87.67714285714285,2024,42,27.2,11.2,86.57,77.0,49.2,3.66,31.77,14.95
稻纵卷叶螟,RLF,东坝街道马家冲_1_15_诱虫量,东坝街道马家冲,江苏省南京市高淳区,2024-10-27,4,4.0,15.726666666666667,87.45,2024,43,22.3,8.6,88.29,80.43,20.0,3.16,35.15,12.25
稻纵卷叶螟,RLF,东坝街道马家冲_1_52_诱虫量,东坝街道马家冲,江苏省南京市高淳区,2024-03-17,3,0.0,18.44333333333333,73.3,2024,11,,,,,,,,
稻纵卷叶螟,RLF,东坝街道马家冲_1_52_诱虫量,东坝街道马家冲,江苏省南京市高淳区,2024-03-24,7,0.0,14.797142857142857,82.83571428571429,2024,12,,,,,,,,
稻纵卷叶螟,RLF,东坝街道马家冲_1_52_诱虫量,东坝街道马家冲,江苏省南京市高淳区,2024-03-31,7,0.0,16.255714285714287,80.81285714285715,2024,13,,,,,,,,
稻纵卷叶螟,RLF,东坝街道马家冲_1_52_诱虫量,东坝街道马家冲,江苏省南京市高淳区,2024-04-07,7,0.0,17.298571428571428,81.26142857142858,2024,14,,,,,,,,
稻纵卷叶螟,RLF,东坝街道马家冲_1_52_诱虫量,东坝街道马家冲,江苏省南京市高淳区,2024-04-14,7,0.0,19.53142857142857,81.25857142857141,2024,15,,,,,,,,
稻纵卷叶螟,RLF,东坝街道马家冲_1_52_诱虫量,东坝街道马家冲,江苏省南京市高淳区,2024-04-21,7,0.0,20.687142857142856,75.3157142857143,2024,16,,,,,,,,
稻纵卷叶螟,RLF,东坝街道马家冲_1_52_诱虫量,东坝街道马家冲,江苏省南京市高淳区,2024-04-28,7,0.0,17.58857142857143,83.12142857142858,2024,17,,,,,,,,
稻纵卷叶螟,RLF,东坝街道马家冲_1_52_诱虫量,东坝街道马家冲,江苏省南京市高淳区,2024-05-05,7,0.0,21.09857142857143,76.83000000000001,2024,18,,,,,,,,
稻纵卷叶螟,RLF,东坝街道马家冲_1_52_诱虫量,东坝街道马家冲,江苏省南京市高淳区,2024-05-12,7,0.0,25.37142857142857,61.31142857142857,2024,19,,,,,,,,
稻纵卷叶螟,RLF,东坝街道马家冲_1_52_诱虫量,东坝街道马家冲,江苏省南京市高淳区,2024-05-19,7,0.0,26.365714285714287,71.53428571428572,2024,20,,,,,,,,
稻纵卷叶螟,RLF,东坝街道马家冲_1_52_诱虫量,东坝街道马家冲,江苏省南京市高淳区,2024-05-26,6,0.0,22.10166666666667,78.96499999999999,2024,21,,,,,,,,
稻纵卷叶螟,RLF,东坝街道马家冲_1_52_诱虫量,东坝街道马家冲,江苏省南京市高淳区,2024-10-27,3,1.0,16.30333333333333,91.70333333333333,2024,43,22.3,8.6,88.29,80.43,20.0,3.16,35.15,12.25
稻纵卷叶螟,RLF,东坝街道马家冲_1_52_诱虫量,东坝街道马家冲,江苏省南京市高淳区,2024-11-03,7,0.0,15.571428571428571,80.36428571428571,2024,44,22.0,9.3,87.57,74.57,6.8,2.95,55.84,15.81
稻纵卷叶螟,RLF,东坝街道马家冲_1_52_诱虫量,东坝街道马家冲,江苏省南京市高淳区,2024-11-10,7,3.0,17.64,88.8157142857143,2024,45,,,,,,,,
稻纵卷叶螟,RLF,东坝街道马家冲_1_52_诱虫量,东坝街道马家冲,江苏省南京市高淳区,2024-11-17,7,0.0,12.235714285714286,79.20428571428572,2024,46,,,,,,,,
稻纵卷叶螟,RLF,东坝街道马家冲_1_52_诱虫量,东坝街道马家冲,江苏省南京市高淳区,2024-11-24,7,0.0,10.108571428571427,69.03571428571429,2024,47,,,,,,,,
稻纵卷叶螟,RLF,东坝街道马家冲_1_52_诱虫量,东坝街道马家冲,江苏省南京市高淳区,2024-12-01,7,0.0,10.927142857142858,77.16714285714285,2024,48,,,,,,,,
稻纵卷叶螟,RLF,东坝街道马家冲_1_52_诱虫量,东坝街道马家冲,江苏省南京市高淳区,2024-12-08,7,0.0,5.894285714285714,79.94857142857143,2024,49,,,,,,,,
稻纵卷叶螟,RLF,东坝街道马家冲_1_52_诱虫量,东坝街道马家冲,江苏省南京市高淳区,2024-12-15,7,0.0,4.472857142857142,71.51428571428572,2024,50,,,,,,,,
稻纵卷叶螟,RLF,东坝街道马家冲_1_52_诱虫量,东坝街道马家冲,江苏省南京市高淳区,2024-12-22,7,0.0,5.874285714285714,70.41714285714286,2024,51,,,,,,,,
稻纵卷叶螟,RLF,东坝街道马家冲_1_52_诱虫量,东坝街道马家冲,江苏省南京市高淳区,2024-12-29,3,0.0,5.5,68.75999999999999,2024,52,,,,,,,,
稻纵卷叶螟,RLF,八卦洲街道中桥九组_1_54_诱虫量,八卦洲街道中桥九组,江苏省南京市栖霞区,2024-12-08,1,0.0,,,2024,49,,,,,,,,
稻纵卷叶螟,RLF,八卦洲街道中桥九组_1_54_诱虫量,八卦洲街道中桥九组,江苏省南京市栖霞区,2024-12-15,6,0.0,1.4533333333333331,64.20333333333333,2024,50,,,,,,,,
稻纵卷叶螟,RLF,八卦洲街道中桥九组_1_54_诱虫量,八卦洲街道中桥九组,江苏省南京市栖霞区,2024-12-22,7,0.0,2.674285714285714,60.37285714285714,2024,51,,,,,,,,
稻纵卷叶螟,RLF,八卦洲街道中桥九组_1_54_诱虫量,八卦洲街道中桥九组,江苏省南京市栖霞区,2024-12-29,3,0.0,3.31,55.44,2024,52,,,,,,,,
稻纵卷叶螟,RLF,六合区龙池街道朱云村一拖三水稻_1_17_诱虫量,六合区龙池街道朱云村一拖三水稻,江苏省南京市六合区,2023-05-28,3,1.0,26.856666666666666,56.47,2023,21,,,,,,,,
稻纵卷叶螟,RLF,六合区龙池街道朱云村一拖三水稻_1_17_诱虫量,六合区龙池街道朱云村一拖三水稻,江苏省南京市六合区,2023-06-04,7,2.0,25.12,69.91142857142857,2023,22,32.3,20.1,84.14,74.14,29.6,2.38,48.59,25.72
稻纵卷叶螟,RLF,六合区龙池街道朱云村一拖三水稻_1_17_诱虫量,六合区龙池街道朱云村一拖三水稻,江苏省南京市六合区,2023-06-11,7,3.0,27.057142857142857,63.755714285714284,2023,23,34.2,16.0,80.43,75.0,31.1,2.66,59.78,28.9
稻纵卷叶螟,RLF,六合区龙池街道朱云村一拖三水稻_1_17_诱虫量,六合区龙池街道朱云村一拖三水稻,江苏省南京市六合区,2023-06-18,7,8.0,26.554285714285715,78.28142857142858,2023,24,32.4,19.2,80.14,65.0,8.5,2.69,57.13,31.06
稻纵卷叶螟,RLF,六合区龙池街道朱云村一拖三水稻_1_17_诱虫量,六合区龙池街道朱云村一拖三水稻,江苏省南京市六合区,2023-06-25,7,11.0,28.62714285714286,78.21285714285715,2023,25,31.4,20.5,87.57,74.57,82.3,2.55,29.04,21.42
稻纵卷叶螟,RLF,六合区龙池街道朱云村一拖三水稻_1_17_诱虫量,六合区龙池街道朱云村一拖三水稻,江苏省南京市六合区,2023-07-02,7,1.0,29.742857142857144,82.71285714285715,2023,26,32.8,21.5,86.29,78.86,64.0,2.94,49.98,24.98
稻纵卷叶螟,RLF,六合区龙池街道朱云村一拖三水稻_1_17_诱虫量,六合区龙池街道朱云村一拖三水稻,江苏省南京市六合区,2023-07-09,5,2.0,29.380000000000003,83.226,2023,27,32.9,23.9,87.86,82.29,123.1,3.4,45.76,24.46
稻纵卷叶螟,RLF,六合区龙池街道朱云村一拖三水稻_1_17_诱虫量,六合区龙池街道朱云村一拖三水稻,江苏省南京市六合区,2023-07-16,7,10.0,27.997142857142855,84.38,2023,28,34.9,24.6,84.57,77.0,27.6,3.38,49.19,28.48
稻纵卷叶螟,RLF,六合区龙池街道朱云村一拖三水稻_1_17_诱虫量,六合区龙池街道朱云村一拖三水稻,江苏省南京市六合区,2023-07-23,7,0.0,30.02,78.20857142857143,2023,29,31.5,23.5,89.43,84.71,117.0,2.29,34.08,19.55
稻纵卷叶螟,RLF,六合区龙池街道朱云村一拖三水稻_1_17_诱虫量,六合区龙池街道朱云村一拖三水稻,江苏省南京市六合区,2023-07-30,7,2.0,30.83142857142857,76.99428571428572,2023,30,33.2,25.1,86.86,80.86,44.3,3.98,65.75,29.7
稻纵卷叶螟,RLF,六合区龙池街道朱云村一拖三水稻_1_17_诱虫量,六合区龙池街道朱云村一拖三水稻,江苏省南京市六合区,2023-08-06,7,6.0,30.414285714285715,75.39571428571428,2023,31,34.0,25.0,86.43,76.43,17.1,3.1,81.36,32.83
稻纵卷叶螟,RLF,六合区龙池街道朱云村一拖三水稻_1_17_诱虫量,六合区龙池街道朱云村一拖三水稻,江苏省南京市六合区,2023-08-13,7,9.0,30.818571428571428,73.67,2023,32,35.1,24.0,83.71,75.14,10.3,2.08,79.69,33.11
稻纵卷叶螟,RLF,六合区龙池街道朱云村一拖三水稻_1_17_诱虫量,六合区龙池街道朱云村一拖三水稻,江苏省南京市六合区,2023-08-20,7,6.0,29.03,74.38285714285713,2023,33,33.7,23.9,86.57,81.29,26.5,2.19,77.01,29.64
稻纵卷叶螟,RLF,六合区龙池街道朱云村一拖三水稻_1_17_诱虫量,六合区龙池街道朱云村一拖三水稻,江苏省南京市六合区,2023-08-27,7,25.0,25.964285714285715,76.2942857142857,2023,34,32.0,22.4,82.71,72.0,27.1,2.8,70.93,31.5
稻纵卷叶螟,RLF,六合区龙池街道朱云村一拖三水稻_1_17_诱虫量,六合区龙池街道朱云村一拖三水稻,江苏省南京市六合区,2023-09-03,7,6.0,27.368571428571425,75.74000000000001,2023,35,29.4,18.5,86.86,78.57,59.2,2.79,42.5,22.49
稻纵卷叶螟,RLF,六合区龙池街道朱云村一拖三水稻_1_17_诱虫量,六合区龙池街道朱云村一拖三水稻,江苏省南京市六合区,2023-09-10,7,10.0,25.011428571428574,82.53571428571429,2023,36,31.0,21.7,88.0,73.71,2.5,2.83,74.88,29.19
稻纵卷叶螟,RLF,六合区龙池街道朱云村一拖三水稻_1_17_诱虫量,六合区龙池街道朱云村一拖三水稻,江苏省南京市六合区,2023-09-17,7,6.0,24.747142857142855,80.69714285714285,2023,37,31.4,20.4,87.43,82.14,74.6,2.74,29.78,17.15
稻纵卷叶螟,RLF,六合区龙池街道朱云村一拖三水稻_1_17_诱虫量,六合区龙池街道朱云村一拖三水稻,江苏省南京市六合区,2023-09-24,7,0.0,24.254285714285714,81.52,2023,38,32.0,18.8,88.57,77.57,41.3,2.51,30.18,16.82
稻纵卷叶螟,RLF,六合区龙池街道朱云村一拖三水稻_1_17_诱虫量,六合区龙池街道朱云村一拖三水稻,江苏省南京市六合区,2023-10-01,7,0.0,20.44142857142857,74.37,2023,39,28.2,19.1,89.57,82.43,13.3,2.19,45.28,17.44
稻纵卷叶螟,RLF,六合区龙池街道朱云村一拖三水稻_1_17_诱虫量,六合区龙池街道朱云村一拖三水稻,江苏省南京市六合区,2023-10-08,7,2.0,19.41,75.36,2023,40,25.5,15.7,80.86,71.71,21.7,3.55,38.52,19.59
稻纵卷叶螟,RLF,六合区龙池街道朱云村一拖三水稻_1_17_诱虫量,六合区龙池街道朱云村一拖三水稻,江苏省南京市六合区,2023-10-15,7,0.0,19.124285714285715,67.16285714285713,2023,41,23.6,13.5,84.86,74.14,0.0,2.05,50.14,17.04
稻纵卷叶螟,RLF,六合区龙池街道朱云村一拖三水稻_1_17_诱虫量,六合区龙池街道朱云村一拖三水稻,江苏省南京市六合区,2023-10-22,7,0.0,19.48428571428571,69.14857142857143,2023,42,26.1,9.6,84.43,62.0,4.0,2.46,71.43,22.45
稻纵卷叶螟,RLF,六合区龙池街道朱云村一拖三水稻_1_17_诱虫量,六合区龙池街道朱云村一拖三水稻,江苏省南京市六合区,2023-10-29,2,2.0,19.43,69.22,2023,43,25.6,9.6,85.14,64.29,0.0,1.94,60.15,18.61
稻纵卷叶螟,RLF,六合区龙池街道朱云村一拖三水稻_1_17_诱虫量,六合区龙池街道朱云村一拖三水稻,江苏省南京市六合区,2024-05-26,1,1.0,25.15,48.22,2024,21,,,,,,,,
稻纵卷叶螟,RLF,六合区龙池街道朱云村一拖三水稻_1_17_诱虫量,六合区龙池街道朱云村一拖三水稻,江苏省南京市六合区,2024-06-02,7,2.0,25.131428571428575,61.701428571428565,2024,22,26.9,14.2,77.71,68.43,42.5,2.69,50.74,25.99
稻纵卷叶螟,RLF,六合区龙池街道朱云村一拖三水稻_1_17_诱虫量,六合区龙池街道朱云村一拖三水稻,江苏省南京市六合区,2024-06-09,7,1.0,29.041428571428575,64.70428571428572,2024,23,30.9,17.1,76.86,61.71,5.2,2.43,62.66,30.94
稻纵卷叶螟,RLF,六合区龙池街道朱云村一拖三水稻_1_17_诱虫量,六合区龙池街道朱云村一拖三水稻,江苏省南京市六合区,2024-06-16,7,11.0,28.41,69.68285714285715,2024,24,34.2,20.7,79.71,58.71,0.7,2.43,71.14,35.09
稻纵卷叶螟,RLF,六合区龙池街道朱云村一拖三水稻_1_17_诱虫量,六合区龙池街道朱云村一拖三水稻,江苏省南京市六合区,2024-06-23,7,2.0,25.965714285714284,81.01428571428572,2024,25,32.3,21.3,85.0,69.86,96.1,3.32,46.58,27.17
稻纵卷叶螟,RLF,六合区龙池街道朱云村一拖三水稻_1_17_诱虫量,六合区龙池街道朱云村一拖三水稻,江苏省南京市六合区,2024-06-30,7,2.0,29.458571428571428,79.07142857142857,2024,26,30.9,20.7,88.71,85.57,179.0,2.73,26.58,17.62
稻纵卷叶螟,RLF,六合区龙池街道朱云村一拖三水稻_1_17_诱虫量,六合区龙池街道朱云村一拖三水稻,江苏省南京市六合区,2024-07-07,7,1.0,28.325714285714287,82.36285714285714,2024,27,34.9,22.6,81.14,78.57,41.8,4.14,62.65,32.6
稻纵卷叶螟,RLF,六合区龙池街道朱云村一拖三水稻_1_17_诱虫量,六合区龙池街道朱云村一拖三水稻,江苏省南京市六合区,2024-07-14,7,5.0,30.224285714285713,80.51142857142857,2024,28,35.0,21.4,88.57,86.0,168.8,2.44,20.72,18.18
稻纵卷叶螟,RLF,六合区龙池街道朱云村一拖三水稻_1_17_诱虫量,六合区龙池街道朱云村一拖三水稻,江苏省南京市六合区,2024-07-21,7,0.0,32.212857142857146,73.80857142857143,2024,29,35.2,24.3,81.86,78.57,22.4,3.39,35.37,25.73
稻纵卷叶螟,RLF,六合区龙池街道朱云村一拖三水稻_1_17_诱虫量,六合区龙池街道朱云村一拖三水稻,江苏省南京市六合区,2024-07-28,7,4.0,32.97714285714286,74.25,2024,30,36.7,27.0,80.57,71.86,6.1,4.7,71.71,37.84
稻纵卷叶螟,RLF,六合区龙池街道朱云村一拖三水稻_1_17_诱虫量,六合区龙池街道朱云村一拖三水稻,江苏省南京市六合区,2024-08-04,7,4.0,33.16571428571429,73.85571428571428,2024,31,37.5,27.6,76.0,71.57,9.5,2.75,86.5,40.56
稻纵卷叶螟,RLF,六合区龙池街道朱云村一拖三水稻_1_17_诱虫量,六合区龙池街道朱云村一拖三水稻,江苏省南京市六合区,2024-08-11,7,0.0,30.678571428571427,77.93857142857144,2024,32,37.8,27.1,76.86,66.71,62.0,1.88,83.96,39.02
稻纵卷叶螟,RLF,六合区龙池街道朱云村一拖三水稻_1_17_诱虫量,六合区龙池街道朱云村一拖三水稻,江苏省南京市六合区,2024-08-18,7,6.0,30.228571428571428,80.34285714285714,2024,33,36.3,24.9,84.43,67.71,34.3,2.42,75.24,33.56
稻纵卷叶螟,RLF,六合区龙池街道朱云村一拖三水稻_1_17_诱虫量,六合区龙池街道朱云村一拖三水稻,江苏省南京市六合区,2024-08-25,7,8.0,29.881428571428568,79.84,2024,34,34.7,25.4,84.71,77.86,50.4,1.93,64.42,27.34
稻纵卷叶螟,RLF,六合区龙池街道朱云村一拖三水稻_1_17_诱虫量,六合区龙池街道朱云村一拖三水稻,江苏省南京市六合区,2024-09-01,7,6.0,29.47142857142857,78.81142857142856,2024,35,35.2,24.1,83.43,71.71,6.3,2.35,74.77,30.13
稻纵卷叶螟,RLF,六合区龙池街道朱云村一拖三水稻_1_17_诱虫量,六合区龙池街道朱云村一拖三水稻,江苏省南京市六合区,2024-09-08,7,4.0,29.28857142857143,84.51285714285713,2024,36,33.8,24.2,79.29,68.43,2.9,3.23,78.8,33.31
稻纵卷叶螟,RLF,六合区龙池街道朱云村一拖三水稻_1_17_诱虫量,六合区龙池街道朱云村一拖三水稻,江苏省南京市六合区,2024-09-15,7,0.0,26.58857142857143,85.29428571428572,2024,37,33.8,23.6,88.14,80.14,83.0,3.4,57.66,23.89
稻纵卷叶螟,RLF,六合区龙池街道朱云村一拖三水稻_1_17_诱虫量,六合区龙池街道朱云村一拖三水稻,江苏省南京市六合区,2024-09-22,7,1.0,23.444285714285716,77.90142857142857,2024,38,31.6,17.4,81.14,76.86,124.9,5.49,54.64,24.01
稻纵卷叶螟,RLF,六合区龙池街道朱云村一拖三水稻_1_17_诱虫量,六合区龙池街道朱云村一拖三水稻,江苏省南京市六合区,2024-09-29,7,1.0,20.255714285714284,76.28285714285714,2024,39,29.1,15.8,86.14,76.0,15.1,2.67,66.18,23.31
稻纵卷叶螟,RLF,六合区龙池街道朱云村一拖三水稻_1_17_诱虫量,六合区龙池街道朱云村一拖三水稻,江苏省南京市六合区,2024-10-06,7,1.0,19.165714285714284,79.05571428571429,2024,40,28.6,11.9,79.0,72.14,17.2,3.38,48.16,18.62
稻纵卷叶螟,RLF,六合区龙池街道朱云村一拖三水稻_1_17_诱虫量,六合区龙池街道朱云村一拖三水稻,江苏省南京市六合区,2024-10-13,7,4.0,20.552857142857142,83.70714285714287,2024,41,25.2,13.1,85.0,74.71,16.7,2.16,49.5,16.94
稻纵卷叶螟,RLF,六合区龙池街道朱云村一拖三水稻_1_17_诱虫量,六合区龙池街道朱云村一拖三水稻,江苏省南京市六合区,2024-10-20,7,0.0,16.435714285714287,82.16428571428571,2024,42,27.2,11.2,86.57,77.0,49.2,3.66,31.77,14.95
稻纵卷叶螟,RLF,六合区龙池街道朱云村一拖三水稻_1_17_诱虫量,六合区龙池街道朱云村一拖三水稻,江苏省南京市六合区,2024-10-27,4,1.0,15.936666666666667,79.10000000000001,2024,43,22.3,8.6,88.29,80.43,20.0,3.16,35.15,12.25
稻纵卷叶螟,RLF,冶山季王稻纵_1_19_诱虫量,冶山季王稻纵,江苏省南京市六合区,2023-05-28,3,0.0,27.91333333333333,53.45666666666667,2023,21,,,,,,,,
稻纵卷叶螟,RLF,冶山季王稻纵_1_19_诱虫量,冶山季王稻纵,江苏省南京市六合区,2023-06-04,7,0.0,25.381428571428575,70.51714285714286,2023,22,32.3,20.1,84.14,74.14,29.6,2.38,48.59,25.72
稻纵卷叶螟,RLF,冶山季王稻纵_1_19_诱虫量,冶山季王稻纵,江苏省南京市六合区,2023-06-11,7,0.0,27.524285714285714,63.23142857142857,2023,23,34.2,16.0,80.43,75.0,31.1,2.66,59.78,28.9
稻纵卷叶螟,RLF,冶山季王稻纵_1_19_诱虫量,冶山季王稻纵,江苏省南京市六合区,2023-06-18,7,0.0,26.922857142857143,75.94428571428571,2023,24,32.4,19.2,80.14,65.0,8.5,2.69,57.13,31.06
稻纵卷叶螟,RLF,冶山季王稻纵_1_19_诱虫量,冶山季王稻纵,江苏省南京市六合区,2023-06-25,7,0.0,29.360000000000003,76.57285714285715,2023,25,31.4,20.5,87.57,74.57,82.3,2.55,29.04,21.42
稻纵卷叶螟,RLF,冶山季王稻纵_1_19_诱虫量,冶山季王稻纵,江苏省南京市六合区,2023-07-02,7,0.0,29.964285714285715,78.08428571428571,2023,26,32.8,21.5,86.29,78.86,64.0,2.94,49.98,24.98
稻纵卷叶螟,RLF,冶山季王稻纵_1_19_诱虫量,冶山季王稻纵,江苏省南京市六合区,2023-07-09,7,2.0,30.650000000000002,77.6842857142857,2023,27,32.9,23.9,87.86,82.29,123.1,3.4,45.76,24.46
稻纵卷叶螟,RLF,冶山季王稻纵_1_19_诱虫量,冶山季王稻纵,江苏省南京市六合区,2023-07-16,7,1.0,28.937142857142856,81.8,2023,28,34.9,24.6,84.57,77.0,27.6,3.38,49.19,28.48
稻纵卷叶螟,RLF,冶山季王稻纵_1_19_诱虫量,冶山季王稻纵,江苏省南京市六合区,2023-07-23,7,32.0,30.554285714285715,76.85571428571428,2023,29,31.5,23.5,89.43,84.71,117.0,2.29,34.08,19.55
稻纵卷叶螟,RLF,冶山季王稻纵_1_19_诱虫量,冶山季王稻纵,江苏省南京市六合区,2023-07-30,7,32.0,32.04142857142857,73.23428571428572,2023,30,33.2,25.1,86.86,80.86,44.3,3.98,65.75,29.7
稻纵卷叶螟,RLF,冶山季王稻纵_1_19_诱虫量,冶山季王稻纵,江苏省南京市六合区,2023-08-06,7,351.0,30.641428571428573,75.26428571428572,2023,31,34.0,25.0,86.43,76.43,17.1,3.1,81.36,32.83
稻纵卷叶螟,RLF,冶山季王稻纵_1_19_诱虫量,冶山季王稻纵,江苏省南京市六合区,2023-08-13,7,249.0,31.695000000000004,72.60333333333334,2023,32,35.1,24.0,83.71,75.14,10.3,2.08,79.69,33.11
稻纵卷叶螟,RLF,冶山季王稻纵_1_19_诱虫量,冶山季王稻纵,江苏省南京市六合区,2023-08-20,7,144.0,29.774285714285714,73.09142857142857,2023,33,33.7,23.9,86.57,81.29,26.5,2.19,77.01,29.64
稻纵卷叶螟,RLF,冶山季王稻纵_1_19_诱虫量,冶山季王稻纵,江苏省南京市六合区,2023-08-27,7,24.0,26.642857142857142,71.72,2023,34,32.0,22.4,82.71,72.0,27.1,2.8,70.93,31.5
稻纵卷叶螟,RLF,冶山季王稻纵_1_19_诱虫量,冶山季王稻纵,江苏省南京市六合区,2023-09-03,7,8.0,28.301428571428573,74.03571428571429,2023,35,29.4,18.5,86.86,78.57,59.2,2.79,42.5,22.49
稻纵卷叶螟,RLF,冶山季王稻纵_1_19_诱虫量,冶山季王稻纵,江苏省南京市六合区,2023-09-10,7,5.0,25.15285714285714,80.92571428571429,2023,36,31.0,21.7,88.0,73.71,2.5,2.83,74.88,29.19
稻纵卷叶螟,RLF,冶山季王稻纵_1_19_诱虫量,冶山季王稻纵,江苏省南京市六合区,2023-09-17,7,216.0,8.415,32.0,2023,37,31.4,20.4,87.43,82.14,74.6,2.74,29.78,17.15
稻纵卷叶螟,RLF,冶山季王稻纵_1_19_诱虫量,冶山季王稻纵,江苏省南京市六合区,2023-09-24,7,71.0,,,2023,38,32.0,18.8,88.57,77.57,41.3,2.51,30.18,16.82
稻纵卷叶螟,RLF,冶山季王稻纵_1_19_诱虫量,冶山季王稻纵,江苏省南京市六合区,2023-10-01,7,17.0,,,2023,39,28.2,19.1,89.57,82.43,13.3,2.19,45.28,17.44
稻纵卷叶螟,RLF,冶山季王稻纵_1_19_诱虫量,冶山季王稻纵,江苏省南京市六合区,2023-10-08,7,0.0,,,2023,40,25.5,15.7,80.86,71.71,21.7,3.55,38.52,19.59
稻纵卷叶螟,RLF,冶山季王稻纵_1_19_诱虫量,冶山季王稻纵,江苏省南京市六合区,2023-10-15,7,0.0,13.530000000000001,63.833333333333336,2023,41,23.6,13.5,84.86,74.14,0.0,2.05,50.14,17.04
稻纵卷叶螟,RLF,冶山季王稻纵_1_19_诱虫量,冶山季王稻纵,江苏省南京市六合区,2023-10-22,7,0.0,19.09,70.50714285714285,2023,42,26.1,9.6,84.43,62.0,4.0,2.46,71.43,22.45
稻纵卷叶螟,RLF,冶山季王稻纵_1_19_诱虫量,冶山季王稻纵,江苏省南京市六合区,2023-10-29,2,0.0,19.05,71.57,2023,43,25.6,9.6,85.14,64.29,0.0,1.94,60.15,18.61
稻纵卷叶螟,RLF,冶山季王稻纵_1_19_诱虫量,冶山季王稻纵,江苏省南京市六合区,2024-05-26,1,0.0,,,2024,21,,,,,,,,
稻纵卷叶螟,RLF,冶山季王稻纵_1_19_诱虫量,冶山季王稻纵,江苏省南京市六合区,2024-06-02,7,0.0,,,2024,22,26.9,14.2,77.71,68.43,42.5,2.69,50.74,25.99
稻纵卷叶螟,RLF,冶山季王稻纵_1_19_诱虫量,冶山季王稻纵,江苏省南京市六合区,2024-06-09,7,0.0,,,2024,23,30.9,17.1,76.86,61.71,5.2,2.43,62.66,30.94
稻纵卷叶螟,RLF,冶山季王稻纵_1_19_诱虫量,冶山季王稻纵,江苏省南京市六合区,2024-06-16,7,0.0,,,2024,24,34.2,20.7,79.71,58.71,0.7,2.43,71.14,35.09
稻纵卷叶螟,RLF,冶山季王稻纵_1_19_诱虫量,冶山季王稻纵,江苏省南京市六合区,2024-06-23,7,0.0,,,2024,25,32.3,21.3,85.0,69.86,96.1,3.32,46.58,27.17
稻纵卷叶螟,RLF,冶山季王稻纵_1_19_诱虫量,冶山季王稻纵,江苏省南京市六合区,2024-06-30,7,1.0,,,2024,26,30.9,20.7,88.71,85.57,179.0,2.73,26.58,17.62
稻纵卷叶螟,RLF,冶山季王稻纵_1_19_诱虫量,冶山季王稻纵,江苏省南京市六合区,2024-07-07,7,1.0,,,2024,27,34.9,22.6,81.14,78.57,41.8,4.14,62.65,32.6
稻纵卷叶螟,RLF,冶山季王稻纵_1_19_诱虫量,冶山季王稻纵,江苏省南京市六合区,2024-07-14,7,1.0,,,2024,28,35.0,21.4,88.57,86.0,168.8,2.44,20.72,18.18
稻纵卷叶螟,RLF,冶山季王稻纵_1_19_诱虫量,冶山季王稻纵,江苏省南京市六合区,2024-07-21,7,2.0,,,2024,29,35.2,24.3,81.86,78.57,22.4,3.39,35.37,25.73
稻纵卷叶螟,RLF,冶山季王稻纵_1_19_诱虫量,冶山季王稻纵,江苏省南京市六合区,2024-07-28,7,3.0,,,2024,30,36.7,27.0,80.57,71.86,6.1,4.7,71.71,37.84
稻纵卷叶螟,RLF,冶山季王稻纵_1_19_诱虫量,冶山季王稻纵,江苏省南京市六合区,2024-08-04,7,13.0,,,2024,31,37.5,27.6,76.0,71.57,9.5,2.75,86.5,40.56
稻纵卷叶螟,RLF,冶山季王稻纵_1_19_诱虫量,冶山季王稻纵,江苏省南京市六合区,2024-08-11,7,45.0,,,2024,32,37.8,27.1,76.86,66.71,62.0,1.88,83.96,39.02
稻纵卷叶螟,RLF,冶山季王稻纵_1_19_诱虫量,冶山季王稻纵,江苏省南京市六合区,2024-08-18,7,51.0,,,2024,33,36.3,24.9,84.43,67.71,34.3,2.42,75.24,33.56
稻纵卷叶螟,RLF,冶山季王稻纵_1_19_诱虫量,冶山季王稻纵,江苏省南京市六合区,2024-08-25,7,188.0,,,2024,34,34.7,25.4,84.71,77.86,50.4,1.93,64.42,27.34
稻纵卷叶螟,RLF,冶山季王稻纵_1_19_诱虫量,冶山季王稻纵,江苏省南京市六合区,2024-09-01,7,273.0,,,2024,35,35.2,24.1,83.43,71.71,6.3,2.35,74.77,30.13
稻纵卷叶螟,RLF,冶山季王稻纵_1_19_诱虫量,冶山季王稻纵,江苏省南京市六合区,2024-09-08,7,144.0,,,2024,36,33.8,24.2,79.29,68.43,2.9,3.23,78.8,33.31
稻纵卷叶螟,RLF,冶山季王稻纵_1_19_诱虫量,冶山季王稻纵,江苏省南京市六合区,2024-09-15,7,160.0,0.0,0.0,2024,37,33.8,23.6,88.14,80.14,83.0,3.4,57.66,23.89
稻纵卷叶螟,RLF,冶山季王稻纵_1_19_诱虫量,冶山季王稻纵,江苏省南京市六合区,2024-09-22,7,51.0,0.0,0.0,2024,38,31.6,17.4,81.14,76.86,124.9,5.49,54.64,24.01
稻纵卷叶螟,RLF,冶山季王稻纵_1_19_诱虫量,冶山季王稻纵,江苏省南京市六合区,2024-09-29,7,41.0,,,2024,39,29.1,15.8,86.14,76.0,15.1,2.67,66.18,23.31
稻纵卷叶螟,RLF,冶山季王稻纵_1_19_诱虫量,冶山季王稻纵,江苏省南京市六合区,2024-10-06,7,11.0,,,2024,40,28.6,11.9,79.0,72.14,17.2,3.38,48.16,18.62
稻纵卷叶螟,RLF,冶山季王稻纵_1_19_诱虫量,冶山季王稻纵,江苏省南京市六合区,2024-10-13,7,194.0,,,2024,41,25.2,13.1,85.0,74.71,16.7,2.16,49.5,16.94
稻纵卷叶螟,RLF,冶山季王稻纵_1_19_诱虫量,冶山季王稻纵,江苏省南京市六合区,2024-10-20,7,19.0,,,2024,42,27.2,11.2,86.57,77.0,49.2,3.66,31.77,14.95
稻纵卷叶螟,RLF,冶山季王稻纵_1_19_诱虫量,冶山季王稻纵,江苏省南京市六合区,2024-10-27,4,2.0,,,2024,43,22.3,8.6,88.29,80.43,20.0,3.16,35.15,12.25
稻纵卷叶螟,RLF,冶山季王稻纵_1_34_诱虫量,冶山季王稻纵,江苏省南京市六合区,2023-01-01,7,0.0,6.028571428571429,65.72571428571429,2022,52,,,,,,,,
稻纵卷叶螟,RLF,冶山季王稻纵_1_34_诱虫量,冶山季王稻纵,江苏省南京市六合区,2023-01-08,7,0.0,9.540000000000001,73.78571428571429,2023,1,,,,,,,,
稻纵卷叶螟,RLF,冶山季王稻纵_1_34_诱虫量,冶山季王稻纵,江苏省南京市六合区,2023-01-15,7,0.0,3.5628571428571427,61.92857142857143,2023,2,,,,,,,,
稻纵卷叶螟,RLF,冶山季王稻纵_1_34_诱虫量,冶山季王稻纵,江苏省南京市六合区,2023-01-22,7,0.0,0.5742857142857142,63.05714285714286,2023,3,,,,,,,,
稻纵卷叶螟,RLF,冶山季王稻纵_1_34_诱虫量,冶山季王稻纵,江苏省南京市六合区,2023-01-29,7,0.0,5.451428571428571,59.35285714285715,2023,4,,,,,,,,
稻纵卷叶螟,RLF,冶山季王稻纵_1_34_诱虫量,冶山季王稻纵,江苏省南京市六合区,2023-02-05,7,0.0,7.217142857142858,84.82285714285715,2023,5,,,,,,,,
稻纵卷叶螟,RLF,冶山季王稻纵_1_34_诱虫量,冶山季王稻纵,江苏省南京市六合区,2023-02-12,7,2.0,6.572857142857143,71.72857142857143,2023,6,,,,,,,,
稻纵卷叶螟,RLF,冶山季王稻纵_1_34_诱虫量,冶山季王稻纵,江苏省南京市六合区,2023-02-19,7,0.0,5.117142857142857,65.93857142857142,2023,7,,,,,,,,
稻纵卷叶螟,RLF,冶山季王稻纵_1_34_诱虫量,冶山季王稻纵,江苏省南京市六合区,2023-02-26,7,0.0,10.152857142857142,57.347142857142856,2023,8,,,,,,,,
稻纵卷叶螟,RLF,冶山季王稻纵_1_34_诱虫量,冶山季王稻纵,江苏省南京市六合区,2023-03-05,7,0.0,16.777142857142856,57.68,2023,9,,,,,,,,
稻纵卷叶螟,RLF,冶山季王稻纵_1_34_诱虫量,冶山季王稻纵,江苏省南京市六合区,2023-03-12,7,0.0,10.441428571428572,60.120000000000005,2023,10,,,,,,,,
稻纵卷叶螟,RLF,冶山季王稻纵_1_34_诱虫量,冶山季王稻纵,江苏省南京市六合区,2023-03-19,7,0.0,11.074285714285713,73.95285714285716,2023,11,,,,,,,,
稻纵卷叶螟,RLF,冶山季王稻纵_1_34_诱虫量,冶山季王稻纵,江苏省南京市六合区,2023-03-26,7,0.0,14.722857142857142,61.51857142857143,2023,12,,,,,,,,
稻纵卷叶螟,RLF,冶山季王稻纵_1_34_诱虫量,冶山季王稻纵,江苏省南京市六合区,2023-04-02,7,0.0,13.375714285714285,71.97428571428571,2023,13,,,,,,,,
稻纵卷叶螟,RLF,冶山季王稻纵_1_34_诱虫量,冶山季王稻纵,江苏省南京市六合区,2023-04-09,7,0.0,19.53857142857143,55.339999999999996,2023,14,,,,,,,,
稻纵卷叶螟,RLF,冶山季王稻纵_1_34_诱虫量,冶山季王稻纵,江苏省南京市六合区,2023-04-16,7,0.0,20.554285714285715,62.5,2023,15,,,,,,,,
稻纵卷叶螟,RLF,冶山季王稻纵_1_34_诱虫量,冶山季王稻纵,江苏省南京市六合区,2023-04-23,7,0.0,16.521428571428572,64.90857142857143,2023,16,,,,,,,,
稻纵卷叶螟,RLF,冶山季王稻纵_1_34_诱虫量,冶山季王稻纵,江苏省南京市六合区,2023-04-30,7,0.0,21.042857142857144,71.95857142857143,2023,17,,,,,,,,
稻纵卷叶螟,RLF,冶山季王稻纵_1_34_诱虫量,冶山季王稻纵,江苏省南京市六合区,2023-05-07,7,0.0,20.277142857142856,60.21142857142858,2023,18,,,,,,,,
稻纵卷叶螟,RLF,冶山季王稻纵_1_34_诱虫量,冶山季王稻纵,江苏省南京市六合区,2023-05-14,7,1.0,24.267142857142858,65.74,2023,19,,,,,,,,
稻纵卷叶螟,RLF,冶山季王稻纵_1_34_诱虫量,冶山季王稻纵,江苏省南京市六合区,2023-05-21,7,0.0,22.945714285714285,65.83,2023,20,,,,,,,,
稻纵卷叶螟,RLF,冶山季王稻纵_1_34_诱虫量,冶山季王稻纵,江苏省南京市六合区,2023-05-28,4,0.0,24.939999999999998,80.0275,2023,21,,,,,,,,
稻纵卷叶螟,RLF,冶山季王稻纵_1_34_诱虫量,冶山季王稻纵,江苏省南京市六合区,2023-10-29,5,0.0,21.476,70.454,2023,43,25.6,9.6,85.14,64.29,0.0,1.94,60.15,18.61
稻纵卷叶螟,RLF,冶山季王稻纵_1_34_诱虫量,冶山季王稻纵,江苏省南京市六合区,2023-11-05,5,0.0,11.27,75.2125,2023,44,27.6,12.9,83.57,69.14,0.8,2.48,60.23,19.36
稻纵卷叶螟,RLF,冶山季王稻纵_1_34_诱虫量,冶山季王稻纵,江苏省南京市六合区,2023-11-12,7,0.0,9.107142857142858,59.98285714285714,2023,45,,,,,,,,
稻纵卷叶螟,RLF,冶山季王稻纵_1_34_诱虫量,冶山季王稻纵,江苏省南京市六合区,2023-11-19,7,0.0,11.145714285714286,62.91571428571428,2023,46,,,,,,,,
稻纵卷叶螟,RLF,冶山季王稻纵_1_34_诱虫量,冶山季王稻纵,江苏省南京市六合区,2023-11-26,7,0.0,7.001428571428572,62.355714285714285,2023,47,,,,,,,,
稻纵卷叶螟,RLF,冶山季王稻纵_1_34_诱虫量,冶山季王稻纵,江苏省南京市六合区,2023-12-03,7,0.0,10.894285714285715,59.894285714285715,2023,48,,,,,,,,
稻纵卷叶螟,RLF,冶山季王稻纵_1_34_诱虫量,冶山季王稻纵,江苏省南京市六合区,2023-12-10,7,0.0,5.75,61.63199999999999,2023,49,,,,,,,,
稻纵卷叶螟,RLF,冶山季王稻纵_1_34_诱虫量,冶山季王稻纵,江苏省南京市六合区,2023-12-17,7,0.0,,,2023,50,,,,,,,,
稻纵卷叶螟,RLF,冶山季王稻纵_1_34_诱虫量,冶山季王稻纵,江苏省南京市六合区,2023-12-24,7,0.0,,,2023,51,,,,,,,,
稻纵卷叶螟,RLF,冶山季王稻纵_1_34_诱虫量,冶山季王稻纵,江苏省南京市六合区,2023-12-31,7,0.0,,,2023,52,,,,,,,,
稻纵卷叶螟,RLF,冶山季王稻纵_1_34_诱虫量,冶山季王稻纵,江苏省南京市六合区,2024-01-07,7,0.0,,,2024,1,,,,,,,,
稻纵卷叶螟,RLF,冶山季王稻纵_1_34_诱虫量,冶山季王稻纵,江苏省南京市六合区,2024-01-14,7,0.0,5.5,48.67,2024,2,,,,,,,,
稻纵卷叶螟,RLF,冶山季王稻纵_1_34_诱虫量,冶山季王稻纵,江苏省南京市六合区,2024-01-21,7,0.0,0.1657142857142858,56.41428571428571,2024,3,,,,,,,,
稻纵卷叶螟,RLF,冶山季王稻纵_1_34_诱虫量,冶山季王稻纵,江苏省南京市六合区,2024-01-28,7,0.0,5.695,50.585,2024,4,,,,,,,,
稻纵卷叶螟,RLF,冶山季王稻纵_1_34_诱虫量,冶山季王稻纵,江苏省南京市六合区,2024-02-04,7,0.0,0.0,0.0,2024,5,,,,,,,,
稻纵卷叶螟,RLF,冶山季王稻纵_1_34_诱虫量,冶山季王稻纵,江苏省南京市六合区,2024-02-11,7,0.0,10.145,53.17,2024,6,,,,,,,,
稻纵卷叶螟,RLF,冶山季王稻纵_1_34_诱虫量,冶山季王稻纵,江苏省南京市六合区,2024-02-18,7,0.0,,,2024,7,,,,,,,,
稻纵卷叶螟,RLF,冶山季王稻纵_1_34_诱虫量,冶山季王稻纵,江苏省南京市六合区,2024-02-25,7,0.0,,,2024,8,,,,,,,,
稻纵卷叶螟,RLF,冶山季王稻纵_1_34_诱虫量,冶山季王稻纵,江苏省南京市六合区,2024-03-03,7,0.0,,,2024,9,,,,,,,,
稻纵卷叶螟,RLF,冶山季王稻纵_1_34_诱虫量,冶山季王稻纵,江苏省南京市六合区,2024-03-10,7,0.0,,,2024,10,,,,,,,,
稻纵卷叶螟,RLF,冶山季王稻纵_1_34_诱虫量,冶山季王稻纵,江苏省南京市六合区,2024-03-17,7,0.0,,,2024,11,,,,,,,,
稻纵卷叶螟,RLF,冶山季王稻纵_1_34_诱虫量,冶山季王稻纵,江苏省南京市六合区,2024-03-24,7,0.0,,,2024,12,,,,,,,,
稻纵卷叶螟,RLF,冶山季王稻纵_1_34_诱虫量,冶山季王稻纵,江苏省南京市六合区,2024-03-31,7,0.0,,,2024,13,,,,,,,,
稻纵卷叶螟,RLF,冶山季王稻纵_1_34_诱虫量,冶山季王稻纵,江苏省南京市六合区,2024-04-07,7,0.0,,,2024,14,,,,,,,,
稻纵卷叶螟,RLF,冶山季王稻纵_1_34_诱虫量,冶山季王稻纵,江苏省南京市六合区,2024-04-14,7,0.0,,,2024,15,,,,,,,,
稻纵卷叶螟,RLF,冶山季王稻纵_1_34_诱虫量,冶山季王稻纵,江苏省南京市六合区,2024-04-21,7,0.0,,,2024,16,,,,,,,,
稻纵卷叶螟,RLF,冶山季王稻纵_1_34_诱虫量,冶山季王稻纵,江苏省南京市六合区,2024-04-28,7,0.0,,,2024,17,,,,,,,,
稻纵卷叶螟,RLF,冶山季王稻纵_1_34_诱虫量,冶山季王稻纵,江苏省南京市六合区,2024-05-05,7,0.0,,,2024,18,,,,,,,,
稻纵卷叶螟,RLF,冶山季王稻纵_1_34_诱虫量,冶山季王稻纵,江苏省南京市六合区,2024-05-12,7,0.0,,,2024,19,,,,,,,,
稻纵卷叶螟,RLF,冶山季王稻纵_1_34_诱虫量,冶山季王稻纵,江苏省南京市六合区,2024-05-19,7,0.0,,,2024,20,,,,,,,,
稻纵卷叶螟,RLF,冶山季王稻纵_1_34_诱虫量,冶山季王稻纵,江苏省南京市六合区,2024-05-26,6,3.0,,,2024,21,,,,,,,,
稻纵卷叶螟,RLF,冶山季王稻纵_1_34_诱虫量,冶山季王稻纵,江苏省南京市六合区,2024-10-27,3,10.0,,,2024,43,22.3,8.6,88.29,80.43,20.0,3.16,35.15,12.25
稻纵卷叶螟,RLF,冶山季王稻纵_1_34_诱虫量,冶山季王稻纵,江苏省南京市六合区,2024-11-03,7,2.0,,,2024,44,22.0,9.3,87.57,74.57,6.8,2.95,55.84,15.81
稻纵卷叶螟,RLF,冶山季王稻纵_1_34_诱虫量,冶山季王稻纵,江苏省南京市六合区,2024-11-10,7,0.0,0.0,0.0,2024,45,,,,,,,,
稻纵卷叶螟,RLF,冶山季王稻纵_1_34_诱虫量,冶山季王稻纵,江苏省南京市六合区,2024-11-17,7,0.0,0.0,0.0,2024,46,,,,,,,,
稻纵卷叶螟,RLF,冶山季王稻纵_1_34_诱虫量,冶山季王稻纵,江苏省南京市六合区,2024-11-24,7,0.0,,,2024,47,,,,,,,,
稻纵卷叶螟,RLF,冶山季王稻纵_1_34_诱虫量,冶山季王稻纵,江苏省南京市六合区,2024-12-01,7,0.0,,,2024,48,,,,,,,,
稻纵卷叶螟,RLF,冶山季王稻纵_1_34_诱虫量,冶山季王稻纵,江苏省南京市六合区,2024-12-08,7,0.0,,,2024,49,,,,,,,,
稻纵卷叶螟,RLF,冶山季王稻纵_1_34_诱虫量,冶山季王稻纵,江苏省南京市六合区,2024-12-15,7,0.0,,,2024,50,,,,,,,,
稻纵卷叶螟,RLF,冶山季王稻纵_1_34_诱虫量,冶山季王稻纵,江苏省南京市六合区,2024-12-22,7,0.0,,,2024,51,,,,,,,,
稻纵卷叶螟,RLF,冶山季王稻纵_1_34_诱虫量,冶山季王稻纵,江苏省南京市六合区,2024-12-29,3,0.0,,,2024,52,,,,,,,,
稻纵卷叶螟,RLF,南京农业大学白马教学科研基地稻纵_1_16_诱虫量,南京农业大学白马教学科研基地稻纵,江苏省南京市溧水区,2023-06-25,2,0.0,28.975,70.38499999999999,2023,25,31.4,20.5,87.57,74.57,82.3,2.55,29.04,21.42
稻纵卷叶螟,RLF,南京农业大学白马教学科研基地稻纵_1_16_诱虫量,南京农业大学白马教学科研基地稻纵,江苏省南京市溧水区,2023-07-02,7,1.0,29.259999999999998,83.62,2023,26,32.8,21.5,86.29,78.86,64.0,2.94,49.98,24.98
稻纵卷叶螟,RLF,南京农业大学白马教学科研基地稻纵_1_16_诱虫量,南京农业大学白马教学科研基地稻纵,江苏省南京市溧水区,2023-07-09,7,1.0,29.57,82.94571428571429,2023,27,32.9,23.9,87.86,82.29,123.1,3.4,45.76,24.46
稻纵卷叶螟,RLF,南京农业大学白马教学科研基地稻纵_1_16_诱虫量,南京农业大学白马教学科研基地稻纵,江苏省南京市溧水区,2023-07-16,7,1.0,28.025714285714287,87.97285714285714,2023,28,34.9,24.6,84.57,77.0,27.6,3.38,49.19,28.48
稻纵卷叶螟,RLF,南京农业大学白马教学科研基地稻纵_1_16_诱虫量,南京农业大学白马教学科研基地稻纵,江苏省南京市溧水区,2023-07-23,7,2.0,29.197142857142858,84.13428571428572,2023,29,31.5,23.5,89.43,84.71,117.0,2.29,34.08,19.55
稻纵卷叶螟,RLF,南京农业大学白马教学科研基地稻纵_1_16_诱虫量,南京农业大学白马教学科研基地稻纵,江苏省南京市溧水区,2023-07-30,7,0.0,31.102857142857143,78.77714285714286,2023,30,33.2,25.1,86.86,80.86,44.3,3.98,65.75,29.7
稻纵卷叶螟,RLF,南京农业大学白马教学科研基地稻纵_1_16_诱虫量,南京农业大学白马教学科研基地稻纵,江苏省南京市溧水区,2023-08-06,7,4.0,30.66142857142857,78.03428571428572,2023,31,34.0,25.0,86.43,76.43,17.1,3.1,81.36,32.83
稻纵卷叶螟,RLF,南京农业大学白马教学科研基地稻纵_1_16_诱虫量,南京农业大学白马教学科研基地稻纵,江苏省南京市溧水区,2023-08-13,7,51.0,30.286666666666665,77.87833333333333,2023,32,35.1,24.0,83.71,75.14,10.3,2.08,79.69,33.11
稻纵卷叶螟,RLF,南京农业大学白马教学科研基地稻纵_1_16_诱虫量,南京农业大学白马教学科研基地稻纵,江苏省南京市溧水区,2023-08-20,7,76.0,29.48857142857143,76.97571428571429,2023,33,33.7,23.9,86.57,81.29,26.5,2.19,77.01,29.64
稻纵卷叶螟,RLF,南京农业大学白马教学科研基地稻纵_1_16_诱虫量,南京农业大学白马教学科研基地稻纵,江苏省南京市溧水区,2023-08-27,7,7.0,24.24142857142857,86.36285714285714,2023,34,32.0,22.4,82.71,72.0,27.1,2.8,70.93,31.5
稻纵卷叶螟,RLF,南京农业大学白马教学科研基地稻纵_1_16_诱虫量,南京农业大学白马教学科研基地稻纵,江苏省南京市溧水区,2023-09-03,7,9.0,27.762857142857143,80.23,2023,35,29.4,18.5,86.86,78.57,59.2,2.79,42.5,22.49
稻纵卷叶螟,RLF,南京农业大学白马教学科研基地稻纵_1_16_诱虫量,南京农业大学白马教学科研基地稻纵,江苏省南京市溧水区,2023-09-10,7,16.0,24.67142857142857,89.50571428571428,2023,36,31.0,21.7,88.0,73.71,2.5,2.83,74.88,29.19
稻纵卷叶螟,RLF,南京农业大学白马教学科研基地稻纵_1_16_诱虫量,南京农业大学白马教学科研基地稻纵,江苏省南京市溧水区,2023-09-17,7,108.0,24.367142857142856,87.11571428571428,2023,37,31.4,20.4,87.43,82.14,74.6,2.74,29.78,17.15
稻纵卷叶螟,RLF,南京农业大学白马教学科研基地稻纵_1_16_诱虫量,南京农业大学白马教学科研基地稻纵,江苏省南京市溧水区,2023-09-24,7,27.0,23.937142857142856,88.62714285714286,2023,38,32.0,18.8,88.57,77.57,41.3,2.51,30.18,16.82
稻纵卷叶螟,RLF,南京农业大学白马教学科研基地稻纵_1_16_诱虫量,南京农业大学白马教学科研基地稻纵,江苏省南京市溧水区,2023-10-01,7,5.0,20.57857142857143,78.5942857142857,2023,39,28.2,19.1,89.57,82.43,13.3,2.19,45.28,17.44
稻纵卷叶螟,RLF,南京农业大学白马教学科研基地稻纵_1_16_诱虫量,南京农业大学白马教学科研基地稻纵,江苏省南京市溧水区,2023-10-08,7,2.0,19.244285714285716,81.39571428571428,2023,40,25.5,15.7,80.86,71.71,21.7,3.55,38.52,19.59
稻纵卷叶螟,RLF,南京农业大学白马教学科研基地稻纵_1_16_诱虫量,南京农业大学白马教学科研基地稻纵,江苏省南京市溧水区,2023-10-15,7,1.0,18.777142857142856,73.13142857142857,2023,41,23.6,13.5,84.86,74.14,0.0,2.05,50.14,17.04
稻纵卷叶螟,RLF,南京农业大学白马教学科研基地稻纵_1_16_诱虫量,南京农业大学白马教学科研基地稻纵,江苏省南京市溧水区,2023-10-22,7,0.0,18.90142857142857,77.67142857142858,2023,42,26.1,9.6,84.43,62.0,4.0,2.46,71.43,22.45
稻纵卷叶螟,RLF,南京农业大学白马教学科研基地稻纵_1_16_诱虫量,南京农业大学白马教学科研基地稻纵,江苏省南京市溧水区,2023-10-29,2,0.0,19.01,77.52,2023,43,25.6,9.6,85.14,64.29,0.0,1.94,60.15,18.61
稻纵卷叶螟,RLF,南京农业大学白马教学科研基地稻纵_1_16_诱虫量,南京农业大学白马教学科研基地稻纵,江苏省南京市溧水区,2024-05-26,1,0.0,24.84,63.52,2024,21,,,,,,,,
稻纵卷叶螟,RLF,南京农业大学白马教学科研基地稻纵_1_16_诱虫量,南京农业大学白马教学科研基地稻纵,江苏省南京市溧水区,2024-06-02,7,1.0,24.12142857142857,72.85571428571428,2024,22,26.9,14.2,77.71,68.43,42.5,2.69,50.74,25.99
稻纵卷叶螟,RLF,南京农业大学白马教学科研基地稻纵_1_16_诱虫量,南京农业大学白马教学科研基地稻纵,江苏省南京市溧水区,2024-06-09,7,2.0,28.82428571428571,71.58857142857143,2024,23,30.9,17.1,76.86,61.71,5.2,2.43,62.66,30.94
稻纵卷叶螟,RLF,南京农业大学白马教学科研基地稻纵_1_16_诱虫量,南京农业大学白马教学科研基地稻纵,江苏省南京市溧水区,2024-06-16,7,2.0,27.154285714285717,81.57285714285715,2024,24,34.2,20.7,79.71,58.71,0.7,2.43,71.14,35.09
稻纵卷叶螟,RLF,南京农业大学白马教学科研基地稻纵_1_16_诱虫量,南京农业大学白马教学科研基地稻纵,江苏省南京市溧水区,2024-06-23,7,1.0,24.15285714285714,93.13142857142857,2024,25,32.3,21.3,85.0,69.86,96.1,3.32,46.58,27.17
稻纵卷叶螟,RLF,南京农业大学白马教学科研基地稻纵_1_16_诱虫量,南京农业大学白马教学科研基地稻纵,江苏省南京市溧水区,2024-06-30,7,3.0,29.647142857142857,81.67571428571429,2024,26,30.9,20.7,88.71,85.57,179.0,2.73,26.58,17.62
稻纵卷叶螟,RLF,南京农业大学白马教学科研基地稻纵_1_16_诱虫量,南京农业大学白马教学科研基地稻纵,江苏省南京市溧水区,2024-07-07,7,1.0,27.93857142857143,87.98571428571428,2024,27,34.9,22.6,81.14,78.57,41.8,4.14,62.65,32.6
稻纵卷叶螟,RLF,南京农业大学白马教学科研基地稻纵_1_16_诱虫量,南京农业大学白马教学科研基地稻纵,江苏省南京市溧水区,2024-07-14,7,1.0,30.814285714285713,81.20714285714287,2024,28,35.0,21.4,88.57,86.0,168.8,2.44,20.72,18.18
稻纵卷叶螟,RLF,南京农业大学白马教学科研基地稻纵_1_16_诱虫量,南京农业大学白马教学科研基地稻纵,江苏省南京市溧水区,2024-07-21,7,0.0,32.87,75.39999999999999,2024,29,35.2,24.3,81.86,78.57,22.4,3.39,35.37,25.73
稻纵卷叶螟,RLF,南京农业大学白马教学科研基地稻纵_1_16_诱虫量,南京农业大学白马教学科研基地稻纵,江苏省南京市溧水区,2024-07-28,7,1.0,34.36142857142857,72.19571428571429,2024,30,36.7,27.0,80.57,71.86,6.1,4.7,71.71,37.84
稻纵卷叶螟,RLF,南京农业大学白马教学科研基地稻纵_1_16_诱虫量,南京农业大学白马教学科研基地稻纵,江苏省南京市溧水区,2024-08-04,7,8.0,34.15857142857143,71.98285714285714,2024,31,37.5,27.6,76.0,71.57,9.5,2.75,86.5,40.56
稻纵卷叶螟,RLF,南京农业大学白马教学科研基地稻纵_1_16_诱虫量,南京农业大学白马教学科研基地稻纵,江苏省南京市溧水区,2024-08-11,7,5.0,31.091428571428573,77.85714285714286,2024,32,37.8,27.1,76.86,66.71,62.0,1.88,83.96,39.02
稻纵卷叶螟,RLF,南京农业大学白马教学科研基地稻纵_1_16_诱虫量,南京农业大学白马教学科研基地稻纵,江苏省南京市溧水区,2024-08-18,7,6.0,30.195714285714285,83.4742857142857,2024,33,36.3,24.9,84.43,67.71,34.3,2.42,75.24,33.56
稻纵卷叶螟,RLF,南京农业大学白马教学科研基地稻纵_1_16_诱虫量,南京农业大学白马教学科研基地稻纵,江苏省南京市溧水区,2024-08-25,7,82.0,30.521428571428572,80.92,2024,34,34.7,25.4,84.71,77.86,50.4,1.93,64.42,27.34
稻纵卷叶螟,RLF,南京农业大学白马教学科研基地稻纵_1_16_诱虫量,南京农业大学白马教学科研基地稻纵,江苏省南京市溧水区,2024-09-01,7,68.0,30.58857142857143,78.88428571428571,2024,35,35.2,24.1,83.43,71.71,6.3,2.35,74.77,30.13
稻纵卷叶螟,RLF,南京农业大学白马教学科研基地稻纵_1_16_诱虫量,南京农业大学白马教学科研基地稻纵,江苏省南京市溧水区,2024-09-08,7,74.0,29.872857142857146,82.43857142857144,2024,36,33.8,24.2,79.29,68.43,2.9,3.23,78.8,33.31
稻纵卷叶螟,RLF,南京农业大学白马教学科研基地稻纵_1_16_诱虫量,南京农业大学白马教学科研基地稻纵,江苏省南京市溧水区,2024-09-15,7,43.0,26.78857142857143,87.23,2024,37,33.8,23.6,88.14,80.14,83.0,3.4,57.66,23.89
稻纵卷叶螟,RLF,南京农业大学白马教学科研基地稻纵_1_16_诱虫量,南京农业大学白马教学科研基地稻纵,江苏省南京市溧水区,2024-09-22,7,40.0,22.994285714285716,83.50571428571428,2024,38,31.6,17.4,81.14,76.86,124.9,5.49,54.64,24.01
稻纵卷叶螟,RLF,南京农业大学白马教学科研基地稻纵_1_16_诱虫量,南京农业大学白马教学科研基地稻纵,江苏省南京市溧水区,2024-09-29,7,24.0,20.085714285714285,82.17,2024,39,29.1,15.8,86.14,76.0,15.1,2.67,66.18,23.31
稻纵卷叶螟,RLF,南京农业大学白马教学科研基地稻纵_1_16_诱虫量,南京农业大学白马教学科研基地稻纵,江苏省南京市溧水区,2024-10-06,7,2.0,18.24857142857143,85.03857142857143,2024,40,28.6,11.9,79.0,72.14,17.2,3.38,48.16,18.62
稻纵卷叶螟,RLF,南京农业大学白马教学科研基地稻纵_1_16_诱虫量,南京农业大学白马教学科研基地稻纵,江苏省南京市溧水区,2024-10-13,7,30.0,19.981428571428573,90.01571428571428,2024,41,25.2,13.1,85.0,74.71,16.7,2.16,49.5,16.94
稻纵卷叶螟,RLF,南京农业大学白马教学科研基地稻纵_1_16_诱虫量,南京农业大学白马教学科研基地稻纵,江苏省南京市溧水区,2024-10-20,7,7.0,16.222857142857144,86.23428571428572,2024,42,27.2,11.2,86.57,77.0,49.2,3.66,31.77,14.95
稻纵卷叶螟,RLF,南京农业大学白马教学科研基地稻纵_1_16_诱虫量,南京农业大学白马教学科研基地稻纵,江苏省南京市溧水区,2024-10-27,4,1.0,15.21,85.30333333333333,2024,43,22.3,8.6,88.29,80.43,20.0,3.16,35.15,12.25
稻纵卷叶螟,RLF,南京农业大学白马教学科研基地稻纵_1_53_诱虫量,南京农业大学白马教学科研基地稻纵,江苏省南京市溧水区,2023-02-19,2,0.0,,,2023,7,,,,,,,,
稻纵卷叶螟,RLF,南京农业大学白马教学科研基地稻纵_1_53_诱虫量,南京农业大学白马教学科研基地稻纵,江苏省南京市溧水区,2023-02-26,7,0.0,,,2023,8,,,,,,,,
稻纵卷叶螟,RLF,南京农业大学白马教学科研基地稻纵_1_53_诱虫量,南京农业大学白马教学科研基地稻纵,江苏省南京市溧水区,2023-03-05,2,0.0,,,2023,9,,,,,,,,
稻纵卷叶螟,RLF,南京农业大学白马教学科研基地稻纵_1_53_诱虫量,南京农业大学白马教学科研基地稻纵,江苏省南京市溧水区,2023-10-29,5,0.0,19.918,78.548,2023,43,25.6,9.6,85.14,64.29,0.0,1.94,60.15,18.61
稻纵卷叶螟,RLF,南京农业大学白马教学科研基地稻纵_1_53_诱虫量,南京农业大学白马教学科研基地稻纵,江苏省南京市溧水区,2023-11-05,5,0.0,11.9825,87.3625,2023,44,27.6,12.9,83.57,69.14,0.8,2.48,60.23,19.36
稻纵卷叶螟,RLF,南京农业大学白马教学科研基地稻纵_1_53_诱虫量,南京农业大学白马教学科研基地稻纵,江苏省南京市溧水区,2023-11-12,7,0.0,8.941428571428572,68.49285714285715,2023,45,,,,,,,,
稻纵卷叶螟,RLF,南京农业大学白马教学科研基地稻纵_1_53_诱虫量,南京农业大学白马教学科研基地稻纵,江苏省南京市溧水区,2023-11-19,7,0.0,11.582857142857142,69.1542857142857,2023,46,,,,,,,,
稻纵卷叶螟,RLF,南京农业大学白马教学科研基地稻纵_1_53_诱虫量,南京农业大学白马教学科研基地稻纵,江苏省南京市溧水区,2023-11-26,7,0.0,7.63,66.72285714285714,2023,47,,,,,,,,
稻纵卷叶螟,RLF,南京农业大学白马教学科研基地稻纵_1_53_诱虫量,南京农业大学白马教学科研基地稻纵,江苏省南京市溧水区,2023-12-03,7,0.0,11.052857142857144,63.300000000000004,2023,48,,,,,,,,
稻纵卷叶螟,RLF,南京农业大学白马教学科研基地稻纵_1_53_诱虫量,南京农业大学白马教学科研基地稻纵,江苏省南京市溧水区,2023-12-10,7,0.0,5.164285714285714,85.26571428571428,2023,49,,,,,,,,
稻纵卷叶螟,RLF,南京农业大学白马教学科研基地稻纵_1_53_诱虫量,南京农业大学白马教学科研基地稻纵,江苏省南京市溧水区,2023-12-17,7,0.0,-2.204285714285714,74.24571428571429,2023,50,,,,,,,,
稻纵卷叶螟,RLF,南京农业大学白马教学科研基地稻纵_1_53_诱虫量,南京农业大学白马教学科研基地稻纵,江苏省南京市溧水区,2023-12-24,7,0.0,4.857142857142857,80.31285714285715,2023,51,,,,,,,,
稻纵卷叶螟,RLF,南京农业大学白马教学科研基地稻纵_1_53_诱虫量,南京农业大学白马教学科研基地稻纵,江苏省南京市溧水区,2023-12-31,7,0.0,3.8885714285714283,83.58714285714287,2023,52,,,,,,,,
稻纵卷叶螟,RLF,南京农业大学白马教学科研基地稻纵_1_53_诱虫量,南京农业大学白马教学科研基地稻纵,江苏省南京市溧水区,2024-01-07,7,0.0,5.688571428571429,75.82285714285715,2024,1,,,,,,,,
稻纵卷叶螟,RLF,南京农业大学白马教学科研基地稻纵_1_53_诱虫量,南京农业大学白马教学科研基地稻纵,江苏省南京市溧水区,2024-01-14,7,0.0,5.528571428571429,84.53857142857143,2024,2,,,,,,,,
稻纵卷叶螟,RLF,南京农业大学白马教学科研基地稻纵_1_53_诱虫量,南京农业大学白马教学科研基地稻纵,江苏省南京市溧水区,2024-01-21,7,0.0,-0.6985714285714285,69.75428571428571,2024,3,,,,,,,,
稻纵卷叶螟,RLF,南京农业大学白马教学科研基地稻纵_1_53_诱虫量,南京农业大学白马教学科研基地稻纵,江苏省南京市溧水区,2024-01-28,7,0.0,4.571428571428571,88.16142857142857,2024,4,,,,,,,,
稻纵卷叶螟,RLF,南京农业大学白马教学科研基地稻纵_1_53_诱虫量,南京农业大学白马教学科研基地稻纵,江苏省南京市溧水区,2024-02-04,7,0.0,2.8114285714285714,79.96571428571428,2024,5,,,,,,,,
稻纵卷叶螟,RLF,南京农业大学白马教学科研基地稻纵_1_53_诱虫量,南京农业大学白马教学科研基地稻纵,江苏省南京市溧水区,2024-02-11,7,0.0,9.342857142857143,75.24428571428572,2024,6,,,,,,,,
稻纵卷叶螟,RLF,南京农业大学白马教学科研基地稻纵_1_53_诱虫量,南京农业大学白马教学科研基地稻纵,江苏省南京市溧水区,2024-02-18,7,0.0,3.312857142857143,91.5942857142857,2024,7,,,,,,,,
稻纵卷叶螟,RLF,南京农业大学白马教学科研基地稻纵_1_53_诱虫量,南京农业大学白马教学科研基地稻纵,江苏省南京市溧水区,2024-02-25,7,0.0,3.7328571428571427,78.52142857142857,2024,8,,,,,,,,
稻纵卷叶螟,RLF,南京农业大学白马教学科研基地稻纵_1_53_诱虫量,南京农业大学白马教学科研基地稻纵,江苏省南京市溧水区,2024-03-03,7,0.0,8.47857142857143,74.61428571428571,2024,9,,,,,,,,
稻纵卷叶螟,RLF,南京农业大学白马教学科研基地稻纵_1_53_诱虫量,南京农业大学白马教学科研基地稻纵,江苏省南京市溧水区,2024-03-10,7,0.0,13.179999999999998,70.10714285714286,2024,10,,,,,,,,
稻纵卷叶螟,RLF,南京农业大学白马教学科研基地稻纵_1_53_诱虫量,南京农业大学白马教学科研基地稻纵,江苏省南京市溧水区,2024-03-17,7,0.0,13.464285714285714,68.95142857142856,2024,11,,,,,,,,
稻纵卷叶螟,RLF,南京农业大学白马教学科研基地稻纵_1_53_诱虫量,南京农业大学白马教学科研基地稻纵,江苏省南京市溧水区,2024-03-24,7,0.0,14.575714285714286,81.35714285714286,2024,12,,,,,,,,
稻纵卷叶螟,RLF,南京农业大学白马教学科研基地稻纵_1_53_诱虫量,南京农业大学白马教学科研基地稻纵,江苏省南京市溧水区,2024-03-31,7,0.0,16.212857142857143,77.38571428571429,2024,13,,,,,,,,
稻纵卷叶螟,RLF,南京农业大学白马教学科研基地稻纵_1_53_诱虫量,南京农业大学白马教学科研基地稻纵,江苏省南京市溧水区,2024-04-07,7,2.0,17.147142857142857,80.46000000000001,2024,14,,,,,,,,
稻纵卷叶螟,RLF,南京农业大学白马教学科研基地稻纵_1_53_诱虫量,南京农业大学白马教学科研基地稻纵,江苏省南京市溧水区,2024-04-14,7,1.0,19.09857142857143,79.97428571428573,2024,15,,,,,,,,
稻纵卷叶螟,RLF,南京农业大学白马教学科研基地稻纵_1_53_诱虫量,南京农业大学白马教学科研基地稻纵,江苏省南京市溧水区,2024-04-21,7,2.0,20.67142857142857,73.45428571428572,2024,16,,,,,,,,
稻纵卷叶螟,RLF,南京农业大学白马教学科研基地稻纵_1_53_诱虫量,南京农业大学白马教学科研基地稻纵,江苏省南京市溧水区,2024-04-28,7,10.0,17.174285714285713,82.14142857142858,2024,17,,,,,,,,
稻纵卷叶螟,RLF,南京农业大学白马教学科研基地稻纵_1_53_诱虫量,南京农业大学白马教学科研基地稻纵,江苏省南京市溧水区,2024-05-05,7,3.0,21.054285714285715,75.70571428571428,2024,18,,,,,,,,
稻纵卷叶螟,RLF,南京农业大学白马教学科研基地稻纵_1_53_诱虫量,南京农业大学白马教学科研基地稻纵,江苏省南京市溧水区,2024-05-12,7,2.0,24.82857142857143,60.86857142857143,2024,19,,,,,,,,
稻纵卷叶螟,RLF,南京农业大学白马教学科研基地稻纵_1_53_诱虫量,南京农业大学白马教学科研基地稻纵,江苏省南京市溧水区,2024-05-19,7,1.0,25.694285714285712,72.74571428571429,2024,20,,,,,,,,
稻纵卷叶螟,RLF,南京农业大学白马教学科研基地稻纵_1_53_诱虫量,南京农业大学白马教学科研基地稻纵,江苏省南京市溧水区,2024-05-26,6,1.0,22.001666666666665,77.98833333333333,2024,21,,,,,,,,
稻纵卷叶螟,RLF,南京农业大学白马教学科研基地稻纵_1_53_诱虫量,南京农业大学白马教学科研基地稻纵,江苏省南京市溧水区,2024-10-27,3,1.0,15.993333333333334,88.69666666666667,2024,43,22.3,8.6,88.29,80.43,20.0,3.16,35.15,12.25
稻纵卷叶螟,RLF,南京农业大学白马教学科研基地稻纵_1_53_诱虫量,南京农业大学白马教学科研基地稻纵,江苏省南京市溧水区,2024-11-03,7,0.0,14.624285714285715,79.98571428571428,2024,44,22.0,9.3,87.57,74.57,6.8,2.95,55.84,15.81
稻纵卷叶螟,RLF,南京农业大学白马教学科研基地稻纵_1_53_诱虫量,南京农业大学白马教学科研基地稻纵,江苏省南京市溧水区,2024-11-10,7,1.0,17.571428571428573,86.26714285714286,2024,45,,,,,,,,
稻纵卷叶螟,RLF,南京农业大学白马教学科研基地稻纵_1_53_诱虫量,南京农业大学白马教学科研基地稻纵,江苏省南京市溧水区,2024-11-17,7,0.0,10.484285714285715,80.52142857142857,2024,46,,,,,,,,
稻纵卷叶螟,RLF,南京农业大学白马教学科研基地稻纵_1_53_诱虫量,南京农业大学白马教学科研基地稻纵,江苏省南京市溧水区,2024-11-24,7,0.0,8.758571428571429,67.65142857142857,2024,47,,,,,,,,
稻纵卷叶螟,RLF,南京农业大学白马教学科研基地稻纵_1_53_诱虫量,南京农业大学白马教学科研基地稻纵,江苏省南京市溧水区,2024-12-01,7,0.0,8.654285714285715,80.91142857142857,2024,48,,,,,,,,
稻纵卷叶螟,RLF,南京农业大学白马教学科研基地稻纵_1_53_诱虫量,南京农业大学白马教学科研基地稻纵,江苏省南京市溧水区,2024-12-08,7,0.0,4.435714285714286,79.64142857142858,2024,49,,,,,,,,
稻纵卷叶螟,RLF,南京农业大学白马教学科研基地稻纵_1_53_诱虫量,南京农业大学白马教学科研基地稻纵,江苏省南京市溧水区,2024-12-15,7,0.0,2.34,72.08428571428571,2024,50,,,,,,,,
稻纵卷叶螟,RLF,南京农业大学白马教学科研基地稻纵_1_53_诱虫量,南京农业大学白马教学科研基地稻纵,江苏省南京市溧水区,2024-12-22,7,0.0,3.7114285714285713,70.31,2024,51,,,,,,,,
稻纵卷叶螟,RLF,南京农业大学白马教学科研基地稻纵_1_53_诱虫量,南京农业大学白马教学科研基地稻纵,江苏省南京市溧水区,2024-12-29,3,0.0,3.5199999999999996,64.3,2024,52,,,,,,,,
稻纵卷叶螟,RLF,固城街道前陇村_1_14_诱虫量,固城街道前陇村,江苏省南京市高淳区,2024-08-18,1,5.0,,,2024,33,36.3,24.9,84.43,67.71,34.3,2.42,75.24,33.56
稻纵卷叶螟,RLF,固城街道前陇村_1_14_诱虫量,固城街道前陇村,江苏省南京市高淳区,2024-09-08,6,80.0,32.835,73.66833333333334,2024,36,33.8,24.2,79.29,68.43,2.9,3.23,78.8,33.31
稻纵卷叶螟,RLF,固城街道前陇村_1_14_诱虫量,固城街道前陇村,江苏省南京市高淳区,2024-09-15,7,86.0,28.534285714285716,81.05,2024,37,33.8,23.6,88.14,80.14,83.0,3.4,57.66,23.89
稻纵卷叶螟,RLF,固城街道前陇村_1_14_诱虫量,固城街道前陇村,江苏省南京市高淳区,2024-09-22,7,15.0,25.40857142857143,76.69285714285715,2024,38,31.6,17.4,81.14,76.86,124.9,5.49,54.64,24.01
稻纵卷叶螟,RLF,固城街道前陇村_1_14_诱虫量,固城街道前陇村,江苏省南京市高淳区,2024-09-29,7,40.0,21.958571428571428,77.46142857142857,2024,39,29.1,15.8,86.14,76.0,15.1,2.67,66.18,23.31
稻纵卷叶螟,RLF,固城街道前陇村_1_14_诱虫量,固城街道前陇村,江苏省南京市高淳区,2024-10-06,7,13.0,19.892857142857142,80.68142857142857,2024,40,28.6,11.9,79.0,72.14,17.2,3.38,48.16,18.62
稻纵卷叶螟,RLF,固城街道前陇村_1_14_诱虫量,固城街道前陇村,江苏省南京市高淳区,2024-10-13,7,28.0,21.21857142857143,84.92714285714285,2024,41,25.2,13.1,85.0,74.71,16.7,2.16,49.5,16.94
稻纵卷叶螟,RLF,固城街道前陇村_1_14_诱虫量,固城街道前陇村,江苏省南京市高淳区,2024-10-20,7,38.0,17.961428571428574,79.76571428571428,2024,42,27.2,11.2,86.57,77.0,49.2,3.66,31.77,14.95
稻纵卷叶螟,RLF,固城街道前陇村_1_14_诱虫量,固城街道前陇村,江苏省南京市高淳区,2024-10-27,4,5.0,16.916666666666668,79.61666666666666,2024,43,22.3,8.6,88.29,80.43,20.0,3.16,35.15,12.25
稻纵卷叶螟,RLF,孔镇稻纵卷叶螟_1_31_诱虫量,孔镇稻纵卷叶螟,江苏省南京市溧水区,2023-01-01,7,0.0,,,2022,52,,,,,,,,
稻纵卷叶螟,RLF,孔镇稻纵卷叶螟_1_31_诱虫量,孔镇稻纵卷叶螟,江苏省南京市溧水区,2023-01-08,7,0.0,,,2023,1,,,,,,,,
稻纵卷叶螟,RLF,孔镇稻纵卷叶螟_1_31_诱虫量,孔镇稻纵卷叶螟,江苏省南京市溧水区,2023-01-15,6,0.0,,,2023,2,,,,,,,,
稻纵卷叶螟,RLF,孔镇稻纵卷叶螟_1_31_诱虫量,孔镇稻纵卷叶螟,江苏省南京市溧水区,2023-01-22,4,0.0,,,2023,3,,,,,,,,
稻纵卷叶螟,RLF,孔镇稻纵卷叶螟_1_31_诱虫量,孔镇稻纵卷叶螟,江苏省南京市溧水区,2023-01-29,7,0.0,,,2023,4,,,,,,,,
稻纵卷叶螟,RLF,孔镇稻纵卷叶螟_1_31_诱虫量,孔镇稻纵卷叶螟,江苏省南京市溧水区,2023-02-05,6,0.0,,,2023,5,,,,,,,,
稻纵卷叶螟,RLF,孔镇稻纵卷叶螟_1_31_诱虫量,孔镇稻纵卷叶螟,江苏省南京市溧水区,2023-02-12,7,0.0,,,2023,6,,,,,,,,
稻纵卷叶螟,RLF,孔镇稻纵卷叶螟_1_31_诱虫量,孔镇稻纵卷叶螟,江苏省南京市溧水区,2023-02-19,6,0.0,,,2023,7,,,,,,,,
稻纵卷叶螟,RLF,孔镇稻纵卷叶螟_1_31_诱虫量,孔镇稻纵卷叶螟,江苏省南京市溧水区,2023-02-26,7,0.0,,,2023,8,,,,,,,,
稻纵卷叶螟,RLF,孔镇稻纵卷叶螟_1_31_诱虫量,孔镇稻纵卷叶螟,江苏省南京市溧水区,2023-03-05,7,0.0,,,2023,9,,,,,,,,
稻纵卷叶螟,RLF,孔镇稻纵卷叶螟_1_31_诱虫量,孔镇稻纵卷叶螟,江苏省南京市溧水区,2023-03-12,7,0.0,,,2023,10,,,,,,,,
稻纵卷叶螟,RLF,孔镇稻纵卷叶螟_1_31_诱虫量,孔镇稻纵卷叶螟,江苏省南京市溧水区,2023-03-19,7,0.0,,,2023,11,,,,,,,,
稻纵卷叶螟,RLF,孔镇稻纵卷叶螟_1_31_诱虫量,孔镇稻纵卷叶螟,江苏省南京市溧水区,2023-03-26,7,0.0,,,2023,12,,,,,,,,
稻纵卷叶螟,RLF,孔镇稻纵卷叶螟_1_31_诱虫量,孔镇稻纵卷叶螟,江苏省南京市溧水区,2023-04-02,7,4.0,,,2023,13,,,,,,,,
稻纵卷叶螟,RLF,孔镇稻纵卷叶螟_1_31_诱虫量,孔镇稻纵卷叶螟,江苏省南京市溧水区,2023-04-09,7,0.0,,,2023,14,,,,,,,,
稻纵卷叶螟,RLF,孔镇稻纵卷叶螟_1_31_诱虫量,孔镇稻纵卷叶螟,江苏省南京市溧水区,2023-04-16,7,0.0,,,2023,15,,,,,,,,
稻纵卷叶螟,RLF,孔镇稻纵卷叶螟_1_31_诱虫量,孔镇稻纵卷叶螟,江苏省南京市溧水区,2023-04-23,7,0.0,,,2023,16,,,,,,,,
稻纵卷叶螟,RLF,孔镇稻纵卷叶螟_1_31_诱虫量,孔镇稻纵卷叶螟,江苏省南京市溧水区,2023-04-30,7,0.0,,,2023,17,,,,,,,,
稻纵卷叶螟,RLF,孔镇稻纵卷叶螟_1_31_诱虫量,孔镇稻纵卷叶螟,江苏省南京市溧水区,2023-05-07,7,0.0,,,2023,18,,,,,,,,
稻纵卷叶螟,RLF,孔镇稻纵卷叶螟_1_31_诱虫量,孔镇稻纵卷叶螟,江苏省南京市溧水区,2023-05-14,7,0.0,,,2023,19,,,,,,,,
稻纵卷叶螟,RLF,孔镇稻纵卷叶螟_1_31_诱虫量,孔镇稻纵卷叶螟,江苏省南京市溧水区,2023-05-21,7,0.0,,,2023,20,,,,,,,,
稻纵卷叶螟,RLF,孔镇稻纵卷叶螟_1_31_诱虫量,孔镇稻纵卷叶螟,江苏省南京市溧水区,2023-05-28,3,0.0,,,2023,21,,,,,,,,
稻纵卷叶螟,RLF,孔镇稻纵卷叶螟_1_31_诱虫量,孔镇稻纵卷叶螟,江苏省南京市溧水区,2023-10-29,5,0.0,21.44,70.98400000000001,2023,43,25.6,9.6,85.14,64.29,0.0,1.94,60.15,18.61
稻纵卷叶螟,RLF,孔镇稻纵卷叶螟_1_31_诱虫量,孔镇稻纵卷叶螟,江苏省南京市溧水区,2023-11-05,5,0.0,12.64,83.3875,2023,44,27.6,12.9,83.57,69.14,0.8,2.48,60.23,19.36
稻纵卷叶螟,RLF,孔镇稻纵卷叶螟_1_31_诱虫量,孔镇稻纵卷叶螟,江苏省南京市溧水区,2023-11-12,7,0.0,9.904285714285715,62.83142857142857,2023,45,,,,,,,,
稻纵卷叶螟,RLF,孔镇稻纵卷叶螟_1_31_诱虫量,孔镇稻纵卷叶螟,江苏省南京市溧水区,2023-11-19,7,0.0,12.317142857142857,63.73714285714285,2023,46,,,,,,,,
稻纵卷叶螟,RLF,孔镇稻纵卷叶螟_1_31_诱虫量,孔镇稻纵卷叶螟,江苏省南京市溧水区,2023-11-26,7,0.0,8.208571428571428,64.50857142857143,2023,47,,,,,,,,
稻纵卷叶螟,RLF,孔镇稻纵卷叶螟_1_31_诱虫量,孔镇稻纵卷叶螟,江苏省南京市溧水区,2023-12-03,7,0.0,11.267142857142858,62.17285714285714,2023,48,,,,,,,,
稻纵卷叶螟,RLF,孔镇稻纵卷叶螟_1_31_诱虫量,孔镇稻纵卷叶螟,江苏省南京市溧水区,2023-12-10,7,2.0,6.4799999999999995,78.25714285714285,2023,49,,,,,,,,
稻纵卷叶螟,RLF,孔镇稻纵卷叶螟_1_31_诱虫量,孔镇稻纵卷叶螟,江苏省南京市溧水区,2023-12-17,7,0.0,0.17857142857142852,66.55571428571429,2023,50,,,,,,,,
稻纵卷叶螟,RLF,孔镇稻纵卷叶螟_1_31_诱虫量,孔镇稻纵卷叶螟,江苏省南京市溧水区,2023-12-24,7,0.0,6.3500000000000005,74.16,2023,51,,,,,,,,
稻纵卷叶螟,RLF,孔镇稻纵卷叶螟_1_31_诱虫量,孔镇稻纵卷叶螟,江苏省南京市溧水区,2023-12-31,7,0.0,5.652857142857143,75.37857142857142,2023,52,,,,,,,,
稻纵卷叶螟,RLF,孔镇稻纵卷叶螟_1_31_诱虫量,孔镇稻纵卷叶螟,江苏省南京市溧水区,2024-01-07,7,0.0,6.6499999999999995,71.78571428571429,2024,1,,,,,,,,
稻纵卷叶螟,RLF,孔镇稻纵卷叶螟_1_31_诱虫量,孔镇稻纵卷叶螟,江苏省南京市溧水区,2024-01-14,7,0.0,6.05,79.79571428571428,2024,2,,,,,,,,
稻纵卷叶螟,RLF,孔镇稻纵卷叶螟_1_31_诱虫量,孔镇稻纵卷叶螟,江苏省南京市溧水区,2024-01-21,7,0.0,1.162857142857143,64.42999999999999,2024,3,,,,,,,,
稻纵卷叶螟,RLF,孔镇稻纵卷叶螟_1_31_诱虫量,孔镇稻纵卷叶螟,江苏省南京市溧水区,2024-01-28,7,0.0,5.284285714285715,85.02285714285713,2024,4,,,,,,,,
稻纵卷叶螟,RLF,孔镇稻纵卷叶螟_1_31_诱虫量,孔镇稻纵卷叶螟,江苏省南京市溧水区,2024-02-04,7,0.0,3.325714285714286,75.47,2024,5,,,,,,,,
稻纵卷叶螟,RLF,孔镇稻纵卷叶螟_1_31_诱虫量,孔镇稻纵卷叶螟,江苏省南京市溧水区,2024-02-11,7,0.0,10.51,69.93285714285715,2024,6,,,,,,,,
稻纵卷叶螟,RLF,孔镇稻纵卷叶螟_1_31_诱虫量,孔镇稻纵卷叶螟,江苏省南京市溧水区,2024-02-18,7,0.0,4.507142857142857,88.47714285714287,2024,7,,,,,,,,
稻纵卷叶螟,RLF,孔镇稻纵卷叶螟_1_31_诱虫量,孔镇稻纵卷叶螟,江苏省南京市溧水区,2024-02-25,7,0.0,4.251428571428571,75.74857142857142,2024,8,,,,,,,,
稻纵卷叶螟,RLF,孔镇稻纵卷叶螟_1_31_诱虫量,孔镇稻纵卷叶螟,江苏省南京市溧水区,2024-03-03,7,0.0,8.991428571428571,71.22428571428571,2024,9,,,,,,,,
稻纵卷叶螟,RLF,孔镇稻纵卷叶螟_1_31_诱虫量,孔镇稻纵卷叶螟,江苏省南京市溧水区,2024-03-10,7,7.0,13.34142857142857,68.53571428571429,2024,10,,,,,,,,
稻纵卷叶螟,RLF,孔镇稻纵卷叶螟_1_31_诱虫量,孔镇稻纵卷叶螟,江苏省南京市溧水区,2024-03-17,7,0.0,13.765714285714285,67.67999999999999,2024,11,,,,,,,,
稻纵卷叶螟,RLF,孔镇稻纵卷叶螟_1_31_诱虫量,孔镇稻纵卷叶螟,江苏省南京市溧水区,2024-03-24,7,0.0,15.171428571428573,77.88,2024,12,,,,,,,,
稻纵卷叶螟,RLF,孔镇稻纵卷叶螟_1_31_诱虫量,孔镇稻纵卷叶螟,江苏省南京市溧水区,2024-03-31,7,0.0,16.475714285714286,75.72714285714287,2024,13,,,,,,,,
稻纵卷叶螟,RLF,孔镇稻纵卷叶螟_1_31_诱虫量,孔镇稻纵卷叶螟,江苏省南京市溧水区,2024-04-07,7,1.0,17.677142857142858,78.48428571428572,2024,14,,,,,,,,
稻纵卷叶螟,RLF,孔镇稻纵卷叶螟_1_31_诱虫量,孔镇稻纵卷叶螟,江苏省南京市溧水区,2024-04-14,7,0.0,19.485714285714288,77.57714285714285,2024,15,,,,,,,,
稻纵卷叶螟,RLF,孔镇稻纵卷叶螟_1_31_诱虫量,孔镇稻纵卷叶螟,江苏省南京市溧水区,2024-04-21,7,1.0,20.802857142857142,71.08571428571429,2024,16,,,,,,,,
稻纵卷叶螟,RLF,孔镇稻纵卷叶螟_1_31_诱虫量,孔镇稻纵卷叶螟,江苏省南京市溧水区,2024-04-28,7,2.0,17.669999999999998,79.97142857142856,2024,17,,,,,,,,
稻纵卷叶螟,RLF,孔镇稻纵卷叶螟_1_31_诱虫量,孔镇稻纵卷叶螟,江苏省南京市溧水区,2024-05-05,7,57.0,21.327142857142857,72.7,2024,18,,,,,,,,
稻纵卷叶螟,RLF,孔镇稻纵卷叶螟_1_31_诱虫量,孔镇稻纵卷叶螟,江苏省南京市溧水区,2024-05-12,7,40.0,24.035714285714285,59.54,2024,19,,,,,,,,
稻纵卷叶螟,RLF,孔镇稻纵卷叶螟_1_31_诱虫量,孔镇稻纵卷叶螟,江苏省南京市溧水区,2024-05-19,7,56.0,26.18285714285714,67.23428571428572,2024,20,,,,,,,,
稻纵卷叶螟,RLF,孔镇稻纵卷叶螟_1_31_诱虫量,孔镇稻纵卷叶螟,江苏省南京市溧水区,2024-05-26,6,4.0,22.146666666666665,73.20833333333333,2024,21,,,,,,,,
稻纵卷叶螟,RLF,孔镇稻纵卷叶螟_1_31_诱虫量,孔镇稻纵卷叶螟,江苏省南京市溧水区,2024-10-27,3,9.0,18.03,84.75333333333333,2024,43,22.3,8.6,88.29,80.43,20.0,3.16,35.15,12.25
稻纵卷叶螟,RLF,孔镇稻纵卷叶螟_1_31_诱虫量,孔镇稻纵卷叶螟,江苏省南京市溧水区,2024-11-03,7,0.0,16.172857142857143,75.5442857142857,2024,44,22.0,9.3,87.57,74.57,6.8,2.95,55.84,15.81
稻纵卷叶螟,RLF,孔镇稻纵卷叶螟_1_31_诱虫量,孔镇稻纵卷叶螟,江苏省南京市溧水区,2024-11-10,7,0.0,18.485714285714288,82.8,2024,45,,,,,,,,
稻纵卷叶螟,RLF,孔镇稻纵卷叶螟_1_31_诱虫量,孔镇稻纵卷叶螟,江苏省南京市溧水区,2024-11-17,7,0.0,12.64,73.12285714285714,2024,46,,,,,,,,
稻纵卷叶螟,RLF,孔镇稻纵卷叶螟_1_31_诱虫量,孔镇稻纵卷叶螟,江苏省南京市溧水区,2024-11-24,7,0.0,10.225714285714286,64.80714285714285,2024,47,,,,,,,,
稻纵卷叶螟,RLF,孔镇稻纵卷叶螟_1_31_诱虫量,孔镇稻纵卷叶螟,江苏省南京市溧水区,2024-12-01,7,0.0,10.43142857142857,74.82857142857142,2024,48,,,,,,,,
稻纵卷叶螟,RLF,孔镇稻纵卷叶螟_1_31_诱虫量,孔镇稻纵卷叶螟,江苏省南京市溧水区,2024-12-08,7,0.0,6.714285714285714,73.36571428571429,2024,49,,,,,,,,
稻纵卷叶螟,RLF,孔镇稻纵卷叶螟_1_31_诱虫量,孔镇稻纵卷叶螟,江苏省南京市溧水区,2024-12-15,7,0.0,6.937142857142858,59.357142857142854,2024,50,,,,,,,,
稻纵卷叶螟,RLF,孔镇稻纵卷叶螟_1_31_诱虫量,孔镇稻纵卷叶螟,江苏省南京市溧水区,2024-12-22,7,0.0,7.012857142857143,61.277142857142856,2024,51,,,,,,,,
稻纵卷叶螟,RLF,孔镇稻纵卷叶螟_1_31_诱虫量,孔镇稻纵卷叶螟,江苏省南京市溧水区,2024-12-29,3,0.0,8.84,52.515,2024,52,,,,,,,,
稻纵卷叶螟,RLF,孔镇稻纵卷叶螟_1_8_诱虫量,孔镇稻纵卷叶螟,江苏省南京市溧水区,2023-05-28,3,0.0,,,2023,21,,,,,,,,
稻纵卷叶螟,RLF,孔镇稻纵卷叶螟_1_8_诱虫量,孔镇稻纵卷叶螟,江苏省南京市溧水区,2023-06-04,7,0.0,,,2023,22,32.3,20.1,84.14,74.14,29.6,2.38,48.59,25.72
稻纵卷叶螟,RLF,孔镇稻纵卷叶螟_1_8_诱虫量,孔镇稻纵卷叶螟,江苏省南京市溧水区,2023-06-11,7,1.0,,,2023,23,34.2,16.0,80.43,75.0,31.1,2.66,59.78,28.9
稻纵卷叶螟,RLF,孔镇稻纵卷叶螟_1_8_诱虫量,孔镇稻纵卷叶螟,江苏省南京市溧水区,2023-06-18,7,0.0,,,2023,24,32.4,19.2,80.14,65.0,8.5,2.69,57.13,31.06
稻纵卷叶螟,RLF,孔镇稻纵卷叶螟_1_8_诱虫量,孔镇稻纵卷叶螟,江苏省南京市溧水区,2023-06-25,7,1.0,,,2023,25,31.4,20.5,87.57,74.57,82.3,2.55,29.04,21.42
稻纵卷叶螟,RLF,孔镇稻纵卷叶螟_1_8_诱虫量,孔镇稻纵卷叶螟,江苏省南京市溧水区,2023-07-02,7,2.0,,,2023,26,32.8,21.5,86.29,78.86,64.0,2.94,49.98,24.98
稻纵卷叶螟,RLF,孔镇稻纵卷叶螟_1_8_诱虫量,孔镇稻纵卷叶螟,江苏省南京市溧水区,2023-07-09,7,13.0,,,2023,27,32.9,23.9,87.86,82.29,123.1,3.4,45.76,24.46
稻纵卷叶螟,RLF,孔镇稻纵卷叶螟_1_8_诱虫量,孔镇稻纵卷叶螟,江苏省南京市溧水区,2023-07-16,7,125.0,,,2023,28,34.9,24.6,84.57,77.0,27.6,3.38,49.19,28.48
稻纵卷叶螟,RLF,孔镇稻纵卷叶螟_1_8_诱虫量,孔镇稻纵卷叶螟,江苏省南京市溧水区,2023-07-23,7,200.0,,,2023,29,31.5,23.5,89.43,84.71,117.0,2.29,34.08,19.55
稻纵卷叶螟,RLF,孔镇稻纵卷叶螟_1_8_诱虫量,孔镇稻纵卷叶螟,江苏省南京市溧水区,2023-07-30,2,18.0,20.0,43.0,2023,30,33.2,25.1,86.86,80.86,44.3,3.98,65.75,29.7
稻纵卷叶螟,RLF,孔镇稻纵卷叶螟_1_8_诱虫量,孔镇稻纵卷叶螟,江苏省南京市溧水区,2023-08-06,7,20.0,31.244285714285716,72.09,2023,31,34.0,25.0,86.43,76.43,17.1,3.1,81.36,32.83
稻纵卷叶螟,RLF,孔镇稻纵卷叶螟_1_8_诱虫量,孔镇稻纵卷叶螟,江苏省南京市溧水区,2023-08-13,7,29.0,30.03833333333333,76.575,2023,32,35.1,24.0,83.71,75.14,10.3,2.08,79.69,33.11
稻纵卷叶螟,RLF,孔镇稻纵卷叶螟_1_8_诱虫量,孔镇稻纵卷叶螟,江苏省南京市溧水区,2023-08-20,7,54.0,29.95,72.84428571428572,2023,33,33.7,23.9,86.57,81.29,26.5,2.19,77.01,29.64
稻纵卷叶螟,RLF,孔镇稻纵卷叶螟_1_8_诱虫量,孔镇稻纵卷叶螟,江苏省南京市溧水区,2023-08-27,7,9.0,24.75,81.24571428571429,2023,34,32.0,22.4,82.71,72.0,27.1,2.8,70.93,31.5
稻纵卷叶螟,RLF,孔镇稻纵卷叶螟_1_8_诱虫量,孔镇稻纵卷叶螟,江苏省南京市溧水区,2023-09-03,7,15.0,28.247142857142855,74.79714285714286,2023,35,29.4,18.5,86.86,78.57,59.2,2.79,42.5,22.49
稻纵卷叶螟,RLF,孔镇稻纵卷叶螟_1_8_诱虫量,孔镇稻纵卷叶螟,江苏省南京市溧水区,2023-09-10,7,11.0,25.414285714285715,83.95,2023,36,31.0,21.7,88.0,73.71,2.5,2.83,74.88,29.19
稻纵卷叶螟,RLF,孔镇稻纵卷叶螟_1_8_诱虫量,孔镇稻纵卷叶螟,江苏省南京市溧水区,2023-09-17,7,105.0,24.618571428571425,83.23428571428572,2023,37,31.4,20.4,87.43,82.14,74.6,2.74,29.78,17.15
稻纵卷叶螟,RLF,孔镇稻纵卷叶螟_1_8_诱虫量,孔镇稻纵卷叶螟,江苏省南京市溧水区,2023-09-24,7,38.0,25.021428571428572,82.31000000000002,2023,38,32.0,18.8,88.57,77.57,41.3,2.51,30.18,16.82
稻纵卷叶螟,RLF,孔镇稻纵卷叶螟_1_8_诱虫量,孔镇稻纵卷叶螟,江苏省南京市溧水区,2023-10-01,7,0.0,20.351428571428574,76.9557142857143,2023,39,28.2,19.1,89.57,82.43,13.3,2.19,45.28,17.44
稻纵卷叶螟,RLF,孔镇稻纵卷叶螟_1_8_诱虫量,孔镇稻纵卷叶螟,江苏省南京市溧水区,2023-10-08,7,2.0,20.457142857142856,75.28285714285714,2023,40,25.5,15.7,80.86,71.71,21.7,3.55,38.52,19.59
稻纵卷叶螟,RLF,孔镇稻纵卷叶螟_1_8_诱虫量,孔镇稻纵卷叶螟,江苏省南京市溧水区,2023-10-15,7,0.0,19.245714285714286,68.61142857142856,2023,41,23.6,13.5,84.86,74.14,0.0,2.05,50.14,17.04
稻纵卷叶螟,RLF,孔镇稻纵卷叶螟_1_8_诱虫量,孔镇稻纵卷叶螟,江苏省南京市溧水区,2023-10-22,7,0.0,20.032857142857143,72.47714285714287,2023,42,26.1,9.6,84.43,62.0,4.0,2.46,71.43,22.45
稻纵卷叶螟,RLF,孔镇稻纵卷叶螟_1_8_诱虫量,孔镇稻纵卷叶螟,江苏省南京市溧水区,2023-10-29,2,0.0,20.76,69.48,2023,43,25.6,9.6,85.14,64.29,0.0,1.94,60.15,18.61
稻纵卷叶螟,RLF,孔镇稻纵卷叶螟_1_8_诱虫量,孔镇稻纵卷叶螟,江苏省南京市溧水区,2024-05-26,1,0.0,24.25,63.88,2024,21,,,,,,,,
稻纵卷叶螟,RLF,孔镇稻纵卷叶螟_1_8_诱虫量,孔镇稻纵卷叶螟,江苏省南京市溧水区,2024-06-02,7,10.0,24.45285714285714,67.71571428571428,2024,22,26.9,14.2,77.71,68.43,42.5,2.69,50.74,25.99
稻纵卷叶螟,RLF,孔镇稻纵卷叶螟_1_8_诱虫量,孔镇稻纵卷叶螟,江苏省南京市溧水区,2024-06-09,7,13.0,29.038571428571426,67.26857142857143,2024,23,30.9,17.1,76.86,61.71,5.2,2.43,62.66,30.94
稻纵卷叶螟,RLF,孔镇稻纵卷叶螟_1_8_诱虫量,孔镇稻纵卷叶螟,江苏省南京市溧水区,2024-06-16,7,0.0,27.520000000000003,77.97857142857143,2024,24,34.2,20.7,79.71,58.71,0.7,2.43,71.14,35.09
稻纵卷叶螟,RLF,孔镇稻纵卷叶螟_1_8_诱虫量,孔镇稻纵卷叶螟,江苏省南京市溧水区,2024-06-23,7,5.0,24.75,89.10857142857142,2024,25,32.3,21.3,85.0,69.86,96.1,3.32,46.58,27.17
稻纵卷叶螟,RLF,孔镇稻纵卷叶螟_1_8_诱虫量,孔镇稻纵卷叶螟,江苏省南京市溧水区,2024-06-30,7,0.0,29.68142857142857,78.47857142857143,2024,26,30.9,20.7,88.71,85.57,179.0,2.73,26.58,17.62
稻纵卷叶螟,RLF,孔镇稻纵卷叶螟_1_8_诱虫量,孔镇稻纵卷叶螟,江苏省南京市溧水区,2024-07-07,7,0.0,28.595714285714283,83.98285714285714,2024,27,34.9,22.6,81.14,78.57,41.8,4.14,62.65,32.6
稻纵卷叶螟,RLF,孔镇稻纵卷叶螟_1_8_诱虫量,孔镇稻纵卷叶螟,江苏省南京市溧水区,2024-07-14,7,2.0,31.669999999999998,75.98714285714286,2024,28,35.0,21.4,88.57,86.0,168.8,2.44,20.72,18.18
稻纵卷叶螟,RLF,孔镇稻纵卷叶螟_1_8_诱虫量,孔镇稻纵卷叶螟,江苏省南京市溧水区,2024-07-21,7,0.0,32.47428571428571,73.12714285714286,2024,29,35.2,24.3,81.86,78.57,22.4,3.39,35.37,25.73
稻纵卷叶螟,RLF,孔镇稻纵卷叶螟_1_8_诱虫量,孔镇稻纵卷叶螟,江苏省南京市溧水区,2024-07-28,7,24.0,34.691428571428574,67.41,2024,30,36.7,27.0,80.57,71.86,6.1,4.7,71.71,37.84
稻纵卷叶螟,RLF,孔镇稻纵卷叶螟_1_8_诱虫量,孔镇稻纵卷叶螟,江苏省南京市溧水区,2024-08-04,7,171.0,34.71714285714285,65.76714285714286,2024,31,37.5,27.6,76.0,71.57,9.5,2.75,86.5,40.56
稻纵卷叶螟,RLF,孔镇稻纵卷叶螟_1_8_诱虫量,孔镇稻纵卷叶螟,江苏省南京市溧水区,2024-08-11,7,360.0,31.148571428571426,75.57714285714285,2024,32,37.8,27.1,76.86,66.71,62.0,1.88,83.96,39.02
稻纵卷叶螟,RLF,孔镇稻纵卷叶螟_1_8_诱虫量,孔镇稻纵卷叶螟,江苏省南京市溧水区,2024-08-18,7,102.0,31.140000000000004,77.36714285714285,2024,33,36.3,24.9,84.43,67.71,34.3,2.42,75.24,33.56
稻纵卷叶螟,RLF,孔镇稻纵卷叶螟_1_8_诱虫量,孔镇稻纵卷叶螟,江苏省南京市溧水区,2024-08-25,7,142.0,31.64428571428571,73.8,2024,34,34.7,25.4,84.71,77.86,50.4,1.93,64.42,27.34
稻纵卷叶螟,RLF,孔镇稻纵卷叶螟_1_8_诱虫量,孔镇稻纵卷叶螟,江苏省南京市溧水区,2024-09-01,7,419.0,31.2,74.13428571428572,2024,35,35.2,24.1,83.43,71.71,6.3,2.35,74.77,30.13
稻纵卷叶螟,RLF,孔镇稻纵卷叶螟_1_8_诱虫量,孔镇稻纵卷叶螟,江苏省南京市溧水区,2024-09-08,7,415.0,30.442857142857143,78.34571428571428,2024,36,33.8,24.2,79.29,68.43,2.9,3.23,78.8,33.31
稻纵卷叶螟,RLF,孔镇稻纵卷叶螟_1_8_诱虫量,孔镇稻纵卷叶螟,江苏省南京市溧水区,2024-09-15,7,176.0,27.41142857142857,84.47857142857143,2024,37,33.8,23.6,88.14,80.14,83.0,3.4,57.66,23.89
稻纵卷叶螟,RLF,孔镇稻纵卷叶螟_1_8_诱虫量,孔镇稻纵卷叶螟,江苏省南京市溧水区,2024-09-22,7,32.0,24.118571428571425,79.56857142857143,2024,38,31.6,17.4,81.14,76.86,124.9,5.49,54.64,24.01
稻纵卷叶螟,RLF,孔镇稻纵卷叶螟_1_8_诱虫量,孔镇稻纵卷叶螟,江苏省南京市溧水区,2024-09-29,7,14.0,21.084285714285716,77.96714285714286,2024,39,29.1,15.8,86.14,76.0,15.1,2.67,66.18,23.31
稻纵卷叶螟,RLF,孔镇稻纵卷叶螟_1_8_诱虫量,孔镇稻纵卷叶螟,江苏省南京市溧水区,2024-10-06,7,27.0,19.648571428571426,81.28571428571429,2024,40,28.6,11.9,79.0,72.14,17.2,3.38,48.16,18.62
稻纵卷叶螟,RLF,孔镇稻纵卷叶螟_1_8_诱虫量,孔镇稻纵卷叶螟,江苏省南京市溧水区,2024-10-13,7,34.0,20.872857142857146,87.23857142857142,2024,41,25.2,13.1,85.0,74.71,16.7,2.16,49.5,16.94
稻纵卷叶螟,RLF,孔镇稻纵卷叶螟_1_8_诱虫量,孔镇稻纵卷叶螟,江苏省南京市溧水区,2024-10-20,7,17.0,17.62857142857143,81.77285714285713,2024,42,27.2,11.2,86.57,77.0,49.2,3.66,31.77,14.95
稻纵卷叶螟,RLF,孔镇稻纵卷叶螟_1_8_诱虫量,孔镇稻纵卷叶螟,江苏省南京市溧水区,2024-10-27,4,8.0,17.063333333333333,80.33333333333333,2024,43,22.3,8.6,88.29,80.43,20.0,3.16,35.15,12.25
稻纵卷叶螟,RLF,桠溪街道6月前粘虫后稻纵_1_38_诱虫量,桠溪街道6月前粘虫后稻纵,江苏省南京市高淳区,2023-10-29,5,0.0,20.125999999999998,77.50399999999999,2023,43,25.6,9.6,85.14,64.29,0.0,1.94,60.15,18.61
稻纵卷叶螟,RLF,桠溪街道6月前粘虫后稻纵_1_38_诱虫量,桠溪街道6月前粘虫后稻纵,江苏省南京市高淳区,2023-11-05,5,0.0,12.1125,88.5325,2023,44,27.6,12.9,83.57,69.14,0.8,2.48,60.23,19.36
稻纵卷叶螟,RLF,桠溪街道6月前粘虫后稻纵_1_38_诱虫量,桠溪街道6月前粘虫后稻纵,江苏省南京市高淳区,2023-11-12,7,0.0,8.311428571428571,70.11285714285715,2023,45,,,,,,,,
稻纵卷叶螟,RLF,桠溪街道6月前粘虫后稻纵_1_38_诱虫量,桠溪街道6月前粘虫后稻纵,江苏省南京市高淳区,2023-11-19,7,0.0,10.66,72.61,2023,46,,,,,,,,
稻纵卷叶螟,RLF,桠溪街道6月前粘虫后稻纵_1_38_诱虫量,桠溪街道6月前粘虫后稻纵,江苏省南京市高淳区,2023-11-26,7,0.0,7.021428571428571,71.70428571428572,2023,47,,,,,,,,
稻纵卷叶螟,RLF,桠溪街道6月前粘虫后稻纵_1_38_诱虫量,桠溪街道6月前粘虫后稻纵,江苏省南京市高淳区,2023-12-03,7,0.0,9.857142857142858,71.14714285714287,2023,48,,,,,,,,
稻纵卷叶螟,RLF,桠溪街道6月前粘虫后稻纵_1_38_诱虫量,桠溪街道6月前粘虫后稻纵,江苏省南京市高淳区,2023-12-10,7,0.0,5.435714285714285,85.06714285714285,2023,49,,,,,,,,
稻纵卷叶螟,RLF,桠溪街道6月前粘虫后稻纵_1_38_诱虫量,桠溪街道6月前粘虫后稻纵,江苏省南京市高淳区,2023-12-17,7,0.0,-2.198571428571429,75.77714285714286,2023,50,,,,,,,,
稻纵卷叶螟,RLF,桠溪街道6月前粘虫后稻纵_1_38_诱虫量,桠溪街道6月前粘虫后稻纵,江苏省南京市高淳区,2023-12-24,7,0.0,4.2371428571428575,82.24714285714286,2023,51,,,,,,,,
稻纵卷叶螟,RLF,桠溪街道6月前粘虫后稻纵_1_38_诱虫量,桠溪街道6月前粘虫后稻纵,江苏省南京市高淳区,2023-12-31,7,0.0,4.0600000000000005,83.53714285714285,2023,52,,,,,,,,
稻纵卷叶螟,RLF,桠溪街道6月前粘虫后稻纵_1_38_诱虫量,桠溪街道6月前粘虫后稻纵,江苏省南京市高淳区,2024-01-07,7,0.0,4.9157142857142855,79.80285714285715,2024,1,,,,,,,,
稻纵卷叶螟,RLF,桠溪街道6月前粘虫后稻纵_1_38_诱虫量,桠溪街道6月前粘虫后稻纵,江苏省南京市高淳区,2024-01-14,7,0.0,5.6899999999999995,83.78285714285714,2024,2,,,,,,,,
稻纵卷叶螟,RLF,桠溪街道6月前粘虫后稻纵_1_38_诱虫量,桠溪街道6月前粘虫后稻纵,江苏省南京市高淳区,2024-01-21,7,0.0,-0.6685714285714285,70.58571428571429,2024,3,,,,,,,,
稻纵卷叶螟,RLF,桠溪街道6月前粘虫后稻纵_1_38_诱虫量,桠溪街道6月前粘虫后稻纵,江苏省南京市高淳区,2024-01-28,7,0.0,4.881428571428572,87.09857142857143,2024,4,,,,,,,,
稻纵卷叶螟,RLF,桠溪街道6月前粘虫后稻纵_1_38_诱虫量,桠溪街道6月前粘虫后稻纵,江苏省南京市高淳区,2024-02-04,7,0.0,2.6799999999999997,79.84857142857143,2024,5,,,,,,,,
稻纵卷叶螟,RLF,桠溪街道6月前粘虫后稻纵_1_38_诱虫量,桠溪街道6月前粘虫后稻纵,江苏省南京市高淳区,2024-02-11,7,0.0,9.314285714285715,77.11857142857143,2024,6,,,,,,,,
稻纵卷叶螟,RLF,桠溪街道6月前粘虫后稻纵_1_38_诱虫量,桠溪街道6月前粘虫后稻纵,江苏省南京市高淳区,2024-02-18,7,0.0,3.741428571428571,90.80857142857143,2024,7,,,,,,,,
稻纵卷叶螟,RLF,桠溪街道6月前粘虫后稻纵_1_38_诱虫量,桠溪街道6月前粘虫后稻纵,江苏省南京市高淳区,2024-02-25,7,0.0,3.6342857142857143,80.17999999999999,2024,8,,,,,,,,
稻纵卷叶螟,RLF,桠溪街道6月前粘虫后稻纵_1_38_诱虫量,桠溪街道6月前粘虫后稻纵,江苏省南京市高淳区,2024-03-03,7,0.0,8.305714285714286,76.23857142857142,2024,9,,,,,,,,
稻纵卷叶螟,RLF,桠溪街道6月前粘虫后稻纵_1_38_诱虫量,桠溪街道6月前粘虫后稻纵,江苏省南京市高淳区,2024-03-10,7,4.0,12.924285714285714,72.97142857142858,2024,10,,,,,,,,
稻纵卷叶螟,RLF,桠溪街道6月前粘虫后稻纵_1_38_诱虫量,桠溪街道6月前粘虫后稻纵,江苏省南京市高淳区,2024-03-17,7,0.0,13.381428571428572,72.13428571428571,2024,11,,,,,,,,
稻纵卷叶螟,RLF,桠溪街道6月前粘虫后稻纵_1_38_诱虫量,桠溪街道6月前粘虫后稻纵,江苏省南京市高淳区,2024-03-24,7,0.0,14.608571428571429,81.91857142857144,2024,12,,,,,,,,
稻纵卷叶螟,RLF,桠溪街道6月前粘虫后稻纵_1_38_诱虫量,桠溪街道6月前粘虫后稻纵,江苏省南京市高淳区,2024-03-31,7,2.0,16.327142857142857,79.6842857142857,2024,13,,,,,,,,
稻纵卷叶螟,RLF,桠溪街道6月前粘虫后稻纵_1_38_诱虫量,桠溪街道6月前粘虫后稻纵,江苏省南京市高淳区,2024-04-07,7,0.0,17.125714285714285,81.52857142857142,2024,14,,,,,,,,
稻纵卷叶螟,RLF,桠溪街道6月前粘虫后稻纵_1_38_诱虫量,桠溪街道6月前粘虫后稻纵,江苏省南京市高淳区,2024-04-14,7,0.0,19.481428571428573,80.09428571428573,2024,15,,,,,,,,
稻纵卷叶螟,RLF,桠溪街道6月前粘虫后稻纵_1_38_诱虫量,桠溪街道6月前粘虫后稻纵,江苏省南京市高淳区,2024-04-21,7,1.0,20.560000000000002,74.58714285714287,2024,16,,,,,,,,
稻纵卷叶螟,RLF,桠溪街道6月前粘虫后稻纵_1_38_诱虫量,桠溪街道6月前粘虫后稻纵,江苏省南京市高淳区,2024-04-28,7,0.0,17.97714285714286,80.27714285714286,2024,17,,,,,,,,
稻纵卷叶螟,RLF,桠溪街道6月前粘虫后稻纵_1_38_诱虫量,桠溪街道6月前粘虫后稻纵,江苏省南京市高淳区,2024-05-05,7,2.0,21.47714285714286,75.39142857142858,2024,18,,,,,,,,
稻纵卷叶螟,RLF,桠溪街道6月前粘虫后稻纵_1_38_诱虫量,桠溪街道6月前粘虫后稻纵,江苏省南京市高淳区,2024-05-12,6,1.0,26.263333333333335,57.185,2024,19,,,,,,,,
稻纵卷叶螟,RLF,桠溪街道6月前粘虫后稻纵_1_38_诱虫量,桠溪街道6月前粘虫后稻纵,江苏省南京市高淳区,2024-05-19,7,1.0,26.505714285714284,69.98285714285714,2024,20,,,,,,,,
稻纵卷叶螟,RLF,桠溪街道6月前粘虫后稻纵_1_38_诱虫量,桠溪街道6月前粘虫后稻纵,江苏省南京市高淳区,2024-05-26,6,6.0,22.113333333333333,78.38333333333334,2024,21,,,,,,,,
稻纵卷叶螟,RLF,桠溪街道6月前粘虫后稻纵_1_38_诱虫量,桠溪街道6月前粘虫后稻纵,江苏省南京市高淳区,2024-10-27,3,0.0,16.073333333333334,92.09666666666665,2024,43,22.3,8.6,88.29,80.43,20.0,3.16,35.15,12.25
稻纵卷叶螟,RLF,桠溪街道6月前粘虫后稻纵_1_38_诱虫量,桠溪街道6月前粘虫后稻纵,江苏省南京市高淳区,2024-11-03,7,0.0,14.864285714285716,81.52571428571427,2024,44,22.0,9.3,87.57,74.57,6.8,2.95,55.84,15.81
稻纵卷叶螟,RLF,桠溪街道6月前粘虫后稻纵_1_38_诱虫量,桠溪街道6月前粘虫后稻纵,江苏省南京市高淳区,2024-11-10,7,0.0,17.592857142857145,88.94142857142857,2024,45,,,,,,,,
稻纵卷叶螟,RLF,桠溪街道6月前粘虫后稻纵_1_38_诱虫量,桠溪街道6月前粘虫后稻纵,江苏省南京市高淳区,2024-11-17,7,0.0,10.948571428571428,82.01142857142858,2024,46,,,,,,,,
稻纵卷叶螟,RLF,桠溪街道6月前粘虫后稻纵_1_38_诱虫量,桠溪街道6月前粘虫后稻纵,江苏省南京市高淳区,2024-11-24,7,0.0,8.014285714285714,73.0957142857143,2024,47,,,,,,,,
稻纵卷叶螟,RLF,桠溪街道6月前粘虫后稻纵_1_38_诱虫量,桠溪街道6月前粘虫后稻纵,江苏省南京市高淳区,2024-12-01,7,0.0,8.74,83.43714285714285,2024,48,,,,,,,,
稻纵卷叶螟,RLF,桠溪街道6月前粘虫后稻纵_1_38_诱虫量,桠溪街道6月前粘虫后稻纵,江苏省南京市高淳区,2024-12-08,7,0.0,4.467142857142857,83.00857142857141,2024,49,,,,,,,,
稻纵卷叶螟,RLF,桠溪街道6月前粘虫后稻纵_1_38_诱虫量,桠溪街道6月前粘虫后稻纵,江苏省南京市高淳区,2024-12-15,7,0.0,1.762857142857143,77.63,2024,50,,,,,,,,
稻纵卷叶螟,RLF,桠溪街道6月前粘虫后稻纵_1_38_诱虫量,桠溪街道6月前粘虫后稻纵,江苏省南京市高淳区,2024-12-22,7,0.0,3.8042857142857143,74.28999999999999,2024,51,,,,,,,,
稻纵卷叶螟,RLF,桠溪街道6月前粘虫后稻纵_1_38_诱虫量,桠溪街道6月前粘虫后稻纵,江苏省南京市高淳区,2024-12-29,3,0.0,2.545,73.86000000000001,2024,52,,,,,,,,
稻纵卷叶螟,RLF,桠溪街道6月前粘虫后稻纵_1_6_诱虫量,桠溪街道6月前粘虫后稻纵,江苏省南京市高淳区,2023-08-06,1,5.0,25.2,48.2,2023,31,34.0,25.0,86.43,76.43,17.1,3.1,81.36,32.83
稻纵卷叶螟,RLF,桠溪街道6月前粘虫后稻纵_1_6_诱虫量,桠溪街道6月前粘虫后稻纵,江苏省南京市高淳区,2023-08-20,2,7.0,36.224999999999994,57.165,2023,33,33.7,23.9,86.57,81.29,26.5,2.19,77.01,29.64
稻纵卷叶螟,RLF,桠溪街道6月前粘虫后稻纵_1_6_诱虫量,桠溪街道6月前粘虫后稻纵,江苏省南京市高淳区,2023-08-27,7,9.0,24.889999999999997,84.18142857142857,2023,34,32.0,22.4,82.71,72.0,27.1,2.8,70.93,31.5
稻纵卷叶螟,RLF,桠溪街道6月前粘虫后稻纵_1_6_诱虫量,桠溪街道6月前粘虫后稻纵,江苏省南京市高淳区,2023-09-03,7,6.0,27.72142857142857,80.51571428571428,2023,35,29.4,18.5,86.86,78.57,59.2,2.79,42.5,22.49
稻纵卷叶螟,RLF,桠溪街道6月前粘虫后稻纵_1_6_诱虫量,桠溪街道6月前粘虫后稻纵,江苏省南京市高淳区,2023-09-10,7,45.0,25.03142857142857,89.40285714285713,2023,36,31.0,21.7,88.0,73.71,2.5,2.83,74.88,29.19
稻纵卷叶螟,RLF,桠溪街道6月前粘虫后稻纵_1_6_诱虫量,桠溪街道6月前粘虫后稻纵,江苏省南京市高淳区,2023-09-17,6,112.0,22.745,92.60666666666667,2023,37,31.4,20.4,87.43,82.14,74.6,2.74,29.78,17.15
稻纵卷叶螟,RLF,桠溪街道6月前粘虫后稻纵_1_6_诱虫量,桠溪街道6月前粘虫后稻纵,江苏省南京市高淳区,2023-09-24,7,48.0,24.44,88.16571428571429,2023,38,32.0,18.8,88.57,77.57,41.3,2.51,30.18,16.82
稻纵卷叶螟,RLF,桠溪街道6月前粘虫后稻纵_1_6_诱虫量,桠溪街道6月前粘虫后稻纵,江苏省南京市高淳区,2023-10-01,7,16.0,19.957142857142856,81.83,2023,39,28.2,19.1,89.57,82.43,13.3,2.19,45.28,17.44
稻纵卷叶螟,RLF,桠溪街道6月前粘虫后稻纵_1_6_诱虫量,桠溪街道6月前粘虫后稻纵,江苏省南京市高淳区,2023-10-08,7,2.0,18.801428571428573,83.22857142857143,2023,40,25.5,15.7,80.86,71.71,21.7,3.55,38.52,19.59
稻纵卷叶螟,RLF,桠溪街道6月前粘虫后稻纵_1_6_诱虫量,桠溪街道6月前粘虫后稻纵,江苏省南京市高淳区,2023-10-15,7,0.0,17.69857142857143,75.58142857142857,2023,41,23.6,13.5,84.86,74.14,0.0,2.05,50.14,17.04
稻纵卷叶螟,RLF,桠溪街道6月前粘虫后稻纵_1_6_诱虫量,桠溪街道6月前粘虫后稻纵,江苏省南京市高淳区,2023-10-22,7,0.0,18.71857142857143,78.73428571428572,2023,42,26.1,9.6,84.43,62.0,4.0,2.46,71.43,22.45
稻纵卷叶螟,RLF,桠溪街道6月前粘虫后稻纵_1_6_诱虫量,桠溪街道6月前粘虫后稻纵,江苏省南京市高淳区,2023-10-29,2,0.0,18.53,78.7,2023,43,25.6,9.6,85.14,64.29,0.0,1.94,60.15,18.61
稻纵卷叶螟,RLF,桠溪街道6月前粘虫后稻纵_1_6_诱虫量,桠溪街道6月前粘虫后稻纵,江苏省南京市高淳区,2024-05-26,1,1.0,24.18,68.41,2024,21,,,,,,,,
稻纵卷叶螟,RLF,桠溪街道6月前粘虫后稻纵_1_6_诱虫量,桠溪街道6月前粘虫后稻纵,江苏省南京市高淳区,2024-06-02,7,2.0,24.5,71.99571428571429,2024,22,26.9,14.2,77.71,68.43,42.5,2.69,50.74,25.99
稻纵卷叶螟,RLF,桠溪街道6月前粘虫后稻纵_1_6_诱虫量,桠溪街道6月前粘虫后稻纵,江苏省南京市高淳区,2024-06-09,7,1.0,28.79,72.67,2024,23,30.9,17.1,76.86,61.71,5.2,2.43,62.66,30.94
稻纵卷叶螟,RLF,桠溪街道6月前粘虫后稻纵_1_6_诱虫量,桠溪街道6月前粘虫后稻纵,江苏省南京市高淳区,2024-06-16,6,3.0,27.296666666666667,83.51833333333333,2024,24,34.2,20.7,79.71,58.71,0.7,2.43,71.14,35.09
稻纵卷叶螟,RLF,桠溪街道6月前粘虫后稻纵_1_6_诱虫量,桠溪街道6月前粘虫后稻纵,江苏省南京市高淳区,2024-06-23,7,2.0,24.424285714285713,93.02428571428571,2024,25,32.3,21.3,85.0,69.86,96.1,3.32,46.58,27.17
稻纵卷叶螟,RLF,桠溪街道6月前粘虫后稻纵_1_6_诱虫量,桠溪街道6月前粘虫后稻纵,江苏省南京市高淳区,2024-06-30,7,2.0,30.41,81.47571428571429,2024,26,30.9,20.7,88.71,85.57,179.0,2.73,26.58,17.62
稻纵卷叶螟,RLF,桠溪街道6月前粘虫后稻纵_1_6_诱虫量,桠溪街道6月前粘虫后稻纵,江苏省南京市高淳区,2024-07-07,6,2.0,27.87833333333333,90.08,2024,27,34.9,22.6,81.14,78.57,41.8,4.14,62.65,32.6
稻纵卷叶螟,RLF,桠溪街道6月前粘虫后稻纵_1_6_诱虫量,桠溪街道6月前粘虫后稻纵,江苏省南京市高淳区,2024-07-14,7,0.0,32.167142857142856,79.22571428571428,2024,28,35.0,21.4,88.57,86.0,168.8,2.44,20.72,18.18
稻纵卷叶螟,RLF,桠溪街道6月前粘虫后稻纵_1_6_诱虫量,桠溪街道6月前粘虫后稻纵,江苏省南京市高淳区,2024-07-21,7,2.0,33.41571428571429,74.46285714285715,2024,29,35.2,24.3,81.86,78.57,22.4,3.39,35.37,25.73
稻纵卷叶螟,RLF,桠溪街道6月前粘虫后稻纵_1_6_诱虫量,桠溪街道6月前粘虫后稻纵,江苏省南京市高淳区,2024-07-28,7,18.0,35.93857142857143,68.49714285714286,2024,30,36.7,27.0,80.57,71.86,6.1,4.7,71.71,37.84
稻纵卷叶螟,RLF,桠溪街道6月前粘虫后稻纵_1_6_诱虫量,桠溪街道6月前粘虫后稻纵,江苏省南京市高淳区,2024-08-04,7,40.0,35.29857142857143,67.77428571428571,2024,31,37.5,27.6,76.0,71.57,9.5,2.75,86.5,40.56
稻纵卷叶螟,RLF,桠溪街道6月前粘虫后稻纵_1_6_诱虫量,桠溪街道6月前粘虫后稻纵,江苏省南京市高淳区,2024-08-11,7,95.0,31.335714285714285,77.69857142857143,2024,32,37.8,27.1,76.86,66.71,62.0,1.88,83.96,39.02
稻纵卷叶螟,RLF,桠溪街道6月前粘虫后稻纵_1_6_诱虫量,桠溪街道6月前粘虫后稻纵,江苏省南京市高淳区,2024-08-18,7,131.0,30.93142857142857,81.92857142857143,2024,33,36.3,24.9,84.43,67.71,34.3,2.42,75.24,33.56
稻纵卷叶螟,RLF,桠溪街道6月前粘虫后稻纵_1_6_诱虫量,桠溪街道6月前粘虫后稻纵,江苏省南京市高淳区,2024-08-25,7,143.0,31.302857142857142,78.61857142857143,2024,34,34.7,25.4,84.71,77.86,50.4,1.93,64.42,27.34
稻纵卷叶螟,RLF,桠溪街道6月前粘虫后稻纵_1_6_诱虫量,桠溪街道6月前粘虫后稻纵,江苏省南京市高淳区,2024-09-01,7,225.0,30.72,78.99428571428572,2024,35,35.2,24.1,83.43,71.71,6.3,2.35,74.77,30.13
稻纵卷叶螟,RLF,桠溪街道6月前粘虫后稻纵_1_6_诱虫量,桠溪街道6月前粘虫后稻纵,江苏省南京市高淳区,2024-09-08,7,329.0,29.981428571428573,82.43857142857142,2024,36,33.8,24.2,79.29,68.43,2.9,3.23,78.8,33.31
稻纵卷叶螟,RLF,桠溪街道6月前粘虫后稻纵_1_6_诱虫量,桠溪街道6月前粘虫后稻纵,江苏省南京市高淳区,2024-09-15,7,178.0,27.125714285714285,87.60857142857142,2024,37,33.8,23.6,88.14,80.14,83.0,3.4,57.66,23.89
稻纵卷叶螟,RLF,桠溪街道6月前粘虫后稻纵_1_6_诱虫量,桠溪街道6月前粘虫后稻纵,江苏省南京市高淳区,2024-09-22,7,48.0,23.110000000000003,84.32142857142857,2024,38,31.6,17.4,81.14,76.86,124.9,5.49,54.64,24.01
稻纵卷叶螟,RLF,桠溪街道6月前粘虫后稻纵_1_6_诱虫量,桠溪街道6月前粘虫后稻纵,江苏省南京市高淳区,2024-09-29,7,57.0,20.197142857142858,82.76857142857143,2024,39,29.1,15.8,86.14,76.0,15.1,2.67,66.18,23.31
稻纵卷叶螟,RLF,桠溪街道6月前粘虫后稻纵_1_6_诱虫量,桠溪街道6月前粘虫后稻纵,江苏省南京市高淳区,2024-10-06,7,19.0,18.25,86.67857142857143,2024,40,28.6,11.9,79.0,72.14,17.2,3.38,48.16,18.62
稻纵卷叶螟,RLF,桠溪街道6月前粘虫后稻纵_1_6_诱虫量,桠溪街道6月前粘虫后稻纵,江苏省南京市高淳区,2024-10-13,7,172.0,20.28142857142857,90.99,2024,41,25.2,13.1,85.0,74.71,16.7,2.16,49.5,16.94
稻纵卷叶螟,RLF,桠溪街道6月前粘虫后稻纵_1_6_诱虫量,桠溪街道6月前粘虫后稻纵,江苏省南京市高淳区,2024-10-20,7,2.0,16.282857142857143,88.31285714285715,2024,42,27.2,11.2,86.57,77.0,49.2,3.66,31.77,14.95
稻纵卷叶螟,RLF,桠溪街道6月前粘虫后稻纵_1_6_诱虫量,桠溪街道6月前粘虫后稻纵,江苏省南京市高淳区,2024-10-27,4,3.0,15.146666666666667,88.74333333333334,2024,43,22.3,8.6,88.29,80.43,20.0,3.16,35.15,12.25
稻纵卷叶螟,RLF,桠溪街道顾陇村_1_4_诱虫量,桠溪街道顾陇村,江苏省南京市高淳区,2024-08-25,1,5.0,,,2024,34,34.7,25.4,84.71,77.86,50.4,1.93,64.42,27.34
稻纵卷叶螟,RLF,桠溪街道顾陇村_1_4_诱虫量,桠溪街道顾陇村,江苏省南京市高淳区,2024-09-08,6,75.0,31.923333333333332,74.83,2024,36,33.8,24.2,79.29,68.43,2.9,3.23,78.8,33.31
稻纵卷叶螟,RLF,桠溪街道顾陇村_1_4_诱虫量,桠溪街道顾陇村,江苏省南京市高淳区,2024-09-15,7,47.0,27.907142857142855,82.99428571428572,2024,37,33.8,23.6,88.14,80.14,83.0,3.4,57.66,23.89
稻纵卷叶螟,RLF,桠溪街道顾陇村_1_4_诱虫量,桠溪街道顾陇村,江苏省南京市高淳区,2024-09-22,7,17.0,24.485714285714288,78.93571428571428,2024,38,31.6,17.4,81.14,76.86,124.9,5.49,54.64,24.01
稻纵卷叶螟,RLF,桠溪街道顾陇村_1_4_诱虫量,桠溪街道顾陇村,江苏省南京市高淳区,2024-09-29,7,20.0,21.072857142857142,78.91285714285713,2024,39,29.1,15.8,86.14,76.0,15.1,2.67,66.18,23.31
稻纵卷叶螟,RLF,桠溪街道顾陇村_1_4_诱虫量,桠溪街道顾陇村,江苏省南京市高淳区,2024-10-06,7,40.0,19.2,82.85714285714286,2024,40,28.6,11.9,79.0,72.14,17.2,3.38,48.16,18.62
稻纵卷叶螟,RLF,桠溪街道顾陇村_1_4_诱虫量,桠溪街道顾陇村,江苏省南京市高淳区,2024-10-13,7,50.0,21.099999999999998,86.4057142857143,2024,41,25.2,13.1,85.0,74.71,16.7,2.16,49.5,16.94
稻纵卷叶螟,RLF,桠溪街道顾陇村_1_4_诱虫量,桠溪街道顾陇村,江苏省南京市高淳区,2024-10-20,7,1.0,17.175714285714285,83.66714285714285,2024,42,27.2,11.2,86.57,77.0,49.2,3.66,31.77,14.95
稻纵卷叶螟,RLF,桠溪街道顾陇村_1_4_诱虫量,桠溪街道顾陇村,江苏省南京市高淳区,2024-10-27,4,2.0,16.136666666666667,84.03666666666666,2024,43,22.3,8.6,88.29,80.43,20.0,3.16,35.15,12.25
稻纵卷叶螟,RLF,桥林街道马骡圩村_1_40_诱虫量,桥林街道马骡圩村,江苏省南京市浦口区,2023-04-09,6,6.0,19.99833333333333,58.61166666666667,2023,14,,,,,,,,
稻纵卷叶螟,RLF,桥林街道马骡圩村_1_40_诱虫量,桥林街道马骡圩村,江苏省南京市浦口区,2023-04-16,7,0.0,20.82,65.86571428571429,2023,15,,,,,,,,
稻纵卷叶螟,RLF,桥林街道马骡圩村_1_40_诱虫量,桥林街道马骡圩村,江苏省南京市浦口区,2023-04-23,7,0.0,16.55,69.62428571428572,2023,16,,,,,,,,
稻纵卷叶螟,RLF,桥林街道马骡圩村_1_40_诱虫量,桥林街道马骡圩村,江苏省南京市浦口区,2023-04-30,7,1.0,21.118571428571432,74.80571428571429,2023,17,,,,,,,,
稻纵卷叶螟,RLF,桥林街道马骡圩村_1_40_诱虫量,桥林街道马骡圩村,江苏省南京市浦口区,2023-05-07,7,1.0,19.541428571428572,63.74142857142857,2023,18,,,,,,,,
稻纵卷叶螟,RLF,桥林街道马骡圩村_1_40_诱虫量,桥林街道马骡圩村,江苏省南京市浦口区,2023-05-14,7,65.0,23.854285714285712,70.47714285714287,2023,19,,,,,,,,
稻纵卷叶螟,RLF,桥林街道马骡圩村_1_40_诱虫量,桥林街道马骡圩村,江苏省南京市浦口区,2023-05-21,7,86.0,21.842857142857145,73.89714285714285,2023,20,,,,,,,,
稻纵卷叶螟,RLF,桥林街道马骡圩村_1_40_诱虫量,桥林街道马骡圩村,江苏省南京市浦口区,2023-05-28,4,97.0,25.3425,82.7775,2023,21,,,,,,,,
稻纵卷叶螟,RLF,桥林街道马骡圩村_1_40_诱虫量,桥林街道马骡圩村,江苏省南京市浦口区,2023-10-29,5,0.0,20.262,76.22,2023,43,25.6,9.6,85.14,64.29,0.0,1.94,60.15,18.61
稻纵卷叶螟,RLF,桥林街道马骡圩村_1_40_诱虫量,桥林街道马骡圩村,江苏省南京市浦口区,2023-11-05,5,0.0,11.5,87.73,2023,44,27.6,12.9,83.57,69.14,0.8,2.48,60.23,19.36
稻纵卷叶螟,RLF,桥林街道马骡圩村_1_40_诱虫量,桥林街道马骡圩村,江苏省南京市浦口区,2023-11-12,7,0.0,8.674285714285714,64.14857142857143,2023,45,,,,,,,,
稻纵卷叶螟,RLF,桥林街道马骡圩村_1_40_诱虫量,桥林街道马骡圩村,江苏省南京市浦口区,2023-11-19,7,0.0,11.16,66.88142857142857,2023,46,,,,,,,,
稻纵卷叶螟,RLF,桥林街道马骡圩村_1_40_诱虫量,桥林街道马骡圩村,江苏省南京市浦口区,2023-11-26,7,0.0,7.225714285714287,66.33857142857143,2023,47,,,,,,,,
稻纵卷叶螟,RLF,桥林街道马骡圩村_1_40_诱虫量,桥林街道马骡圩村,江苏省南京市浦口区,2023-12-03,7,0.0,10.98,65.13,2023,48,,,,,,,,
稻纵卷叶螟,RLF,桥林街道马骡圩村_1_40_诱虫量,桥林街道马骡圩村,江苏省南京市浦口区,2023-12-10,7,0.0,4.381428571428572,85.05571428571429,2023,49,,,,,,,,
稻纵卷叶螟,RLF,桥林街道马骡圩村_1_40_诱虫量,桥林街道马骡圩村,江苏省南京市浦口区,2023-12-17,7,0.0,-1.5999999999999999,70.24857142857142,2023,50,,,,,,,,
稻纵卷叶螟,RLF,桥林街道马骡圩村_1_40_诱虫量,桥林街道马骡圩村,江苏省南京市浦口区,2023-12-24,7,0.0,4.6657142857142855,79.62571428571428,2023,51,,,,,,,,
稻纵卷叶螟,RLF,桥林街道马骡圩村_1_40_诱虫量,桥林街道马骡圩村,江苏省南京市浦口区,2023-12-31,7,0.0,3.8885714285714283,83.52714285714286,2023,52,,,,,,,,
稻纵卷叶螟,RLF,桥林街道马骡圩村_1_40_诱虫量,桥林街道马骡圩村,江苏省南京市浦口区,2024-01-07,7,0.0,5.292857142857143,75.35428571428572,2024,1,,,,,,,,
稻纵卷叶螟,RLF,桥林街道马骡圩村_1_40_诱虫量,桥林街道马骡圩村,江苏省南京市浦口区,2024-01-14,7,0.0,4.885714285714286,84.19428571428571,2024,2,,,,,,,,
稻纵卷叶螟,RLF,桥林街道马骡圩村_1_40_诱虫量,桥林街道马骡圩村,江苏省南京市浦口区,2024-01-21,7,0.0,-0.1242857142857143,66.35857142857142,2024,3,,,,,,,,
稻纵卷叶螟,RLF,桥林街道马骡圩村_1_40_诱虫量,桥林街道马骡圩村,江苏省南京市浦口区,2024-01-28,7,0.0,4.275714285714286,85.97428571428573,2024,4,,,,,,,,
稻纵卷叶螟,RLF,桥林街道马骡圩村_1_40_诱虫量,桥林街道马骡圩村,江苏省南京市浦口区,2024-02-04,7,0.0,2.9585714285714286,79.62285714285714,2024,5,,,,,,,,
稻纵卷叶螟,RLF,桥林街道马骡圩村_1_40_诱虫量,桥林街道马骡圩村,江苏省南京市浦口区,2024-02-11,7,0.0,9.60142857142857,72.24,2024,6,,,,,,,,
稻纵卷叶螟,RLF,桥林街道马骡圩村_1_40_诱虫量,桥林街道马骡圩村,江苏省南京市浦口区,2024-02-18,7,0.0,2.902857142857143,89.52857142857144,2024,7,,,,,,,,
稻纵卷叶螟,RLF,桥林街道马骡圩村_1_40_诱虫量,桥林街道马骡圩村,江苏省南京市浦口区,2024-02-25,7,0.0,4.448571428571428,74.21000000000001,2024,8,,,,,,,,
稻纵卷叶螟,RLF,桥林街道马骡圩村_1_40_诱虫量,桥林街道马骡圩村,江苏省南京市浦口区,2024-03-03,7,0.0,8.821428571428571,72.22,2024,9,,,,,,,,
稻纵卷叶螟,RLF,桥林街道马骡圩村_1_40_诱虫量,桥林街道马骡圩村,江苏省南京市浦口区,2024-03-10,7,3.0,13.538571428571428,66.23428571428572,2024,10,,,,,,,,
稻纵卷叶螟,RLF,桥林街道马骡圩村_1_40_诱虫量,桥林街道马骡圩村,江苏省南京市浦口区,2024-03-17,7,0.0,13.615714285714287,66.49,2024,11,,,,,,,,
稻纵卷叶螟,RLF,桥林街道马骡圩村_1_40_诱虫量,桥林街道马骡圩村,江苏省南京市浦口区,2024-03-24,7,1.0,15.057142857142859,81.22285714285715,2024,12,,,,,,,,
稻纵卷叶螟,RLF,桥林街道马骡圩村_1_40_诱虫量,桥林街道马骡圩村,江苏省南京市浦口区,2024-03-31,7,2.0,16.98,72.77142857142857,2024,13,,,,,,,,
稻纵卷叶螟,RLF,桥林街道马骡圩村_1_40_诱虫量,桥林街道马骡圩村,江苏省南京市浦口区,2024-04-07,7,3.0,18.162857142857142,77.32428571428571,2024,14,,,,,,,,
稻纵卷叶螟,RLF,桥林街道马骡圩村_1_40_诱虫量,桥林街道马骡圩村,江苏省南京市浦口区,2024-04-14,7,2.0,19.59857142857143,78.22857142857143,2024,15,,,,,,,,
稻纵卷叶螟,RLF,桥林街道马骡圩村_1_40_诱虫量,桥林街道马骡圩村,江苏省南京市浦口区,2024-04-21,7,3.0,22.094285714285714,67.99714285714286,2024,16,,,,,,,,
稻纵卷叶螟,RLF,桥林街道马骡圩村_1_40_诱虫量,桥林街道马骡圩村,江苏省南京市浦口区,2024-04-28,7,1.0,17.994285714285716,76.76571428571428,2024,17,,,,,,,,
稻纵卷叶螟,RLF,桥林街道马骡圩村_1_40_诱虫量,桥林街道马骡圩村,江苏省南京市浦口区,2024-05-05,7,13.0,21.32428571428571,73.91857142857144,2024,18,,,,,,,,
稻纵卷叶螟,RLF,桥林街道马骡圩村_1_40_诱虫量,桥林街道马骡圩村,江苏省南京市浦口区,2024-05-12,7,17.0,25.542857142857144,56.574285714285715,2024,19,,,,,,,,
稻纵卷叶螟,RLF,桥林街道马骡圩村_1_40_诱虫量,桥林街道马骡圩村,江苏省南京市浦口区,2024-05-19,7,18.0,26.88,66.03714285714285,2024,20,,,,,,,,
稻纵卷叶螟,RLF,桥林街道马骡圩村_1_40_诱虫量,桥林街道马骡圩村,江苏省南京市浦口区,2024-05-26,6,9.0,22.278333333333336,74.93333333333334,2024,21,,,,,,,,
稻纵卷叶螟,RLF,桥林街道马骡圩村_1_40_诱虫量,桥林街道马骡圩村,江苏省南京市浦口区,2024-10-27,3,0.0,17.013333333333332,82.28,2024,43,22.3,8.6,88.29,80.43,20.0,3.16,35.15,12.25
稻纵卷叶螟,RLF,桥林街道马骡圩村_1_40_诱虫量,桥林街道马骡圩村,江苏省南京市浦口区,2024-11-03,7,0.0,14.778571428571428,75.85285714285715,2024,44,22.0,9.3,87.57,74.57,6.8,2.95,55.84,15.81
稻纵卷叶螟,RLF,桥林街道马骡圩村_1_40_诱虫量,桥林街道马骡圩村,江苏省南京市浦口区,2024-11-10,7,0.0,18.024285714285714,81.68571428571428,2024,45,,,,,,,,
稻纵卷叶螟,RLF,桥林街道马骡圩村_1_40_诱虫量,桥林街道马骡圩村,江苏省南京市浦口区,2024-11-17,7,0.0,10.831428571428571,76.58285714285715,2024,46,,,,,,,,
稻纵卷叶螟,RLF,桥林街道马骡圩村_1_40_诱虫量,桥林街道马骡圩村,江苏省南京市浦口区,2024-11-24,7,0.0,7.777142857142857,69.29571428571428,2024,47,,,,,,,,
稻纵卷叶螟,RLF,桥林街道马骡圩村_1_40_诱虫量,桥林街道马骡圩村,江苏省南京市浦口区,2024-12-01,7,0.0,8.879999999999999,76.11285714285714,2024,48,,,,,,,,
稻纵卷叶螟,RLF,桥林街道马骡圩村_1_40_诱虫量,桥林街道马骡圩村,江苏省南京市浦口区,2024-12-08,7,0.0,4.474285714285714,74.49000000000001,2024,49,,,,,,,,
稻纵卷叶螟,RLF,桥林街道马骡圩村_1_40_诱虫量,桥林街道马骡圩村,江苏省南京市浦口区,2024-12-15,7,0.0,2.755714285714286,63.800000000000004,2024,50,,,,,,,,
稻纵卷叶螟,RLF,桥林街道马骡圩村_1_40_诱虫量,桥林街道马骡圩村,江苏省南京市浦口区,2024-12-22,7,0.0,3.801428571428571,64.52428571428571,2024,51,,,,,,,,
稻纵卷叶螟,RLF,桥林街道马骡圩村_1_40_诱虫量,桥林街道马骡圩村,江苏省南京市浦口区,2024-12-29,3,0.0,3.965,57.519999999999996,2024,52,,,,,,,,
稻纵卷叶螟,RLF,桥林街道马骡圩村_1_7_诱虫量,桥林街道马骡圩村,江苏省南京市浦口区,2023-05-28,3,78.0,27.713333333333335,55.126666666666665,2023,21,,,,,,,,
稻纵卷叶螟,RLF,桥林街道马骡圩村_1_7_诱虫量,桥林街道马骡圩村,江苏省南京市浦口区,2023-06-04,7,65.0,25.192857142857143,75.53714285714285,2023,22,32.3,20.1,84.14,74.14,29.6,2.38,48.59,25.72
稻纵卷叶螟,RLF,桥林街道马骡圩村_1_7_诱虫量,桥林街道马骡圩村,江苏省南京市浦口区,2023-06-11,7,32.0,26.90142857142857,69.43142857142857,2023,23,34.2,16.0,80.43,75.0,31.1,2.66,59.78,28.9
稻纵卷叶螟,RLF,桥林街道马骡圩村_1_7_诱虫量,桥林街道马骡圩村,江苏省南京市浦口区,2023-06-18,7,9.0,26.138571428571428,82.95714285714287,2023,24,32.4,19.2,80.14,65.0,8.5,2.69,57.13,31.06
稻纵卷叶螟,RLF,桥林街道马骡圩村_1_7_诱虫量,桥林街道马骡圩村,江苏省南京市浦口区,2023-06-25,7,4.0,28.764285714285712,79.71571428571428,2023,25,31.4,20.5,87.57,74.57,82.3,2.55,29.04,21.42
稻纵卷叶螟,RLF,桥林街道马骡圩村_1_7_诱虫量,桥林街道马骡圩村,江苏省南京市浦口区,2023-07-02,7,9.0,29.697142857142858,81.85428571428572,2023,26,32.8,21.5,86.29,78.86,64.0,2.94,49.98,24.98
稻纵卷叶螟,RLF,桥林街道马骡圩村_1_7_诱虫量,桥林街道马骡圩村,江苏省南京市浦口区,2023-07-09,7,33.0,30.548571428571428,78.50142857142858,2023,27,32.9,23.9,87.86,82.29,123.1,3.4,45.76,24.46
稻纵卷叶螟,RLF,桥林街道马骡圩村_1_7_诱虫量,桥林街道马骡圩村,江苏省南京市浦口区,2023-07-16,7,40.0,27.934285714285714,87.0442857142857,2023,28,34.9,24.6,84.57,77.0,27.6,3.38,49.19,28.48
稻纵卷叶螟,RLF,桥林街道马骡圩村_1_7_诱虫量,桥林街道马骡圩村,江苏省南京市浦口区,2023-07-23,7,127.0,29.821428571428573,80.92428571428572,2023,29,31.5,23.5,89.43,84.71,117.0,2.29,34.08,19.55
稻纵卷叶螟,RLF,桥林街道马骡圩村_1_7_诱虫量,桥林街道马骡圩村,江苏省南京市浦口区,2023-07-30,7,68.0,31.76142857142857,76.13,2023,30,33.2,25.1,86.86,80.86,44.3,3.98,65.75,29.7
稻纵卷叶螟,RLF,桥林街道马骡圩村_1_7_诱虫量,桥林街道马骡圩村,江苏省南京市浦口区,2023-08-06,7,516.0,31.142857142857142,75.06285714285715,2023,31,34.0,25.0,86.43,76.43,17.1,3.1,81.36,32.83
稻纵卷叶螟,RLF,桥林街道马骡圩村_1_7_诱虫量,桥林街道马骡圩村,江苏省南京市浦口区,2023-08-13,7,756.0,31.88,72.97571428571429,2023,32,35.1,24.0,83.71,75.14,10.3,2.08,79.69,33.11
稻纵卷叶螟,RLF,桥林街道马骡圩村_1_7_诱虫量,桥林街道马骡圩村,江苏省南京市浦口区,2023-08-20,7,3.0,29.874285714285715,73.79571428571428,2023,33,33.7,23.9,86.57,81.29,26.5,2.19,77.01,29.64
稻纵卷叶螟,RLF,桥林街道马骡圩村_1_7_诱虫量,桥林街道马骡圩村,江苏省南京市浦口区,2023-08-27,7,14.0,25.669999999999998,80.13714285714286,2023,34,32.0,22.4,82.71,72.0,27.1,2.8,70.93,31.5
稻纵卷叶螟,RLF,桥林街道马骡圩村_1_7_诱虫量,桥林街道马骡圩村,江苏省南京市浦口区,2023-09-03,7,4.0,28.215714285714284,76.49714285714286,2023,35,29.4,18.5,86.86,78.57,59.2,2.79,42.5,22.49
稻纵卷叶螟,RLF,桥林街道马骡圩村_1_7_诱虫量,桥林街道马骡圩村,江苏省南京市浦口区,2023-09-10,7,330.0,24.58142857142857,87.78285714285714,2023,36,31.0,21.7,88.0,73.71,2.5,2.83,74.88,29.19
稻纵卷叶螟,RLF,桥林街道马骡圩村_1_7_诱虫量,桥林街道马骡圩村,江苏省南京市浦口区,2023-09-17,7,175.0,24.28142857142857,84.95285714285716,2023,37,31.4,20.4,87.43,82.14,74.6,2.74,29.78,17.15
稻纵卷叶螟,RLF,桥林街道马骡圩村_1_7_诱虫量,桥林街道马骡圩村,江苏省南京市浦口区,2023-09-24,7,26.0,23.774285714285718,86.87571428571428,2023,38,32.0,18.8,88.57,77.57,41.3,2.51,30.18,16.82
稻纵卷叶螟,RLF,桥林街道马骡圩村_1_7_诱虫量,桥林街道马骡圩村,江苏省南京市浦口区,2023-10-01,7,0.0,19.981428571428573,79.61,2023,39,28.2,19.1,89.57,82.43,13.3,2.19,45.28,17.44
稻纵卷叶螟,RLF,桥林街道马骡圩村_1_7_诱虫量,桥林街道马骡圩村,江苏省南京市浦口区,2023-10-08,7,0.0,19.00714285714286,79.84285714285714,2023,40,25.5,15.7,80.86,71.71,21.7,3.55,38.52,19.59
稻纵卷叶螟,RLF,桥林街道马骡圩村_1_7_诱虫量,桥林街道马骡圩村,江苏省南京市浦口区,2023-10-15,7,0.0,18.3,72.3,2023,41,23.6,13.5,84.86,74.14,0.0,2.05,50.14,17.04
稻纵卷叶螟,RLF,桥林街道马骡圩村_1_7_诱虫量,桥林街道马骡圩村,江苏省南京市浦口区,2023-10-22,7,0.0,18.205714285714286,77.65142857142857,2023,42,26.1,9.6,84.43,62.0,4.0,2.46,71.43,22.45
稻纵卷叶螟,RLF,桥林街道马骡圩村_1_7_诱虫量,桥林街道马骡圩村,江苏省南京市浦口区,2023-10-29,2,0.0,18.24,77.16,2023,43,25.6,9.6,85.14,64.29,0.0,1.94,60.15,18.61
稻纵卷叶螟,RLF,桥林街道马骡圩村_1_7_诱虫量,桥林街道马骡圩村,江苏省南京市浦口区,2024-05-26,1,1.0,24.5,54.87,2024,21,,,,,,,,
稻纵卷叶螟,RLF,桥林街道马骡圩村_1_7_诱虫量,桥林街道马骡圩村,江苏省南京市浦口区,2024-06-02,7,1.0,25.212857142857143,65.79142857142857,2024,22,26.9,14.2,77.71,68.43,42.5,2.69,50.74,25.99
稻纵卷叶螟,RLF,桥林街道马骡圩村_1_7_诱虫量,桥林街道马骡圩村,江苏省南京市浦口区,2024-06-09,7,7.0,29.740000000000002,65.32857142857144,2024,23,30.9,17.1,76.86,61.71,5.2,2.43,62.66,30.94
稻纵卷叶螟,RLF,桥林街道马骡圩村_1_7_诱虫量,桥林街道马骡圩村,江苏省南京市浦口区,2024-06-16,7,0.0,27.787142857142857,76.09857142857143,2024,24,34.2,20.7,79.71,58.71,0.7,2.43,71.14,35.09
稻纵卷叶螟,RLF,桥林街道马骡圩村_1_7_诱虫量,桥林街道马骡圩村,江苏省南京市浦口区,2024-06-23,7,5.0,25.538571428571426,86.08714285714287,2024,25,32.3,21.3,85.0,69.86,96.1,3.32,46.58,27.17
稻纵卷叶螟,RLF,桥林街道马骡圩村_1_7_诱虫量,桥林街道马骡圩村,江苏省南京市浦口区,2024-06-30,7,2.0,29.872857142857146,78.60428571428572,2024,26,30.9,20.7,88.71,85.57,179.0,2.73,26.58,17.62
稻纵卷叶螟,RLF,桥林街道马骡圩村_1_7_诱虫量,桥林街道马骡圩村,江苏省南京市浦口区,2024-07-07,7,2.0,28.255714285714284,83.63571428571429,2024,27,34.9,22.6,81.14,78.57,41.8,4.14,62.65,32.6
稻纵卷叶螟,RLF,桥林街道马骡圩村_1_7_诱虫量,桥林街道马骡圩村,江苏省南京市浦口区,2024-07-14,7,0.0,30.637142857142855,79.15714285714286,2024,28,35.0,21.4,88.57,86.0,168.8,2.44,20.72,18.18
稻纵卷叶螟,RLF,桥林街道马骡圩村_1_7_诱虫量,桥林街道马骡圩村,江苏省南京市浦口区,2024-07-21,7,0.0,33.19285714285714,71.61428571428571,2024,29,35.2,24.3,81.86,78.57,22.4,3.39,35.37,25.73
稻纵卷叶螟,RLF,桥林街道马骡圩村_1_7_诱虫量,桥林街道马骡圩村,江苏省南京市浦口区,2024-07-28,7,9.0,34.94714285714286,67.80857142857143,2024,30,36.7,27.0,80.57,71.86,6.1,4.7,71.71,37.84
稻纵卷叶螟,RLF,桥林街道马骡圩村_1_7_诱虫量,桥林街道马骡圩村,江苏省南京市浦口区,2024-08-04,7,57.0,34.84142857142857,68.59714285714286,2024,31,37.5,27.6,76.0,71.57,9.5,2.75,86.5,40.56
稻纵卷叶螟,RLF,桥林街道马骡圩村_1_7_诱虫量,桥林街道马骡圩村,江苏省南京市浦口区,2024-08-11,7,54.0,31.851428571428574,74.29857142857144,2024,32,37.8,27.1,76.86,66.71,62.0,1.88,83.96,39.02
稻纵卷叶螟,RLF,桥林街道马骡圩村_1_7_诱虫量,桥林街道马骡圩村,江苏省南京市浦口区,2024-08-18,7,76.0,31.075714285714287,79.74000000000001,2024,33,36.3,24.9,84.43,67.71,34.3,2.42,75.24,33.56
稻纵卷叶螟,RLF,桥林街道马骡圩村_1_7_诱虫量,桥林街道马骡圩村,江苏省南京市浦口区,2024-08-25,7,175.0,31.464285714285715,76.01428571428572,2024,34,34.7,25.4,84.71,77.86,50.4,1.93,64.42,27.34
稻纵卷叶螟,RLF,桥林街道马骡圩村_1_7_诱虫量,桥林街道马骡圩村,江苏省南京市浦口区,2024-09-01,7,289.0,30.68285714285714,76.22285714285714,2024,35,35.2,24.1,83.43,71.71,6.3,2.35,74.77,30.13
稻纵卷叶螟,RLF,桥林街道马骡圩村_1_7_诱虫量,桥林街道马骡圩村,江苏省南京市浦口区,2024-09-08,7,121.0,29.72142857142857,80.88,2024,36,33.8,24.2,79.29,68.43,2.9,3.23,78.8,33.31
稻纵卷叶螟,RLF,桥林街道马骡圩村_1_7_诱虫量,桥林街道马骡圩村,江苏省南京市浦口区,2024-09-15,7,82.0,26.36285714285714,85.15857142857143,2024,37,33.8,23.6,88.14,80.14,83.0,3.4,57.66,23.89
稻纵卷叶螟,RLF,桥林街道马骡圩村_1_7_诱虫量,桥林街道马骡圩村,江苏省南京市浦口区,2024-09-22,7,46.0,23.124285714285715,79.17285714285715,2024,38,31.6,17.4,81.14,76.86,124.9,5.49,54.64,24.01
稻纵卷叶螟,RLF,桥林街道马骡圩村_1_7_诱虫量,桥林街道马骡圩村,江苏省南京市浦口区,2024-09-29,7,1.0,19.84142857142857,77.23571428571428,2024,39,29.1,15.8,86.14,76.0,15.1,2.67,66.18,23.31
稻纵卷叶螟,RLF,桥林街道马骡圩村_1_7_诱虫量,桥林街道马骡圩村,江苏省南京市浦口区,2024-10-06,7,0.0,18.444285714285716,81.61142857142856,2024,40,28.6,11.9,79.0,72.14,17.2,3.38,48.16,18.62
稻纵卷叶螟,RLF,桥林街道马骡圩村_1_7_诱虫量,桥林街道马骡圩村,江苏省南京市浦口区,2024-10-13,7,18.0,20.12285714285714,86.32285714285715,2024,41,25.2,13.1,85.0,74.71,16.7,2.16,49.5,16.94
稻纵卷叶螟,RLF,桥林街道马骡圩村_1_7_诱虫量,桥林街道马骡圩村,江苏省南京市浦口区,2024-10-20,7,0.0,15.89857142857143,83.75142857142858,2024,42,27.2,11.2,86.57,77.0,49.2,3.66,31.77,14.95
稻纵卷叶螟,RLF,桥林街道马骡圩村_1_7_诱虫量,桥林街道马骡圩村,江苏省南京市浦口区,2024-10-27,4,0.0,14.979999999999999,82.25666666666666,2024,43,22.3,8.6,88.29,80.43,20.0,3.16,35.15,12.25
稻纵卷叶螟,RLF,横梁艾津稻纵_1_28_诱虫量,横梁艾津稻纵,江苏省南京市六合区,2023-05-28,3,0.0,0.0,0.0,2023,21,,,,,,,,
稻纵卷叶螟,RLF,横梁艾津稻纵_1_28_诱虫量,横梁艾津稻纵,江苏省南京市六合区,2023-06-04,7,0.0,0.0,0.0,2023,22,32.3,20.1,84.14,74.14,29.6,2.38,48.59,25.72
稻纵卷叶螟,RLF,横梁艾津稻纵_1_28_诱虫量,横梁艾津稻纵,江苏省南京市六合区,2023-06-11,7,0.0,0.0,0.0,2023,23,34.2,16.0,80.43,75.0,31.1,2.66,59.78,28.9
稻纵卷叶螟,RLF,横梁艾津稻纵_1_28_诱虫量,横梁艾津稻纵,江苏省南京市六合区,2023-06-18,7,4.0,0.0,0.0,2023,24,32.4,19.2,80.14,65.0,8.5,2.69,57.13,31.06
稻纵卷叶螟,RLF,横梁艾津稻纵_1_28_诱虫量,横梁艾津稻纵,江苏省南京市六合区,2023-06-25,7,2.0,0.0,0.0,2023,25,31.4,20.5,87.57,74.57,82.3,2.55,29.04,21.42
稻纵卷叶螟,RLF,横梁艾津稻纵_1_28_诱虫量,横梁艾津稻纵,江苏省南京市六合区,2023-07-02,7,1.0,0.0,0.0,2023,26,32.8,21.5,86.29,78.86,64.0,2.94,49.98,24.98
稻纵卷叶螟,RLF,横梁艾津稻纵_1_28_诱虫量,横梁艾津稻纵,江苏省南京市六合区,2023-07-09,7,7.0,0.0,0.0,2023,27,32.9,23.9,87.86,82.29,123.1,3.4,45.76,24.46
稻纵卷叶螟,RLF,横梁艾津稻纵_1_28_诱虫量,横梁艾津稻纵,江苏省南京市六合区,2023-07-16,7,1.0,0.0,0.0,2023,28,34.9,24.6,84.57,77.0,27.6,3.38,49.19,28.48
稻纵卷叶螟,RLF,横梁艾津稻纵_1_28_诱虫量,横梁艾津稻纵,江苏省南京市六合区,2023-07-23,7,62.0,0.0,0.0,2023,29,31.5,23.5,89.43,84.71,117.0,2.29,34.08,19.55
稻纵卷叶螟,RLF,横梁艾津稻纵_1_28_诱虫量,横梁艾津稻纵,江苏省南京市六合区,2023-07-30,7,44.0,0.0,0.0,2023,30,33.2,25.1,86.86,80.86,44.3,3.98,65.75,29.7
稻纵卷叶螟,RLF,横梁艾津稻纵_1_28_诱虫量,横梁艾津稻纵,江苏省南京市六合区,2023-08-06,7,46.0,0.0,0.0,2023,31,34.0,25.0,86.43,76.43,17.1,3.1,81.36,32.83
稻纵卷叶螟,RLF,横梁艾津稻纵_1_28_诱虫量,横梁艾津稻纵,江苏省南京市六合区,2023-08-13,7,1.0,0.0,0.0,2023,32,35.1,24.0,83.71,75.14,10.3,2.08,79.69,33.11
稻纵卷叶螟,RLF,横梁艾津稻纵_1_28_诱虫量,横梁艾津稻纵,江苏省南京市六合区,2023-08-20,7,4.0,0.0,0.0,2023,33,33.7,23.9,86.57,81.29,26.5,2.19,77.01,29.64
稻纵卷叶螟,RLF,横梁艾津稻纵_1_28_诱虫量,横梁艾津稻纵,江苏省南京市六合区,2023-08-27,7,0.0,0.0,0.0,2023,34,32.0,22.4,82.71,72.0,27.1,2.8,70.93,31.5
稻纵卷叶螟,RLF,横梁艾津稻纵_1_28_诱虫量,横梁艾津稻纵,江苏省南京市六合区,2023-09-03,7,0.0,0.0,0.0,2023,35,29.4,18.5,86.86,78.57,59.2,2.79,42.5,22.49
稻纵卷叶螟,RLF,横梁艾津稻纵_1_28_诱虫量,横梁艾津稻纵,江苏省南京市六合区,2023-09-10,7,3.0,0.0,0.0,2023,36,31.0,21.7,88.0,73.71,2.5,2.83,74.88,29.19
稻纵卷叶螟,RLF,横梁艾津稻纵_1_28_诱虫量,横梁艾津稻纵,江苏省南京市六合区,2023-09-17,7,114.0,0.0,0.0,2023,37,31.4,20.4,87.43,82.14,74.6,2.74,29.78,17.15
稻纵卷叶螟,RLF,横梁艾津稻纵_1_28_诱虫量,横梁艾津稻纵,江苏省南京市六合区,2023-09-24,7,18.0,0.0,0.0,2023,38,32.0,18.8,88.57,77.57,41.3,2.51,30.18,16.82
稻纵卷叶螟,RLF,横梁艾津稻纵_1_28_诱虫量,横梁艾津稻纵,江苏省南京市六合区,2023-10-01,7,3.0,0.0,0.0,2023,39,28.2,19.1,89.57,82.43,13.3,2.19,45.28,17.44
稻纵卷叶螟,RLF,横梁艾津稻纵_1_28_诱虫量,横梁艾津稻纵,江苏省南京市六合区,2023-10-08,7,1.0,0.0,0.0,2023,40,25.5,15.7,80.86,71.71,21.7,3.55,38.52,19.59
稻纵卷叶螟,RLF,横梁艾津稻纵_1_28_诱虫量,横梁艾津稻纵,江苏省南京市六合区,2023-10-15,7,0.0,0.0,0.0,2023,41,23.6,13.5,84.86,74.14,0.0,2.05,50.14,17.04
稻纵卷叶螟,RLF,横梁艾津稻纵_1_28_诱虫量,横梁艾津稻纵,江苏省南京市六合区,2023-10-22,7,0.0,0.0,0.0,2023,42,26.1,9.6,84.43,62.0,4.0,2.46,71.43,22.45
稻纵卷叶螟,RLF,横梁艾津稻纵_1_28_诱虫量,横梁艾津稻纵,江苏省南京市六合区,2023-10-29,2,0.0,0.0,0.0,2023,43,25.6,9.6,85.14,64.29,0.0,1.94,60.15,18.61
稻纵卷叶螟,RLF,横梁艾津稻纵_1_28_诱虫量,横梁艾津稻纵,江苏省南京市六合区,2024-05-26,1,0.0,,,2024,21,,,,,,,,
稻纵卷叶螟,RLF,横梁艾津稻纵_1_28_诱虫量,横梁艾津稻纵,江苏省南京市六合区,2024-06-02,7,2.0,0.0,0.0,2024,22,26.9,14.2,77.71,68.43,42.5,2.69,50.74,25.99
稻纵卷叶螟,RLF,横梁艾津稻纵_1_28_诱虫量,横梁艾津稻纵,江苏省南京市六合区,2024-06-09,7,2.0,0.0,0.0,2024,23,30.9,17.1,76.86,61.71,5.2,2.43,62.66,30.94
稻纵卷叶螟,RLF,横梁艾津稻纵_1_28_诱虫量,横梁艾津稻纵,江苏省南京市六合区,2024-06-16,7,13.0,0.0,0.0,2024,24,34.2,20.7,79.71,58.71,0.7,2.43,71.14,35.09
稻纵卷叶螟,RLF,横梁艾津稻纵_1_28_诱虫量,横梁艾津稻纵,江苏省南京市六合区,2024-06-23,7,3.0,0.0,0.0,2024,25,32.3,21.3,85.0,69.86,96.1,3.32,46.58,27.17
稻纵卷叶螟,RLF,横梁艾津稻纵_1_28_诱虫量,横梁艾津稻纵,江苏省南京市六合区,2024-06-30,7,14.0,0.0,0.0,2024,26,30.9,20.7,88.71,85.57,179.0,2.73,26.58,17.62
稻纵卷叶螟,RLF,横梁艾津稻纵_1_28_诱虫量,横梁艾津稻纵,江苏省南京市六合区,2024-07-07,7,2.0,0.0,0.0,2024,27,34.9,22.6,81.14,78.57,41.8,4.14,62.65,32.6
稻纵卷叶螟,RLF,横梁艾津稻纵_1_28_诱虫量,横梁艾津稻纵,江苏省南京市六合区,2024-07-14,7,2.0,0.0,0.0,2024,28,35.0,21.4,88.57,86.0,168.8,2.44,20.72,18.18
稻纵卷叶螟,RLF,横梁艾津稻纵_1_28_诱虫量,横梁艾津稻纵,江苏省南京市六合区,2024-07-21,7,2.0,0.0,0.0,2024,29,35.2,24.3,81.86,78.57,22.4,3.39,35.37,25.73
稻纵卷叶螟,RLF,横梁艾津稻纵_1_28_诱虫量,横梁艾津稻纵,江苏省南京市六合区,2024-07-28,7,8.0,0.0,0.0,2024,30,36.7,27.0,80.57,71.86,6.1,4.7,71.71,37.84
稻纵卷叶螟,RLF,横梁艾津稻纵_1_28_诱虫量,横梁艾津稻纵,江苏省南京市六合区,2024-08-04,7,8.0,,,2024,31,37.5,27.6,76.0,71.57,9.5,2.75,86.5,40.56
稻纵卷叶螟,RLF,横梁艾津稻纵_1_28_诱虫量,横梁艾津稻纵,江苏省南京市六合区,2024-08-11,7,6.0,0.0,0.0,2024,32,37.8,27.1,76.86,66.71,62.0,1.88,83.96,39.02
稻纵卷叶螟,RLF,横梁艾津稻纵_1_28_诱虫量,横梁艾津稻纵,江苏省南京市六合区,2024-08-18,7,9.0,0.0,0.0,2024,33,36.3,24.9,84.43,67.71,34.3,2.42,75.24,33.56
稻纵卷叶螟,RLF,横梁艾津稻纵_1_28_诱虫量,横梁艾津稻纵,江苏省南京市六合区,2024-08-25,7,61.0,0.0,0.0,2024,34,34.7,25.4,84.71,77.86,50.4,1.93,64.42,27.34
稻纵卷叶螟,RLF,横梁艾津稻纵_1_28_诱虫量,横梁艾津稻纵,江苏省南京市六合区,2024-09-01,7,66.0,,,2024,35,35.2,24.1,83.43,71.71,6.3,2.35,74.77,30.13
稻纵卷叶螟,RLF,横梁艾津稻纵_1_28_诱虫量,横梁艾津稻纵,江苏省南京市六合区,2024-09-08,7,6.0,,,2024,36,33.8,24.2,79.29,68.43,2.9,3.23,78.8,33.31
稻纵卷叶螟,RLF,横梁艾津稻纵_1_28_诱虫量,横梁艾津稻纵,江苏省南京市六合区,2024-09-15,7,3.0,0.0,0.0,2024,37,33.8,23.6,88.14,80.14,83.0,3.4,57.66,23.89
稻纵卷叶螟,RLF,横梁艾津稻纵_1_28_诱虫量,横梁艾津稻纵,江苏省南京市六合区,2024-09-22,7,3.0,0.0,0.0,2024,38,31.6,17.4,81.14,76.86,124.9,5.49,54.64,24.01
稻纵卷叶螟,RLF,横梁艾津稻纵_1_28_诱虫量,横梁艾津稻纵,江苏省南京市六合区,2024-09-29,7,12.0,0.0,0.0,2024,39,29.1,15.8,86.14,76.0,15.1,2.67,66.18,23.31
稻纵卷叶螟,RLF,横梁艾津稻纵_1_28_诱虫量,横梁艾津稻纵,江苏省南京市六合区,2024-10-06,7,0.0,0.0,0.0,2024,40,28.6,11.9,79.0,72.14,17.2,3.38,48.16,18.62
稻纵卷叶螟,RLF,横梁艾津稻纵_1_28_诱虫量,横梁艾津稻纵,江苏省南京市六合区,2024-10-13,7,28.0,0.0,0.0,2024,41,25.2,13.1,85.0,74.71,16.7,2.16,49.5,16.94
稻纵卷叶螟,RLF,横梁艾津稻纵_1_28_诱虫量,横梁艾津稻纵,江苏省南京市六合区,2024-10-20,7,3.0,0.0,0.0,2024,42,27.2,11.2,86.57,77.0,49.2,3.66,31.77,14.95
稻纵卷叶螟,RLF,横梁艾津稻纵_1_28_诱虫量,横梁艾津稻纵,江苏省南京市六合区,2024-10-27,4,1.0,,,2024,43,22.3,8.6,88.29,80.43,20.0,3.16,35.15,12.25
稻纵卷叶螟,RLF,横梁艾津稻纵_1_47_诱虫量,横梁艾津稻纵,江苏省南京市六合区,2023-01-01,7,0.0,0.0,0.0,2022,52,,,,,,,,
稻纵卷叶螟,RLF,横梁艾津稻纵_1_47_诱虫量,横梁艾津稻纵,江苏省南京市六合区,2023-01-08,6,0.0,0.0,0.0,2023,1,,,,,,,,
稻纵卷叶螟,RLF,横梁艾津稻纵_1_47_诱虫量,横梁艾津稻纵,江苏省南京市六合区,2023-01-15,7,0.0,0.0,0.0,2023,2,,,,,,,,
稻纵卷叶螟,RLF,横梁艾津稻纵_1_47_诱虫量,横梁艾津稻纵,江苏省南京市六合区,2023-01-22,7,0.0,0.0,0.0,2023,3,,,,,,,,
稻纵卷叶螟,RLF,横梁艾津稻纵_1_47_诱虫量,横梁艾津稻纵,江苏省南京市六合区,2023-01-29,7,0.0,0.0,0.0,2023,4,,,,,,,,
稻纵卷叶螟,RLF,横梁艾津稻纵_1_47_诱虫量,横梁艾津稻纵,江苏省南京市六合区,2023-02-05,7,0.0,0.0,0.0,2023,5,,,,,,,,
稻纵卷叶螟,RLF,横梁艾津稻纵_1_47_诱虫量,横梁艾津稻纵,江苏省南京市六合区,2023-02-12,7,2.0,0.0,0.0,2023,6,,,,,,,,
稻纵卷叶螟,RLF,横梁艾津稻纵_1_47_诱虫量,横梁艾津稻纵,江苏省南京市六合区,2023-02-19,7,0.0,0.0,0.0,2023,7,,,,,,,,
稻纵卷叶螟,RLF,横梁艾津稻纵_1_47_诱虫量,横梁艾津稻纵,江苏省南京市六合区,2023-02-26,7,0.0,0.0,0.0,2023,8,,,,,,,,
稻纵卷叶螟,RLF,横梁艾津稻纵_1_47_诱虫量,横梁艾津稻纵,江苏省南京市六合区,2023-03-05,7,0.0,0.0,0.0,2023,9,,,,,,,,
稻纵卷叶螟,RLF,横梁艾津稻纵_1_47_诱虫量,横梁艾津稻纵,江苏省南京市六合区,2023-03-12,7,0.0,0.0,0.0,2023,10,,,,,,,,
稻纵卷叶螟,RLF,横梁艾津稻纵_1_47_诱虫量,横梁艾津稻纵,江苏省南京市六合区,2023-03-19,7,0.0,,,2023,11,,,,,,,,
稻纵卷叶螟,RLF,横梁艾津稻纵_1_47_诱虫量,横梁艾津稻纵,江苏省南京市六合区,2023-03-26,7,0.0,0.0,0.0,2023,12,,,,,,,,
稻纵卷叶螟,RLF,横梁艾津稻纵_1_47_诱虫量,横梁艾津稻纵,江苏省南京市六合区,2023-04-02,7,0.0,0.0,0.0,2023,13,,,,,,,,
稻纵卷叶螟,RLF,横梁艾津稻纵_1_47_诱虫量,横梁艾津稻纵,江苏省南京市六合区,2023-04-09,7,5.0,0.0,0.0,2023,14,,,,,,,,
稻纵卷叶螟,RLF,横梁艾津稻纵_1_47_诱虫量,横梁艾津稻纵,江苏省南京市六合区,2023-04-16,7,0.0,0.0,0.0,2023,15,,,,,,,,
稻纵卷叶螟,RLF,横梁艾津稻纵_1_47_诱虫量,横梁艾津稻纵,江苏省南京市六合区,2023-04-23,7,1.0,0.0,0.0,2023,16,,,,,,,,
稻纵卷叶螟,RLF,横梁艾津稻纵_1_47_诱虫量,横梁艾津稻纵,江苏省南京市六合区,2023-04-30,7,0.0,0.0,0.0,2023,17,,,,,,,,
稻纵卷叶螟,RLF,横梁艾津稻纵_1_47_诱虫量,横梁艾津稻纵,江苏省南京市六合区,2023-05-07,7,0.0,0.0,0.0,2023,18,,,,,,,,
稻纵卷叶螟,RLF,横梁艾津稻纵_1_47_诱虫量,横梁艾津稻纵,江苏省南京市六合区,2023-05-14,7,0.0,0.0,0.0,2023,19,,,,,,,,
稻纵卷叶螟,RLF,横梁艾津稻纵_1_47_诱虫量,横梁艾津稻纵,江苏省南京市六合区,2023-05-21,7,0.0,0.0,0.0,2023,20,,,,,,,,
稻纵卷叶螟,RLF,横梁艾津稻纵_1_47_诱虫量,横梁艾津稻纵,江苏省南京市六合区,2023-05-28,4,0.0,,,2023,21,,,,,,,,
稻纵卷叶螟,RLF,横梁艾津稻纵_1_47_诱虫量,横梁艾津稻纵,江苏省南京市六合区,2023-10-29,5,0.0,0.0,0.0,2023,43,25.6,9.6,85.14,64.29,0.0,1.94,60.15,18.61
稻纵卷叶螟,RLF,横梁艾津稻纵_1_47_诱虫量,横梁艾津稻纵,江苏省南京市六合区,2023-11-05,5,0.0,0.0,0.0,2023,44,27.6,12.9,83.57,69.14,0.8,2.48,60.23,19.36
稻纵卷叶螟,RLF,横梁艾津稻纵_1_47_诱虫量,横梁艾津稻纵,江苏省南京市六合区,2023-11-12,7,0.0,0.0,0.0,2023,45,,,,,,,,
稻纵卷叶螟,RLF,横梁艾津稻纵_1_47_诱虫量,横梁艾津稻纵,江苏省南京市六合区,2023-11-19,7,0.0,0.0,0.0,2023,46,,,,,,,,
稻纵卷叶螟,RLF,横梁艾津稻纵_1_47_诱虫量,横梁艾津稻纵,江苏省南京市六合区,2023-11-26,7,0.0,,,2023,47,,,,,,,,
稻纵卷叶螟,RLF,横梁艾津稻纵_1_47_诱虫量,横梁艾津稻纵,江苏省南京市六合区,2023-12-03,7,0.0,0.0,0.0,2023,48,,,,,,,,
稻纵卷叶螟,RLF,横梁艾津稻纵_1_47_诱虫量,横梁艾津稻纵,江苏省南京市六合区,2023-12-10,7,0.0,0.0,0.0,2023,49,,,,,,,,
稻纵卷叶螟,RLF,横梁艾津稻纵_1_47_诱虫量,横梁艾津稻纵,江苏省南京市六合区,2023-12-17,7,0.0,0.0,0.0,2023,50,,,,,,,,
稻纵卷叶螟,RLF,横梁艾津稻纵_1_47_诱虫量,横梁艾津稻纵,江苏省南京市六合区,2023-12-24,7,0.0,,,2023,51,,,,,,,,
稻纵卷叶螟,RLF,横梁艾津稻纵_1_47_诱虫量,横梁艾津稻纵,江苏省南京市六合区,2023-12-31,7,0.0,0.0,0.0,2023,52,,,,,,,,
稻纵卷叶螟,RLF,横梁艾津稻纵_1_47_诱虫量,横梁艾津稻纵,江苏省南京市六合区,2024-01-07,7,0.0,0.0,0.0,2024,1,,,,,,,,
稻纵卷叶螟,RLF,横梁艾津稻纵_1_47_诱虫量,横梁艾津稻纵,江苏省南京市六合区,2024-01-14,7,0.0,0.0,0.0,2024,2,,,,,,,,
稻纵卷叶螟,RLF,横梁艾津稻纵_1_47_诱虫量,横梁艾津稻纵,江苏省南京市六合区,2024-01-21,7,0.0,0.0,0.0,2024,3,,,,,,,,
稻纵卷叶螟,RLF,横梁艾津稻纵_1_47_诱虫量,横梁艾津稻纵,江苏省南京市六合区,2024-01-28,7,0.0,0.0,0.0,2024,4,,,,,,,,
稻纵卷叶螟,RLF,横梁艾津稻纵_1_47_诱虫量,横梁艾津稻纵,江苏省南京市六合区,2024-02-04,7,0.0,0.0,0.0,2024,5,,,,,,,,
稻纵卷叶螟,RLF,横梁艾津稻纵_1_47_诱虫量,横梁艾津稻纵,江苏省南京市六合区,2024-02-11,7,0.0,0.0,0.0,2024,6,,,,,,,,
稻纵卷叶螟,RLF,横梁艾津稻纵_1_47_诱虫量,横梁艾津稻纵,江苏省南京市六合区,2024-02-18,7,0.0,0.0,0.0,2024,7,,,,,,,,
稻纵卷叶螟,RLF,横梁艾津稻纵_1_47_诱虫量,横梁艾津稻纵,江苏省南京市六合区,2024-02-25,7,0.0,0.0,0.0,2024,8,,,,,,,,
稻纵卷叶螟,RLF,横梁艾津稻纵_1_47_诱虫量,横梁艾津稻纵,江苏省南京市六合区,2024-03-03,7,0.0,0.0,0.0,2024,9,,,,,,,,
稻纵卷叶螟,RLF,横梁艾津稻纵_1_47_诱虫量,横梁艾津稻纵,江苏省南京市六合区,2024-03-10,7,0.0,0.0,0.0,2024,10,,,,,,,,
稻纵卷叶螟,RLF,横梁艾津稻纵_1_47_诱虫量,横梁艾津稻纵,江苏省南京市六合区,2024-03-17,7,0.0,0.0,0.0,2024,11,,,,,,,,
稻纵卷叶螟,RLF,横梁艾津稻纵_1_47_诱虫量,横梁艾津稻纵,江苏省南京市六合区,2024-03-24,7,0.0,0.0,0.0,2024,12,,,,,,,,
稻纵卷叶螟,RLF,横梁艾津稻纵_1_47_诱虫量,横梁艾津稻纵,江苏省南京市六合区,2024-03-31,7,0.0,0.0,0.0,2024,13,,,,,,,,
稻纵卷叶螟,RLF,横梁艾津稻纵_1_47_诱虫量,横梁艾津稻纵,江苏省南京市六合区,2024-04-07,7,0.0,0.0,0.0,2024,14,,,,,,,,
稻纵卷叶螟,RLF,横梁艾津稻纵_1_47_诱虫量,横梁艾津稻纵,江苏省南京市六合区,2024-04-14,7,0.0,0.0,0.0,2024,15,,,,,,,,
稻纵卷叶螟,RLF,横梁艾津稻纵_1_47_诱虫量,横梁艾津稻纵,江苏省南京市六合区,2024-04-21,7,0.0,0.0,0.0,2024,16,,,,,,,,
稻纵卷叶螟,RLF,横梁艾津稻纵_1_47_诱虫量,横梁艾津稻纵,江苏省南京市六合区,2024-04-28,7,0.0,0.0,0.0,2024,17,,,,,,,,
稻纵卷叶螟,RLF,横梁艾津稻纵_1_47_诱虫量,横梁艾津稻纵,江苏省南京市六合区,2024-05-05,7,0.0,0.0,0.0,2024,18,,,,,,,,
稻纵卷叶螟,RLF,横梁艾津稻纵_1_47_诱虫量,横梁艾津稻纵,江苏省南京市六合区,2024-05-12,7,1.0,,,2024,19,,,,,,,,
稻纵卷叶螟,RLF,横梁艾津稻纵_1_47_诱虫量,横梁艾津稻纵,江苏省南京市六合区,2024-05-19,7,0.0,,,2024,20,,,,,,,,
稻纵卷叶螟,RLF,横梁艾津稻纵_1_47_诱虫量,横梁艾津稻纵,江苏省南京市六合区,2024-05-26,6,0.0,0.0,0.0,2024,21,,,,,,,,
稻纵卷叶螟,RLF,横梁艾津稻纵_1_47_诱虫量,横梁艾津稻纵,江苏省南京市六合区,2024-10-27,3,0.0,0.0,0.0,2024,43,22.3,8.6,88.29,80.43,20.0,3.16,35.15,12.25
稻纵卷叶螟,RLF,横梁艾津稻纵_1_47_诱虫量,横梁艾津稻纵,江苏省南京市六合区,2024-11-03,7,0.0,0.0,0.0,2024,44,22.0,9.3,87.57,74.57,6.8,2.95,55.84,15.81
稻纵卷叶螟,RLF,横梁艾津稻纵_1_47_诱虫量,横梁艾津稻纵,江苏省南京市六合区,2024-11-10,7,0.0,0.0,0.0,2024,45,,,,,,,,
稻纵卷叶螟,RLF,横梁艾津稻纵_1_47_诱虫量,横梁艾津稻纵,江苏省南京市六合区,2024-11-17,7,0.0,0.0,0.0,2024,46,,,,,,,,
稻纵卷叶螟,RLF,横梁艾津稻纵_1_47_诱虫量,横梁艾津稻纵,江苏省南京市六合区,2024-11-24,7,0.0,0.0,0.0,2024,47,,,,,,,,
稻纵卷叶螟,RLF,横梁艾津稻纵_1_47_诱虫量,横梁艾津稻纵,江苏省南京市六合区,2024-12-01,7,0.0,0.0,0.0,2024,48,,,,,,,,
稻纵卷叶螟,RLF,横梁艾津稻纵_1_47_诱虫量,横梁艾津稻纵,江苏省南京市六合区,2024-12-08,7,0.0,0.0,0.0,2024,49,,,,,,,,
稻纵卷叶螟,RLF,横梁艾津稻纵_1_47_诱虫量,横梁艾津稻纵,江苏省南京市六合区,2024-12-15,7,0.0,0.0,0.0,2024,50,,,,,,,,
稻纵卷叶螟,RLF,横梁艾津稻纵_1_47_诱虫量,横梁艾津稻纵,江苏省南京市六合区,2024-12-22,7,0.0,,,2024,51,,,,,,,,
稻纵卷叶螟,RLF,横梁艾津稻纵_1_47_诱虫量,横梁艾津稻纵,江苏省南京市六合区,2024-12-29,3,0.0,,,2024,52,,,,,,,,
稻纵卷叶螟,RLF,横溪街道稻纵_1_26_诱虫量,横溪街道稻纵,江苏省南京市江宁区,2023-01-01,7,0.0,6.158571428571428,75.23428571428572,2022,52,,,,,,,,
稻纵卷叶螟,RLF,横溪街道稻纵_1_26_诱虫量,横溪街道稻纵,江苏省南京市江宁区,2023-01-08,7,0.0,9.17,83.49571428571429,2023,1,,,,,,,,
稻纵卷叶螟,RLF,横溪街道稻纵_1_26_诱虫量,横溪街道稻纵,江苏省南京市江宁区,2023-01-15,7,0.0,3.2642857142857147,72.5942857142857,2023,2,,,,,,,,
稻纵卷叶螟,RLF,横溪街道稻纵_1_26_诱虫量,横溪街道稻纵,江苏省南京市江宁区,2023-01-22,7,0.0,0.9028571428571429,71.73571428571428,2023,3,,,,,,,,
稻纵卷叶螟,RLF,横溪街道稻纵_1_26_诱虫量,横溪街道稻纵,江苏省南京市江宁区,2023-01-29,7,0.0,5.2299999999999995,69.51714285714286,2023,4,,,,,,,,
稻纵卷叶螟,RLF,横溪街道稻纵_1_26_诱虫量,横溪街道稻纵,江苏省南京市江宁区,2023-02-05,7,0.0,7.731428571428572,93.16571428571429,2023,5,,,,,,,,
稻纵卷叶螟,RLF,横溪街道稻纵_1_26_诱虫量,横溪街道稻纵,江苏省南京市江宁区,2023-02-12,7,0.0,7.034285714285715,79.33428571428571,2023,6,,,,,,,,
稻纵卷叶螟,RLF,横溪街道稻纵_1_26_诱虫量,横溪街道稻纵,江苏省南京市江宁区,2023-02-19,7,0.0,5.4471428571428575,74.41142857142857,2023,7,,,,,,,,
稻纵卷叶螟,RLF,横溪街道稻纵_1_26_诱虫量,横溪街道稻纵,江苏省南京市江宁区,2023-02-26,7,0.0,9.861428571428572,65.66428571428571,2023,8,,,,,,,,
稻纵卷叶螟,RLF,横溪街道稻纵_1_26_诱虫量,横溪街道稻纵,江苏省南京市江宁区,2023-03-05,7,2.0,15.854285714285714,71.74571428571429,2023,9,,,,,,,,
稻纵卷叶螟,RLF,横溪街道稻纵_1_26_诱虫量,横溪街道稻纵,江苏省南京市江宁区,2023-03-12,7,0.0,10.727142857142857,70.66857142857143,2023,10,,,,,,,,
稻纵卷叶螟,RLF,横溪街道稻纵_1_26_诱虫量,横溪街道稻纵,江苏省南京市江宁区,2023-03-19,7,0.0,11.315714285714288,82.35714285714286,2023,11,,,,,,,,
稻纵卷叶螟,RLF,横溪街道稻纵_1_26_诱虫量,横溪街道稻纵,江苏省南京市江宁区,2023-03-26,7,0.0,14.347142857142858,72.45285714285714,2023,12,,,,,,,,
稻纵卷叶螟,RLF,横溪街道稻纵_1_26_诱虫量,横溪街道稻纵,江苏省南京市江宁区,2023-04-02,7,0.0,13.61,77.15142857142857,2023,13,,,,,,,,
稻纵卷叶螟,RLF,横溪街道稻纵_1_26_诱虫量,横溪街道稻纵,江苏省南京市江宁区,2023-04-09,7,0.0,19.462857142857143,65.74714285714286,2023,14,,,,,,,,
稻纵卷叶螟,RLF,横溪街道稻纵_1_26_诱虫量,横溪街道稻纵,江苏省南京市江宁区,2023-04-16,7,0.0,21.04,71.90142857142857,2023,15,,,,,,,,
稻纵卷叶螟,RLF,横溪街道稻纵_1_26_诱虫量,横溪街道稻纵,江苏省南京市江宁区,2023-04-23,7,0.0,16.112857142857145,77.03857142857143,2023,16,,,,,,,,
稻纵卷叶螟,RLF,横溪街道稻纵_1_26_诱虫量,横溪街道稻纵,江苏省南京市江宁区,2023-04-30,7,3.0,21.425714285714285,76.75,2023,17,,,,,,,,
稻纵卷叶螟,RLF,横溪街道稻纵_1_26_诱虫量,横溪街道稻纵,江苏省南京市江宁区,2023-05-07,7,0.0,19.52285714285714,68.58714285714287,2023,18,,,,,,,,
稻纵卷叶螟,RLF,横溪街道稻纵_1_26_诱虫量,横溪街道稻纵,江苏省南京市江宁区,2023-05-14,7,0.0,23.648571428571426,76.40285714285713,2023,19,,,,,,,,
稻纵卷叶螟,RLF,横溪街道稻纵_1_26_诱虫量,横溪街道稻纵,江苏省南京市江宁区,2023-05-21,7,3.0,21.502857142857145,81.66428571428571,2023,20,,,,,,,,
稻纵卷叶螟,RLF,横溪街道稻纵_1_26_诱虫量,横溪街道稻纵,江苏省南京市江宁区,2023-05-28,4,0.0,26.4675,84.56,2023,21,,,,,,,,
稻纵卷叶螟,RLF,横溪街道稻纵_1_26_诱虫量,横溪街道稻纵,江苏省南京市江宁区,2023-10-29,5,0.0,20.264,80.704,2023,43,25.6,9.6,85.14,64.29,0.0,1.94,60.15,18.61
稻纵卷叶螟,RLF,横溪街道稻纵_1_26_诱虫量,横溪街道稻纵,江苏省南京市江宁区,2023-11-05,4,0.0,12.68,88.8075,2023,44,27.6,12.9,83.57,69.14,0.8,2.48,60.23,19.36
稻纵卷叶螟,RLF,横溪街道稻纵_1_26_诱虫量,横溪街道稻纵,江苏省南京市江宁区,2023-11-12,7,0.0,8.544285714285715,69.20428571428572,2023,45,,,,,,,,
稻纵卷叶螟,RLF,横溪街道稻纵_1_26_诱虫量,横溪街道稻纵,江苏省南京市江宁区,2023-11-19,7,0.0,11.421428571428573,71.68571428571428,2023,46,,,,,,,,
稻纵卷叶螟,RLF,横溪街道稻纵_1_26_诱虫量,横溪街道稻纵,江苏省南京市江宁区,2023-11-26,7,0.0,7.717142857142856,70.06,2023,47,,,,,,,,
稻纵卷叶螟,RLF,横溪街道稻纵_1_26_诱虫量,横溪街道稻纵,江苏省南京市江宁区,2023-12-03,7,0.0,10.737142857142857,68.76142857142857,2023,48,,,,,,,,
稻纵卷叶螟,RLF,横溪街道稻纵_1_26_诱虫量,横溪街道稻纵,江苏省南京市江宁区,2023-12-10,7,0.0,5.5528571428571425,86.05571428571429,2023,49,,,,,,,,
稻纵卷叶螟,RLF,横溪街道稻纵_1_26_诱虫量,横溪街道稻纵,江苏省南京市江宁区,2023-12-17,6,0.0,-0.9966666666666666,70.62833333333334,2023,50,,,,,,,,
稻纵卷叶螟,RLF,横溪街道稻纵_1_26_诱虫量,横溪街道稻纵,江苏省南京市江宁区,2023-12-24,7,0.0,5.477142857142858,81.12285714285714,2023,51,,,,,,,,
稻纵卷叶螟,RLF,横溪街道稻纵_1_26_诱虫量,横溪街道稻纵,江苏省南京市江宁区,2023-12-31,7,0.0,4.561428571428571,85.97285714285714,2023,52,,,,,,,,
稻纵卷叶螟,RLF,横溪街道稻纵_1_26_诱虫量,横溪街道稻纵,江苏省南京市江宁区,2024-01-07,7,0.0,6.05,81.29714285714286,2024,1,,,,,,,,
稻纵卷叶螟,RLF,横溪街道稻纵_1_26_诱虫量,横溪街道稻纵,江苏省南京市江宁区,2024-01-14,7,0.0,5.465714285714285,86.51142857142858,2024,2,,,,,,,,
稻纵卷叶螟,RLF,横溪街道稻纵_1_26_诱虫量,横溪街道稻纵,江苏省南京市江宁区,2024-01-21,7,1.0,0.6585714285714285,69.60857142857142,2024,3,,,,,,,,
稻纵卷叶螟,RLF,横溪街道稻纵_1_26_诱虫量,横溪街道稻纵,江苏省南京市江宁区,2024-01-28,7,0.0,5.04,88.41428571428571,2024,4,,,,,,,,
稻纵卷叶螟,RLF,横溪街道稻纵_1_26_诱虫量,横溪街道稻纵,江苏省南京市江宁区,2024-02-04,7,0.0,3.1957142857142857,82.08285714285715,2024,5,,,,,,,,
稻纵卷叶螟,RLF,横溪街道稻纵_1_26_诱虫量,横溪街道稻纵,江苏省南京市江宁区,2024-02-11,7,0.0,9.565714285714284,78.70857142857143,2024,6,,,,,,,,
稻纵卷叶螟,RLF,横溪街道稻纵_1_26_诱虫量,横溪街道稻纵,江苏省南京市江宁区,2024-02-18,7,0.0,4.29,91.92142857142858,2024,7,,,,,,,,
稻纵卷叶螟,RLF,横溪街道稻纵_1_26_诱虫量,横溪街道稻纵,江苏省南京市江宁区,2024-02-25,7,0.0,4.982857142857142,78.26285714285714,2024,8,,,,,,,,
稻纵卷叶螟,RLF,横溪街道稻纵_1_26_诱虫量,横溪街道稻纵,江苏省南京市江宁区,2024-03-03,7,0.0,8.345714285714285,78.32571428571428,2024,9,,,,,,,,
稻纵卷叶螟,RLF,横溪街道稻纵_1_26_诱虫量,横溪街道稻纵,江苏省南京市江宁区,2024-03-10,7,0.0,13.377142857142857,73.58285714285715,2024,10,,,,,,,,
稻纵卷叶螟,RLF,横溪街道稻纵_1_26_诱虫量,横溪街道稻纵,江苏省南京市江宁区,2024-03-17,7,1.0,12.959999999999999,74.71000000000001,2024,11,,,,,,,,
稻纵卷叶螟,RLF,横溪街道稻纵_1_26_诱虫量,横溪街道稻纵,江苏省南京市江宁区,2024-03-24,7,0.0,14.991428571428571,84.30142857142857,2024,12,,,,,,,,
稻纵卷叶螟,RLF,横溪街道稻纵_1_26_诱虫量,横溪街道稻纵,江苏省南京市江宁区,2024-03-31,7,0.0,16.451428571428572,80.4557142857143,2024,13,,,,,,,,
稻纵卷叶螟,RLF,横溪街道稻纵_1_26_诱虫量,横溪街道稻纵,江苏省南京市江宁区,2024-04-07,7,0.0,17.78,83.74285714285715,2024,14,,,,,,,,
稻纵卷叶螟,RLF,横溪街道稻纵_1_26_诱虫量,横溪街道稻纵,江苏省南京市江宁区,2024-04-14,7,1.0,19.24142857142857,85.35000000000001,2024,15,,,,,,,,
稻纵卷叶螟,RLF,横溪街道稻纵_1_26_诱虫量,横溪街道稻纵,江苏省南京市江宁区,2024-04-21,7,0.0,20.944285714285716,77.77428571428571,2024,16,,,,,,,,
稻纵卷叶螟,RLF,横溪街道稻纵_1_26_诱虫量,横溪街道稻纵,江苏省南京市江宁区,2024-04-28,7,0.0,17.588333333333335,84.02333333333333,2024,17,,,,,,,,
稻纵卷叶螟,RLF,横溪街道稻纵_1_26_诱虫量,横溪街道稻纵,江苏省南京市江宁区,2024-05-05,7,0.0,21.064285714285713,80.83285714285715,2024,18,,,,,,,,
稻纵卷叶螟,RLF,横溪街道稻纵_1_26_诱虫量,横溪街道稻纵,江苏省南京市江宁区,2024-05-12,7,0.0,22.812857142857144,71.39428571428572,2024,19,,,,,,,,
稻纵卷叶螟,RLF,横溪街道稻纵_1_26_诱虫量,横溪街道稻纵,江苏省南京市江宁区,2024-05-19,7,0.0,26.01142857142857,75.36285714285714,2024,20,,,,,,,,
稻纵卷叶螟,RLF,横溪街道稻纵_1_26_诱虫量,横溪街道稻纵,江苏省南京市江宁区,2024-05-26,6,0.0,22.185000000000002,80.89333333333333,2024,21,,,,,,,,
稻纵卷叶螟,RLF,横溪街道稻纵_1_26_诱虫量,横溪街道稻纵,江苏省南京市江宁区,2024-10-27,3,7.0,17.316666666666666,89.32,2024,43,22.3,8.6,88.29,80.43,20.0,3.16,35.15,12.25
稻纵卷叶螟,RLF,横溪街道稻纵_1_26_诱虫量,横溪街道稻纵,江苏省南京市江宁区,2024-11-03,7,8.0,15.368571428571428,82.82285714285715,2024,44,22.0,9.3,87.57,74.57,6.8,2.95,55.84,15.81
稻纵卷叶螟,RLF,横溪街道稻纵_1_26_诱虫量,横溪街道稻纵,江苏省南京市江宁区,2024-11-10,7,11.0,18.321428571428573,88.4742857142857,2024,45,,,,,,,,
稻纵卷叶螟,RLF,横溪街道稻纵_1_26_诱虫量,横溪街道稻纵,江苏省南京市江宁区,2024-11-17,7,0.0,11.52,82.58714285714287,2024,46,,,,,,,,
稻纵卷叶螟,RLF,横溪街道稻纵_1_26_诱虫量,横溪街道稻纵,江苏省南京市江宁区,2024-11-24,7,0.0,8.571428571428571,73.82142857142857,2024,47,,,,,,,,
稻纵卷叶螟,RLF,横溪街道稻纵_1_26_诱虫量,横溪街道稻纵,江苏省南京市江宁区,2024-12-01,7,0.0,9.454285714285716,81.85000000000001,2024,48,,,,,,,,
稻纵卷叶螟,RLF,横溪街道稻纵_1_26_诱虫量,横溪街道稻纵,江苏省南京市江宁区,2024-12-08,7,0.0,5.114285714285714,81.09857142857143,2024,49,,,,,,,,
稻纵卷叶螟,RLF,横溪街道稻纵_1_26_诱虫量,横溪街道稻纵,江苏省南京市江宁区,2024-12-15,7,0.0,2.967142857142857,74.39714285714285,2024,50,,,,,,,,
稻纵卷叶螟,RLF,横溪街道稻纵_1_26_诱虫量,横溪街道稻纵,江苏省南京市江宁区,2024-12-22,7,0.0,4.194285714285714,73.44285714285715,2024,51,,,,,,,,
稻纵卷叶螟,RLF,横溪街道稻纵_1_26_诱虫量,横溪街道稻纵,江苏省南京市江宁区,2024-12-29,3,0.0,3.2399999999999998,71.39,2024,52,,,,,,,,
稻纵卷叶螟,RLF,横溪街道稻纵_1_2_诱虫量,横溪街道稻纵,江苏省南京市江宁区,2023-05-28,3,0.0,26.886666666666667,67.40333333333334,2023,21,,,,,,,,
稻纵卷叶螟,RLF,横溪街道稻纵_1_2_诱虫量,横溪街道稻纵,江苏省南京市江宁区,2023-06-04,7,0.0,24.82857142857143,79.91285714285713,2023,22,32.3,20.1,84.14,74.14,29.6,2.38,48.59,25.72
稻纵卷叶螟,RLF,横溪街道稻纵_1_2_诱虫量,横溪街道稻纵,江苏省南京市江宁区,2023-06-11,7,0.0,26.297142857142855,77.12571428571428,2023,23,34.2,16.0,80.43,75.0,31.1,2.66,59.78,28.9
稻纵卷叶螟,RLF,横溪街道稻纵_1_2_诱虫量,横溪街道稻纵,江苏省南京市江宁区,2023-06-18,7,4.0,26.07857142857143,88.17999999999999,2023,24,32.4,19.2,80.14,65.0,8.5,2.69,57.13,31.06
稻纵卷叶螟,RLF,横溪街道稻纵_1_2_诱虫量,横溪街道稻纵,江苏省南京市江宁区,2023-06-25,7,8.0,28.505714285714284,86.53571428571429,2023,25,31.4,20.5,87.57,74.57,82.3,2.55,29.04,21.42
稻纵卷叶螟,RLF,横溪街道稻纵_1_2_诱虫量,横溪街道稻纵,江苏省南京市江宁区,2023-07-02,7,9.0,29.677142857142858,86.96285714285715,2023,26,32.8,21.5,86.29,78.86,64.0,2.94,49.98,24.98
稻纵卷叶螟,RLF,横溪街道稻纵_1_2_诱虫量,横溪街道稻纵,江苏省南京市江宁区,2023-07-09,7,13.0,29.905714285714286,86.60714285714286,2023,27,32.9,23.9,87.86,82.29,123.1,3.4,45.76,24.46
稻纵卷叶螟,RLF,横溪街道稻纵_1_2_诱虫量,横溪街道稻纵,江苏省南京市江宁区,2023-07-16,7,10.0,28.274285714285714,91.26714285714286,2023,28,34.9,24.6,84.57,77.0,27.6,3.38,49.19,28.48
稻纵卷叶螟,RLF,横溪街道稻纵_1_2_诱虫量,横溪街道稻纵,江苏省南京市江宁区,2023-07-23,7,6.0,29.41,85.95428571428572,2023,29,31.5,23.5,89.43,84.71,117.0,2.29,34.08,19.55
稻纵卷叶螟,RLF,横溪街道稻纵_1_2_诱虫量,横溪街道稻纵,江苏省南京市江宁区,2023-07-30,7,4.0,30.868571428571432,83.35571428571428,2023,30,33.2,25.1,86.86,80.86,44.3,3.98,65.75,29.7
稻纵卷叶螟,RLF,横溪街道稻纵_1_2_诱虫量,横溪街道稻纵,江苏省南京市江宁区,2023-08-06,7,8.0,30.837142857142858,79.66142857142857,2023,31,34.0,25.0,86.43,76.43,17.1,3.1,81.36,32.83
稻纵卷叶螟,RLF,横溪街道稻纵_1_2_诱虫量,横溪街道稻纵,江苏省南京市江宁区,2023-08-13,6,1.0,30.111666666666668,82.94833333333334,2023,32,35.1,24.0,83.71,75.14,10.3,2.08,79.69,33.11
稻纵卷叶螟,RLF,横溪街道稻纵_1_2_诱虫量,横溪街道稻纵,江苏省南京市江宁区,2023-08-20,7,2.0,29.40285714285714,80.85142857142857,2023,33,33.7,23.9,86.57,81.29,26.5,2.19,77.01,29.64
稻纵卷叶螟,RLF,横溪街道稻纵_1_2_诱虫量,横溪街道稻纵,江苏省南京市江宁区,2023-08-27,7,0.0,24.954285714285714,86.12,2023,34,32.0,22.4,82.71,72.0,27.1,2.8,70.93,31.5
稻纵卷叶螟,RLF,横溪街道稻纵_1_2_诱虫量,横溪街道稻纵,江苏省南京市江宁区,2023-09-03,7,2.0,27.80857142857143,81.79857142857144,2023,35,29.4,18.5,86.86,78.57,59.2,2.79,42.5,22.49
稻纵卷叶螟,RLF,横溪街道稻纵_1_2_诱虫量,横溪街道稻纵,江苏省南京市江宁区,2023-09-10,7,1.0,25.584285714285716,88.91142857142857,2023,36,31.0,21.7,88.0,73.71,2.5,2.83,74.88,29.19
稻纵卷叶螟,RLF,横溪街道稻纵_1_2_诱虫量,横溪街道稻纵,江苏省南京市江宁区,2023-09-17,7,1.0,24.05,89.29428571428572,2023,37,31.4,20.4,87.43,82.14,74.6,2.74,29.78,17.15
稻纵卷叶螟,RLF,横溪街道稻纵_1_2_诱虫量,横溪街道稻纵,江苏省南京市江宁区,2023-09-24,7,0.0,24.330000000000002,89.17714285714285,2023,38,32.0,18.8,88.57,77.57,41.3,2.51,30.18,16.82
稻纵卷叶螟,RLF,横溪街道稻纵_1_2_诱虫量,横溪街道稻纵,江苏省南京市江宁区,2023-10-01,7,0.0,20.462857142857143,81.88,2023,39,28.2,19.1,89.57,82.43,13.3,2.19,45.28,17.44
稻纵卷叶螟,RLF,横溪街道稻纵_1_2_诱虫量,横溪街道稻纵,江苏省南京市江宁区,2023-10-08,7,1.0,20.072857142857142,80.00285714285714,2023,40,25.5,15.7,80.86,71.71,21.7,3.55,38.52,19.59
稻纵卷叶螟,RLF,横溪街道稻纵_1_2_诱虫量,横溪街道稻纵,江苏省南京市江宁区,2023-10-15,7,0.0,18.664285714285715,74.27,2023,41,23.6,13.5,84.86,74.14,0.0,2.05,50.14,17.04
稻纵卷叶螟,RLF,横溪街道稻纵_1_2_诱虫量,横溪街道稻纵,江苏省南京市江宁区,2023-10-22,7,0.0,19.27857142857143,78.74142857142856,2023,42,26.1,9.6,84.43,62.0,4.0,2.46,71.43,22.45
稻纵卷叶螟,RLF,横溪街道稻纵_1_2_诱虫量,横溪街道稻纵,江苏省南京市江宁区,2023-10-29,2,0.0,18.86,80.52,2023,43,25.6,9.6,85.14,64.29,0.0,1.94,60.15,18.61
稻纵卷叶螟,RLF,横溪街道稻纵_1_2_诱虫量,横溪街道稻纵,江苏省南京市江宁区,2024-05-26,1,0.0,23.75,69.46,2024,21,,,,,,,,
稻纵卷叶螟,RLF,横溪街道稻纵_1_2_诱虫量,横溪街道稻纵,江苏省南京市江宁区,2024-06-02,7,0.0,24.017142857142858,75.22857142857143,2024,22,26.9,14.2,77.71,68.43,42.5,2.69,50.74,25.99
稻纵卷叶螟,RLF,横溪街道稻纵_1_2_诱虫量,横溪街道稻纵,江苏省南京市江宁区,2024-06-09,7,0.0,28.947142857142858,76.27857142857144,2024,23,30.9,17.1,76.86,61.71,5.2,2.43,62.66,30.94
稻纵卷叶螟,RLF,横溪街道稻纵_1_2_诱虫量,横溪街道稻纵,江苏省南京市江宁区,2024-06-16,7,0.0,27.854285714285712,82.48714285714286,2024,24,34.2,20.7,79.71,58.71,0.7,2.43,71.14,35.09
稻纵卷叶螟,RLF,横溪街道稻纵_1_2_诱虫量,横溪街道稻纵,江苏省南京市江宁区,2024-06-23,7,0.0,25.212857142857143,93.23714285714287,2024,25,32.3,21.3,85.0,69.86,96.1,3.32,46.58,27.17
稻纵卷叶螟,RLF,横溪街道稻纵_1_2_诱虫量,横溪街道稻纵,江苏省南京市江宁区,2024-06-30,7,0.0,29.801428571428573,84.72714285714287,2024,26,30.9,20.7,88.71,85.57,179.0,2.73,26.58,17.62
稻纵卷叶螟,RLF,横溪街道稻纵_1_2_诱虫量,横溪街道稻纵,江苏省南京市江宁区,2024-07-07,7,0.0,28.68285714285714,88.63714285714286,2024,27,34.9,22.6,81.14,78.57,41.8,4.14,62.65,32.6
稻纵卷叶螟,RLF,横溪街道稻纵_1_2_诱虫量,横溪街道稻纵,江苏省南京市江宁区,2024-07-14,7,0.0,30.53142857142857,87.46571428571428,2024,28,35.0,21.4,88.57,86.0,168.8,2.44,20.72,18.18
稻纵卷叶螟,RLF,横溪街道稻纵_1_2_诱虫量,横溪街道稻纵,江苏省南京市江宁区,2024-07-21,7,0.0,32.05571428571428,82.51428571428572,2024,29,35.2,24.3,81.86,78.57,22.4,3.39,35.37,25.73
稻纵卷叶螟,RLF,横溪街道稻纵_1_2_诱虫量,横溪街道稻纵,江苏省南京市江宁区,2024-07-28,7,0.0,33.07857142857143,80.38428571428572,2024,30,36.7,27.0,80.57,71.86,6.1,4.7,71.71,37.84
稻纵卷叶螟,RLF,横溪街道稻纵_1_2_诱虫量,横溪街道稻纵,江苏省南京市江宁区,2024-08-04,7,3.0,33.52428571428572,76.9042857142857,2024,31,37.5,27.6,76.0,71.57,9.5,2.75,86.5,40.56
稻纵卷叶螟,RLF,横溪街道稻纵_1_2_诱虫量,横溪街道稻纵,江苏省南京市江宁区,2024-08-11,7,17.0,30.69,83.46857142857142,2024,32,37.8,27.1,76.86,66.71,62.0,1.88,83.96,39.02
稻纵卷叶螟,RLF,横溪街道稻纵_1_2_诱虫量,横溪街道稻纵,江苏省南京市江宁区,2024-08-18,7,26.0,30.822857142857142,86.2957142857143,2024,33,36.3,24.9,84.43,67.71,34.3,2.42,75.24,33.56
稻纵卷叶螟,RLF,横溪街道稻纵_1_2_诱虫量,横溪街道稻纵,江苏省南京市江宁区,2024-08-25,7,88.0,30.448571428571427,85.36714285714287,2024,34,34.7,25.4,84.71,77.86,50.4,1.93,64.42,27.34
稻纵卷叶螟,RLF,横溪街道稻纵_1_2_诱虫量,横溪街道稻纵,江苏省南京市江宁区,2024-09-01,7,265.0,30.784285714285716,83.24571428571429,2024,35,35.2,24.1,83.43,71.71,6.3,2.35,74.77,30.13
稻纵卷叶螟,RLF,横溪街道稻纵_1_2_诱虫量,横溪街道稻纵,江苏省南京市江宁区,2024-09-08,7,112.0,29.784285714285716,88.70142857142856,2024,36,33.8,24.2,79.29,68.43,2.9,3.23,78.8,33.31
稻纵卷叶螟,RLF,横溪街道稻纵_1_2_诱虫量,横溪街道稻纵,江苏省南京市江宁区,2024-09-15,7,207.0,27.334285714285716,90.46142857142857,2024,37,33.8,23.6,88.14,80.14,83.0,3.4,57.66,23.89
稻纵卷叶螟,RLF,横溪街道稻纵_1_2_诱虫量,横溪街道稻纵,江苏省南京市江宁区,2024-09-22,7,37.0,23.482857142857142,86.61857142857143,2024,38,31.6,17.4,81.14,76.86,124.9,5.49,54.64,24.01
稻纵卷叶螟,RLF,横溪街道稻纵_1_2_诱虫量,横溪街道稻纵,江苏省南京市江宁区,2024-09-29,7,13.0,20.444285714285716,84.88428571428572,2024,39,29.1,15.8,86.14,76.0,15.1,2.67,66.18,23.31
稻纵卷叶螟,RLF,横溪街道稻纵_1_2_诱虫量,横溪街道稻纵,江苏省南京市江宁区,2024-10-06,7,12.0,18.794285714285714,88.87714285714286,2024,40,28.6,11.9,79.0,72.14,17.2,3.38,48.16,18.62
稻纵卷叶螟,RLF,横溪街道稻纵_1_2_诱虫量,横溪街道稻纵,江苏省南京市江宁区,2024-10-13,7,65.0,20.62857142857143,93.03,2024,41,25.2,13.1,85.0,74.71,16.7,2.16,49.5,16.94
稻纵卷叶螟,RLF,横溪街道稻纵_1_2_诱虫量,横溪街道稻纵,江苏省南京市江宁区,2024-10-20,7,21.0,16.857142857142858,89.08714285714287,2024,42,27.2,11.2,86.57,77.0,49.2,3.66,31.77,14.95
稻纵卷叶螟,RLF,横溪街道稻纵_1_2_诱虫量,横溪街道稻纵,江苏省南京市江宁区,2024-10-27,4,5.0,15.676666666666668,89.34333333333335,2024,43,22.3,8.6,88.29,80.43,20.0,3.16,35.15,12.25
稻纵卷叶螟,RLF,永宁街道青山村_1_24_诱虫量,永宁街道青山村,江苏省南京市浦口区,2023-05-28,3,3.0,27.55666666666667,54.81333333333333,2023,21,,,,,,,,
稻纵卷叶螟,RLF,永宁街道青山村_1_24_诱虫量,永宁街道青山村,江苏省南京市浦口区,2023-06-04,7,0.0,24.75857142857143,74.68142857142857,2023,22,32.3,20.1,84.14,74.14,29.6,2.38,48.59,25.72
稻纵卷叶螟,RLF,永宁街道青山村_1_24_诱虫量,永宁街道青山村,江苏省南京市浦口区,2023-06-11,7,1.0,27.181428571428572,66.34142857142857,2023,23,34.2,16.0,80.43,75.0,31.1,2.66,59.78,28.9
稻纵卷叶螟,RLF,永宁街道青山村_1_24_诱虫量,永宁街道青山村,江苏省南京市浦口区,2023-06-18,7,0.0,26.32857142857143,80.44714285714285,2023,24,32.4,19.2,80.14,65.0,8.5,2.69,57.13,31.06
稻纵卷叶螟,RLF,永宁街道青山村_1_24_诱虫量,永宁街道青山村,江苏省南京市浦口区,2023-06-25,7,0.0,28.517142857142858,79.48142857142857,2023,25,31.4,20.5,87.57,74.57,82.3,2.55,29.04,21.42
稻纵卷叶螟,RLF,永宁街道青山村_1_24_诱虫量,永宁街道青山村,江苏省南京市浦口区,2023-07-02,7,0.0,29.25714285714286,82.14999999999999,2023,26,32.8,21.5,86.29,78.86,64.0,2.94,49.98,24.98
稻纵卷叶螟,RLF,永宁街道青山村_1_24_诱虫量,永宁街道青山村,江苏省南京市浦口区,2023-07-09,7,0.0,30.359999999999996,78.67571428571429,2023,27,32.9,23.9,87.86,82.29,123.1,3.4,45.76,24.46
稻纵卷叶螟,RLF,永宁街道青山村_1_24_诱虫量,永宁街道青山村,江苏省南京市浦口区,2023-07-16,7,16.0,27.834285714285716,85.93571428571428,2023,28,34.9,24.6,84.57,77.0,27.6,3.38,49.19,28.48
稻纵卷叶螟,RLF,永宁街道青山村_1_24_诱虫量,永宁街道青山村,江苏省南京市浦口区,2023-07-23,7,167.0,30.075714285714287,78.74,2023,29,31.5,23.5,89.43,84.71,117.0,2.29,34.08,19.55
稻纵卷叶螟,RLF,永宁街道青山村_1_24_诱虫量,永宁街道青山村,江苏省南京市浦口区,2023-07-30,7,233.0,31.548571428571428,75.95714285714287,2023,30,33.2,25.1,86.86,80.86,44.3,3.98,65.75,29.7
稻纵卷叶螟,RLF,永宁街道青山村_1_24_诱虫量,永宁街道青山村,江苏省南京市浦口区,2023-08-06,7,153.0,30.337142857142858,77.40428571428572,2023,31,34.0,25.0,86.43,76.43,17.1,3.1,81.36,32.83
稻纵卷叶螟,RLF,永宁街道青山村_1_24_诱虫量,永宁街道青山村,江苏省南京市浦口区,2023-08-13,7,229.0,30.67833333333333,77.31833333333333,2023,32,35.1,24.0,83.71,75.14,10.3,2.08,79.69,33.11
稻纵卷叶螟,RLF,永宁街道青山村_1_24_诱虫量,永宁街道青山村,江苏省南京市浦口区,2023-08-20,7,110.0,29.381428571428575,75.76428571428572,2023,33,33.7,23.9,86.57,81.29,26.5,2.19,77.01,29.64
稻纵卷叶螟,RLF,永宁街道青山村_1_24_诱虫量,永宁街道青山村,江苏省南京市浦口区,2023-08-27,7,35.0,25.22,82.05714285714285,2023,34,32.0,22.4,82.71,72.0,27.1,2.8,70.93,31.5
稻纵卷叶螟,RLF,永宁街道青山村_1_24_诱虫量,永宁街道青山村,江苏省南京市浦口区,2023-09-03,7,4.0,27.36285714285714,79.69142857142857,2023,35,29.4,18.5,86.86,78.57,59.2,2.79,42.5,22.49
稻纵卷叶螟,RLF,永宁街道青山村_1_24_诱虫量,永宁街道青山村,江苏省南京市浦口区,2023-09-10,7,0.0,24.08857142857143,88.67142857142856,2023,36,31.0,21.7,88.0,73.71,2.5,2.83,74.88,29.19
稻纵卷叶螟,RLF,永宁街道青山村_1_24_诱虫量,永宁街道青山村,江苏省南京市浦口区,2023-09-17,7,1.0,23.885714285714283,86.30571428571429,2023,37,31.4,20.4,87.43,82.14,74.6,2.74,29.78,17.15
稻纵卷叶螟,RLF,永宁街道青山村_1_24_诱虫量,永宁街道青山村,江苏省南京市浦口区,2023-09-24,7,0.0,23.2,88.14142857142858,2023,38,32.0,18.8,88.57,77.57,41.3,2.51,30.18,16.82
稻纵卷叶螟,RLF,永宁街道青山村_1_24_诱虫量,永宁街道青山村,江苏省南京市浦口区,2023-10-01,7,0.0,20.15,79.68142857142857,2023,39,28.2,19.1,89.57,82.43,13.3,2.19,45.28,17.44
稻纵卷叶螟,RLF,永宁街道青山村_1_24_诱虫量,永宁街道青山村,江苏省南京市浦口区,2023-10-08,7,0.0,18.972857142857144,80.88714285714286,2023,40,25.5,15.7,80.86,71.71,21.7,3.55,38.52,19.59
稻纵卷叶螟,RLF,永宁街道青山村_1_24_诱虫量,永宁街道青山村,江苏省南京市浦口区,2023-10-15,7,0.0,18.407142857142855,74.01142857142858,2023,41,23.6,13.5,84.86,74.14,0.0,2.05,50.14,17.04
稻纵卷叶螟,RLF,永宁街道青山村_1_24_诱虫量,永宁街道青山村,江苏省南京市浦口区,2023-10-22,7,0.0,18.235714285714288,78.3442857142857,2023,42,26.1,9.6,84.43,62.0,4.0,2.46,71.43,22.45
稻纵卷叶螟,RLF,永宁街道青山村_1_24_诱虫量,永宁街道青山村,江苏省南京市浦口区,2023-10-29,2,0.0,18.56,77.3,2023,43,25.6,9.6,85.14,64.29,0.0,1.94,60.15,18.61
稻纵卷叶螟,RLF,永宁街道青山村_1_24_诱虫量,永宁街道青山村,江苏省南京市浦口区,2024-05-26,1,14.0,25.05,51.72,2024,21,,,,,,,,
稻纵卷叶螟,RLF,永宁街道青山村_1_24_诱虫量,永宁街道青山村,江苏省南京市浦口区,2024-06-02,7,35.0,25.545714285714286,62.871428571428574,2024,22,26.9,14.2,77.71,68.43,42.5,2.69,50.74,25.99
稻纵卷叶螟,RLF,永宁街道青山村_1_24_诱虫量,永宁街道青山村,江苏省南京市浦口区,2024-06-09,7,13.0,30.092857142857145,64.67857142857143,2024,23,30.9,17.1,76.86,61.71,5.2,2.43,62.66,30.94
稻纵卷叶螟,RLF,永宁街道青山村_1_24_诱虫量,永宁街道青山村,江苏省南京市浦口区,2024-06-16,7,5.0,28.252857142857145,74.72857142857143,2024,24,34.2,20.7,79.71,58.71,0.7,2.43,71.14,35.09
稻纵卷叶螟,RLF,永宁街道青山村_1_24_诱虫量,永宁街道青山村,江苏省南京市浦口区,2024-06-23,7,4.0,25.51142857142857,86.78285714285714,2024,25,32.3,21.3,85.0,69.86,96.1,3.32,46.58,27.17
稻纵卷叶螟,RLF,永宁街道青山村_1_24_诱虫量,永宁街道青山村,江苏省南京市浦口区,2024-06-30,7,0.0,29.62714285714286,80.46571428571428,2024,26,30.9,20.7,88.71,85.57,179.0,2.73,26.58,17.62
稻纵卷叶螟,RLF,永宁街道青山村_1_24_诱虫量,永宁街道青山村,江苏省南京市浦口区,2024-07-07,7,1.0,27.92142857142857,86.51857142857143,2024,27,34.9,22.6,81.14,78.57,41.8,4.14,62.65,32.6
稻纵卷叶螟,RLF,永宁街道青山村_1_24_诱虫量,永宁街道青山村,江苏省南京市浦口区,2024-07-14,7,1.0,30.28857142857143,82.40714285714286,2024,28,35.0,21.4,88.57,86.0,168.8,2.44,20.72,18.18
稻纵卷叶螟,RLF,永宁街道青山村_1_24_诱虫量,永宁街道青山村,江苏省南京市浦口区,2024-07-21,7,7.0,32.965714285714284,73.22428571428573,2024,29,35.2,24.3,81.86,78.57,22.4,3.39,35.37,25.73
稻纵卷叶螟,RLF,永宁街道青山村_1_24_诱虫量,永宁街道青山村,江苏省南京市浦口区,2024-07-28,7,3.0,33.42142857142857,73.98714285714286,2024,30,36.7,27.0,80.57,71.86,6.1,4.7,71.71,37.84
稻纵卷叶螟,RLF,永宁街道青山村_1_24_诱虫量,永宁街道青山村,江苏省南京市浦口区,2024-08-04,7,47.0,34.255714285714284,72.05857142857143,2024,31,37.5,27.6,76.0,71.57,9.5,2.75,86.5,40.56
稻纵卷叶螟,RLF,永宁街道青山村_1_24_诱虫量,永宁街道青山村,江苏省南京市浦口区,2024-08-11,7,108.0,31.602857142857143,77.67714285714285,2024,32,37.8,27.1,76.86,66.71,62.0,1.88,83.96,39.02
稻纵卷叶螟,RLF,永宁街道青山村_1_24_诱虫量,永宁街道青山村,江苏省南京市浦口区,2024-08-18,7,66.0,30.595714285714287,83.09285714285714,2024,33,36.3,24.9,84.43,67.71,34.3,2.42,75.24,33.56
稻纵卷叶螟,RLF,永宁街道青山村_1_24_诱虫量,永宁街道青山村,江苏省南京市浦口区,2024-08-25,7,792.0,30.47714285714286,81.5657142857143,2024,34,34.7,25.4,84.71,77.86,50.4,1.93,64.42,27.34
稻纵卷叶螟,RLF,永宁街道青山村_1_24_诱虫量,永宁街道青山村,江苏省南京市浦口区,2024-09-01,7,742.0,29.931428571428572,81.66857142857144,2024,35,35.2,24.1,83.43,71.71,6.3,2.35,74.77,30.13
稻纵卷叶螟,RLF,永宁街道青山村_1_24_诱虫量,永宁街道青山村,江苏省南京市浦口区,2024-09-08,7,139.0,29.349999999999998,85.73428571428572,2024,36,33.8,24.2,79.29,68.43,2.9,3.23,78.8,33.31
稻纵卷叶螟,RLF,永宁街道青山村_1_24_诱虫量,永宁街道青山村,江苏省南京市浦口区,2024-09-15,7,55.0,25.90142857142857,89.74857142857142,2024,37,33.8,23.6,88.14,80.14,83.0,3.4,57.66,23.89
稻纵卷叶螟,RLF,永宁街道青山村_1_24_诱虫量,永宁街道青山村,江苏省南京市浦口区,2024-09-22,7,6.0,22.712857142857143,82.92857142857143,2024,38,31.6,17.4,81.14,76.86,124.9,5.49,54.64,24.01
稻纵卷叶螟,RLF,永宁街道青山村_1_24_诱虫量,永宁街道青山村,江苏省南京市浦口区,2024-09-29,7,1.0,19.57,80.99142857142859,2024,39,29.1,15.8,86.14,76.0,15.1,2.67,66.18,23.31
稻纵卷叶螟,RLF,永宁街道青山村_1_24_诱虫量,永宁街道青山村,江苏省南京市浦口区,2024-10-06,7,2.0,18.454285714285714,84.91714285714285,2024,40,28.6,11.9,79.0,72.14,17.2,3.38,48.16,18.62
稻纵卷叶螟,RLF,永宁街道青山村_1_24_诱虫量,永宁街道青山村,江苏省南京市浦口区,2024-10-13,7,13.0,19.837142857142858,89.15714285714286,2024,41,25.2,13.1,85.0,74.71,16.7,2.16,49.5,16.94
稻纵卷叶螟,RLF,永宁街道青山村_1_24_诱虫量,永宁街道青山村,江苏省南京市浦口区,2024-10-20,7,4.0,15.441428571428572,87.86714285714285,2024,42,27.2,11.2,86.57,77.0,49.2,3.66,31.77,14.95
稻纵卷叶螟,RLF,永宁街道青山村_1_24_诱虫量,永宁街道青山村,江苏省南京市浦口区,2024-10-27,4,4.0,14.62,85.08999999999999,2024,43,22.3,8.6,88.29,80.43,20.0,3.16,35.15,12.25
稻纵卷叶螟,RLF,永宁街道青山村_1_28_诱虫量,永宁街道青山村,江苏省南京市浦口区,2023-04-09,6,6.0,20.215,56.38,2023,14,,,,,,,,
稻纵卷叶螟,RLF,永宁街道青山村_1_28_诱虫量,永宁街道青山村,江苏省南京市浦口区,2023-04-16,7,0.0,20.62857142857143,65.31428571428572,2023,15,,,,,,,,
稻纵卷叶螟,RLF,永宁街道青山村_1_28_诱虫量,永宁街道青山村,江苏省南京市浦口区,2023-04-23,7,0.0,16.295714285714286,69.82142857142857,2023,16,,,,,,,,
稻纵卷叶螟,RLF,永宁街道青山村_1_28_诱虫量,永宁街道青山村,江苏省南京市浦口区,2023-04-30,7,0.0,21.118571428571432,73.74857142857142,2023,17,,,,,,,,
稻纵卷叶螟,RLF,永宁街道青山村_1_28_诱虫量,永宁街道青山村,江苏省南京市浦口区,2023-05-07,7,0.0,19.907142857142855,63.042857142857144,2023,18,,,,,,,,
稻纵卷叶螟,RLF,永宁街道青山村_1_28_诱虫量,永宁街道青山村,江苏省南京市浦口区,2023-05-14,7,5.0,24.807142857142857,65.17999999999999,2023,19,,,,,,,,
稻纵卷叶螟,RLF,永宁街道青山村_1_28_诱虫量,永宁街道青山村,江苏省南京市浦口区,2023-05-21,7,4.0,22.574285714285715,68.64428571428572,2023,20,,,,,,,,
稻纵卷叶螟,RLF,永宁街道青山村_1_28_诱虫量,永宁街道青山村,江苏省南京市浦口区,2023-05-28,4,3.0,24.5225,84.1925,2023,21,,,,,,,,
稻纵卷叶螟,RLF,永宁街道青山村_1_28_诱虫量,永宁街道青山村,江苏省南京市浦口区,2023-10-29,5,0.0,20.926,74.954,2023,43,25.6,9.6,85.14,64.29,0.0,1.94,60.15,18.61
稻纵卷叶螟,RLF,永宁街道青山村_1_28_诱虫量,永宁街道青山村,江苏省南京市浦口区,2023-11-05,5,0.0,10.9875,87.935,2023,44,27.6,12.9,83.57,69.14,0.8,2.48,60.23,19.36
稻纵卷叶螟,RLF,永宁街道青山村_1_28_诱虫量,永宁街道青山村,江苏省南京市浦口区,2023-11-12,7,0.0,8.77,66.52142857142857,2023,45,,,,,,,,
稻纵卷叶螟,RLF,永宁街道青山村_1_28_诱虫量,永宁街道青山村,江苏省南京市浦口区,2023-11-19,7,0.0,10.985714285714286,68.87142857142858,2023,46,,,,,,,,
稻纵卷叶螟,RLF,永宁街道青山村_1_28_诱虫量,永宁街道青山村,江苏省南京市浦口区,2023-11-26,7,0.0,6.958571428571429,68.61,2023,47,,,,,,,,
稻纵卷叶螟,RLF,永宁街道青山村_1_28_诱虫量,永宁街道青山村,江苏省南京市浦口区,2023-12-03,7,0.0,11.287142857142857,66.13285714285715,2023,48,,,,,,,,
稻纵卷叶螟,RLF,永宁街道青山村_1_28_诱虫量,永宁街道青山村,江苏省南京市浦口区,2023-12-10,7,0.0,3.922857142857143,85.64714285714285,2023,49,,,,,,,,
稻纵卷叶螟,RLF,永宁街道青山村_1_28_诱虫量,永宁街道青山村,江苏省南京市浦口区,2023-12-17,7,0.0,-2.025714285714286,71.25,2023,50,,,,,,,,
稻纵卷叶螟,RLF,永宁街道青山村_1_28_诱虫量,永宁街道青山村,江苏省南京市浦口区,2023-12-24,7,0.0,4.8428571428571425,80.35428571428572,2023,51,,,,,,,,
稻纵卷叶螟,RLF,永宁街道青山村_1_28_诱虫量,永宁街道青山村,江苏省南京市浦口区,2023-12-31,7,0.0,3.8871428571428575,84.39857142857143,2023,52,,,,,,,,
稻纵卷叶螟,RLF,永宁街道青山村_1_28_诱虫量,永宁街道青山村,江苏省南京市浦口区,2024-01-07,7,0.0,5.381428571428572,76.05428571428571,2024,1,,,,,,,,
稻纵卷叶螟,RLF,永宁街道青山村_1_28_诱虫量,永宁街道青山村,江苏省南京市浦口区,2024-01-14,7,0.0,4.228571428571429,85.65857142857143,2024,2,,,,,,,,
稻纵卷叶螟,RLF,永宁街道青山村_1_28_诱虫量,永宁街道青山村,江苏省南京市浦口区,2024-01-21,7,0.0,-0.4257142857142857,69.72714285714287,2024,3,,,,,,,,
稻纵卷叶螟,RLF,永宁街道青山村_1_28_诱虫量,永宁街道青山村,江苏省南京市浦口区,2024-01-28,7,0.0,3.9971428571428573,85.17999999999999,2024,4,,,,,,,,
稻纵卷叶螟,RLF,永宁街道青山村_1_28_诱虫量,永宁街道青山村,江苏省南京市浦口区,2024-02-04,7,0.0,2.1514285714285717,81.83285714285714,2024,5,,,,,,,,
稻纵卷叶螟,RLF,永宁街道青山村_1_28_诱虫量,永宁街道青山村,江苏省南京市浦口区,2024-02-11,7,0.0,10.444285714285714,67.9,2024,6,,,,,,,,
稻纵卷叶螟,RLF,永宁街道青山村_1_28_诱虫量,永宁街道青山村,江苏省南京市浦口区,2024-02-18,7,0.0,2.5285714285714285,88.58714285714287,2024,7,,,,,,,,
稻纵卷叶螟,RLF,永宁街道青山村_1_28_诱虫量,永宁街道青山村,江苏省南京市浦口区,2024-02-25,7,0.0,3.988571428571429,75.54714285714286,2024,8,,,,,,,,
稻纵卷叶螟,RLF,永宁街道青山村_1_28_诱虫量,永宁街道青山村,江苏省南京市浦口区,2024-03-03,7,0.0,8.281428571428572,74.17571428571429,2024,9,,,,,,,,
稻纵卷叶螟,RLF,永宁街道青山村_1_28_诱虫量,永宁街道青山村,江苏省南京市浦口区,2024-03-10,7,2.0,13.33,66.31285714285714,2024,10,,,,,,,,
稻纵卷叶螟,RLF,永宁街道青山村_1_28_诱虫量,永宁街道青山村,江苏省南京市浦口区,2024-03-17,7,0.0,13.478571428571428,64.54857142857144,2024,11,,,,,,,,
稻纵卷叶螟,RLF,永宁街道青山村_1_28_诱虫量,永宁街道青山村,江苏省南京市浦口区,2024-03-24,7,0.0,15.112857142857143,79.68857142857142,2024,12,,,,,,,,
稻纵卷叶螟,RLF,永宁街道青山村_1_28_诱虫量,永宁街道青山村,江苏省南京市浦口区,2024-03-31,7,4.0,16.708571428571428,71.8442857142857,2024,13,,,,,,,,
稻纵卷叶螟,RLF,永宁街道青山村_1_28_诱虫量,永宁街道青山村,江苏省南京市浦口区,2024-04-07,7,11.0,17.967142857142857,76.79857142857144,2024,14,,,,,,,,
稻纵卷叶螟,RLF,永宁街道青山村_1_28_诱虫量,永宁街道青山村,江苏省南京市浦口区,2024-04-14,7,14.0,18.884285714285713,77.36714285714287,2024,15,,,,,,,,
稻纵卷叶螟,RLF,永宁街道青山村_1_28_诱虫量,永宁街道青山村,江苏省南京市浦口区,2024-04-21,7,17.0,21.328571428571426,69.91,2024,16,,,,,,,,
稻纵卷叶螟,RLF,永宁街道青山村_1_28_诱虫量,永宁街道青山村,江苏省南京市浦口区,2024-04-28,7,22.0,17.821428571428573,76.78,2024,17,,,,,,,,
稻纵卷叶螟,RLF,永宁街道青山村_1_28_诱虫量,永宁街道青山村,江苏省南京市浦口区,2024-05-05,7,77.0,21.051428571428573,73.58285714285715,2024,18,,,,,,,,
稻纵卷叶螟,RLF,永宁街道青山村_1_28_诱虫量,永宁街道青山村,江苏省南京市浦口区,2024-05-12,7,213.0,25.419999999999998,54.535714285714285,2024,19,,,,,,,,
稻纵卷叶螟,RLF,永宁街道青山村_1_28_诱虫量,永宁街道青山村,江苏省南京市浦口区,2024-05-19,7,237.0,27.094285714285714,66.56857142857143,2024,20,,,,,,,,
稻纵卷叶螟,RLF,永宁街道青山村_1_28_诱虫量,永宁街道青山村,江苏省南京市浦口区,2024-05-26,6,33.0,22.933333333333334,71.45333333333333,2024,21,,,,,,,,
稻纵卷叶螟,RLF,永宁街道青山村_1_28_诱虫量,永宁街道青山村,江苏省南京市浦口区,2024-10-27,3,0.0,16.746666666666666,83.56333333333333,2024,43,22.3,8.6,88.29,80.43,20.0,3.16,35.15,12.25
稻纵卷叶螟,RLF,永宁街道青山村_1_28_诱虫量,永宁街道青山村,江苏省南京市浦口区,2024-11-03,7,0.0,14.392857142857142,79.81285714285715,2024,44,22.0,9.3,87.57,74.57,6.8,2.95,55.84,15.81
稻纵卷叶螟,RLF,永宁街道青山村_1_28_诱虫量,永宁街道青山村,江苏省南京市浦口区,2024-11-10,7,0.0,17.835714285714285,84.85000000000001,2024,45,,,,,,,,
稻纵卷叶螟,RLF,永宁街道青山村_1_28_诱虫量,永宁街道青山村,江苏省南京市浦口区,2024-11-17,7,0.0,10.337142857142856,79.89285714285714,2024,46,,,,,,,,
稻纵卷叶螟,RLF,永宁街道青山村_1_28_诱虫量,永宁街道青山村,江苏省南京市浦口区,2024-11-24,7,0.0,8.125714285714286,71.75428571428571,2024,47,,,,,,,,
稻纵卷叶螟,RLF,永宁街道青山村_1_28_诱虫量,永宁街道青山村,江苏省南京市浦口区,2024-12-01,7,0.0,8.555714285714286,80.00999999999999,2024,48,,,,,,,,
稻纵卷叶螟,RLF,永宁街道青山村_1_28_诱虫量,永宁街道青山村,江苏省南京市浦口区,2024-12-08,7,0.0,4.475714285714286,74.65285714285713,2024,49,,,,,,,,
稻纵卷叶螟,RLF,永宁街道青山村_1_28_诱虫量,永宁街道青山村,江苏省南京市浦口区,2024-12-15,7,0.0,2.597142857142857,69.68142857142857,2024,50,,,,,,,,
稻纵卷叶螟,RLF,永宁街道青山村_1_28_诱虫量,永宁街道青山村,江苏省南京市浦口区,2024-12-22,7,0.0,3.527142857142857,67.06857142857143,2024,51,,,,,,,,
稻纵卷叶螟,RLF,永宁街道青山村_1_28_诱虫量,永宁街道青山村,江苏省南京市浦口区,2024-12-29,3,0.0,4.415,61.11,2024,52,,,,,,,,
稻纵卷叶螟,RLF,江宁街道稻纵_1_30_诱虫量,江宁街道稻纵,江苏省南京市江宁区,2023-05-28,3,0.0,27.05666666666667,69.07666666666667,2023,21,,,,,,,,
稻纵卷叶螟,RLF,江宁街道稻纵_1_30_诱虫量,江宁街道稻纵,江苏省南京市江宁区,2023-06-04,7,0.0,25.914285714285715,79.37714285714286,2023,22,32.3,20.1,84.14,74.14,29.6,2.38,48.59,25.72
稻纵卷叶螟,RLF,江宁街道稻纵_1_30_诱虫量,江宁街道稻纵,江苏省南京市江宁区,2023-06-11,7,0.0,26.861428571428572,79.04142857142857,2023,23,34.2,16.0,80.43,75.0,31.1,2.66,59.78,28.9
稻纵卷叶螟,RLF,江宁街道稻纵_1_30_诱虫量,江宁街道稻纵,江苏省南京市江宁区,2023-06-18,7,2.0,26.737142857142857,88.36571428571428,2023,24,32.4,19.2,80.14,65.0,8.5,2.69,57.13,31.06
稻纵卷叶螟,RLF,江宁街道稻纵_1_30_诱虫量,江宁街道稻纵,江苏省南京市江宁区,2023-06-25,7,0.0,29.562857142857144,85.46714285714286,2023,25,31.4,20.5,87.57,74.57,82.3,2.55,29.04,21.42
稻纵卷叶螟,RLF,江宁街道稻纵_1_30_诱虫量,江宁街道稻纵,江苏省南京市江宁区,2023-07-02,7,1.0,30.55857142857143,87.67857142857143,2023,26,32.8,21.5,86.29,78.86,64.0,2.94,49.98,24.98
稻纵卷叶螟,RLF,江宁街道稻纵_1_30_诱虫量,江宁街道稻纵,江苏省南京市江宁区,2023-07-09,7,1.0,30.798571428571428,86.64571428571428,2023,27,32.9,23.9,87.86,82.29,123.1,3.4,45.76,24.46
稻纵卷叶螟,RLF,江宁街道稻纵_1_30_诱虫量,江宁街道稻纵,江苏省南京市江宁区,2023-07-16,7,0.0,28.97,92.24285714285715,2023,28,34.9,24.6,84.57,77.0,27.6,3.38,49.19,28.48
稻纵卷叶螟,RLF,江宁街道稻纵_1_30_诱虫量,江宁街道稻纵,江苏省南京市江宁区,2023-07-23,7,0.0,29.685714285714287,89.96571428571428,2023,29,31.5,23.5,89.43,84.71,117.0,2.29,34.08,19.55
稻纵卷叶螟,RLF,江宁街道稻纵_1_30_诱虫量,江宁街道稻纵,江苏省南京市江宁区,2023-07-30,7,0.0,31.81142857142857,84.92714285714285,2023,30,33.2,25.1,86.86,80.86,44.3,3.98,65.75,29.7
稻纵卷叶螟,RLF,江宁街道稻纵_1_30_诱虫量,江宁街道稻纵,江苏省南京市江宁区,2023-08-06,7,8.0,32.16142857142857,81.10428571428572,2023,31,34.0,25.0,86.43,76.43,17.1,3.1,81.36,32.83
稻纵卷叶螟,RLF,江宁街道稻纵_1_30_诱虫量,江宁街道稻纵,江苏省南京市江宁区,2023-08-13,7,30.0,30.905,85.375,2023,32,35.1,24.0,83.71,75.14,10.3,2.08,79.69,33.11
稻纵卷叶螟,RLF,江宁街道稻纵_1_30_诱虫量,江宁街道稻纵,江苏省南京市江宁区,2023-08-20,7,36.0,30.03142857142857,82.43571428571428,2023,33,33.7,23.9,86.57,81.29,26.5,2.19,77.01,29.64
稻纵卷叶螟,RLF,江宁街道稻纵_1_30_诱虫量,江宁街道稻纵,江苏省南京市江宁区,2023-08-27,7,7.0,25.400000000000002,87.41,2023,34,32.0,22.4,82.71,72.0,27.1,2.8,70.93,31.5
稻纵卷叶螟,RLF,江宁街道稻纵_1_30_诱虫量,江宁街道稻纵,江苏省南京市江宁区,2023-09-03,7,6.0,27.94142857142857,85.82142857142857,2023,35,29.4,18.5,86.86,78.57,59.2,2.79,42.5,22.49
稻纵卷叶螟,RLF,江宁街道稻纵_1_30_诱虫量,江宁街道稻纵,江苏省南京市江宁区,2023-09-10,7,17.0,25.422857142857143,92.53857142857143,2023,36,31.0,21.7,88.0,73.71,2.5,2.83,74.88,29.19
稻纵卷叶螟,RLF,江宁街道稻纵_1_30_诱虫量,江宁街道稻纵,江苏省南京市江宁区,2023-09-17,7,13.0,24.61285714285714,90.50857142857141,2023,37,31.4,20.4,87.43,82.14,74.6,2.74,29.78,17.15
稻纵卷叶螟,RLF,江宁街道稻纵_1_30_诱虫量,江宁街道稻纵,江苏省南京市江宁区,2023-09-24,7,20.0,24.50857142857143,91.59571428571428,2023,38,32.0,18.8,88.57,77.57,41.3,2.51,30.18,16.82
稻纵卷叶螟,RLF,江宁街道稻纵_1_30_诱虫量,江宁街道稻纵,江苏省南京市江宁区,2023-10-01,7,4.0,20.50714285714286,86.66142857142857,2023,39,28.2,19.1,89.57,82.43,13.3,2.19,45.28,17.44
稻纵卷叶螟,RLF,江宁街道稻纵_1_30_诱虫量,江宁街道稻纵,江苏省南京市江宁区,2023-10-08,7,1.0,20.599999999999998,83.74,2023,40,25.5,15.7,80.86,71.71,21.7,3.55,38.52,19.59
稻纵卷叶螟,RLF,江宁街道稻纵_1_30_诱虫量,江宁街道稻纵,江苏省南京市江宁区,2023-10-15,7,0.0,19.488571428571426,75.9742857142857,2023,41,23.6,13.5,84.86,74.14,0.0,2.05,50.14,17.04
稻纵卷叶螟,RLF,江宁街道稻纵_1_30_诱虫量,江宁街道稻纵,江苏省南京市江宁区,2023-10-22,7,0.0,19.015714285714285,82.47285714285714,2023,42,26.1,9.6,84.43,62.0,4.0,2.46,71.43,22.45
稻纵卷叶螟,RLF,江宁街道稻纵_1_30_诱虫量,江宁街道稻纵,江苏省南京市江宁区,2023-10-29,2,0.0,19.63,80.16,2023,43,25.6,9.6,85.14,64.29,0.0,1.94,60.15,18.61
稻纵卷叶螟,RLF,江宁街道稻纵_1_30_诱虫量,江宁街道稻纵,江苏省南京市江宁区,2024-05-26,1,0.0,24.0,72.29,2024,21,,,,,,,,
稻纵卷叶螟,RLF,江宁街道稻纵_1_30_诱虫量,江宁街道稻纵,江苏省南京市江宁区,2024-06-02,7,0.0,24.698571428571427,77.58,2024,22,26.9,14.2,77.71,68.43,42.5,2.69,50.74,25.99
稻纵卷叶螟,RLF,江宁街道稻纵_1_30_诱虫量,江宁街道稻纵,江苏省南京市江宁区,2024-06-09,7,0.0,29.59142857142857,75.46857142857142,2024,23,30.9,17.1,76.86,61.71,5.2,2.43,62.66,30.94
稻纵卷叶螟,RLF,江宁街道稻纵_1_30_诱虫量,江宁街道稻纵,江苏省南京市江宁区,2024-06-16,7,4.0,27.994285714285716,85.56000000000002,2024,24,34.2,20.7,79.71,58.71,0.7,2.43,71.14,35.09
稻纵卷叶螟,RLF,江宁街道稻纵_1_30_诱虫量,江宁街道稻纵,江苏省南京市江宁区,2024-06-23,7,1.0,25.8,93.20142857142856,2024,25,32.3,21.3,85.0,69.86,96.1,3.32,46.58,27.17
稻纵卷叶螟,RLF,江宁街道稻纵_1_30_诱虫量,江宁街道稻纵,江苏省南京市江宁区,2024-06-30,7,1.0,30.305714285714284,86.32000000000001,2024,26,30.9,20.7,88.71,85.57,179.0,2.73,26.58,17.62
稻纵卷叶螟,RLF,江宁街道稻纵_1_30_诱虫量,江宁街道稻纵,江苏省南京市江宁区,2024-07-07,7,3.0,28.43857142857143,91.47,2024,27,34.9,22.6,81.14,78.57,41.8,4.14,62.65,32.6
稻纵卷叶螟,RLF,江宁街道稻纵_1_30_诱虫量,江宁街道稻纵,江苏省南京市江宁区,2024-07-14,7,1.0,31.048571428571428,88.48142857142857,2024,28,35.0,21.4,88.57,86.0,168.8,2.44,20.72,18.18
稻纵卷叶螟,RLF,江宁街道稻纵_1_30_诱虫量,江宁街道稻纵,江苏省南京市江宁区,2024-07-21,7,0.0,32.7,84.72571428571429,2024,29,35.2,24.3,81.86,78.57,22.4,3.39,35.37,25.73
稻纵卷叶螟,RLF,江宁街道稻纵_1_30_诱虫量,江宁街道稻纵,江苏省南京市江宁区,2024-07-28,7,2.0,34.37714285714286,80.29285714285713,2024,30,36.7,27.0,80.57,71.86,6.1,4.7,71.71,37.84
稻纵卷叶螟,RLF,江宁街道稻纵_1_30_诱虫量,江宁街道稻纵,江苏省南京市江宁区,2024-08-04,7,27.0,34.47,78.72285714285715,2024,31,37.5,27.6,76.0,71.57,9.5,2.75,86.5,40.56
稻纵卷叶螟,RLF,江宁街道稻纵_1_30_诱虫量,江宁街道稻纵,江苏省南京市江宁区,2024-08-11,7,7.0,31.701428571428572,83.82285714285715,2024,32,37.8,27.1,76.86,66.71,62.0,1.88,83.96,39.02
稻纵卷叶螟,RLF,江宁街道稻纵_1_30_诱虫量,江宁街道稻纵,江苏省南京市江宁区,2024-08-18,7,3.0,31.557142857142853,87.18285714285715,2024,33,36.3,24.9,84.43,67.71,34.3,2.42,75.24,33.56
稻纵卷叶螟,RLF,江宁街道稻纵_1_30_诱虫量,江宁街道稻纵,江苏省南京市江宁区,2024-08-25,7,29.0,31.52285714285714,85.81285714285714,2024,34,34.7,25.4,84.71,77.86,50.4,1.93,64.42,27.34
稻纵卷叶螟,RLF,江宁街道稻纵_1_30_诱虫量,江宁街道稻纵,江苏省南京市江宁区,2024-09-01,7,94.0,31.372857142857146,85.45428571428572,2024,35,35.2,24.1,83.43,71.71,6.3,2.35,74.77,30.13
稻纵卷叶螟,RLF,江宁街道稻纵_1_30_诱虫量,江宁街道稻纵,江苏省南京市江宁区,2024-09-08,7,42.0,29.648571428571426,91.74,2024,36,33.8,24.2,79.29,68.43,2.9,3.23,78.8,33.31
稻纵卷叶螟,RLF,江宁街道稻纵_1_30_诱虫量,江宁街道稻纵,江苏省南京市江宁区,2024-09-15,7,54.0,27.042857142857144,93.81428571428572,2024,37,33.8,23.6,88.14,80.14,83.0,3.4,57.66,23.89
稻纵卷叶螟,RLF,江宁街道稻纵_1_30_诱虫量,江宁街道稻纵,江苏省南京市江宁区,2024-09-22,7,121.0,23.390000000000004,89.43857142857144,2024,38,31.6,17.4,81.14,76.86,124.9,5.49,54.64,24.01
稻纵卷叶螟,RLF,江宁街道稻纵_1_30_诱虫量,江宁街道稻纵,江苏省南京市江宁区,2024-09-29,7,16.0,20.215714285714284,88.12571428571428,2024,39,29.1,15.8,86.14,76.0,15.1,2.67,66.18,23.31
稻纵卷叶螟,RLF,江宁街道稻纵_1_30_诱虫量,江宁街道稻纵,江苏省南京市江宁区,2024-10-06,7,10.0,18.83285714285714,90.46285714285715,2024,40,28.6,11.9,79.0,72.14,17.2,3.38,48.16,18.62
稻纵卷叶螟,RLF,江宁街道稻纵_1_30_诱虫量,江宁街道稻纵,江苏省南京市江宁区,2024-10-13,7,30.0,20.90142857142857,94.16,2024,41,25.2,13.1,85.0,74.71,16.7,2.16,49.5,16.94
稻纵卷叶螟,RLF,江宁街道稻纵_1_30_诱虫量,江宁街道稻纵,江苏省南京市江宁区,2024-10-20,7,16.0,16.435714285714287,92.19714285714285,2024,42,27.2,11.2,86.57,77.0,49.2,3.66,31.77,14.95
稻纵卷叶螟,RLF,江宁街道稻纵_1_30_诱虫量,江宁街道稻纵,江苏省南京市江宁区,2024-10-27,4,4.0,15.49,91.07,2024,43,22.3,8.6,88.29,80.43,20.0,3.16,35.15,12.25
稻纵卷叶螟,RLF,江宁街道稻纵_1_36_诱虫量,江宁街道稻纵,江苏省南京市江宁区,2023-01-01,7,0.0,6.452857142857143,77.18571428571428,2022,52,,,,,,,,
稻纵卷叶螟,RLF,江宁街道稻纵_1_36_诱虫量,江宁街道稻纵,江苏省南京市江宁区,2023-01-08,6,0.0,10.553333333333333,86.41666666666667,2023,1,,,,,,,,
稻纵卷叶螟,RLF,江宁街道稻纵_1_36_诱虫量,江宁街道稻纵,江苏省南京市江宁区,2023-01-15,7,0.0,3.634285714285714,77.4342857142857,2023,2,,,,,,,,
稻纵卷叶螟,RLF,江宁街道稻纵_1_36_诱虫量,江宁街道稻纵,江苏省南京市江宁区,2023-01-22,7,0.0,0.9657142857142859,75.56714285714285,2023,3,,,,,,,,
稻纵卷叶螟,RLF,江宁街道稻纵_1_36_诱虫量,江宁街道稻纵,江苏省南京市江宁区,2023-01-29,7,0.0,5.642857142857143,72.17857142857143,2023,4,,,,,,,,
稻纵卷叶螟,RLF,江宁街道稻纵_1_36_诱虫量,江宁街道稻纵,江苏省南京市江宁区,2023-02-05,7,0.0,7.6499999999999995,95.51714285714286,2023,5,,,,,,,,
稻纵卷叶螟,RLF,江宁街道稻纵_1_36_诱虫量,江宁街道稻纵,江苏省南京市江宁区,2023-02-12,7,0.0,6.838571428571428,82.35428571428572,2023,6,,,,,,,,
稻纵卷叶螟,RLF,江宁街道稻纵_1_36_诱虫量,江宁街道稻纵,江苏省南京市江宁区,2023-02-19,7,0.0,5.417142857142857,78.64142857142858,2023,7,,,,,,,,
稻纵卷叶螟,RLF,江宁街道稻纵_1_36_诱虫量,江宁街道稻纵,江苏省南京市江宁区,2023-02-26,7,0.0,10.492857142857144,67.83857142857143,2023,8,,,,,,,,
稻纵卷叶螟,RLF,江宁街道稻纵_1_36_诱虫量,江宁街道稻纵,江苏省南京市江宁区,2023-03-05,7,2.0,16.61857142857143,74.52428571428571,2023,9,,,,,,,,
稻纵卷叶螟,RLF,江宁街道稻纵_1_36_诱虫量,江宁街道稻纵,江苏省南京市江宁区,2023-03-12,7,0.0,11.11,72.26,2023,10,,,,,,,,
稻纵卷叶螟,RLF,江宁街道稻纵_1_36_诱虫量,江宁街道稻纵,江苏省南京市江宁区,2023-03-19,7,0.0,11.314285714285715,84.5442857142857,2023,11,,,,,,,,
稻纵卷叶螟,RLF,江宁街道稻纵_1_36_诱虫量,江宁街道稻纵,江苏省南京市江宁区,2023-03-26,7,0.0,14.125714285714285,77.34857142857143,2023,12,,,,,,,,
稻纵卷叶螟,RLF,江宁街道稻纵_1_36_诱虫量,江宁街道稻纵,江苏省南京市江宁区,2023-04-02,7,0.0,13.968571428571428,81.0942857142857,2023,13,,,,,,,,
稻纵卷叶螟,RLF,江宁街道稻纵_1_36_诱虫量,江宁街道稻纵,江苏省南京市江宁区,2023-04-09,7,0.0,19.431428571428572,69.31428571428572,2023,14,,,,,,,,
稻纵卷叶螟,RLF,江宁街道稻纵_1_36_诱虫量,江宁街道稻纵,江苏省南京市江宁区,2023-04-16,7,0.0,21.187142857142856,75.09142857142857,2023,15,,,,,,,,
稻纵卷叶螟,RLF,江宁街道稻纵_1_36_诱虫量,江宁街道稻纵,江苏省南京市江宁区,2023-04-23,7,0.0,16.315714285714286,79.38,2023,16,,,,,,,,
稻纵卷叶螟,RLF,江宁街道稻纵_1_36_诱虫量,江宁街道稻纵,江苏省南京市江宁区,2023-04-30,7,0.0,21.72142857142857,78.92142857142858,2023,17,,,,,,,,
稻纵卷叶螟,RLF,江宁街道稻纵_1_36_诱虫量,江宁街道稻纵,江苏省南京市江宁区,2023-05-07,7,0.0,19.545714285714286,73.60428571428572,2023,18,,,,,,,,
稻纵卷叶螟,RLF,江宁街道稻纵_1_36_诱虫量,江宁街道稻纵,江苏省南京市江宁区,2023-05-14,7,0.0,24.34857142857143,76.94428571428571,2023,19,,,,,,,,
稻纵卷叶螟,RLF,江宁街道稻纵_1_36_诱虫量,江宁街道稻纵,江苏省南京市江宁区,2023-05-21,7,0.0,22.25,81.60714285714286,2023,20,,,,,,,,
稻纵卷叶螟,RLF,江宁街道稻纵_1_36_诱虫量,江宁街道稻纵,江苏省南京市江宁区,2023-05-28,4,0.0,26.6575,86.86,2023,21,,,,,,,,
稻纵卷叶螟,RLF,江宁街道稻纵_1_36_诱虫量,江宁街道稻纵,江苏省南京市江宁区,2023-10-29,5,0.0,20.509999999999998,81.76,2023,43,25.6,9.6,85.14,64.29,0.0,1.94,60.15,18.61
稻纵卷叶螟,RLF,江宁街道稻纵_1_36_诱虫量,江宁街道稻纵,江苏省南京市江宁区,2023-11-05,5,0.0,12.4775,90.4525,2023,44,27.6,12.9,83.57,69.14,0.8,2.48,60.23,19.36
稻纵卷叶螟,RLF,江宁街道稻纵_1_36_诱虫量,江宁街道稻纵,江苏省南京市江宁区,2023-11-12,7,0.0,8.927142857142856,72.96571428571428,2023,45,,,,,,,,
稻纵卷叶螟,RLF,江宁街道稻纵_1_36_诱虫量,江宁街道稻纵,江苏省南京市江宁区,2023-11-19,7,0.0,11.481428571428571,75.05571428571429,2023,46,,,,,,,,
稻纵卷叶螟,RLF,江宁街道稻纵_1_36_诱虫量,江宁街道稻纵,江苏省南京市江宁区,2023-11-26,7,0.0,7.4557142857142855,74.95428571428572,2023,47,,,,,,,,
稻纵卷叶螟,RLF,江宁街道稻纵_1_36_诱虫量,江宁街道稻纵,江苏省南京市江宁区,2023-12-03,7,0.0,11.374285714285715,72.00714285714285,2023,48,,,,,,,,
稻纵卷叶螟,RLF,江宁街道稻纵_1_36_诱虫量,江宁街道稻纵,江苏省南京市江宁区,2023-12-10,7,0.0,5.347142857142857,88.23857142857143,2023,49,,,,,,,,
稻纵卷叶螟,RLF,江宁街道稻纵_1_36_诱虫量,江宁街道稻纵,江苏省南京市江宁区,2023-12-17,7,0.0,-0.3357142857142857,75.42142857142858,2023,50,,,,,,,,
稻纵卷叶螟,RLF,江宁街道稻纵_1_36_诱虫量,江宁街道稻纵,江苏省南京市江宁区,2023-12-24,7,0.0,5.747142857142857,84.39714285714285,2023,51,,,,,,,,
稻纵卷叶螟,RLF,江宁街道稻纵_1_36_诱虫量,江宁街道稻纵,江苏省南京市江宁区,2023-12-31,7,0.0,5.1000000000000005,87.56714285714285,2023,52,,,,,,,,
稻纵卷叶螟,RLF,江宁街道稻纵_1_36_诱虫量,江宁街道稻纵,江苏省南京市江宁区,2024-01-07,7,0.0,6.402857142857143,82.58428571428571,2024,1,,,,,,,,
稻纵卷叶螟,RLF,江宁街道稻纵_1_36_诱虫量,江宁街道稻纵,江苏省南京市江宁区,2024-01-14,7,0.0,5.275714285714286,89.62142857142858,2024,2,,,,,,,,
稻纵卷叶螟,RLF,江宁街道稻纵_1_36_诱虫量,江宁街道稻纵,江苏省南京市江宁区,2024-01-21,7,0.0,0.7071428571428571,74.36142857142856,2024,3,,,,,,,,
稻纵卷叶螟,RLF,江宁街道稻纵_1_36_诱虫量,江宁街道稻纵,江苏省南京市江宁区,2024-01-28,7,0.0,4.851428571428571,91.05142857142857,2024,4,,,,,,,,
稻纵卷叶螟,RLF,江宁街道稻纵_1_36_诱虫量,江宁街道稻纵,江苏省南京市江宁区,2024-02-04,7,0.0,3.281428571428571,85.67142857142858,2024,5,,,,,,,,
稻纵卷叶螟,RLF,江宁街道稻纵_1_36_诱虫量,江宁街道稻纵,江苏省南京市江宁区,2024-02-11,7,0.0,10.677142857142858,79.53428571428572,2024,6,,,,,,,,
稻纵卷叶螟,RLF,江宁街道稻纵_1_36_诱虫量,江宁街道稻纵,江苏省南京市江宁区,2024-02-18,7,0.0,4.062857142857142,95.22571428571429,2024,7,,,,,,,,
稻纵卷叶螟,RLF,江宁街道稻纵_1_36_诱虫量,江宁街道稻纵,江苏省南京市江宁区,2024-02-25,7,0.0,4.5928571428571425,81.50714285714285,2024,8,,,,,,,,
稻纵卷叶螟,RLF,江宁街道稻纵_1_36_诱虫量,江宁街道稻纵,江苏省南京市江宁区,2024-03-03,7,0.0,8.388571428571428,81.93571428571428,2024,9,,,,,,,,
稻纵卷叶螟,RLF,江宁街道稻纵_1_36_诱虫量,江宁街道稻纵,江苏省南京市江宁区,2024-03-10,7,0.0,13.151428571428571,77.96714285714286,2024,10,,,,,,,,
稻纵卷叶螟,RLF,江宁街道稻纵_1_36_诱虫量,江宁街道稻纵,江苏省南京市江宁区,2024-03-17,7,0.0,14.065714285714284,74.35857142857142,2024,11,,,,,,,,
稻纵卷叶螟,RLF,江宁街道稻纵_1_36_诱虫量,江宁街道稻纵,江苏省南京市江宁区,2024-03-24,7,0.0,15.671428571428573,85.69857142857143,2024,12,,,,,,,,
稻纵卷叶螟,RLF,江宁街道稻纵_1_36_诱虫量,江宁街道稻纵,江苏省南京市江宁区,2024-03-31,7,0.0,16.622857142857143,82.66285714285713,2024,13,,,,,,,,
稻纵卷叶螟,RLF,江宁街道稻纵_1_36_诱虫量,江宁街道稻纵,江苏省南京市江宁区,2024-04-07,7,0.0,17.96,86.50428571428571,2024,14,,,,,,,,
稻纵卷叶螟,RLF,江宁街道稻纵_1_36_诱虫量,江宁街道稻纵,江苏省南京市江宁区,2024-04-14,7,0.0,19.34,87.26714285714286,2024,15,,,,,,,,
稻纵卷叶螟,RLF,江宁街道稻纵_1_36_诱虫量,江宁街道稻纵,江苏省南京市江宁区,2024-04-21,7,0.0,21.16857142857143,79.86142857142856,2024,16,,,,,,,,
稻纵卷叶螟,RLF,江宁街道稻纵_1_36_诱虫量,江宁街道稻纵,江苏省南京市江宁区,2024-04-28,7,0.0,17.74857142857143,86.72857142857143,2024,17,,,,,,,,
稻纵卷叶螟,RLF,江宁街道稻纵_1_36_诱虫量,江宁街道稻纵,江苏省南京市江宁区,2024-05-05,7,0.0,21.435714285714287,80.64,2024,18,,,,,,,,
稻纵卷叶螟,RLF,江宁街道稻纵_1_36_诱虫量,江宁街道稻纵,江苏省南京市江宁区,2024-05-12,7,0.0,24.595714285714283,66.88857142857142,2024,19,,,,,,,,
稻纵卷叶螟,RLF,江宁街道稻纵_1_36_诱虫量,江宁街道稻纵,江苏省南京市江宁区,2024-05-19,7,0.0,26.048571428571428,78.37428571428572,2024,20,,,,,,,,
稻纵卷叶螟,RLF,江宁街道稻纵_1_36_诱虫量,江宁街道稻纵,江苏省南京市江宁区,2024-05-26,6,0.0,23.13,80.80499999999999,2024,21,,,,,,,,
稻纵卷叶螟,RLF,江宁街道稻纵_1_36_诱虫量,江宁街道稻纵,江苏省南京市江宁区,2024-10-27,3,10.0,17.046666666666667,90.96666666666665,2024,43,22.3,8.6,88.29,80.43,20.0,3.16,35.15,12.25
稻纵卷叶螟,RLF,江宁街道稻纵_1_36_诱虫量,江宁街道稻纵,江苏省南京市江宁区,2024-11-03,7,0.0,15.071428571428571,85.84,2024,44,22.0,9.3,87.57,74.57,6.8,2.95,55.84,15.81
稻纵卷叶螟,RLF,江宁街道稻纵_1_36_诱虫量,江宁街道稻纵,江苏省南京市江宁区,2024-11-10,7,0.0,18.222857142857144,90.84571428571428,2024,45,,,,,,,,
稻纵卷叶螟,RLF,江宁街道稻纵_1_36_诱虫量,江宁街道稻纵,江苏省南京市江宁区,2024-11-17,7,0.0,11.437142857142858,86.08714285714287,2024,46,,,,,,,,
稻纵卷叶螟,RLF,江宁街道稻纵_1_36_诱虫量,江宁街道稻纵,江苏省南京市江宁区,2024-11-24,7,0.0,8.77142857142857,77.33,2024,47,,,,,,,,
稻纵卷叶螟,RLF,江宁街道稻纵_1_36_诱虫量,江宁街道稻纵,江苏省南京市江宁区,2024-12-01,7,0.0,9.177142857142856,86.19142857142857,2024,48,,,,,,,,
稻纵卷叶螟,RLF,江宁街道稻纵_1_36_诱虫量,江宁街道稻纵,江苏省南京市江宁区,2024-12-08,7,0.0,4.96,85.71857142857142,2024,49,,,,,,,,
稻纵卷叶螟,RLF,江宁街道稻纵_1_36_诱虫量,江宁街道稻纵,江苏省南京市江宁区,2024-12-15,7,0.0,2.617142857142857,79.82000000000001,2024,50,,,,,,,,
稻纵卷叶螟,RLF,江宁街道稻纵_1_36_诱虫量,江宁街道稻纵,江苏省南京市江宁区,2024-12-22,7,0.0,4.125714285714286,78.70285714285714,2024,51,,,,,,,,
稻纵卷叶螟,RLF,江宁街道稻纵_1_36_诱虫量,江宁街道稻纵,江苏省南京市江宁区,2024-12-29,3,0.0,3.9,71.815,2024,52,,,,,,,,
稻纵卷叶螟,RLF,汤农稻纵卷叶螟监测点_1_29_诱虫量,汤农稻纵卷叶螟监测点,江苏省南京市浦口区,2023-05-28,3,46.0,,,2023,21,,,,,,,,
稻纵卷叶螟,RLF,汤农稻纵卷叶螟监测点_1_29_诱虫量,汤农稻纵卷叶螟监测点,江苏省南京市浦口区,2023-06-04,7,29.0,0.0,0.0,2023,22,32.3,20.1,84.14,74.14,29.6,2.38,48.59,25.72
稻纵卷叶螟,RLF,汤农稻纵卷叶螟监测点_1_29_诱虫量,汤农稻纵卷叶螟监测点,江苏省南京市浦口区,2023-06-11,7,7.0,0.0,0.0,2023,23,34.2,16.0,80.43,75.0,31.1,2.66,59.78,28.9
稻纵卷叶螟,RLF,汤农稻纵卷叶螟监测点_1_29_诱虫量,汤农稻纵卷叶螟监测点,江苏省南京市浦口区,2023-06-18,7,5.0,0.0,0.0,2023,24,32.4,19.2,80.14,65.0,8.5,2.69,57.13,31.06
稻纵卷叶螟,RLF,汤农稻纵卷叶螟监测点_1_29_诱虫量,汤农稻纵卷叶螟监测点,江苏省南京市浦口区,2023-06-25,7,0.0,0.0,0.0,2023,25,31.4,20.5,87.57,74.57,82.3,2.55,29.04,21.42
稻纵卷叶螟,RLF,汤农稻纵卷叶螟监测点_1_29_诱虫量,汤农稻纵卷叶螟监测点,江苏省南京市浦口区,2023-07-02,7,1.0,0.0,0.0,2023,26,32.8,21.5,86.29,78.86,64.0,2.94,49.98,24.98
稻纵卷叶螟,RLF,汤农稻纵卷叶螟监测点_1_29_诱虫量,汤农稻纵卷叶螟监测点,江苏省南京市浦口区,2023-07-09,7,16.0,0.0,0.0,2023,27,32.9,23.9,87.86,82.29,123.1,3.4,45.76,24.46
稻纵卷叶螟,RLF,汤农稻纵卷叶螟监测点_1_29_诱虫量,汤农稻纵卷叶螟监测点,江苏省南京市浦口区,2023-07-16,7,15.0,0.0,0.0,2023,28,34.9,24.6,84.57,77.0,27.6,3.38,49.19,28.48
稻纵卷叶螟,RLF,汤农稻纵卷叶螟监测点_1_29_诱虫量,汤农稻纵卷叶螟监测点,江苏省南京市浦口区,2023-07-23,7,172.0,0.0,0.0,2023,29,31.5,23.5,89.43,84.71,117.0,2.29,34.08,19.55
稻纵卷叶螟,RLF,汤农稻纵卷叶螟监测点_1_29_诱虫量,汤农稻纵卷叶螟监测点,江苏省南京市浦口区,2023-07-30,7,242.0,0.0,0.0,2023,30,33.2,25.1,86.86,80.86,44.3,3.98,65.75,29.7
稻纵卷叶螟,RLF,汤农稻纵卷叶螟监测点_1_29_诱虫量,汤农稻纵卷叶螟监测点,江苏省南京市浦口区,2023-08-06,7,460.0,0.0,0.0,2023,31,34.0,25.0,86.43,76.43,17.1,3.1,81.36,32.83
稻纵卷叶螟,RLF,汤农稻纵卷叶螟监测点_1_29_诱虫量,汤农稻纵卷叶螟监测点,江苏省南京市浦口区,2023-08-13,7,433.0,,,2023,32,35.1,24.0,83.71,75.14,10.3,2.08,79.69,33.11
稻纵卷叶螟,RLF,汤农稻纵卷叶螟监测点_1_29_诱虫量,汤农稻纵卷叶螟监测点,江苏省南京市浦口区,2023-08-20,7,489.0,0.0,0.0,2023,33,33.7,23.9,86.57,81.29,26.5,2.19,77.01,29.64
稻纵卷叶螟,RLF,汤农稻纵卷叶螟监测点_1_29_诱虫量,汤农稻纵卷叶螟监测点,江苏省南京市浦口区,2023-08-27,7,50.0,0.0,0.0,2023,34,32.0,22.4,82.71,72.0,27.1,2.8,70.93,31.5
稻纵卷叶螟,RLF,汤农稻纵卷叶螟监测点_1_29_诱虫量,汤农稻纵卷叶螟监测点,江苏省南京市浦口区,2023-09-03,7,106.0,0.0,0.0,2023,35,29.4,18.5,86.86,78.57,59.2,2.79,42.5,22.49
稻纵卷叶螟,RLF,汤农稻纵卷叶螟监测点_1_29_诱虫量,汤农稻纵卷叶螟监测点,江苏省南京市浦口区,2023-09-10,7,110.0,0.0,0.0,2023,36,31.0,21.7,88.0,73.71,2.5,2.83,74.88,29.19
稻纵卷叶螟,RLF,汤农稻纵卷叶螟监测点_1_29_诱虫量,汤农稻纵卷叶螟监测点,江苏省南京市浦口区,2023-09-17,7,330.0,0.0,0.0,2023,37,31.4,20.4,87.43,82.14,74.6,2.74,29.78,17.15
稻纵卷叶螟,RLF,汤农稻纵卷叶螟监测点_1_29_诱虫量,汤农稻纵卷叶螟监测点,江苏省南京市浦口区,2023-09-24,7,26.0,0.0,0.0,2023,38,32.0,18.8,88.57,77.57,41.3,2.51,30.18,16.82
稻纵卷叶螟,RLF,汤农稻纵卷叶螟监测点_1_29_诱虫量,汤农稻纵卷叶螟监测点,江苏省南京市浦口区,2023-10-01,7,0.0,0.0,0.0,2023,39,28.2,19.1,89.57,82.43,13.3,2.19,45.28,17.44
稻纵卷叶螟,RLF,汤农稻纵卷叶螟监测点_1_29_诱虫量,汤农稻纵卷叶螟监测点,江苏省南京市浦口区,2023-10-08,7,0.0,0.0,0.0,2023,40,25.5,15.7,80.86,71.71,21.7,3.55,38.52,19.59
稻纵卷叶螟,RLF,汤农稻纵卷叶螟监测点_1_29_诱虫量,汤农稻纵卷叶螟监测点,江苏省南京市浦口区,2023-10-15,7,0.0,0.0,0.0,2023,41,23.6,13.5,84.86,74.14,0.0,2.05,50.14,17.04
稻纵卷叶螟,RLF,汤农稻纵卷叶螟监测点_1_29_诱虫量,汤农稻纵卷叶螟监测点,江苏省南京市浦口区,2023-10-22,7,0.0,0.0,0.0,2023,42,26.1,9.6,84.43,62.0,4.0,2.46,71.43,22.45
稻纵卷叶螟,RLF,汤农稻纵卷叶螟监测点_1_29_诱虫量,汤农稻纵卷叶螟监测点,江苏省南京市浦口区,2023-10-29,2,0.0,,,2023,43,25.6,9.6,85.14,64.29,0.0,1.94,60.15,18.61
稻纵卷叶螟,RLF,汤农稻纵卷叶螟监测点_1_29_诱虫量,汤农稻纵卷叶螟监测点,江苏省南京市浦口区,2024-05-26,1,6.0,,,2024,21,,,,,,,,
稻纵卷叶螟,RLF,汤农稻纵卷叶螟监测点_1_29_诱虫量,汤农稻纵卷叶螟监测点,江苏省南京市浦口区,2024-06-02,7,60.0,0.0,0.0,2024,22,26.9,14.2,77.71,68.43,42.5,2.69,50.74,25.99
稻纵卷叶螟,RLF,汤农稻纵卷叶螟监测点_1_29_诱虫量,汤农稻纵卷叶螟监测点,江苏省南京市浦口区,2024-06-09,7,18.0,0.0,0.0,2024,23,30.9,17.1,76.86,61.71,5.2,2.43,62.66,30.94
稻纵卷叶螟,RLF,汤农稻纵卷叶螟监测点_1_29_诱虫量,汤农稻纵卷叶螟监测点,江苏省南京市浦口区,2024-06-16,7,0.0,0.0,0.0,2024,24,34.2,20.7,79.71,58.71,0.7,2.43,71.14,35.09
稻纵卷叶螟,RLF,汤农稻纵卷叶螟监测点_1_29_诱虫量,汤农稻纵卷叶螟监测点,江苏省南京市浦口区,2024-06-23,7,1.0,0.0,0.0,2024,25,32.3,21.3,85.0,69.86,96.1,3.32,46.58,27.17
稻纵卷叶螟,RLF,汤农稻纵卷叶螟监测点_1_29_诱虫量,汤农稻纵卷叶螟监测点,江苏省南京市浦口区,2024-06-30,7,0.0,0.0,0.0,2024,26,30.9,20.7,88.71,85.57,179.0,2.73,26.58,17.62
稻纵卷叶螟,RLF,汤农稻纵卷叶螟监测点_1_29_诱虫量,汤农稻纵卷叶螟监测点,江苏省南京市浦口区,2024-07-07,7,2.0,0.0,0.0,2024,27,34.9,22.6,81.14,78.57,41.8,4.14,62.65,32.6
稻纵卷叶螟,RLF,汤农稻纵卷叶螟监测点_1_29_诱虫量,汤农稻纵卷叶螟监测点,江苏省南京市浦口区,2024-07-14,7,0.0,0.0,0.0,2024,28,35.0,21.4,88.57,86.0,168.8,2.44,20.72,18.18
稻纵卷叶螟,RLF,汤农稻纵卷叶螟监测点_1_29_诱虫量,汤农稻纵卷叶螟监测点,江苏省南京市浦口区,2024-07-21,7,1.0,0.0,0.0,2024,29,35.2,24.3,81.86,78.57,22.4,3.39,35.37,25.73
稻纵卷叶螟,RLF,汤农稻纵卷叶螟监测点_1_29_诱虫量,汤农稻纵卷叶螟监测点,江苏省南京市浦口区,2024-07-28,7,9.0,0.0,0.0,2024,30,36.7,27.0,80.57,71.86,6.1,4.7,71.71,37.84
稻纵卷叶螟,RLF,汤农稻纵卷叶螟监测点_1_29_诱虫量,汤农稻纵卷叶螟监测点,江苏省南京市浦口区,2024-08-04,7,16.0,0.0,0.0,2024,31,37.5,27.6,76.0,71.57,9.5,2.75,86.5,40.56
稻纵卷叶螟,RLF,汤农稻纵卷叶螟监测点_1_29_诱虫量,汤农稻纵卷叶螟监测点,江苏省南京市浦口区,2024-08-11,7,18.0,0.0,0.0,2024,32,37.8,27.1,76.86,66.71,62.0,1.88,83.96,39.02
稻纵卷叶螟,RLF,汤农稻纵卷叶螟监测点_1_29_诱虫量,汤农稻纵卷叶螟监测点,江苏省南京市浦口区,2024-08-18,7,25.0,0.0,0.0,2024,33,36.3,24.9,84.43,67.71,34.3,2.42,75.24,33.56
稻纵卷叶螟,RLF,汤农稻纵卷叶螟监测点_1_29_诱虫量,汤农稻纵卷叶螟监测点,江苏省南京市浦口区,2024-08-25,7,83.0,0.0,0.0,2024,34,34.7,25.4,84.71,77.86,50.4,1.93,64.42,27.34
稻纵卷叶螟,RLF,汤农稻纵卷叶螟监测点_1_29_诱虫量,汤农稻纵卷叶螟监测点,江苏省南京市浦口区,2024-09-01,7,794.0,0.0,0.0,2024,35,35.2,24.1,83.43,71.71,6.3,2.35,74.77,30.13
稻纵卷叶螟,RLF,汤农稻纵卷叶螟监测点_1_29_诱虫量,汤农稻纵卷叶螟监测点,江苏省南京市浦口区,2024-09-08,7,165.0,0.0,0.0,2024,36,33.8,24.2,79.29,68.43,2.9,3.23,78.8,33.31
稻纵卷叶螟,RLF,汤农稻纵卷叶螟监测点_1_29_诱虫量,汤农稻纵卷叶螟监测点,江苏省南京市浦口区,2024-09-15,7,143.0,0.0,0.0,2024,37,33.8,23.6,88.14,80.14,83.0,3.4,57.66,23.89
稻纵卷叶螟,RLF,汤农稻纵卷叶螟监测点_1_29_诱虫量,汤农稻纵卷叶螟监测点,江苏省南京市浦口区,2024-09-22,7,107.0,0.0,0.0,2024,38,31.6,17.4,81.14,76.86,124.9,5.49,54.64,24.01
稻纵卷叶螟,RLF,汤农稻纵卷叶螟监测点_1_29_诱虫量,汤农稻纵卷叶螟监测点,江苏省南京市浦口区,2024-09-29,7,150.0,,,2024,39,29.1,15.8,86.14,76.0,15.1,2.67,66.18,23.31
稻纵卷叶螟,RLF,汤农稻纵卷叶螟监测点_1_29_诱虫量,汤农稻纵卷叶螟监测点,江苏省南京市浦口区,2024-10-06,7,10.0,,,2024,40,28.6,11.9,79.0,72.14,17.2,3.38,48.16,18.62
稻纵卷叶螟,RLF,汤农稻纵卷叶螟监测点_1_29_诱虫量,汤农稻纵卷叶螟监测点,江苏省南京市浦口区,2024-10-13,7,48.0,,,2024,41,25.2,13.1,85.0,74.71,16.7,2.16,49.5,16.94
稻纵卷叶螟,RLF,汤农稻纵卷叶螟监测点_1_29_诱虫量,汤农稻纵卷叶螟监测点,江苏省南京市浦口区,2024-10-20,7,3.0,0.0,0.0,2024,42,27.2,11.2,86.57,77.0,49.2,3.66,31.77,14.95
稻纵卷叶螟,RLF,汤农稻纵卷叶螟监测点_1_29_诱虫量,汤农稻纵卷叶螟监测点,江苏省南京市浦口区,2024-10-27,4,9.0,0.0,0.0,2024,43,22.3,8.6,88.29,80.43,20.0,3.16,35.15,12.25
稻纵卷叶螟,RLF,汤农稻纵卷叶螟监测点_1_48_诱虫量,汤农稻纵卷叶螟监测点,江苏省南京市浦口区,2023-01-01,7,0.0,0.0,0.0,2022,52,,,,,,,,
稻纵卷叶螟,RLF,汤农稻纵卷叶螟监测点_1_48_诱虫量,汤农稻纵卷叶螟监测点,江苏省南京市浦口区,2023-01-08,6,0.0,0.0,0.0,2023,1,,,,,,,,
稻纵卷叶螟,RLF,汤农稻纵卷叶螟监测点_1_48_诱虫量,汤农稻纵卷叶螟监测点,江苏省南京市浦口区,2023-01-15,7,0.0,0.0,0.0,2023,2,,,,,,,,
稻纵卷叶螟,RLF,汤农稻纵卷叶螟监测点_1_48_诱虫量,汤农稻纵卷叶螟监测点,江苏省南京市浦口区,2023-01-22,7,0.0,0.0,0.0,2023,3,,,,,,,,
稻纵卷叶螟,RLF,汤农稻纵卷叶螟监测点_1_48_诱虫量,汤农稻纵卷叶螟监测点,江苏省南京市浦口区,2023-01-29,7,0.0,0.0,0.0,2023,4,,,,,,,,
稻纵卷叶螟,RLF,汤农稻纵卷叶螟监测点_1_48_诱虫量,汤农稻纵卷叶螟监测点,江苏省南京市浦口区,2023-02-05,7,0.0,0.0,0.0,2023,5,,,,,,,,
稻纵卷叶螟,RLF,汤农稻纵卷叶螟监测点_1_48_诱虫量,汤农稻纵卷叶螟监测点,江苏省南京市浦口区,2023-02-12,7,0.0,0.0,0.0,2023,6,,,,,,,,
稻纵卷叶螟,RLF,汤农稻纵卷叶螟监测点_1_48_诱虫量,汤农稻纵卷叶螟监测点,江苏省南京市浦口区,2023-02-19,7,0.0,0.0,0.0,2023,7,,,,,,,,
稻纵卷叶螟,RLF,汤农稻纵卷叶螟监测点_1_48_诱虫量,汤农稻纵卷叶螟监测点,江苏省南京市浦口区,2023-02-26,7,0.0,0.0,0.0,2023,8,,,,,,,,
稻纵卷叶螟,RLF,汤农稻纵卷叶螟监测点_1_48_诱虫量,汤农稻纵卷叶螟监测点,江苏省南京市浦口区,2023-03-05,7,0.0,0.0,0.0,2023,9,,,,,,,,
稻纵卷叶螟,RLF,汤农稻纵卷叶螟监测点_1_48_诱虫量,汤农稻纵卷叶螟监测点,江苏省南京市浦口区,2023-03-12,7,0.0,0.0,0.0,2023,10,,,,,,,,
稻纵卷叶螟,RLF,汤农稻纵卷叶螟监测点_1_48_诱虫量,汤农稻纵卷叶螟监测点,江苏省南京市浦口区,2023-03-19,7,0.0,0.0,0.0,2023,11,,,,,,,,
稻纵卷叶螟,RLF,汤农稻纵卷叶螟监测点_1_48_诱虫量,汤农稻纵卷叶螟监测点,江苏省南京市浦口区,2023-03-26,7,0.0,0.0,0.0,2023,12,,,,,,,,
稻纵卷叶螟,RLF,汤农稻纵卷叶螟监测点_1_48_诱虫量,汤农稻纵卷叶螟监测点,江苏省南京市浦口区,2023-04-02,7,4.0,0.0,0.0,2023,13,,,,,,,,
稻纵卷叶螟,RLF,汤农稻纵卷叶螟监测点_1_48_诱虫量,汤农稻纵卷叶螟监测点,江苏省南京市浦口区,2023-04-09,7,0.0,0.0,0.0,2023,14,,,,,,,,
稻纵卷叶螟,RLF,汤农稻纵卷叶螟监测点_1_48_诱虫量,汤农稻纵卷叶螟监测点,江苏省南京市浦口区,2023-04-16,7,13.0,,,2023,15,,,,,,,,
稻纵卷叶螟,RLF,汤农稻纵卷叶螟监测点_1_48_诱虫量,汤农稻纵卷叶螟监测点,江苏省南京市浦口区,2023-04-23,7,2.0,,,2023,16,,,,,,,,
稻纵卷叶螟,RLF,汤农稻纵卷叶螟监测点_1_48_诱虫量,汤农稻纵卷叶螟监测点,江苏省南京市浦口区,2023-04-30,7,37.0,0.0,0.0,2023,17,,,,,,,,
稻纵卷叶螟,RLF,汤农稻纵卷叶螟监测点_1_48_诱虫量,汤农稻纵卷叶螟监测点,江苏省南京市浦口区,2023-05-07,7,19.0,,,2023,18,,,,,,,,
稻纵卷叶螟,RLF,汤农稻纵卷叶螟监测点_1_48_诱虫量,汤农稻纵卷叶螟监测点,江苏省南京市浦口区,2023-05-14,7,120.0,,,2023,19,,,,,,,,
稻纵卷叶螟,RLF,汤农稻纵卷叶螟监测点_1_48_诱虫量,汤农稻纵卷叶螟监测点,江苏省南京市浦口区,2023-05-21,7,118.0,0.0,0.0,2023,20,,,,,,,,
稻纵卷叶螟,RLF,汤农稻纵卷叶螟监测点_1_48_诱虫量,汤农稻纵卷叶螟监测点,江苏省南京市浦口区,2023-05-28,4,47.0,0.0,0.0,2023,21,,,,,,,,
稻纵卷叶螟,RLF,汤农稻纵卷叶螟监测点_1_48_诱虫量,汤农稻纵卷叶螟监测点,江苏省南京市浦口区,2023-10-29,5,0.0,0.0,0.0,2023,43,25.6,9.6,85.14,64.29,0.0,1.94,60.15,18.61
稻纵卷叶螟,RLF,汤农稻纵卷叶螟监测点_1_48_诱虫量,汤农稻纵卷叶螟监测点,江苏省南京市浦口区,2023-11-05,5,0.0,0.0,0.0,2023,44,27.6,12.9,83.57,69.14,0.8,2.48,60.23,19.36
稻纵卷叶螟,RLF,汤农稻纵卷叶螟监测点_1_48_诱虫量,汤农稻纵卷叶螟监测点,江苏省南京市浦口区,2023-11-12,7,0.0,0.0,0.0,2023,45,,,,,,,,
稻纵卷叶螟,RLF,汤农稻纵卷叶螟监测点_1_48_诱虫量,汤农稻纵卷叶螟监测点,江苏省南京市浦口区,2023-11-19,7,0.0,0.0,0.0,2023,46,,,,,,,,
稻纵卷叶螟,RLF,汤农稻纵卷叶螟监测点_1_48_诱虫量,汤农稻纵卷叶螟监测点,江苏省南京市浦口区,2023-11-26,7,0.0,0.0,0.0,2023,47,,,,,,,,
稻纵卷叶螟,RLF,汤农稻纵卷叶螟监测点_1_48_诱虫量,汤农稻纵卷叶螟监测点,江苏省南京市浦口区,2023-12-03,7,0.0,,,2023,48,,,,,,,,
稻纵卷叶螟,RLF,汤农稻纵卷叶螟监测点_1_48_诱虫量,汤农稻纵卷叶螟监测点,江苏省南京市浦口区,2023-12-10,7,0.0,0.0,0.0,2023,49,,,,,,,,
稻纵卷叶螟,RLF,汤农稻纵卷叶螟监测点_1_48_诱虫量,汤农稻纵卷叶螟监测点,江苏省南京市浦口区,2023-12-17,7,0.0,0.0,0.0,2023,50,,,,,,,,
稻纵卷叶螟,RLF,汤农稻纵卷叶螟监测点_1_48_诱虫量,汤农稻纵卷叶螟监测点,江苏省南京市浦口区,2023-12-24,7,0.0,0.0,0.0,2023,51,,,,,,,,
稻纵卷叶螟,RLF,汤农稻纵卷叶螟监测点_1_48_诱虫量,汤农稻纵卷叶螟监测点,江苏省南京市浦口区,2023-12-31,7,0.0,0.0,0.0,2023,52,,,,,,,,
稻纵卷叶螟,RLF,汤农稻纵卷叶螟监测点_1_48_诱虫量,汤农稻纵卷叶螟监测点,江苏省南京市浦口区,2024-01-07,7,0.0,0.0,0.0,2024,1,,,,,,,,
稻纵卷叶螟,RLF,汤农稻纵卷叶螟监测点_1_48_诱虫量,汤农稻纵卷叶螟监测点,江苏省南京市浦口区,2024-01-14,7,0.0,0.0,0.0,2024,2,,,,,,,,
稻纵卷叶螟,RLF,汤农稻纵卷叶螟监测点_1_48_诱虫量,汤农稻纵卷叶螟监测点,江苏省南京市浦口区,2024-01-21,7,0.0,0.0,0.0,2024,3,,,,,,,,
稻纵卷叶螟,RLF,汤农稻纵卷叶螟监测点_1_48_诱虫量,汤农稻纵卷叶螟监测点,江苏省南京市浦口区,2024-01-28,7,0.0,0.0,0.0,2024,4,,,,,,,,
稻纵卷叶螟,RLF,汤农稻纵卷叶螟监测点_1_48_诱虫量,汤农稻纵卷叶螟监测点,江苏省南京市浦口区,2024-02-04,7,0.0,0.0,0.0,2024,5,,,,,,,,
稻纵卷叶螟,RLF,汤农稻纵卷叶螟监测点_1_48_诱虫量,汤农稻纵卷叶螟监测点,江苏省南京市浦口区,2024-02-11,7,0.0,0.0,0.0,2024,6,,,,,,,,
稻纵卷叶螟,RLF,汤农稻纵卷叶螟监测点_1_48_诱虫量,汤农稻纵卷叶螟监测点,江苏省南京市浦口区,2024-02-18,7,0.0,0.0,0.0,2024,7,,,,,,,,
稻纵卷叶螟,RLF,汤农稻纵卷叶螟监测点_1_48_诱虫量,汤农稻纵卷叶螟监测点,江苏省南京市浦口区,2024-02-25,7,0.0,0.0,0.0,2024,8,,,,,,,,
稻纵卷叶螟,RLF,汤农稻纵卷叶螟监测点_1_48_诱虫量,汤农稻纵卷叶螟监测点,江苏省南京市浦口区,2024-03-03,7,0.0,0.0,0.0,2024,9,,,,,,,,
稻纵卷叶螟,RLF,汤农稻纵卷叶螟监测点_1_48_诱虫量,汤农稻纵卷叶螟监测点,江苏省南京市浦口区,2024-03-10,7,7.0,0.0,0.0,2024,10,,,,,,,,
稻纵卷叶螟,RLF,汤农稻纵卷叶螟监测点_1_48_诱虫量,汤农稻纵卷叶螟监测点,江苏省南京市浦口区,2024-03-17,7,1.0,0.0,0.0,2024,11,,,,,,,,
稻纵卷叶螟,RLF,汤农稻纵卷叶螟监测点_1_48_诱虫量,汤农稻纵卷叶螟监测点,江苏省南京市浦口区,2024-03-24,7,1.0,0.0,0.0,2024,12,,,,,,,,
稻纵卷叶螟,RLF,汤农稻纵卷叶螟监测点_1_48_诱虫量,汤农稻纵卷叶螟监测点,江苏省南京市浦口区,2024-03-31,7,1.0,0.0,0.0,2024,13,,,,,,,,
稻纵卷叶螟,RLF,汤农稻纵卷叶螟监测点_1_48_诱虫量,汤农稻纵卷叶螟监测点,江苏省南京市浦口区,2024-04-07,7,4.0,0.0,0.0,2024,14,,,,,,,,
稻纵卷叶螟,RLF,汤农稻纵卷叶螟监测点_1_48_诱虫量,汤农稻纵卷叶螟监测点,江苏省南京市浦口区,2024-04-14,7,4.0,0.0,0.0,2024,15,,,,,,,,
稻纵卷叶螟,RLF,汤农稻纵卷叶螟监测点_1_48_诱虫量,汤农稻纵卷叶螟监测点,江苏省南京市浦口区,2024-04-21,7,5.0,0.0,0.0,2024,16,,,,,,,,
稻纵卷叶螟,RLF,汤农稻纵卷叶螟监测点_1_48_诱虫量,汤农稻纵卷叶螟监测点,江苏省南京市浦口区,2024-04-28,7,11.0,0.0,0.0,2024,17,,,,,,,,
稻纵卷叶螟,RLF,汤农稻纵卷叶螟监测点_1_48_诱虫量,汤农稻纵卷叶螟监测点,江苏省南京市浦口区,2024-05-05,7,34.0,0.0,0.0,2024,18,,,,,,,,
稻纵卷叶螟,RLF,汤农稻纵卷叶螟监测点_1_48_诱虫量,汤农稻纵卷叶螟监测点,江苏省南京市浦口区,2024-05-12,7,61.0,0.0,0.0,2024,19,,,,,,,,
稻纵卷叶螟,RLF,汤农稻纵卷叶螟监测点_1_48_诱虫量,汤农稻纵卷叶螟监测点,江苏省南京市浦口区,2024-05-19,7,108.0,0.0,0.0,2024,20,,,,,,,,
稻纵卷叶螟,RLF,汤农稻纵卷叶螟监测点_1_48_诱虫量,汤农稻纵卷叶螟监测点,江苏省南京市浦口区,2024-05-26,6,21.0,0.0,0.0,2024,21,,,,,,,,
稻纵卷叶螟,RLF,汤农稻纵卷叶螟监测点_1_48_诱虫量,汤农稻纵卷叶螟监测点,江苏省南京市浦口区,2024-10-27,3,5.0,0.0,0.0,2024,43,22.3,8.6,88.29,80.43,20.0,3.16,35.15,12.25
稻纵卷叶螟,RLF,汤农稻纵卷叶螟监测点_1_48_诱虫量,汤农稻纵卷叶螟监测点,江苏省南京市浦口区,2024-11-03,7,1.0,0.0,0.0,2024,44,22.0,9.3,87.57,74.57,6.8,2.95,55.84,15.81
稻纵卷叶螟,RLF,汤农稻纵卷叶螟监测点_1_48_诱虫量,汤农稻纵卷叶螟监测点,江苏省南京市浦口区,2024-11-10,7,0.0,0.0,0.0,2024,45,,,,,,,,
稻纵卷叶螟,RLF,汤农稻纵卷叶螟监测点_1_48_诱虫量,汤农稻纵卷叶螟监测点,江苏省南京市浦口区,2024-11-17,7,0.0,0.0,0.0,2024,46,,,,,,,,
稻纵卷叶螟,RLF,汤农稻纵卷叶螟监测点_1_48_诱虫量,汤农稻纵卷叶螟监测点,江苏省南京市浦口区,2024-11-24,7,0.0,0.0,0.0,2024,47,,,,,,,,
稻纵卷叶螟,RLF,汤农稻纵卷叶螟监测点_1_48_诱虫量,汤农稻纵卷叶螟监测点,江苏省南京市浦口区,2024-12-01,7,0.0,0.0,0.0,2024,48,,,,,,,,
稻纵卷叶螟,RLF,汤农稻纵卷叶螟监测点_1_48_诱虫量,汤农稻纵卷叶螟监测点,江苏省南京市浦口区,2024-12-08,7,0.0,0.0,0.0,2024,49,,,,,,,,
稻纵卷叶螟,RLF,汤农稻纵卷叶螟监测点_1_48_诱虫量,汤农稻纵卷叶螟监测点,江苏省南京市浦口区,2024-12-15,7,0.0,0.0,0.0,2024,50,,,,,,,,
稻纵卷叶螟,RLF,汤农稻纵卷叶螟监测点_1_48_诱虫量,汤农稻纵卷叶螟监测点,江苏省南京市浦口区,2024-12-22,7,0.0,0.0,0.0,2024,51,,,,,,,,
稻纵卷叶螟,RLF,汤农稻纵卷叶螟监测点_1_48_诱虫量,汤农稻纵卷叶螟监测点,江苏省南京市浦口区,2024-12-29,3,0.0,,,2024,52,,,,,,,,
稻纵卷叶螟,RLF,汤山街道稻纵_1_20_诱虫量,汤山街道稻纵,江苏省南京市江宁区,2023-01-01,7,0.0,7.117142857142857,75.87,2022,52,,,,,,,,
稻纵卷叶螟,RLF,汤山街道稻纵_1_20_诱虫量,汤山街道稻纵,江苏省南京市江宁区,2023-01-08,7,0.0,9.43142857142857,87.00999999999999,2023,1,,,,,,,,
稻纵卷叶螟,RLF,汤山街道稻纵_1_20_诱虫量,汤山街道稻纵,江苏省南京市江宁区,2023-01-15,7,0.0,4.032857142857143,73.87857142857142,2023,2,,,,,,,,
稻纵卷叶螟,RLF,汤山街道稻纵_1_20_诱虫量,汤山街道稻纵,江苏省南京市江宁区,2023-01-22,7,0.0,1.2357142857142858,75.53999999999999,2023,3,,,,,,,,
稻纵卷叶螟,RLF,汤山街道稻纵_1_20_诱虫量,汤山街道稻纵,江苏省南京市江宁区,2023-01-29,7,0.0,6.481428571428571,70.51142857142857,2023,4,,,,,,,,
稻纵卷叶螟,RLF,汤山街道稻纵_1_20_诱虫量,汤山街道稻纵,江苏省南京市江宁区,2023-02-05,7,0.0,7.75,95.40285714285713,2023,5,,,,,,,,
稻纵卷叶螟,RLF,汤山街道稻纵_1_20_诱虫量,汤山街道稻纵,江苏省南京市江宁区,2023-02-12,7,0.0,7.140000000000001,82.43285714285715,2023,6,,,,,,,,
稻纵卷叶螟,RLF,汤山街道稻纵_1_20_诱虫量,汤山街道稻纵,江苏省南京市江宁区,2023-02-19,7,0.0,6.007142857142857,78.41,2023,7,,,,,,,,
稻纵卷叶螟,RLF,汤山街道稻纵_1_20_诱虫量,汤山街道稻纵,江苏省南京市江宁区,2023-02-26,6,0.0,11.446666666666667,65.28833333333333,2023,8,,,,,,,,
稻纵卷叶螟,RLF,汤山街道稻纵_1_20_诱虫量,汤山街道稻纵,江苏省南京市江宁区,2023-03-05,7,2.0,16.961428571428574,71.78,2023,9,,,,,,,,
稻纵卷叶螟,RLF,汤山街道稻纵_1_20_诱虫量,汤山街道稻纵,江苏省南京市江宁区,2023-03-12,7,2.0,11.268571428571429,72.43714285714286,2023,10,,,,,,,,
稻纵卷叶螟,RLF,汤山街道稻纵_1_20_诱虫量,汤山街道稻纵,江苏省南京市江宁区,2023-03-19,7,0.0,11.805714285714286,84.35142857142857,2023,11,,,,,,,,
稻纵卷叶螟,RLF,汤山街道稻纵_1_20_诱虫量,汤山街道稻纵,江苏省南京市江宁区,2023-03-26,7,0.0,14.935714285714285,75.66,2023,12,,,,,,,,
稻纵卷叶螟,RLF,汤山街道稻纵_1_20_诱虫量,汤山街道稻纵,江苏省南京市江宁区,2023-04-02,7,5.0,14.051428571428572,83.64,2023,13,,,,,,,,
稻纵卷叶螟,RLF,汤山街道稻纵_1_20_诱虫量,汤山街道稻纵,江苏省南京市江宁区,2023-04-09,7,1.0,20.12142857142857,67.14142857142858,2023,14,,,,,,,,
稻纵卷叶螟,RLF,汤山街道稻纵_1_20_诱虫量,汤山街道稻纵,江苏省南京市江宁区,2023-04-16,7,1.0,21.604285714285712,74.75714285714285,2023,15,,,,,,,,
稻纵卷叶螟,RLF,汤山街道稻纵_1_20_诱虫量,汤山街道稻纵,江苏省南京市江宁区,2023-04-23,7,0.0,17.092857142857145,78.85142857142857,2023,16,,,,,,,,
稻纵卷叶螟,RLF,汤山街道稻纵_1_20_诱虫量,汤山街道稻纵,江苏省南京市江宁区,2023-04-30,7,0.0,22.02,80.58142857142857,2023,17,,,,,,,,
稻纵卷叶螟,RLF,汤山街道稻纵_1_20_诱虫量,汤山街道稻纵,江苏省南京市江宁区,2023-05-07,7,1.0,20.247142857142855,72.41714285714286,2023,18,,,,,,,,
稻纵卷叶螟,RLF,汤山街道稻纵_1_20_诱虫量,汤山街道稻纵,江苏省南京市江宁区,2023-05-14,7,3.0,24.21857142857143,78.66714285714285,2023,19,,,,,,,,
稻纵卷叶螟,RLF,汤山街道稻纵_1_20_诱虫量,汤山街道稻纵,江苏省南京市江宁区,2023-05-21,7,1.0,23.080000000000002,81.74285714285715,2023,20,,,,,,,,
稻纵卷叶螟,RLF,汤山街道稻纵_1_20_诱虫量,汤山街道稻纵,江苏省南京市江宁区,2023-05-28,4,0.0,27.505,86.565,2023,21,,,,,,,,
稻纵卷叶螟,RLF,汤山街道稻纵_1_20_诱虫量,汤山街道稻纵,江苏省南京市江宁区,2023-10-29,5,0.0,21.65,81.568,2023,43,25.6,9.6,85.14,64.29,0.0,1.94,60.15,18.61
稻纵卷叶螟,RLF,汤山街道稻纵_1_20_诱虫量,汤山街道稻纵,江苏省南京市江宁区,2023-11-05,5,0.0,12.339999999999998,89.39999999999999,2023,44,27.6,12.9,83.57,69.14,0.8,2.48,60.23,19.36
稻纵卷叶螟,RLF,汤山街道稻纵_1_20_诱虫量,汤山街道稻纵,江苏省南京市江宁区,2023-11-12,7,0.0,10.228571428571428,71.37285714285714,2023,45,,,,,,,,
稻纵卷叶螟,RLF,汤山街道稻纵_1_20_诱虫量,汤山街道稻纵,江苏省南京市江宁区,2023-11-19,7,0.0,12.744285714285713,73.63,2023,46,,,,,,,,
稻纵卷叶螟,RLF,汤山街道稻纵_1_20_诱虫量,汤山街道稻纵,江苏省南京市江宁区,2023-11-26,7,0.0,9.167142857142858,73.58857142857143,2023,47,,,,,,,,
稻纵卷叶螟,RLF,汤山街道稻纵_1_20_诱虫量,汤山街道稻纵,江苏省南京市江宁区,2023-12-03,7,0.0,11.398571428571428,75.99428571428572,2023,48,,,,,,,,
稻纵卷叶螟,RLF,汤山街道稻纵_1_20_诱虫量,汤山街道稻纵,江苏省南京市江宁区,2023-12-10,7,0.0,5.848571428571428,88.02571428571427,2023,49,,,,,,,,
稻纵卷叶螟,RLF,汤山街道稻纵_1_20_诱虫量,汤山街道稻纵,江苏省南京市江宁区,2023-12-17,7,0.0,-0.19142857142857142,76.70428571428572,2023,50,,,,,,,,
稻纵卷叶螟,RLF,汤山街道稻纵_1_20_诱虫量,汤山街道稻纵,江苏省南京市江宁区,2023-12-24,7,0.0,6.414285714285714,84.86428571428571,2023,51,,,,,,,,
稻纵卷叶螟,RLF,汤山街道稻纵_1_20_诱虫量,汤山街道稻纵,江苏省南京市江宁区,2023-12-31,7,0.0,6.234285714285714,85.79857142857144,2023,52,,,,,,,,
稻纵卷叶螟,RLF,汤山街道稻纵_1_20_诱虫量,汤山街道稻纵,江苏省南京市江宁区,2024-01-07,7,0.0,9.078571428571427,74.67285714285715,2024,1,,,,,,,,
稻纵卷叶螟,RLF,汤山街道稻纵_1_20_诱虫量,汤山街道稻纵,江苏省南京市江宁区,2024-01-14,7,0.0,5.784285714285715,89.68857142857144,2024,2,,,,,,,,
稻纵卷叶螟,RLF,汤山街道稻纵_1_20_诱虫量,汤山街道稻纵,江苏省南京市江宁区,2024-01-21,7,0.0,1.3628571428571428,73.02857142857144,2024,3,,,,,,,,
稻纵卷叶螟,RLF,汤山街道稻纵_1_20_诱虫量,汤山街道稻纵,江苏省南京市江宁区,2024-01-28,7,0.0,5.097142857142857,92.99571428571429,2024,4,,,,,,,,
稻纵卷叶螟,RLF,汤山街道稻纵_1_20_诱虫量,汤山街道稻纵,江苏省南京市江宁区,2024-02-04,7,0.0,3.7357142857142853,85.67142857142858,2024,5,,,,,,,,
稻纵卷叶螟,RLF,汤山街道稻纵_1_20_诱虫量,汤山街道稻纵,江苏省南京市江宁区,2024-02-11,7,0.0,11.057142857142859,78.1842857142857,2024,6,,,,,,,,
稻纵卷叶螟,RLF,汤山街道稻纵_1_20_诱虫量,汤山街道稻纵,江苏省南京市江宁区,2024-02-18,7,0.0,3.9857142857142853,94.20285714285714,2024,7,,,,,,,,
稻纵卷叶螟,RLF,汤山街道稻纵_1_20_诱虫量,汤山街道稻纵,江苏省南京市江宁区,2024-02-25,7,0.0,5.140000000000001,82.35714285714286,2024,8,,,,,,,,
稻纵卷叶螟,RLF,汤山街道稻纵_1_20_诱虫量,汤山街道稻纵,江苏省南京市江宁区,2024-03-03,7,0.0,9.072857142857142,79.70428571428572,2024,9,,,,,,,,
稻纵卷叶螟,RLF,汤山街道稻纵_1_20_诱虫量,汤山街道稻纵,江苏省南京市江宁区,2024-03-10,7,0.0,13.227142857142857,78.80714285714285,2024,10,,,,,,,,
稻纵卷叶螟,RLF,汤山街道稻纵_1_20_诱虫量,汤山街道稻纵,江苏省南京市江宁区,2024-03-17,7,0.0,14.398571428571428,73.95428571428572,2024,11,,,,,,,,
稻纵卷叶螟,RLF,汤山街道稻纵_1_20_诱虫量,汤山街道稻纵,江苏省南京市江宁区,2024-03-24,7,0.0,15.558571428571428,86.93142857142857,2024,12,,,,,,,,
稻纵卷叶螟,RLF,汤山街道稻纵_1_20_诱虫量,汤山街道稻纵,江苏省南京市江宁区,2024-03-31,7,1.0,16.797142857142855,81.21428571428571,2024,13,,,,,,,,
稻纵卷叶螟,RLF,汤山街道稻纵_1_20_诱虫量,汤山街道稻纵,江苏省南京市江宁区,2024-04-07,7,0.0,18.284285714285712,85.72714285714287,2024,14,,,,,,,,
稻纵卷叶螟,RLF,汤山街道稻纵_1_20_诱虫量,汤山街道稻纵,江苏省南京市江宁区,2024-04-14,7,0.0,19.87857142857143,86.63,2024,15,,,,,,,,
稻纵卷叶螟,RLF,汤山街道稻纵_1_20_诱虫量,汤山街道稻纵,江苏省南京市江宁区,2024-04-21,7,1.0,21.194285714285712,79.64999999999999,2024,16,,,,,,,,
稻纵卷叶螟,RLF,汤山街道稻纵_1_20_诱虫量,汤山街道稻纵,江苏省南京市江宁区,2024-04-28,7,0.0,18.254285714285714,85.06714285714285,2024,17,,,,,,,,
稻纵卷叶螟,RLF,汤山街道稻纵_1_20_诱虫量,汤山街道稻纵,江苏省南京市江宁区,2024-05-05,7,0.0,22.015714285714285,81.05,2024,18,,,,,,,,
稻纵卷叶螟,RLF,汤山街道稻纵_1_20_诱虫量,汤山街道稻纵,江苏省南京市江宁区,2024-05-12,7,0.0,24.795714285714286,70.04428571428572,2024,19,,,,,,,,
稻纵卷叶螟,RLF,汤山街道稻纵_1_20_诱虫量,汤山街道稻纵,江苏省南京市江宁区,2024-05-19,7,1.0,26.534285714285716,80.17285714285715,2024,20,,,,,,,,
稻纵卷叶螟,RLF,汤山街道稻纵_1_20_诱虫量,汤山街道稻纵,江苏省南京市江宁区,2024-05-26,6,0.0,23.060000000000002,83.07166666666667,2024,21,,,,,,,,
稻纵卷叶螟,RLF,汤山街道稻纵_1_20_诱虫量,汤山街道稻纵,江苏省南京市江宁区,2024-10-27,3,3.0,18.106666666666666,91.13999999999999,2024,43,22.3,8.6,88.29,80.43,20.0,3.16,35.15,12.25
稻纵卷叶螟,RLF,汤山街道稻纵_1_20_诱虫量,汤山街道稻纵,江苏省南京市江宁区,2024-11-03,7,1.0,16.31142857142857,85.03142857142858,2024,44,22.0,9.3,87.57,74.57,6.8,2.95,55.84,15.81
稻纵卷叶螟,RLF,汤山街道稻纵_1_20_诱虫量,汤山街道稻纵,江苏省南京市江宁区,2024-11-10,7,0.0,18.434285714285714,91.07571428571428,2024,45,,,,,,,,
稻纵卷叶螟,RLF,汤山街道稻纵_1_20_诱虫量,汤山街道稻纵,江苏省南京市江宁区,2024-11-17,7,2.0,12.627142857142857,82.26285714285714,2024,46,,,,,,,,
稻纵卷叶螟,RLF,汤山街道稻纵_1_20_诱虫量,汤山街道稻纵,江苏省南京市江宁区,2024-11-24,7,0.0,8.622857142857143,78.21285714285715,2024,47,,,,,,,,
稻纵卷叶螟,RLF,汤山街道稻纵_1_20_诱虫量,汤山街道稻纵,江苏省南京市江宁区,2024-12-01,7,0.0,10.021428571428572,84.22714285714287,2024,48,,,,,,,,
稻纵卷叶螟,RLF,汤山街道稻纵_1_20_诱虫量,汤山街道稻纵,江苏省南京市江宁区,2024-12-08,7,0.0,5.677142857142857,84.19428571428571,2024,49,,,,,,,,
稻纵卷叶螟,RLF,汤山街道稻纵_1_20_诱虫量,汤山街道稻纵,江苏省南京市江宁区,2024-12-15,7,0.0,3.34,81.62285714285714,2024,50,,,,,,,,
稻纵卷叶螟,RLF,汤山街道稻纵_1_20_诱虫量,汤山街道稻纵,江苏省南京市江宁区,2024-12-22,7,0.0,4.662857142857143,78.98857142857143,2024,51,,,,,,,,
稻纵卷叶螟,RLF,汤山街道稻纵_1_20_诱虫量,汤山街道稻纵,江苏省南京市江宁区,2024-12-29,3,0.0,4.135,74.715,2024,52,,,,,,,,
稻纵卷叶螟,RLF,汤山街道稻纵_1_5_诱虫量,汤山街道稻纵,江苏省南京市江宁区,2023-05-28,3,1.0,28.363333333333333,67.96333333333334,2023,21,,,,,,,,
稻纵卷叶螟,RLF,汤山街道稻纵_1_5_诱虫量,汤山街道稻纵,江苏省南京市江宁区,2023-06-04,7,2.0,25.978571428571428,82.26428571428572,2023,22,32.3,20.1,84.14,74.14,29.6,2.38,48.59,25.72
稻纵卷叶螟,RLF,汤山街道稻纵_1_5_诱虫量,汤山街道稻纵,江苏省南京市江宁区,2023-06-11,7,1.0,27.060000000000002,79.6842857142857,2023,23,34.2,16.0,80.43,75.0,31.1,2.66,59.78,28.9
稻纵卷叶螟,RLF,汤山街道稻纵_1_5_诱虫量,汤山街道稻纵,江苏省南京市江宁区,2023-06-18,7,3.0,26.56142857142857,89.6842857142857,2023,24,32.4,19.2,80.14,65.0,8.5,2.69,57.13,31.06
稻纵卷叶螟,RLF,汤山街道稻纵_1_5_诱虫量,汤山街道稻纵,江苏省南京市江宁区,2023-06-25,7,0.0,29.592857142857145,87.72,2023,25,31.4,20.5,87.57,74.57,82.3,2.55,29.04,21.42
稻纵卷叶螟,RLF,汤山街道稻纵_1_5_诱虫量,汤山街道稻纵,江苏省南京市江宁区,2023-07-02,7,8.0,30.575714285714287,89.8442857142857,2023,26,32.8,21.5,86.29,78.86,64.0,2.94,49.98,24.98
稻纵卷叶螟,RLF,汤山街道稻纵_1_5_诱虫量,汤山街道稻纵,江苏省南京市江宁区,2023-07-09,7,18.0,30.761428571428574,90.29285714285716,2023,27,32.9,23.9,87.86,82.29,123.1,3.4,45.76,24.46
稻纵卷叶螟,RLF,汤山街道稻纵_1_5_诱虫量,汤山街道稻纵,江苏省南京市江宁区,2023-07-16,7,26.0,29.490000000000002,91.64285714285714,2023,28,34.9,24.6,84.57,77.0,27.6,3.38,49.19,28.48
稻纵卷叶螟,RLF,汤山街道稻纵_1_5_诱虫量,汤山街道稻纵,江苏省南京市江宁区,2023-07-23,7,19.0,30.075714285714287,91.57857142857142,2023,29,31.5,23.5,89.43,84.71,117.0,2.29,34.08,19.55
稻纵卷叶螟,RLF,汤山街道稻纵_1_5_诱虫量,汤山街道稻纵,江苏省南京市江宁区,2023-07-30,7,0.0,32.41142857142857,85.16142857142857,2023,30,33.2,25.1,86.86,80.86,44.3,3.98,65.75,29.7
稻纵卷叶螟,RLF,汤山街道稻纵_1_5_诱虫量,汤山街道稻纵,江苏省南京市江宁区,2023-08-06,7,12.0,32.035714285714285,82.69142857142857,2023,31,34.0,25.0,86.43,76.43,17.1,3.1,81.36,32.83
稻纵卷叶螟,RLF,汤山街道稻纵_1_5_诱虫量,汤山街道稻纵,江苏省南京市江宁区,2023-08-13,7,63.0,31.061666666666667,86.13666666666667,2023,32,35.1,24.0,83.71,75.14,10.3,2.08,79.69,33.11
稻纵卷叶螟,RLF,汤山街道稻纵_1_5_诱虫量,汤山街道稻纵,江苏省南京市江宁区,2023-08-20,7,15.0,29.891428571428573,84.60714285714286,2023,33,33.7,23.9,86.57,81.29,26.5,2.19,77.01,29.64
稻纵卷叶螟,RLF,汤山街道稻纵_1_5_诱虫量,汤山街道稻纵,江苏省南京市江宁区,2023-08-27,7,1.0,26.985714285714288,85.57142857142857,2023,34,32.0,22.4,82.71,72.0,27.1,2.8,70.93,31.5
稻纵卷叶螟,RLF,汤山街道稻纵_1_5_诱虫量,汤山街道稻纵,江苏省南京市江宁区,2023-09-03,7,1.0,29.297142857142855,83.61571428571428,2023,35,29.4,18.5,86.86,78.57,59.2,2.79,42.5,22.49
稻纵卷叶螟,RLF,汤山街道稻纵_1_5_诱虫量,汤山街道稻纵,江苏省南京市江宁区,2023-09-10,7,0.0,25.824285714285715,92.75428571428571,2023,36,31.0,21.7,88.0,73.71,2.5,2.83,74.88,29.19
稻纵卷叶螟,RLF,汤山街道稻纵_1_5_诱虫量,汤山街道稻纵,江苏省南京市江宁区,2023-09-17,7,2.0,25.127142857142854,91.71428571428571,2023,37,31.4,20.4,87.43,82.14,74.6,2.74,29.78,17.15
稻纵卷叶螟,RLF,汤山街道稻纵_1_5_诱虫量,汤山街道稻纵,江苏省南京市江宁区,2023-09-24,7,1.0,25.034285714285716,91.69714285714285,2023,38,32.0,18.8,88.57,77.57,41.3,2.51,30.18,16.82
稻纵卷叶螟,RLF,汤山街道稻纵_1_5_诱虫量,汤山街道稻纵,江苏省南京市江宁区,2023-10-01,7,0.0,21.444285714285716,83.67,2023,39,28.2,19.1,89.57,82.43,13.3,2.19,45.28,17.44
稻纵卷叶螟,RLF,汤山街道稻纵_1_5_诱虫量,汤山街道稻纵,江苏省南京市江宁区,2023-10-08,7,2.0,21.12142857142857,82.29285714285713,2023,40,25.5,15.7,80.86,71.71,21.7,3.55,38.52,19.59
稻纵卷叶螟,RLF,汤山街道稻纵_1_5_诱虫量,汤山街道稻纵,江苏省南京市江宁区,2023-10-15,7,0.0,21.361428571428572,73.67999999999999,2023,41,23.6,13.5,84.86,74.14,0.0,2.05,50.14,17.04
稻纵卷叶螟,RLF,汤山街道稻纵_1_5_诱虫量,汤山街道稻纵,江苏省南京市江宁区,2023-10-22,7,0.0,20.982857142857142,79.37571428571428,2023,42,26.1,9.6,84.43,62.0,4.0,2.46,71.43,22.45
稻纵卷叶螟,RLF,汤山街道稻纵_1_5_诱虫量,汤山街道稻纵,江苏省南京市江宁区,2023-10-29,2,0.0,20.88,79.44,2023,43,25.6,9.6,85.14,64.29,0.0,1.94,60.15,18.61
稻纵卷叶螟,RLF,汤山街道稻纵_1_5_诱虫量,汤山街道稻纵,江苏省南京市江宁区,2024-05-26,1,0.0,23.87,72.13,2024,21,,,,,,,,
稻纵卷叶螟,RLF,汤山街道稻纵_1_5_诱虫量,汤山街道稻纵,江苏省南京市江宁区,2024-06-02,7,7.0,25.50714285714286,77.78142857142858,2024,22,26.9,14.2,77.71,68.43,42.5,2.69,50.74,25.99
稻纵卷叶螟,RLF,汤山街道稻纵_1_5_诱虫量,汤山街道稻纵,江苏省南京市江宁区,2024-06-09,7,1.0,29.367142857142856,77.34714285714286,2024,23,30.9,17.1,76.86,61.71,5.2,2.43,62.66,30.94
稻纵卷叶螟,RLF,汤山街道稻纵_1_5_诱虫量,汤山街道稻纵,江苏省南京市江宁区,2024-06-16,7,2.0,28.12142857142857,85.34571428571428,2024,24,34.2,20.7,79.71,58.71,0.7,2.43,71.14,35.09
稻纵卷叶螟,RLF,汤山街道稻纵_1_5_诱虫量,汤山街道稻纵,江苏省南京市江宁区,2024-06-23,7,5.0,26.13714285714286,94.31714285714285,2024,25,32.3,21.3,85.0,69.86,96.1,3.32,46.58,27.17
稻纵卷叶螟,RLF,汤山街道稻纵_1_5_诱虫量,汤山街道稻纵,江苏省南京市江宁区,2024-06-30,7,2.0,30.65,88.71000000000001,2024,26,30.9,20.7,88.71,85.57,179.0,2.73,26.58,17.62
稻纵卷叶螟,RLF,汤山街道稻纵_1_5_诱虫量,汤山街道稻纵,江苏省南京市江宁区,2024-07-07,7,1.0,28.821428571428573,92.99714285714286,2024,27,34.9,22.6,81.14,78.57,41.8,4.14,62.65,32.6
稻纵卷叶螟,RLF,汤山街道稻纵_1_5_诱虫量,汤山街道稻纵,江苏省南京市江宁区,2024-07-14,7,2.0,31.694285714285716,90.18571428571428,2024,28,35.0,21.4,88.57,86.0,168.8,2.44,20.72,18.18
稻纵卷叶螟,RLF,汤山街道稻纵_1_5_诱虫量,汤山街道稻纵,江苏省南京市江宁区,2024-07-21,7,2.0,33.378571428571426,85.13428571428572,2024,29,35.2,24.3,81.86,78.57,22.4,3.39,35.37,25.73
稻纵卷叶螟,RLF,汤山街道稻纵_1_5_诱虫量,汤山街道稻纵,江苏省南京市江宁区,2024-07-28,7,0.0,35.03,80.49142857142856,2024,30,36.7,27.0,80.57,71.86,6.1,4.7,71.71,37.84
稻纵卷叶螟,RLF,汤山街道稻纵_1_5_诱虫量,汤山街道稻纵,江苏省南京市江宁区,2024-08-04,7,3.0,35.642857142857146,80.64857142857143,2024,31,37.5,27.6,76.0,71.57,9.5,2.75,86.5,40.56
稻纵卷叶螟,RLF,汤山街道稻纵_1_5_诱虫量,汤山街道稻纵,江苏省南京市江宁区,2024-08-11,7,6.0,32.744285714285716,84.35142857142857,2024,32,37.8,27.1,76.86,66.71,62.0,1.88,83.96,39.02
稻纵卷叶螟,RLF,汤山街道稻纵_1_5_诱虫量,汤山街道稻纵,江苏省南京市江宁区,2024-08-18,7,5.0,31.744285714285716,89.22857142857143,2024,33,36.3,24.9,84.43,67.71,34.3,2.42,75.24,33.56
稻纵卷叶螟,RLF,汤山街道稻纵_1_5_诱虫量,汤山街道稻纵,江苏省南京市江宁区,2024-08-25,7,5.0,31.814285714285713,87.97571428571429,2024,34,34.7,25.4,84.71,77.86,50.4,1.93,64.42,27.34
稻纵卷叶螟,RLF,汤山街道稻纵_1_5_诱虫量,汤山街道稻纵,江苏省南京市江宁区,2024-09-01,7,30.0,31.728571428571428,87.38714285714286,2024,35,35.2,24.1,83.43,71.71,6.3,2.35,74.77,30.13
稻纵卷叶螟,RLF,汤山街道稻纵_1_5_诱虫量,汤山街道稻纵,江苏省南京市江宁区,2024-09-08,7,13.0,30.334285714285716,92.77,2024,36,33.8,24.2,79.29,68.43,2.9,3.23,78.8,33.31
稻纵卷叶螟,RLF,汤山街道稻纵_1_5_诱虫量,汤山街道稻纵,江苏省南京市江宁区,2024-09-15,7,9.0,27.58142857142857,95.16285714285713,2024,37,33.8,23.6,88.14,80.14,83.0,3.4,57.66,23.89
稻纵卷叶螟,RLF,汤山街道稻纵_1_5_诱虫量,汤山街道稻纵,江苏省南京市江宁区,2024-09-22,7,24.0,24.11285714285714,90.89571428571428,2024,38,31.6,17.4,81.14,76.86,124.9,5.49,54.64,24.01
稻纵卷叶螟,RLF,汤山街道稻纵_1_5_诱虫量,汤山街道稻纵,江苏省南京市江宁区,2024-09-29,7,28.0,21.231428571428573,89.77285714285713,2024,39,29.1,15.8,86.14,76.0,15.1,2.67,66.18,23.31
稻纵卷叶螟,RLF,汤山街道稻纵_1_5_诱虫量,汤山街道稻纵,江苏省南京市江宁区,2024-10-06,7,12.0,19.56714285714286,91.37857142857142,2024,40,28.6,11.9,79.0,72.14,17.2,3.38,48.16,18.62
稻纵卷叶螟,RLF,汤山街道稻纵_1_5_诱虫量,汤山街道稻纵,江苏省南京市江宁区,2024-10-13,7,72.0,21.06714285714286,95.62571428571428,2024,41,25.2,13.1,85.0,74.71,16.7,2.16,49.5,16.94
稻纵卷叶螟,RLF,汤山街道稻纵_1_5_诱虫量,汤山街道稻纵,江苏省南京市江宁区,2024-10-20,7,16.0,17.38142857142857,92.79714285714286,2024,42,27.2,11.2,86.57,77.0,49.2,3.66,31.77,14.95
稻纵卷叶螟,RLF,汤山街道稻纵_1_5_诱虫量,汤山街道稻纵,江苏省南京市江宁区,2024-10-27,4,2.0,16.713333333333335,89.73666666666668,2024,43,22.3,8.6,88.29,80.43,20.0,3.16,35.15,12.25
稻纵卷叶螟,RLF,浦口区滨江榴园南_1_23_诱虫量,浦口区滨江榴园南,江苏省南京市浦口区,2024-07-21,4,0.0,32.915000000000006,68.63499999999999,2024,29,35.2,24.3,81.86,78.57,22.4,3.39,35.37,25.73
稻纵卷叶螟,RLF,浦口区滨江榴园南_1_23_诱虫量,浦口区滨江榴园南,江苏省南京市浦口区,2024-07-28,7,6.0,33.68714285714286,71.56571428571428,2024,30,36.7,27.0,80.57,71.86,6.1,4.7,71.71,37.84
稻纵卷叶螟,RLF,浦口区滨江榴园南_1_23_诱虫量,浦口区滨江榴园南,江苏省南京市浦口区,2024-08-04,7,11.0,32.674285714285716,74.49857142857142,2024,31,37.5,27.6,76.0,71.57,9.5,2.75,86.5,40.56
稻纵卷叶螟,RLF,浦口区滨江榴园南_1_23_诱虫量,浦口区滨江榴园南,江苏省南京市浦口区,2024-08-11,7,6.0,32.13428571428572,73.62714285714286,2024,32,37.8,27.1,76.86,66.71,62.0,1.88,83.96,39.02
稻纵卷叶螟,RLF,浦口区滨江榴园南_1_23_诱虫量,浦口区滨江榴园南,江苏省南京市浦口区,2024-08-18,7,21.0,31.185714285714287,79.67142857142858,2024,33,36.3,24.9,84.43,67.71,34.3,2.42,75.24,33.56
稻纵卷叶螟,RLF,浦口区滨江榴园南_1_23_诱虫量,浦口区滨江榴园南,江苏省南京市浦口区,2024-08-25,7,66.0,30.919999999999998,78.14714285714285,2024,34,34.7,25.4,84.71,77.86,50.4,1.93,64.42,27.34
稻纵卷叶螟,RLF,浦口区滨江榴园南_1_23_诱虫量,浦口区滨江榴园南,江苏省南京市浦口区,2024-09-01,7,63.0,31.490000000000002,74.82857142857142,2024,35,35.2,24.1,83.43,71.71,6.3,2.35,74.77,30.13
稻纵卷叶螟,RLF,浦口区滨江榴园南_1_23_诱虫量,浦口区滨江榴园南,江苏省南京市浦口区,2024-09-08,7,95.0,30.445714285714285,80.16,2024,36,33.8,24.2,79.29,68.43,2.9,3.23,78.8,33.31
稻纵卷叶螟,RLF,浦口区滨江榴园南_1_23_诱虫量,浦口区滨江榴园南,江苏省南京市浦口区,2024-09-15,7,14.0,28.08142857142857,79.13714285714286,2024,37,33.8,23.6,88.14,80.14,83.0,3.4,57.66,23.89
稻纵卷叶螟,RLF,浦口区滨江榴园南_1_23_诱虫量,浦口区滨江榴园南,江苏省南京市浦口区,2024-09-22,7,7.0,25.391428571428573,72.94285714285715,2024,38,31.6,17.4,81.14,76.86,124.9,5.49,54.64,24.01
稻纵卷叶螟,RLF,浦口区滨江榴园南_1_23_诱虫量,浦口区滨江榴园南,江苏省南京市浦口区,2024-09-29,7,9.0,22.164285714285715,70.17,2024,39,29.1,15.8,86.14,76.0,15.1,2.67,66.18,23.31
稻纵卷叶螟,RLF,浦口区滨江榴园南_1_23_诱虫量,浦口区滨江榴园南,江苏省南京市浦口区,2024-10-06,7,1.0,20.27,77.92428571428572,2024,40,28.6,11.9,79.0,72.14,17.2,3.38,48.16,18.62
稻纵卷叶螟,RLF,浦口区滨江榴园南_1_23_诱虫量,浦口区滨江榴园南,江苏省南京市浦口区,2024-10-13,7,50.0,21.737142857142857,80.34,2024,41,25.2,13.1,85.0,74.71,16.7,2.16,49.5,16.94
稻纵卷叶螟,RLF,浦口区滨江榴园南_1_23_诱虫量,浦口区滨江榴园南,江苏省南京市浦口区,2024-10-20,7,1.0,18.14857142857143,77.17999999999999,2024,42,27.2,11.2,86.57,77.0,49.2,3.66,31.77,14.95
稻纵卷叶螟,RLF,浦口区滨江榴园南_1_23_诱虫量,浦口区滨江榴园南,江苏省南京市浦口区,2024-10-27,4,1.0,16.896666666666665,75.95333333333333,2024,43,22.3,8.6,88.29,80.43,20.0,3.16,35.15,12.25
稻纵卷叶螟,RLF,浦口区滨江榴园南_1_25_诱虫量,浦口区滨江榴园南,江苏省南京市浦口区,2024-04-21,1,0.0,,,2024,16,,,,,,,,
稻纵卷叶螟,RLF,浦口区滨江榴园南_1_25_诱虫量,浦口区滨江榴园南,江苏省南京市浦口区,2024-10-27,3,3.0,19.116666666666664,75.82,2024,43,22.3,8.6,88.29,80.43,20.0,3.16,35.15,12.25
稻纵卷叶螟,RLF,浦口区滨江榴园南_1_25_诱虫量,浦口区滨江榴园南,江苏省南京市浦口区,2024-11-03,7,0.0,17.06,68.42857142857143,2024,44,22.0,9.3,87.57,74.57,6.8,2.95,55.84,15.81
稻纵卷叶螟,RLF,浦口区滨江榴园南_1_25_诱虫量,浦口区滨江榴园南,江苏省南京市浦口区,2024-11-10,7,1.0,19.78,76.80857142857143,2024,45,,,,,,,,
稻纵卷叶螟,RLF,浦口区滨江榴园南_1_25_诱虫量,浦口区滨江榴园南,江苏省南京市浦口区,2024-11-17,7,0.0,11.904285714285715,70.57714285714286,2024,46,,,,,,,,
稻纵卷叶螟,RLF,浦口区滨江榴园南_1_25_诱虫量,浦口区滨江榴园南,江苏省南京市浦口区,2024-11-24,7,0.0,9.721428571428572,62.51,2024,47,,,,,,,,
稻纵卷叶螟,RLF,浦口区滨江榴园南_1_25_诱虫量,浦口区滨江榴园南,江苏省南京市浦口区,2024-12-01,7,0.0,10.442857142857141,71.61571428571429,2024,48,,,,,,,,
稻纵卷叶螟,RLF,浦口区滨江榴园南_1_25_诱虫量,浦口区滨江榴园南,江苏省南京市浦口区,2024-12-08,7,0.0,5.644285714285714,67.64,2024,49,,,,,,,,
稻纵卷叶螟,RLF,浦口区滨江榴园南_1_25_诱虫量,浦口区滨江榴园南,江苏省南京市浦口区,2024-12-15,7,0.0,5.011428571428572,56.36571428571428,2024,50,,,,,,,,
稻纵卷叶螟,RLF,浦口区滨江榴园南_1_25_诱虫量,浦口区滨江榴园南,江苏省南京市浦口区,2024-12-22,7,0.0,5.564285714285715,58.46714285714285,2024,51,,,,,,,,
稻纵卷叶螟,RLF,浦口区滨江榴园南_1_25_诱虫量,浦口区滨江榴园南,江苏省南京市浦口区,2024-12-29,3,0.0,6.300000000000001,51.97,2024,52,,,,,,,,
稻纵卷叶螟,RLF,淳化街道稻纵_1_1_诱虫量,淳化街道稻纵,江苏省南京市江宁区,2023-05-28,3,0.0,28.296666666666667,63.943333333333335,2023,21,,,,,,,,
稻纵卷叶螟,RLF,淳化街道稻纵_1_1_诱虫量,淳化街道稻纵,江苏省南京市江宁区,2023-06-04,7,0.0,26.458571428571428,77.0442857142857,2023,22,32.3,20.1,84.14,74.14,29.6,2.38,48.59,25.72
稻纵卷叶螟,RLF,淳化街道稻纵_1_1_诱虫量,淳化街道稻纵,江苏省南京市江宁区,2023-06-11,7,0.0,27.382857142857144,76.08714285714287,2023,23,34.2,16.0,80.43,75.0,31.1,2.66,59.78,28.9
稻纵卷叶螟,RLF,淳化街道稻纵_1_1_诱虫量,淳化街道稻纵,江苏省南京市江宁区,2023-06-18,7,0.0,26.58285714285714,88.83714285714287,2023,24,32.4,19.2,80.14,65.0,8.5,2.69,57.13,31.06
稻纵卷叶螟,RLF,淳化街道稻纵_1_1_诱虫量,淳化街道稻纵,江苏省南京市江宁区,2023-06-25,7,3.0,29.351428571428567,86.71142857142857,2023,25,31.4,20.5,87.57,74.57,82.3,2.55,29.04,21.42
稻纵卷叶螟,RLF,淳化街道稻纵_1_1_诱虫量,淳化街道稻纵,江苏省南京市江宁区,2023-07-02,7,0.0,30.37714285714286,89.07142857142857,2023,26,32.8,21.5,86.29,78.86,64.0,2.94,49.98,24.98
稻纵卷叶螟,RLF,淳化街道稻纵_1_1_诱虫量,淳化街道稻纵,江苏省南京市江宁区,2023-07-09,7,3.0,30.494285714285716,89.07714285714285,2023,27,32.9,23.9,87.86,82.29,123.1,3.4,45.76,24.46
稻纵卷叶螟,RLF,淳化街道稻纵_1_1_诱虫量,淳化街道稻纵,江苏省南京市江宁区,2023-07-16,7,7.0,29.125714285714285,91.88428571428571,2023,28,34.9,24.6,84.57,77.0,27.6,3.38,49.19,28.48
稻纵卷叶螟,RLF,淳化街道稻纵_1_1_诱虫量,淳化街道稻纵,江苏省南京市江宁区,2023-07-23,7,11.0,30.174285714285713,89.38142857142857,2023,29,31.5,23.5,89.43,84.71,117.0,2.29,34.08,19.55
稻纵卷叶螟,RLF,淳化街道稻纵_1_1_诱虫量,淳化街道稻纵,江苏省南京市江宁区,2023-07-30,7,1.0,32.00714285714286,84.28142857142858,2023,30,33.2,25.1,86.86,80.86,44.3,3.98,65.75,29.7
稻纵卷叶螟,RLF,淳化街道稻纵_1_1_诱虫量,淳化街道稻纵,江苏省南京市江宁区,2023-08-06,7,8.0,31.495714285714286,81.91285714285713,2023,31,34.0,25.0,86.43,76.43,17.1,3.1,81.36,32.83
稻纵卷叶螟,RLF,淳化街道稻纵_1_1_诱虫量,淳化街道稻纵,江苏省南京市江宁区,2023-08-13,7,6.0,31.521666666666665,83.49333333333333,2023,32,35.1,24.0,83.71,75.14,10.3,2.08,79.69,33.11
稻纵卷叶螟,RLF,淳化街道稻纵_1_1_诱虫量,淳化街道稻纵,江苏省南京市江宁区,2023-08-20,7,6.0,30.084285714285716,81.98857142857142,2023,33,33.7,23.9,86.57,81.29,26.5,2.19,77.01,29.64
稻纵卷叶螟,RLF,淳化街道稻纵_1_1_诱虫量,淳化街道稻纵,江苏省南京市江宁区,2023-08-27,7,0.0,25.78,87.32571428571428,2023,34,32.0,22.4,82.71,72.0,27.1,2.8,70.93,31.5
稻纵卷叶螟,RLF,淳化街道稻纵_1_1_诱虫量,淳化街道稻纵,江苏省南京市江宁区,2023-09-03,7,1.0,28.57857142857143,83.47285714285715,2023,35,29.4,18.5,86.86,78.57,59.2,2.79,42.5,22.49
稻纵卷叶螟,RLF,淳化街道稻纵_1_1_诱虫量,淳化街道稻纵,江苏省南京市江宁区,2023-09-10,7,1.0,25.931428571428572,91.22,2023,36,31.0,21.7,88.0,73.71,2.5,2.83,74.88,29.19
稻纵卷叶螟,RLF,淳化街道稻纵_1_1_诱虫量,淳化街道稻纵,江苏省南京市江宁区,2023-09-17,7,4.0,24.905714285714286,91.32857142857142,2023,37,31.4,20.4,87.43,82.14,74.6,2.74,29.78,17.15
稻纵卷叶螟,RLF,淳化街道稻纵_1_1_诱虫量,淳化街道稻纵,江苏省南京市江宁区,2023-09-24,7,3.0,24.97142857142857,91.41142857142857,2023,38,32.0,18.8,88.57,77.57,41.3,2.51,30.18,16.82
稻纵卷叶螟,RLF,淳化街道稻纵_1_1_诱虫量,淳化街道稻纵,江苏省南京市江宁区,2023-10-01,7,0.0,21.18857142857143,83.32285714285715,2023,39,28.2,19.1,89.57,82.43,13.3,2.19,45.28,17.44
稻纵卷叶螟,RLF,淳化街道稻纵_1_1_诱虫量,淳化街道稻纵,江苏省南京市江宁区,2023-10-08,7,0.0,20.919999999999998,82.14142857142858,2023,40,25.5,15.7,80.86,71.71,21.7,3.55,38.52,19.59
稻纵卷叶螟,RLF,淳化街道稻纵_1_1_诱虫量,淳化街道稻纵,江苏省南京市江宁区,2023-10-15,7,0.0,20.485714285714288,74.98,2023,41,23.6,13.5,84.86,74.14,0.0,2.05,50.14,17.04
稻纵卷叶螟,RLF,淳化街道稻纵_1_1_诱虫量,淳化街道稻纵,江苏省南京市江宁区,2023-10-22,7,0.0,20.41857142857143,80.24857142857142,2023,42,26.1,9.6,84.43,62.0,4.0,2.46,71.43,22.45
稻纵卷叶螟,RLF,淳化街道稻纵_1_1_诱虫量,淳化街道稻纵,江苏省南京市江宁区,2023-10-29,2,0.0,20.74,79.74,2023,43,25.6,9.6,85.14,64.29,0.0,1.94,60.15,18.61
稻纵卷叶螟,RLF,淳化街道稻纵_1_1_诱虫量,淳化街道稻纵,江苏省南京市江宁区,2024-05-26,1,0.0,24.21,69.88,2024,21,,,,,,,,
稻纵卷叶螟,RLF,淳化街道稻纵_1_1_诱虫量,淳化街道稻纵,江苏省南京市江宁区,2024-06-02,7,0.0,25.214285714285715,76.32142857142857,2024,22,26.9,14.2,77.71,68.43,42.5,2.69,50.74,25.99
稻纵卷叶螟,RLF,淳化街道稻纵_1_1_诱虫量,淳化街道稻纵,江苏省南京市江宁区,2024-06-09,7,1.0,30.051428571428573,74.0657142857143,2024,23,30.9,17.1,76.86,61.71,5.2,2.43,62.66,30.94
稻纵卷叶螟,RLF,淳化街道稻纵_1_1_诱虫量,淳化街道稻纵,江苏省南京市江宁区,2024-06-16,7,0.0,28.205714285714286,84.11571428571428,2024,24,34.2,20.7,79.71,58.71,0.7,2.43,71.14,35.09
稻纵卷叶螟,RLF,淳化街道稻纵_1_1_诱虫量,淳化街道稻纵,江苏省南京市江宁区,2024-06-23,7,0.0,26.117142857142856,93.39999999999999,2024,25,32.3,21.3,85.0,69.86,96.1,3.32,46.58,27.17
稻纵卷叶螟,RLF,淳化街道稻纵_1_1_诱虫量,淳化街道稻纵,江苏省南京市江宁区,2024-06-30,7,0.0,30.594285714285714,86.03999999999999,2024,26,30.9,20.7,88.71,85.57,179.0,2.73,26.58,17.62
稻纵卷叶螟,RLF,淳化街道稻纵_1_1_诱虫量,淳化街道稻纵,江苏省南京市江宁区,2024-07-07,7,0.0,28.857142857142858,90.11428571428571,2024,27,34.9,22.6,81.14,78.57,41.8,4.14,62.65,32.6
稻纵卷叶螟,RLF,淳化街道稻纵_1_1_诱虫量,淳化街道稻纵,江苏省南京市江宁区,2024-07-14,7,0.0,31.342857142857145,87.76857142857143,2024,28,35.0,21.4,88.57,86.0,168.8,2.44,20.72,18.18
稻纵卷叶螟,RLF,淳化街道稻纵_1_1_诱虫量,淳化街道稻纵,江苏省南京市江宁区,2024-07-21,7,0.0,32.88857142857143,85.30428571428571,2024,29,35.2,24.3,81.86,78.57,22.4,3.39,35.37,25.73
稻纵卷叶螟,RLF,淳化街道稻纵_1_1_诱虫量,淳化街道稻纵,江苏省南京市江宁区,2024-07-28,7,0.0,34.511428571428574,80.37428571428572,2024,30,36.7,27.0,80.57,71.86,6.1,4.7,71.71,37.84
稻纵卷叶螟,RLF,淳化街道稻纵_1_1_诱虫量,淳化街道稻纵,江苏省南京市江宁区,2024-08-04,7,0.0,34.67142857142857,79.47571428571428,2024,31,37.5,27.6,76.0,71.57,9.5,2.75,86.5,40.56
稻纵卷叶螟,RLF,淳化街道稻纵_1_1_诱虫量,淳化街道稻纵,江苏省南京市江宁区,2024-08-11,7,0.0,31.890000000000004,84.06142857142858,2024,32,37.8,27.1,76.86,66.71,62.0,1.88,83.96,39.02
稻纵卷叶螟,RLF,淳化街道稻纵_1_1_诱虫量,淳化街道稻纵,江苏省南京市江宁区,2024-08-18,7,1.0,31.457142857142856,88.35142857142857,2024,33,36.3,24.9,84.43,67.71,34.3,2.42,75.24,33.56
稻纵卷叶螟,RLF,淳化街道稻纵_1_1_诱虫量,淳化街道稻纵,江苏省南京市江宁区,2024-08-25,7,86.0,31.63,86.21142857142857,2024,34,34.7,25.4,84.71,77.86,50.4,1.93,64.42,27.34
稻纵卷叶螟,RLF,淳化街道稻纵_1_1_诱虫量,淳化街道稻纵,江苏省南京市江宁区,2024-09-01,7,178.0,31.14142857142857,86.23,2024,35,35.2,24.1,83.43,71.71,6.3,2.35,74.77,30.13
稻纵卷叶螟,RLF,淳化街道稻纵_1_1_诱虫量,淳化街道稻纵,江苏省南京市江宁区,2024-09-08,7,76.0,30.585714285714285,90.55142857142857,2024,36,33.8,24.2,79.29,68.43,2.9,3.23,78.8,33.31
稻纵卷叶螟,RLF,淳化街道稻纵_1_1_诱虫量,淳化街道稻纵,江苏省南京市江宁区,2024-09-15,7,34.0,27.368571428571425,94.25714285714285,2024,37,33.8,23.6,88.14,80.14,83.0,3.4,57.66,23.89
稻纵卷叶螟,RLF,淳化街道稻纵_1_1_诱虫量,淳化街道稻纵,江苏省南京市江宁区,2024-09-22,7,18.0,23.868571428571432,89.57285714285715,2024,38,31.6,17.4,81.14,76.86,124.9,5.49,54.64,24.01
稻纵卷叶螟,RLF,淳化街道稻纵_1_1_诱虫量,淳化街道稻纵,江苏省南京市江宁区,2024-09-29,7,33.0,20.73857142857143,88.50714285714285,2024,39,29.1,15.8,86.14,76.0,15.1,2.67,66.18,23.31
稻纵卷叶螟,RLF,淳化街道稻纵_1_1_诱虫量,淳化街道稻纵,江苏省南京市江宁区,2024-10-06,7,9.0,19.361428571428572,90.26285714285714,2024,40,28.6,11.9,79.0,72.14,17.2,3.38,48.16,18.62
稻纵卷叶螟,RLF,淳化街道稻纵_1_1_诱虫量,淳化街道稻纵,江苏省南京市江宁区,2024-10-13,7,31.0,20.88714285714286,94.70714285714287,2024,41,25.2,13.1,85.0,74.71,16.7,2.16,49.5,16.94
稻纵卷叶螟,RLF,淳化街道稻纵_1_1_诱虫量,淳化街道稻纵,江苏省南京市江宁区,2024-10-20,7,2.0,17.05142857142857,92.04857142857144,2024,42,27.2,11.2,86.57,77.0,49.2,3.66,31.77,14.95
稻纵卷叶螟,RLF,淳化街道稻纵_1_1_诱虫量,淳化街道稻纵,江苏省南京市江宁区,2024-10-27,4,0.0,16.19666666666667,90.28666666666668,2024,43,22.3,8.6,88.29,80.43,20.0,3.16,35.15,12.25
稻纵卷叶螟,RLF,淳化街道稻纵_1_39_诱虫量,淳化街道稻纵,江苏省南京市江宁区,2023-01-01,7,0.0,7.571428571428571,74.24428571428572,2022,52,,,,,,,,
稻纵卷叶螟,RLF,淳化街道稻纵_1_39_诱虫量,淳化街道稻纵,江苏省南京市江宁区,2023-01-08,6,2.0,11.498333333333333,82.21833333333333,2023,1,,,,,,,,
稻纵卷叶螟,RLF,淳化街道稻纵_1_39_诱虫量,淳化街道稻纵,江苏省南京市江宁区,2023-01-15,7,0.0,3.9185714285714286,73.00285714285714,2023,2,,,,,,,,
稻纵卷叶螟,RLF,淳化街道稻纵_1_39_诱虫量,淳化街道稻纵,江苏省南京市江宁区,2023-01-22,7,0.0,1.6328571428571428,72.84142857142858,2023,3,,,,,,,,
稻纵卷叶螟,RLF,淳化街道稻纵_1_39_诱虫量,淳化街道稻纵,江苏省南京市江宁区,2023-01-29,7,0.0,6.1085714285714285,71.54857142857142,2023,4,,,,,,,,
稻纵卷叶螟,RLF,淳化街道稻纵_1_39_诱虫量,淳化街道稻纵,江苏省南京市江宁区,2023-02-05,7,0.0,7.734285714285714,95.02714285714286,2023,5,,,,,,,,
稻纵卷叶螟,RLF,淳化街道稻纵_1_39_诱虫量,淳化街道稻纵,江苏省南京市江宁区,2023-02-12,7,1.0,7.04,81.46857142857142,2023,6,,,,,,,,
稻纵卷叶螟,RLF,淳化街道稻纵_1_39_诱虫量,淳化街道稻纵,江苏省南京市江宁区,2023-02-19,7,0.0,6.001428571428571,77.14428571428572,2023,7,,,,,,,,
稻纵卷叶螟,RLF,淳化街道稻纵_1_39_诱虫量,淳化街道稻纵,江苏省南京市江宁区,2023-02-26,7,0.0,9.661428571428571,72.94571428571429,2023,8,,,,,,,,
稻纵卷叶螟,RLF,淳化街道稻纵_1_39_诱虫量,淳化街道稻纵,江苏省南京市江宁区,2023-03-05,7,3.0,17.31142857142857,71.3442857142857,2023,9,,,,,,,,
稻纵卷叶螟,RLF,淳化街道稻纵_1_39_诱虫量,淳化街道稻纵,江苏省南京市江宁区,2023-03-12,7,1.0,11.224285714285713,71.40285714285714,2023,10,,,,,,,,
稻纵卷叶螟,RLF,淳化街道稻纵_1_39_诱虫量,淳化街道稻纵,江苏省南京市江宁区,2023-03-19,7,2.0,11.564285714285715,83.50285714285714,2023,11,,,,,,,,
稻纵卷叶螟,RLF,淳化街道稻纵_1_39_诱虫量,淳化街道稻纵,江苏省南京市江宁区,2023-03-26,7,0.0,14.512857142857143,76.59142857142857,2023,12,,,,,,,,
稻纵卷叶螟,RLF,淳化街道稻纵_1_39_诱虫量,淳化街道稻纵,江苏省南京市江宁区,2023-04-02,7,4.0,14.125714285714285,81.75714285714285,2023,13,,,,,,,,
稻纵卷叶螟,RLF,淳化街道稻纵_1_39_诱虫量,淳化街道稻纵,江苏省南京市江宁区,2023-04-09,7,7.0,20.351428571428574,65.35428571428572,2023,14,,,,,,,,
稻纵卷叶螟,RLF,淳化街道稻纵_1_39_诱虫量,淳化街道稻纵,江苏省南京市江宁区,2023-04-16,7,0.0,21.26571428571429,75.21857142857142,2023,15,,,,,,,,
稻纵卷叶螟,RLF,淳化街道稻纵_1_39_诱虫量,淳化街道稻纵,江苏省南京市江宁区,2023-04-23,7,0.0,16.944285714285716,77.61857142857143,2023,16,,,,,,,,
稻纵卷叶螟,RLF,淳化街道稻纵_1_39_诱虫量,淳化街道稻纵,江苏省南京市江宁区,2023-04-30,7,0.0,22.05,79.43857142857144,2023,17,,,,,,,,
稻纵卷叶螟,RLF,淳化街道稻纵_1_39_诱虫量,淳化街道稻纵,江苏省南京市江宁区,2023-05-07,7,0.0,20.04,70.16,2023,18,,,,,,,,
稻纵卷叶螟,RLF,淳化街道稻纵_1_39_诱虫量,淳化街道稻纵,江苏省南京市江宁区,2023-05-14,7,0.0,24.235714285714288,77.85285714285715,2023,19,,,,,,,,
稻纵卷叶螟,RLF,淳化街道稻纵_1_39_诱虫量,淳化街道稻纵,江苏省南京市江宁区,2023-05-21,7,1.0,22.701428571428572,80.48285714285714,2023,20,,,,,,,,
稻纵卷叶螟,RLF,淳化街道稻纵_1_39_诱虫量,淳化街道稻纵,江苏省南京市江宁区,2023-05-28,4,0.0,26.865,85.4275,2023,21,,,,,,,,
稻纵卷叶螟,RLF,淳化街道稻纵_1_39_诱虫量,淳化街道稻纵,江苏省南京市江宁区,2023-10-29,5,0.0,21.546,80.93199999999999,2023,43,25.6,9.6,85.14,64.29,0.0,1.94,60.15,18.61
稻纵卷叶螟,RLF,淳化街道稻纵_1_39_诱虫量,淳化街道稻纵,江苏省南京市江宁区,2023-11-05,5,0.0,12.7725,89.655,2023,44,27.6,12.9,83.57,69.14,0.8,2.48,60.23,19.36
稻纵卷叶螟,RLF,淳化街道稻纵_1_39_诱虫量,淳化街道稻纵,江苏省南京市江宁区,2023-11-12,7,0.0,9.81142857142857,70.21000000000001,2023,45,,,,,,,,
稻纵卷叶螟,RLF,淳化街道稻纵_1_39_诱虫量,淳化街道稻纵,江苏省南京市江宁区,2023-11-19,7,0.0,12.44,73.38285714285713,2023,46,,,,,,,,
稻纵卷叶螟,RLF,淳化街道稻纵_1_39_诱虫量,淳化街道稻纵,江苏省南京市江宁区,2023-11-26,7,0.0,8.434285714285714,73.49285714285715,2023,47,,,,,,,,
稻纵卷叶螟,RLF,淳化街道稻纵_1_39_诱虫量,淳化街道稻纵,江苏省南京市江宁区,2023-12-03,7,0.0,11.337142857142856,73.66142857142857,2023,48,,,,,,,,
稻纵卷叶螟,RLF,淳化街道稻纵_1_39_诱虫量,淳化街道稻纵,江苏省南京市江宁区,2023-12-10,7,0.0,5.708571428571429,87.52428571428571,2023,49,,,,,,,,
稻纵卷叶螟,RLF,淳化街道稻纵_1_39_诱虫量,淳化街道稻纵,江苏省南京市江宁区,2023-12-17,7,0.0,-0.0014285714285714615,73.89857142857143,2023,50,,,,,,,,
稻纵卷叶螟,RLF,淳化街道稻纵_1_39_诱虫量,淳化街道稻纵,江苏省南京市江宁区,2023-12-24,7,0.0,6.24,84.37571428571428,2023,51,,,,,,,,
稻纵卷叶螟,RLF,淳化街道稻纵_1_39_诱虫量,淳化街道稻纵,江苏省南京市江宁区,2023-12-31,7,0.0,5.444285714285714,87.4557142857143,2023,52,,,,,,,,
稻纵卷叶螟,RLF,淳化街道稻纵_1_39_诱虫量,淳化街道稻纵,江苏省南京市江宁区,2024-01-07,7,0.0,6.855714285714286,81.13714285714286,2024,1,,,,,,,,
稻纵卷叶螟,RLF,淳化街道稻纵_1_39_诱虫量,淳化街道稻纵,江苏省南京市江宁区,2024-01-14,7,0.0,5.822857142857143,89.33571428571429,2024,2,,,,,,,,
稻纵卷叶螟,RLF,淳化街道稻纵_1_39_诱虫量,淳化街道稻纵,江苏省南京市江宁区,2024-01-21,7,0.0,1.1385714285714283,73.68714285714285,2024,3,,,,,,,,
稻纵卷叶螟,RLF,淳化街道稻纵_1_39_诱虫量,淳化街道稻纵,江苏省南京市江宁区,2024-01-28,7,0.0,5.308571428571428,90.79714285714286,2024,4,,,,,,,,
稻纵卷叶螟,RLF,淳化街道稻纵_1_39_诱虫量,淳化街道稻纵,江苏省南京市江宁区,2024-02-04,7,0.0,3.432857142857143,85.20285714285714,2024,5,,,,,,,,
稻纵卷叶螟,RLF,淳化街道稻纵_1_39_诱虫量,淳化街道稻纵,江苏省南京市江宁区,2024-02-11,7,0.0,10.62857142857143,79.26714285714286,2024,6,,,,,,,,
稻纵卷叶螟,RLF,淳化街道稻纵_1_39_诱虫量,淳化街道稻纵,江苏省南京市江宁区,2024-02-18,7,0.0,3.9771428571428573,93.55,2024,7,,,,,,,,
稻纵卷叶螟,RLF,淳化街道稻纵_1_39_诱虫量,淳化街道稻纵,江苏省南京市江宁区,2024-02-25,7,0.0,4.785714285714286,81.64571428571428,2024,8,,,,,,,,
稻纵卷叶螟,RLF,淳化街道稻纵_1_39_诱虫量,淳化街道稻纵,江苏省南京市江宁区,2024-03-03,7,0.0,8.935714285714285,79.4057142857143,2024,9,,,,,,,,
稻纵卷叶螟,RLF,淳化街道稻纵_1_39_诱虫量,淳化街道稻纵,江苏省南京市江宁区,2024-03-10,7,1.0,13.515714285714285,77.76285714285713,2024,10,,,,,,,,
稻纵卷叶螟,RLF,淳化街道稻纵_1_39_诱虫量,淳化街道稻纵,江苏省南京市江宁区,2024-03-17,7,0.0,14.04857142857143,74.72285714285714,2024,11,,,,,,,,
稻纵卷叶螟,RLF,淳化街道稻纵_1_39_诱虫量,淳化街道稻纵,江苏省南京市江宁区,2024-03-24,7,0.0,15.744285714285715,86.69428571428571,2024,12,,,,,,,,
稻纵卷叶螟,RLF,淳化街道稻纵_1_39_诱虫量,淳化街道稻纵,江苏省南京市江宁区,2024-03-31,7,0.0,17.242857142857144,79.60857142857142,2024,13,,,,,,,,
稻纵卷叶螟,RLF,淳化街道稻纵_1_39_诱虫量,淳化街道稻纵,江苏省南京市江宁区,2024-04-07,7,0.0,18.065714285714286,86.56857142857143,2024,14,,,,,,,,
稻纵卷叶螟,RLF,淳化街道稻纵_1_39_诱虫量,淳化街道稻纵,江苏省南京市江宁区,2024-04-14,7,0.0,19.895714285714288,85.78428571428572,2024,15,,,,,,,,
稻纵卷叶螟,RLF,淳化街道稻纵_1_39_诱虫量,淳化街道稻纵,江苏省南京市江宁区,2024-04-21,7,0.0,21.48857142857143,78.90428571428572,2024,16,,,,,,,,
稻纵卷叶螟,RLF,淳化街道稻纵_1_39_诱虫量,淳化街道稻纵,江苏省南京市江宁区,2024-04-28,7,0.0,18.062857142857144,85.82714285714285,2024,17,,,,,,,,
稻纵卷叶螟,RLF,淳化街道稻纵_1_39_诱虫量,淳化街道稻纵,江苏省南京市江宁区,2024-05-05,7,0.0,21.810000000000002,80.59857142857143,2024,18,,,,,,,,
稻纵卷叶螟,RLF,淳化街道稻纵_1_39_诱虫量,淳化街道稻纵,江苏省南京市江宁区,2024-05-12,7,2.0,24.505714285714284,68.77571428571429,2024,19,,,,,,,,
稻纵卷叶螟,RLF,淳化街道稻纵_1_39_诱虫量,淳化街道稻纵,江苏省南京市江宁区,2024-05-19,7,3.0,26.36285714285714,79.14,2024,20,,,,,,,,
稻纵卷叶螟,RLF,淳化街道稻纵_1_39_诱虫量,淳化街道稻纵,江苏省南京市江宁区,2024-05-26,6,6.0,22.828333333333333,82.80499999999999,2024,21,,,,,,,,
稻纵卷叶螟,RLF,淳化街道稻纵_1_39_诱虫量,淳化街道稻纵,江苏省南京市江宁区,2024-10-27,3,0.0,17.566666666666666,91.44666666666667,2024,43,22.3,8.6,88.29,80.43,20.0,3.16,35.15,12.25
稻纵卷叶螟,RLF,淳化街道稻纵_1_39_诱虫量,淳化街道稻纵,江苏省南京市江宁区,2024-11-03,7,0.0,15.645714285714288,86.22285714285714,2024,44,22.0,9.3,87.57,74.57,6.8,2.95,55.84,15.81
稻纵卷叶螟,RLF,淳化街道稻纵_1_39_诱虫量,淳化街道稻纵,江苏省南京市江宁区,2024-11-10,7,0.0,18.385714285714283,91.47142857142858,2024,45,,,,,,,,
稻纵卷叶螟,RLF,淳化街道稻纵_1_39_诱虫量,淳化街道稻纵,江苏省南京市江宁区,2024-11-17,7,0.0,11.571428571428571,85.55428571428571,2024,46,,,,,,,,
稻纵卷叶螟,RLF,淳化街道稻纵_1_39_诱虫量,淳化街道稻纵,江苏省南京市江宁区,2024-11-24,7,0.0,9.588571428571429,72.62285714285714,2024,47,,,,,,,,
稻纵卷叶螟,RLF,淳化街道稻纵_1_39_诱虫量,淳化街道稻纵,江苏省南京市江宁区,2024-12-01,7,0.0,9.799999999999999,84.91571428571429,2024,48,,,,,,,,
稻纵卷叶螟,RLF,淳化街道稻纵_1_39_诱虫量,淳化街道稻纵,江苏省南京市江宁区,2024-12-08,7,0.0,5.691428571428572,82.71714285714286,2024,49,,,,,,,,
稻纵卷叶螟,RLF,淳化街道稻纵_1_39_诱虫量,淳化街道稻纵,江苏省南京市江宁区,2024-12-15,7,0.0,3.7271428571428573,77.15142857142857,2024,50,,,,,,,,
稻纵卷叶螟,RLF,淳化街道稻纵_1_39_诱虫量,淳化街道稻纵,江苏省南京市江宁区,2024-12-22,7,0.0,4.685714285714285,77.01714285714286,2024,51,,,,,,,,
稻纵卷叶螟,RLF,淳化街道稻纵_1_39_诱虫量,淳化街道稻纵,江苏省南京市江宁区,2024-12-29,3,0.0,4.925,70.0,2024,52,,,,,,,,
稻纵卷叶螟,RLF,湖熟街道稻纵_1_12_诱虫量,湖熟街道稻纵,江苏省南京市江宁区,2023-05-28,3,1.0,27.296666666666667,66.58333333333333,2023,21,,,,,,,,
稻纵卷叶螟,RLF,湖熟街道稻纵_1_12_诱虫量,湖熟街道稻纵,江苏省南京市江宁区,2023-06-04,7,7.0,25.638571428571428,78.97285714285715,2023,22,32.3,20.1,84.14,74.14,29.6,2.38,48.59,25.72
稻纵卷叶螟,RLF,湖熟街道稻纵_1_12_诱虫量,湖熟街道稻纵,江苏省南京市江宁区,2023-06-11,7,1.0,26.835714285714285,77.30857142857143,2023,23,34.2,16.0,80.43,75.0,31.1,2.66,59.78,28.9
稻纵卷叶螟,RLF,湖熟街道稻纵_1_12_诱虫量,湖熟街道稻纵,江苏省南京市江宁区,2023-06-18,7,5.0,26.541428571428572,88.46428571428571,2023,24,32.4,19.2,80.14,65.0,8.5,2.69,57.13,31.06
稻纵卷叶螟,RLF,湖熟街道稻纵_1_12_诱虫量,湖熟街道稻纵,江苏省南京市江宁区,2023-06-25,7,15.0,29.164285714285715,85.68285714285715,2023,25,31.4,20.5,87.57,74.57,82.3,2.55,29.04,21.42
稻纵卷叶螟,RLF,湖熟街道稻纵_1_12_诱虫量,湖熟街道稻纵,江苏省南京市江宁区,2023-07-02,7,3.0,30.135714285714283,87.82285714285715,2023,26,32.8,21.5,86.29,78.86,64.0,2.94,49.98,24.98
稻纵卷叶螟,RLF,湖熟街道稻纵_1_12_诱虫量,湖熟街道稻纵,江苏省南京市江宁区,2023-07-09,7,1.0,30.495714285714286,86.14857142857143,2023,27,32.9,23.9,87.86,82.29,123.1,3.4,45.76,24.46
稻纵卷叶螟,RLF,湖熟街道稻纵_1_12_诱虫量,湖熟街道稻纵,江苏省南京市江宁区,2023-07-16,7,0.0,28.677142857142858,91.06000000000002,2023,28,34.9,24.6,84.57,77.0,27.6,3.38,49.19,28.48
稻纵卷叶螟,RLF,湖熟街道稻纵_1_12_诱虫量,湖熟街道稻纵,江苏省南京市江宁区,2023-07-23,7,0.0,29.52,89.10428571428572,2023,29,31.5,23.5,89.43,84.71,117.0,2.29,34.08,19.55
稻纵卷叶螟,RLF,湖熟街道稻纵_1_12_诱虫量,湖熟街道稻纵,江苏省南京市江宁区,2023-07-30,7,2.0,31.262857142857143,85.11142857142856,2023,30,33.2,25.1,86.86,80.86,44.3,3.98,65.75,29.7
稻纵卷叶螟,RLF,湖熟街道稻纵_1_12_诱虫量,湖熟街道稻纵,江苏省南京市江宁区,2023-08-06,7,0.0,31.181428571428572,80.7057142857143,2023,31,34.0,25.0,86.43,76.43,17.1,3.1,81.36,32.83
稻纵卷叶螟,RLF,湖熟街道稻纵_1_12_诱虫量,湖熟街道稻纵,江苏省南京市江宁区,2023-08-13,7,0.0,30.541428571428572,83.70142857142856,2023,32,35.1,24.0,83.71,75.14,10.3,2.08,79.69,33.11
稻纵卷叶螟,RLF,湖熟街道稻纵_1_12_诱虫量,湖熟街道稻纵,江苏省南京市江宁区,2023-08-20,7,0.0,29.464285714285715,82.4342857142857,2023,33,33.7,23.9,86.57,81.29,26.5,2.19,77.01,29.64
稻纵卷叶螟,RLF,湖熟街道稻纵_1_12_诱虫量,湖熟街道稻纵,江苏省南京市江宁区,2023-08-27,7,0.0,26.072857142857142,84.12,2023,34,32.0,22.4,82.71,72.0,27.1,2.8,70.93,31.5
稻纵卷叶螟,RLF,湖熟街道稻纵_1_12_诱虫量,湖熟街道稻纵,江苏省南京市江宁区,2023-09-03,7,0.0,27.927142857142858,84.26285714285714,2023,35,29.4,18.5,86.86,78.57,59.2,2.79,42.5,22.49
稻纵卷叶螟,RLF,湖熟街道稻纵_1_12_诱虫量,湖熟街道稻纵,江苏省南京市江宁区,2023-09-10,7,0.0,25.43857142857143,91.60714285714286,2023,36,31.0,21.7,88.0,73.71,2.5,2.83,74.88,29.19
稻纵卷叶螟,RLF,湖熟街道稻纵_1_12_诱虫量,湖熟街道稻纵,江苏省南京市江宁区,2023-09-17,7,0.0,24.18,90.87,2023,37,31.4,20.4,87.43,82.14,74.6,2.74,29.78,17.15
稻纵卷叶螟,RLF,湖熟街道稻纵_1_12_诱虫量,湖熟街道稻纵,江苏省南京市江宁区,2023-09-24,7,0.0,24.454285714285714,91.02857142857144,2023,38,32.0,18.8,88.57,77.57,41.3,2.51,30.18,16.82
稻纵卷叶螟,RLF,湖熟街道稻纵_1_12_诱虫量,湖熟街道稻纵,江苏省南京市江宁区,2023-10-01,7,0.0,20.665714285714284,84.28857142857143,2023,39,28.2,19.1,89.57,82.43,13.3,2.19,45.28,17.44
稻纵卷叶螟,RLF,湖熟街道稻纵_1_12_诱虫量,湖熟街道稻纵,江苏省南京市江宁区,2023-10-08,7,0.0,20.41,81.87142857142858,2023,40,25.5,15.7,80.86,71.71,21.7,3.55,38.52,19.59
稻纵卷叶螟,RLF,湖熟街道稻纵_1_12_诱虫量,湖熟街道稻纵,江苏省南京市江宁区,2023-10-15,7,0.0,19.517142857142858,75.23285714285714,2023,41,23.6,13.5,84.86,74.14,0.0,2.05,50.14,17.04
稻纵卷叶螟,RLF,湖熟街道稻纵_1_12_诱虫量,湖熟街道稻纵,江苏省南京市江宁区,2023-10-22,7,0.0,20.032857142857143,78.72857142857143,2023,42,26.1,9.6,84.43,62.0,4.0,2.46,71.43,22.45
稻纵卷叶螟,RLF,湖熟街道稻纵_1_12_诱虫量,湖熟街道稻纵,江苏省南京市江宁区,2023-10-29,2,1.0,20.06,80.0,2023,43,25.6,9.6,85.14,64.29,0.0,1.94,60.15,18.61
稻纵卷叶螟,RLF,湖熟街道稻纵_1_12_诱虫量,湖熟街道稻纵,江苏省南京市江宁区,2024-05-26,1,0.0,23.88,67.68,2024,21,,,,,,,,
稻纵卷叶螟,RLF,湖熟街道稻纵_1_12_诱虫量,湖熟街道稻纵,江苏省南京市江宁区,2024-06-02,7,0.0,24.714285714285715,75.24857142857142,2024,22,26.9,14.2,77.71,68.43,42.5,2.69,50.74,25.99
稻纵卷叶螟,RLF,湖熟街道稻纵_1_12_诱虫量,湖熟街道稻纵,江苏省南京市江宁区,2024-06-09,7,0.0,29.037142857142857,76.03571428571429,2024,23,30.9,17.1,76.86,61.71,5.2,2.43,62.66,30.94
稻纵卷叶螟,RLF,湖熟街道稻纵_1_12_诱虫量,湖熟街道稻纵,江苏省南京市江宁区,2024-06-16,7,1.0,27.64428571428571,85.00428571428571,2024,24,34.2,20.7,79.71,58.71,0.7,2.43,71.14,35.09
稻纵卷叶螟,RLF,湖熟街道稻纵_1_12_诱虫量,湖熟街道稻纵,江苏省南京市江宁区,2024-06-23,7,1.0,25.514285714285712,93.98142857142857,2024,25,32.3,21.3,85.0,69.86,96.1,3.32,46.58,27.17
稻纵卷叶螟,RLF,湖熟街道稻纵_1_12_诱虫量,湖熟街道稻纵,江苏省南京市江宁区,2024-06-30,7,0.0,30.01285714285714,86.17571428571429,2024,26,30.9,20.7,88.71,85.57,179.0,2.73,26.58,17.62
稻纵卷叶螟,RLF,湖熟街道稻纵_1_12_诱虫量,湖熟街道稻纵,江苏省南京市江宁区,2024-07-07,7,2.0,28.607142857142858,90.2042857142857,2024,27,34.9,22.6,81.14,78.57,41.8,4.14,62.65,32.6
稻纵卷叶螟,RLF,湖熟街道稻纵_1_12_诱虫量,湖熟街道稻纵,江苏省南京市江宁区,2024-07-14,7,0.0,31.164285714285715,86.56285714285714,2024,28,35.0,21.4,88.57,86.0,168.8,2.44,20.72,18.18
稻纵卷叶螟,RLF,湖熟街道稻纵_1_12_诱虫量,湖熟街道稻纵,江苏省南京市江宁区,2024-07-21,7,0.0,32.36142857142857,82.87714285714286,2024,29,35.2,24.3,81.86,78.57,22.4,3.39,35.37,25.73
稻纵卷叶螟,RLF,湖熟街道稻纵_1_12_诱虫量,湖熟街道稻纵,江苏省南京市江宁区,2024-07-28,7,3.0,34.15,77.96571428571428,2024,30,36.7,27.0,80.57,71.86,6.1,4.7,71.71,37.84
稻纵卷叶螟,RLF,湖熟街道稻纵_1_12_诱虫量,湖熟街道稻纵,江苏省南京市江宁区,2024-08-04,7,24.0,34.22714285714286,77.27857142857144,2024,31,37.5,27.6,76.0,71.57,9.5,2.75,86.5,40.56
稻纵卷叶螟,RLF,湖熟街道稻纵_1_12_诱虫量,湖熟街道稻纵,江苏省南京市江宁区,2024-08-11,7,120.0,31.277142857142856,83.63428571428571,2024,32,37.8,27.1,76.86,66.71,62.0,1.88,83.96,39.02
稻纵卷叶螟,RLF,湖熟街道稻纵_1_12_诱虫量,湖熟街道稻纵,江苏省南京市江宁区,2024-08-18,7,25.0,30.75714285714286,87.83285714285714,2024,33,36.3,24.9,84.43,67.71,34.3,2.42,75.24,33.56
稻纵卷叶螟,RLF,湖熟街道稻纵_1_12_诱虫量,湖熟街道稻纵,江苏省南京市江宁区,2024-08-25,7,222.0,30.639999999999997,86.04285714285713,2024,34,34.7,25.4,84.71,77.86,50.4,1.93,64.42,27.34
稻纵卷叶螟,RLF,湖熟街道稻纵_1_12_诱虫量,湖熟街道稻纵,江苏省南京市江宁区,2024-09-01,7,411.0,31.038571428571426,83.80999999999999,2024,35,35.2,24.1,83.43,71.71,6.3,2.35,74.77,30.13
稻纵卷叶螟,RLF,湖熟街道稻纵_1_12_诱虫量,湖熟街道稻纵,江苏省南京市江宁区,2024-09-08,7,78.0,30.34,89.20714285714287,2024,36,33.8,24.2,79.29,68.43,2.9,3.23,78.8,33.31
稻纵卷叶螟,RLF,湖熟街道稻纵_1_12_诱虫量,湖熟街道稻纵,江苏省南京市江宁区,2024-09-15,7,24.0,27.392857142857142,91.77285714285713,2024,37,33.8,23.6,88.14,80.14,83.0,3.4,57.66,23.89
稻纵卷叶螟,RLF,湖熟街道稻纵_1_12_诱虫量,湖熟街道稻纵,江苏省南京市江宁区,2024-09-22,7,48.0,24.012857142857143,86.75,2024,38,31.6,17.4,81.14,76.86,124.9,5.49,54.64,24.01
稻纵卷叶螟,RLF,湖熟街道稻纵_1_12_诱虫量,湖熟街道稻纵,江苏省南京市江宁区,2024-09-29,7,39.0,21.164285714285715,84.10142857142857,2024,39,29.1,15.8,86.14,76.0,15.1,2.67,66.18,23.31
稻纵卷叶螟,RLF,湖熟街道稻纵_1_12_诱虫量,湖熟街道稻纵,江苏省南京市江宁区,2024-10-06,7,8.0,19.277142857142856,88.61285714285714,2024,40,28.6,11.9,79.0,72.14,17.2,3.38,48.16,18.62
稻纵卷叶螟,RLF,湖熟街道稻纵_1_12_诱虫量,湖熟街道稻纵,江苏省南京市江宁区,2024-10-13,7,17.0,20.768571428571427,93.30142857142857,2024,41,25.2,13.1,85.0,74.71,16.7,2.16,49.5,16.94
稻纵卷叶螟,RLF,湖熟街道稻纵_1_12_诱虫量,湖熟街道稻纵,江苏省南京市江宁区,2024-10-20,7,0.0,17.322857142857142,89.38571428571429,2024,42,27.2,11.2,86.57,77.0,49.2,3.66,31.77,14.95
稻纵卷叶螟,RLF,湖熟街道稻纵_1_12_诱虫量,湖熟街道稻纵,江苏省南京市江宁区,2024-10-27,4,0.0,16.03333333333333,89.41000000000001,2024,43,22.3,8.6,88.29,80.43,20.0,3.16,35.15,12.25
稻纵卷叶螟,RLF,湖熟街道稻纵_1_27_诱虫量,湖熟街道稻纵,江苏省南京市江宁区,2023-01-01,7,0.0,7.032857142857144,73.88,2022,52,,,,,,,,
稻纵卷叶螟,RLF,湖熟街道稻纵_1_27_诱虫量,湖熟街道稻纵,江苏省南京市江宁区,2023-01-08,7,0.0,10.257142857142856,80.99428571428572,2023,1,,,,,,,,
稻纵卷叶螟,RLF,湖熟街道稻纵_1_27_诱虫量,湖熟街道稻纵,江苏省南京市江宁区,2023-01-15,7,0.0,3.7414285714285715,71.81857142857143,2023,2,,,,,,,,
稻纵卷叶螟,RLF,湖熟街道稻纵_1_27_诱虫量,湖熟街道稻纵,江苏省南京市江宁区,2023-01-22,7,0.0,1.247142857142857,71.31285714285714,2023,3,,,,,,,,
稻纵卷叶螟,RLF,湖熟街道稻纵_1_27_诱虫量,湖熟街道稻纵,江苏省南京市江宁区,2023-01-29,7,0.0,5.891428571428571,69.91285714285713,2023,4,,,,,,,,
稻纵卷叶螟,RLF,湖熟街道稻纵_1_27_诱虫量,湖熟街道稻纵,江苏省南京市江宁区,2023-02-05,7,0.0,7.631428571428572,94.9742857142857,2023,5,,,,,,,,
稻纵卷叶螟,RLF,湖熟街道稻纵_1_27_诱虫量,湖熟街道稻纵,江苏省南京市江宁区,2023-02-12,7,0.0,7.077142857142857,80.95142857142856,2023,6,,,,,,,,
稻纵卷叶螟,RLF,湖熟街道稻纵_1_27_诱虫量,湖熟街道稻纵,江苏省南京市江宁区,2023-02-19,7,0.0,5.3999999999999995,77.72285714285714,2023,7,,,,,,,,
稻纵卷叶螟,RLF,湖熟街道稻纵_1_27_诱虫量,湖熟街道稻纵,江苏省南京市江宁区,2023-02-26,7,0.0,10.685714285714285,67.57857142857144,2023,8,,,,,,,,
稻纵卷叶螟,RLF,湖熟街道稻纵_1_27_诱虫量,湖熟街道稻纵,江苏省南京市江宁区,2023-03-05,7,2.0,17.362857142857145,68.83285714285715,2023,9,,,,,,,,
稻纵卷叶螟,RLF,湖熟街道稻纵_1_27_诱虫量,湖熟街道稻纵,江苏省南京市江宁区,2023-03-12,7,0.0,11.311428571428573,69.64142857142858,2023,10,,,,,,,,
稻纵卷叶螟,RLF,湖熟街道稻纵_1_27_诱虫量,湖熟街道稻纵,江苏省南京市江宁区,2023-03-19,7,0.0,11.407142857142857,82.83285714285714,2023,11,,,,,,,,
稻纵卷叶螟,RLF,湖熟街道稻纵_1_27_诱虫量,湖熟街道稻纵,江苏省南京市江宁区,2023-03-26,7,0.0,14.762857142857143,73.65428571428572,2023,12,,,,,,,,
稻纵卷叶螟,RLF,湖熟街道稻纵_1_27_诱虫量,湖熟街道稻纵,江苏省南京市江宁区,2023-04-02,7,4.0,13.984285714285715,79.11571428571428,2023,13,,,,,,,,
稻纵卷叶螟,RLF,湖熟街道稻纵_1_27_诱虫量,湖熟街道稻纵,江苏省南京市江宁区,2023-04-09,7,0.0,19.695714285714285,66.04142857142857,2023,14,,,,,,,,
稻纵卷叶螟,RLF,湖熟街道稻纵_1_27_诱虫量,湖熟街道稻纵,江苏省南京市江宁区,2023-04-16,7,1.0,21.302857142857142,72.91285714285713,2023,15,,,,,,,,
稻纵卷叶螟,RLF,湖熟街道稻纵_1_27_诱虫量,湖熟街道稻纵,江苏省南京市江宁区,2023-04-23,7,1.0,16.884285714285713,75.02285714285713,2023,16,,,,,,,,
稻纵卷叶螟,RLF,湖熟街道稻纵_1_27_诱虫量,湖熟街道稻纵,江苏省南京市江宁区,2023-04-30,7,0.0,22.05,76.06857142857143,2023,17,,,,,,,,
稻纵卷叶螟,RLF,湖熟街道稻纵_1_27_诱虫量,湖熟街道稻纵,江苏省南京市江宁区,2023-05-07,7,0.0,20.214285714285715,65.86285714285715,2023,18,,,,,,,,
稻纵卷叶螟,RLF,湖熟街道稻纵_1_27_诱虫量,湖熟街道稻纵,江苏省南京市江宁区,2023-05-14,7,2.0,24.602857142857143,73.55857142857143,2023,19,,,,,,,,
稻纵卷叶螟,RLF,湖熟街道稻纵_1_27_诱虫量,湖熟街道稻纵,江苏省南京市江宁区,2023-05-21,7,3.0,22.444285714285716,78.70714285714287,2023,20,,,,,,,,
稻纵卷叶螟,RLF,湖熟街道稻纵_1_27_诱虫量,湖熟街道稻纵,江苏省南京市江宁区,2023-05-28,4,0.0,26.252499999999998,86.155,2023,21,,,,,,,,
稻纵卷叶螟,RLF,湖熟街道稻纵_1_27_诱虫量,湖熟街道稻纵,江苏省南京市江宁区,2023-10-29,5,0.0,21.462,79.384,2023,43,25.6,9.6,85.14,64.29,0.0,1.94,60.15,18.61
稻纵卷叶螟,RLF,湖熟街道稻纵_1_27_诱虫量,湖熟街道稻纵,江苏省南京市江宁区,2023-11-05,5,0.0,12.622499999999999,88.845,2023,44,27.6,12.9,83.57,69.14,0.8,2.48,60.23,19.36
稻纵卷叶螟,RLF,湖熟街道稻纵_1_27_诱虫量,湖熟街道稻纵,江苏省南京市江宁区,2023-11-12,7,0.0,9.151428571428571,71.36714285714285,2023,45,,,,,,,,
稻纵卷叶螟,RLF,湖熟街道稻纵_1_27_诱虫量,湖熟街道稻纵,江苏省南京市江宁区,2023-11-19,7,0.0,12.014285714285714,72.08428571428571,2023,46,,,,,,,,
稻纵卷叶螟,RLF,湖熟街道稻纵_1_27_诱虫量,湖熟街道稻纵,江苏省南京市江宁区,2023-11-26,7,0.0,8.131428571428572,72.33714285714287,2023,47,,,,,,,,
稻纵卷叶螟,RLF,湖熟街道稻纵_1_27_诱虫量,湖熟街道稻纵,江苏省南京市江宁区,2023-12-03,7,0.0,11.564285714285715,70.65857142857143,2023,48,,,,,,,,
稻纵卷叶螟,RLF,湖熟街道稻纵_1_27_诱虫量,湖熟街道稻纵,江苏省南京市江宁区,2023-12-10,7,0.0,5.621428571428572,86.14428571428572,2023,49,,,,,,,,
稻纵卷叶螟,RLF,湖熟街道稻纵_1_27_诱虫量,湖熟街道稻纵,江苏省南京市江宁区,2023-12-17,7,0.0,-0.6642857142857144,73.08428571428571,2023,50,,,,,,,,
稻纵卷叶螟,RLF,湖熟街道稻纵_1_27_诱虫量,湖熟街道稻纵,江苏省南京市江宁区,2023-12-24,7,0.0,5.594285714285713,83.97,2023,51,,,,,,,,
稻纵卷叶螟,RLF,湖熟街道稻纵_1_27_诱虫量,湖熟街道稻纵,江苏省南京市江宁区,2023-12-31,7,0.0,5.305714285714286,86.21714285714286,2023,52,,,,,,,,
稻纵卷叶螟,RLF,湖熟街道稻纵_1_27_诱虫量,湖熟街道稻纵,江苏省南京市江宁区,2024-01-07,7,0.0,6.6085714285714285,82.52142857142857,2024,1,,,,,,,,
稻纵卷叶螟,RLF,湖熟街道稻纵_1_27_诱虫量,湖熟街道稻纵,江苏省南京市江宁区,2024-01-14,7,0.0,5.575714285714286,87.90714285714286,2024,2,,,,,,,,
稻纵卷叶螟,RLF,湖熟街道稻纵_1_27_诱虫量,湖熟街道稻纵,江苏省南京市江宁区,2024-01-21,7,0.0,0.8785714285714284,70.79857142857144,2024,3,,,,,,,,
稻纵卷叶螟,RLF,湖熟街道稻纵_1_27_诱虫量,湖熟街道稻纵,江苏省南京市江宁区,2024-01-28,7,0.0,5.035714285714286,90.15285714285713,2024,4,,,,,,,,
稻纵卷叶螟,RLF,湖熟街道稻纵_1_27_诱虫量,湖熟街道稻纵,江苏省南京市江宁区,2024-02-04,7,0.0,3.3200000000000003,83.30428571428571,2024,5,,,,,,,,
稻纵卷叶螟,RLF,湖熟街道稻纵_1_27_诱虫量,湖熟街道稻纵,江苏省南京市江宁区,2024-02-11,7,0.0,10.557142857142859,76.56857142857143,2024,6,,,,,,,,
稻纵卷叶螟,RLF,湖熟街道稻纵_1_27_诱虫量,湖熟街道稻纵,江苏省南京市江宁区,2024-02-18,7,0.0,4.5928571428571425,91.35142857142857,2024,7,,,,,,,,
稻纵卷叶螟,RLF,湖熟街道稻纵_1_27_诱虫量,湖熟街道稻纵,江苏省南京市江宁区,2024-02-25,7,0.0,4.6085714285714285,80.25285714285714,2024,8,,,,,,,,
稻纵卷叶螟,RLF,湖熟街道稻纵_1_27_诱虫量,湖熟街道稻纵,江苏省南京市江宁区,2024-03-03,7,0.0,8.684285714285714,79.17571428571429,2024,9,,,,,,,,
稻纵卷叶螟,RLF,湖熟街道稻纵_1_27_诱虫量,湖熟街道稻纵,江苏省南京市江宁区,2024-03-10,7,0.0,13.361428571428572,75.07000000000001,2024,10,,,,,,,,
稻纵卷叶螟,RLF,湖熟街道稻纵_1_27_诱虫量,湖熟街道稻纵,江苏省南京市江宁区,2024-03-17,7,0.0,14.132857142857144,71.33571428571429,2024,11,,,,,,,,
稻纵卷叶螟,RLF,湖熟街道稻纵_1_27_诱虫量,湖熟街道稻纵,江苏省南京市江宁区,2024-03-24,7,0.0,15.422857142857142,85.56285714285715,2024,12,,,,,,,,
稻纵卷叶螟,RLF,湖熟街道稻纵_1_27_诱虫量,湖熟街道稻纵,江苏省南京市江宁区,2024-03-31,7,0.0,17.21857142857143,79.01571428571428,2024,13,,,,,,,,
稻纵卷叶螟,RLF,湖熟街道稻纵_1_27_诱虫量,湖熟街道稻纵,江苏省南京市江宁区,2024-04-07,7,0.0,17.87,85.44000000000001,2024,14,,,,,,,,
稻纵卷叶螟,RLF,湖熟街道稻纵_1_27_诱虫量,湖熟街道稻纵,江苏省南京市江宁区,2024-04-14,7,0.0,19.541428571428572,84.47857142857143,2024,15,,,,,,,,
稻纵卷叶螟,RLF,湖熟街道稻纵_1_27_诱虫量,湖熟街道稻纵,江苏省南京市江宁区,2024-04-21,7,1.0,21.094285714285714,77.54714285714286,2024,16,,,,,,,,
稻纵卷叶螟,RLF,湖熟街道稻纵_1_27_诱虫量,湖熟街道稻纵,江苏省南京市江宁区,2024-04-28,7,0.0,17.65142857142857,84.52,2024,17,,,,,,,,
稻纵卷叶螟,RLF,湖熟街道稻纵_1_27_诱虫量,湖熟街道稻纵,江苏省南京市江宁区,2024-05-05,7,0.0,21.575714285714287,78.76142857142858,2024,18,,,,,,,,
稻纵卷叶螟,RLF,湖熟街道稻纵_1_27_诱虫量,湖熟街道稻纵,江苏省南京市江宁区,2024-05-12,7,0.0,24.360000000000003,65.86285714285714,2024,19,,,,,,,,
稻纵卷叶螟,RLF,湖熟街道稻纵_1_27_诱虫量,湖熟街道稻纵,江苏省南京市江宁区,2024-05-19,7,0.0,26.037142857142857,76.0657142857143,2024,20,,,,,,,,
稻纵卷叶螟,RLF,湖熟街道稻纵_1_27_诱虫量,湖熟街道稻纵,江苏省南京市江宁区,2024-05-26,6,0.0,22.383333333333336,81.18166666666666,2024,21,,,,,,,,
稻纵卷叶螟,RLF,湖熟街道稻纵_1_27_诱虫量,湖熟街道稻纵,江苏省南京市江宁区,2024-10-27,3,0.0,17.266666666666666,90.88666666666666,2024,43,22.3,8.6,88.29,80.43,20.0,3.16,35.15,12.25
稻纵卷叶螟,RLF,湖熟街道稻纵_1_27_诱虫量,湖熟街道稻纵,江苏省南京市江宁区,2024-11-03,7,0.0,15.665714285714285,83.40285714285714,2024,44,22.0,9.3,87.57,74.57,6.8,2.95,55.84,15.81
稻纵卷叶螟,RLF,湖熟街道稻纵_1_27_诱虫量,湖熟街道稻纵,江苏省南京市江宁区,2024-11-10,7,1.0,18.49857142857143,89.76857142857143,2024,45,,,,,,,,
稻纵卷叶螟,RLF,湖熟街道稻纵_1_27_诱虫量,湖熟街道稻纵,江苏省南京市江宁区,2024-11-17,7,0.0,11.827142857142858,82.72142857142856,2024,46,,,,,,,,
稻纵卷叶螟,RLF,湖熟街道稻纵_1_27_诱虫量,湖熟街道稻纵,江苏省南京市江宁区,2024-11-24,7,0.0,9.315714285714284,73.13142857142857,2024,47,,,,,,,,
稻纵卷叶螟,RLF,湖熟街道稻纵_1_27_诱虫量,湖熟街道稻纵,江苏省南京市江宁区,2024-12-01,7,0.0,9.911428571428571,82.55285714285715,2024,48,,,,,,,,
稻纵卷叶螟,RLF,湖熟街道稻纵_1_27_诱虫量,湖熟街道稻纵,江苏省南京市江宁区,2024-12-08,7,0.0,5.627142857142857,80.48571428571428,2024,49,,,,,,,,
稻纵卷叶螟,RLF,湖熟街道稻纵_1_27_诱虫量,湖熟街道稻纵,江苏省南京市江宁区,2024-12-15,7,0.0,3.738571428571429,74.70428571428572,2024,50,,,,,,,,
稻纵卷叶螟,RLF,湖熟街道稻纵_1_27_诱虫量,湖熟街道稻纵,江苏省南京市江宁区,2024-12-22,7,0.0,4.772857142857142,73.77714285714286,2024,51,,,,,,,,
稻纵卷叶螟,RLF,湖熟街道稻纵_1_27_诱虫量,湖熟街道稻纵,江苏省南京市江宁区,2024-12-29,3,0.0,4.455,68.955,2024,52,,,,,,,,
稻纵卷叶螟,RLF,溧水区 叁拾叁_3_25_诱虫量,溧水区 叁拾叁,江苏省南京市溧水区,2023-05-28,3,0.0,26.62,64.61666666666666,2023,21,,,,,,,,
稻纵卷叶螟,RLF,溧水区 叁拾叁_3_25_诱虫量,溧水区 叁拾叁,江苏省南京市溧水区,2023-06-04,7,1.0,24.685714285714287,75.38857142857144,2023,22,32.3,20.1,84.14,74.14,29.6,2.38,48.59,25.72
稻纵卷叶螟,RLF,溧水区 叁拾叁_3_25_诱虫量,溧水区 叁拾叁,江苏省南京市溧水区,2023-06-11,7,1.0,25.692857142857143,73.68142857142857,2023,23,34.2,16.0,80.43,75.0,31.1,2.66,59.78,28.9
稻纵卷叶螟,RLF,溧水区 叁拾叁_3_25_诱虫量,溧水区 叁拾叁,江苏省南京市溧水区,2023-06-18,7,1.0,25.282857142857143,86.01,2023,24,32.4,19.2,80.14,65.0,8.5,2.69,57.13,31.06
稻纵卷叶螟,RLF,溧水区 叁拾叁_3_25_诱虫量,溧水区 叁拾叁,江苏省南京市溧水区,2023-06-25,7,2.0,27.62142857142857,82.35714285714286,2023,25,31.4,20.5,87.57,74.57,82.3,2.55,29.04,21.42
稻纵卷叶螟,RLF,溧水区 叁拾叁_3_25_诱虫量,溧水区 叁拾叁,江苏省南京市溧水区,2023-07-02,7,1.0,29.395714285714288,82.64571428571428,2023,26,32.8,21.5,86.29,78.86,64.0,2.94,49.98,24.98
稻纵卷叶螟,RLF,溧水区 叁拾叁_3_25_诱虫量,溧水区 叁拾叁,江苏省南京市溧水区,2023-07-09,7,3.0,29.614285714285717,82.39999999999999,2023,27,32.9,23.9,87.86,82.29,123.1,3.4,45.76,24.46
稻纵卷叶螟,RLF,溧水区 叁拾叁_3_25_诱虫量,溧水区 叁拾叁,江苏省南京市溧水区,2023-07-16,7,3.0,27.787142857142857,88.38714285714286,2023,28,34.9,24.6,84.57,77.0,27.6,3.38,49.19,28.48
稻纵卷叶螟,RLF,溧水区 叁拾叁_3_25_诱虫量,溧水区 叁拾叁,江苏省南京市溧水区,2023-07-23,7,0.0,28.934285714285714,83.42428571428572,2023,29,31.5,23.5,89.43,84.71,117.0,2.29,34.08,19.55
稻纵卷叶螟,RLF,溧水区 叁拾叁_3_25_诱虫量,溧水区 叁拾叁,江苏省南京市溧水区,2023-07-30,7,0.0,30.334285714285716,79.34571428571428,2023,30,33.2,25.1,86.86,80.86,44.3,3.98,65.75,29.7
稻纵卷叶螟,RLF,溧水区 叁拾叁_3_25_诱虫量,溧水区 叁拾叁,江苏省南京市溧水区,2023-08-06,7,5.0,30.208571428571428,77.53571428571429,2023,31,34.0,25.0,86.43,76.43,17.1,3.1,81.36,32.83
稻纵卷叶螟,RLF,溧水区 叁拾叁_3_25_诱虫量,溧水区 叁拾叁,江苏省南京市溧水区,2023-08-13,7,1.0,30.051428571428573,77.2957142857143,2023,32,35.1,24.0,83.71,75.14,10.3,2.08,79.69,33.11
稻纵卷叶螟,RLF,溧水区 叁拾叁_3_25_诱虫量,溧水区 叁拾叁,江苏省南京市溧水区,2023-08-20,7,1.0,29.24142857142857,76.22285714285715,2023,33,33.7,23.9,86.57,81.29,26.5,2.19,77.01,29.64
稻纵卷叶螟,RLF,溧水区 叁拾叁_3_25_诱虫量,溧水区 叁拾叁,江苏省南京市溧水区,2023-08-27,7,0.0,24.504285714285714,83.68714285714285,2023,34,32.0,22.4,82.71,72.0,27.1,2.8,70.93,31.5
稻纵卷叶螟,RLF,溧水区 叁拾叁_3_25_诱虫量,溧水区 叁拾叁,江苏省南京市溧水区,2023-09-03,7,1.0,27.607142857142858,77.92142857142858,2023,35,29.4,18.5,86.86,78.57,59.2,2.79,42.5,22.49
稻纵卷叶螟,RLF,溧水区 叁拾叁_3_25_诱虫量,溧水区 叁拾叁,江苏省南京市溧水区,2023-09-10,7,4.0,24.759999999999998,88.06142857142856,2023,36,31.0,21.7,88.0,73.71,2.5,2.83,74.88,29.19
稻纵卷叶螟,RLF,溧水区 叁拾叁_3_25_诱虫量,溧水区 叁拾叁,江苏省南京市溧水区,2023-09-17,7,7.0,24.00142857142857,87.12857142857142,2023,37,31.4,20.4,87.43,82.14,74.6,2.74,29.78,17.15
稻纵卷叶螟,RLF,溧水区 叁拾叁_3_25_诱虫量,溧水区 叁拾叁,江苏省南京市溧水区,2023-09-24,7,0.0,23.922857142857143,88.18714285714285,2023,38,32.0,18.8,88.57,77.57,41.3,2.51,30.18,16.82
稻纵卷叶螟,RLF,溧水区 叁拾叁_3_25_诱虫量,溧水区 叁拾叁,江苏省南京市溧水区,2023-10-01,7,0.0,20.259999999999998,77.52714285714286,2023,39,28.2,19.1,89.57,82.43,13.3,2.19,45.28,17.44
稻纵卷叶螟,RLF,溧水区 叁拾叁_3_25_诱虫量,溧水区 叁拾叁,江苏省南京市溧水区,2023-10-08,7,0.0,19.148571428571426,81.2,2023,40,25.5,15.7,80.86,71.71,21.7,3.55,38.52,19.59
稻纵卷叶螟,RLF,溧水区 叁拾叁_3_25_诱虫量,溧水区 叁拾叁,江苏省南京市溧水区,2023-10-15,7,0.0,18.400000000000002,71.69285714285715,2023,41,23.6,13.5,84.86,74.14,0.0,2.05,50.14,17.04
稻纵卷叶螟,RLF,溧水区 叁拾叁_3_25_诱虫量,溧水区 叁拾叁,江苏省南京市溧水区,2023-10-22,7,0.0,18.62857142857143,77.58571428571429,2023,42,26.1,9.6,84.43,62.0,4.0,2.46,71.43,22.45
稻纵卷叶螟,RLF,溧水区 叁拾叁_3_25_诱虫量,溧水区 叁拾叁,江苏省南京市溧水区,2023-10-29,2,0.0,19.61,72.78,2023,43,25.6,9.6,85.14,64.29,0.0,1.94,60.15,18.61
稻纵卷叶螟,RLF,溧水区 叁拾叁_3_25_诱虫量,溧水区 叁拾叁,江苏省南京市溧水区,2024-05-26,1,0.0,24.26,63.78,2024,21,,,,,,,,
稻纵卷叶螟,RLF,溧水区 叁拾叁_3_25_诱虫量,溧水区 叁拾叁,江苏省南京市溧水区,2024-06-02,7,0.0,23.64428571428571,71.32714285714286,2024,22,26.9,14.2,77.71,68.43,42.5,2.69,50.74,25.99
稻纵卷叶螟,RLF,溧水区 叁拾叁_3_25_诱虫量,溧水区 叁拾叁,江苏省南京市溧水区,2024-06-09,7,0.0,28.175714285714285,72.12428571428572,2024,23,30.9,17.1,76.86,61.71,5.2,2.43,62.66,30.94
稻纵卷叶螟,RLF,溧水区 叁拾叁_3_25_诱虫量,溧水区 叁拾叁,江苏省南京市溧水区,2024-06-16,7,0.0,26.771428571428572,82.06285714285714,2024,24,34.2,20.7,79.71,58.71,0.7,2.43,71.14,35.09
稻纵卷叶螟,RLF,溧水区 叁拾叁_3_25_诱虫量,溧水区 叁拾叁,江苏省南京市溧水区,2024-06-23,7,0.0,24.297142857142855,93.21571428571428,2024,25,32.3,21.3,85.0,69.86,96.1,3.32,46.58,27.17
稻纵卷叶螟,RLF,溧水区 叁拾叁_3_25_诱虫量,溧水区 叁拾叁,江苏省南京市溧水区,2024-06-30,7,1.0,29.214285714285715,83.05714285714285,2024,26,30.9,20.7,88.71,85.57,179.0,2.73,26.58,17.62
稻纵卷叶螟,RLF,溧水区 叁拾叁_3_25_诱虫量,溧水区 叁拾叁,江苏省南京市溧水区,2024-07-07,7,0.0,27.93,87.42857142857143,2024,27,34.9,22.6,81.14,78.57,41.8,4.14,62.65,32.6
稻纵卷叶螟,RLF,溧水区 叁拾叁_3_25_诱虫量,溧水区 叁拾叁,江苏省南京市溧水区,2024-07-14,7,1.0,30.622857142857146,81.87,2024,28,35.0,21.4,88.57,86.0,168.8,2.44,20.72,18.18
稻纵卷叶螟,RLF,溧水区 叁拾叁_3_25_诱虫量,溧水区 叁拾叁,江苏省南京市溧水区,2024-07-21,7,0.0,32.14857142857143,76.5457142857143,2024,29,35.2,24.3,81.86,78.57,22.4,3.39,35.37,25.73
稻纵卷叶螟,RLF,溧水区 叁拾叁_3_25_诱虫量,溧水区 叁拾叁,江苏省南京市溧水区,2024-07-28,7,6.0,33.44857142857143,73.61,2024,30,36.7,27.0,80.57,71.86,6.1,4.7,71.71,37.84
稻纵卷叶螟,RLF,溧水区 叁拾叁_3_25_诱虫量,溧水区 叁拾叁,江苏省南京市溧水区,2024-08-04,7,37.0,33.45428571428572,72.58571428571429,2024,31,37.5,27.6,76.0,71.57,9.5,2.75,86.5,40.56
稻纵卷叶螟,RLF,溧水区 叁拾叁_3_25_诱虫量,溧水区 叁拾叁,江苏省南京市溧水区,2024-08-11,7,30.0,30.669999999999998,79.03428571428572,2024,32,37.8,27.1,76.86,66.71,62.0,1.88,83.96,39.02
稻纵卷叶螟,RLF,溧水区 叁拾叁_3_25_诱虫量,溧水区 叁拾叁,江苏省南京市溧水区,2024-08-18,7,18.0,30.172857142857143,82.04285714285713,2024,33,36.3,24.9,84.43,67.71,34.3,2.42,75.24,33.56
稻纵卷叶螟,RLF,溧水区 叁拾叁_3_25_诱虫量,溧水区 叁拾叁,江苏省南京市溧水区,2024-08-25,7,98.0,30.787142857142857,78.47285714285715,2024,34,34.7,25.4,84.71,77.86,50.4,1.93,64.42,27.34
稻纵卷叶螟,RLF,溧水区 叁拾叁_3_25_诱虫量,溧水区 叁拾叁,江苏省南京市溧水区,2024-09-01,7,82.0,30.798571428571428,76.00285714285714,2024,35,35.2,24.1,83.43,71.71,6.3,2.35,74.77,30.13
稻纵卷叶螟,RLF,溧水区 叁拾叁_3_25_诱虫量,溧水区 叁拾叁,江苏省南京市溧水区,2024-09-08,7,45.0,29.942857142857143,81.26,2024,36,33.8,24.2,79.29,68.43,2.9,3.23,78.8,33.31
稻纵卷叶螟,RLF,溧水区 叁拾叁_3_25_诱虫量,溧水区 叁拾叁,江苏省南京市溧水区,2024-09-15,7,65.0,26.88714285714286,85.74428571428572,2024,37,33.8,23.6,88.14,80.14,83.0,3.4,57.66,23.89
稻纵卷叶螟,RLF,溧水区 叁拾叁_3_25_诱虫量,溧水区 叁拾叁,江苏省南京市溧水区,2024-09-22,7,11.0,23.625714285714285,80.14571428571428,2024,38,31.6,17.4,81.14,76.86,124.9,5.49,54.64,24.01
稻纵卷叶螟,RLF,溧水区 叁拾叁_3_25_诱虫量,溧水区 叁拾叁,江苏省南京市溧水区,2024-09-29,7,15.0,20.818571428571428,77.63714285714286,2024,39,29.1,15.8,86.14,76.0,15.1,2.67,66.18,23.31
稻纵卷叶螟,RLF,溧水区 叁拾叁_3_25_诱虫量,溧水区 叁拾叁,江苏省南京市溧水区,2024-10-06,7,8.0,18.577142857142857,83.12428571428572,2024,40,28.6,11.9,79.0,72.14,17.2,3.38,48.16,18.62
稻纵卷叶螟,RLF,溧水区 叁拾叁_3_25_诱虫量,溧水区 叁拾叁,江苏省南京市溧水区,2024-10-13,7,48.0,20.237142857142857,89.43857142857144,2024,41,25.2,13.1,85.0,74.71,16.7,2.16,49.5,16.94
稻纵卷叶螟,RLF,溧水区 叁拾叁_3_25_诱虫量,溧水区 叁拾叁,江苏省南京市溧水区,2024-10-20,7,24.0,16.75857142857143,84.31142857142858,2024,42,27.2,11.2,86.57,77.0,49.2,3.66,31.77,14.95
稻纵卷叶螟,RLF,溧水区 叁拾叁_3_25_诱虫量,溧水区 叁拾叁,江苏省南京市溧水区,2024-10-27,4,2.0,16.12666666666667,82.91666666666667,2024,43,22.3,8.6,88.29,80.43,20.0,3.16,35.15,12.25
稻纵卷叶螟,RLF,溧水区 叁拾叁_3_30_诱虫量,溧水区 叁拾叁,江苏省南京市溧水区,2023-01-01,5,0.0,7.122,61.525999999999996,2022,52,,,,,,,,
稻纵卷叶螟,RLF,溧水区 叁拾叁_3_30_诱虫量,溧水区 叁拾叁,江苏省南京市溧水区,2023-01-08,4,0.0,10.6325,69.8725,2023,1,,,,,,,,
稻纵卷叶螟,RLF,溧水区 叁拾叁_3_30_诱虫量,溧水区 叁拾叁,江苏省南京市溧水区,2023-01-15,3,0.0,3.6300000000000003,70.64,2023,2,,,,,,,,
稻纵卷叶螟,RLF,溧水区 叁拾叁_3_30_诱虫量,溧水区 叁拾叁,江苏省南京市溧水区,2023-01-22,7,0.0,1.7100000000000002,60.87,2023,3,,,,,,,,
稻纵卷叶螟,RLF,溧水区 叁拾叁_3_30_诱虫量,溧水区 叁拾叁,江苏省南京市溧水区,2023-01-29,5,0.0,9.290000000000001,48.352,2023,4,,,,,,,,
稻纵卷叶螟,RLF,溧水区 叁拾叁_3_30_诱虫量,溧水区 叁拾叁,江苏省南京市溧水区,2023-02-05,7,0.0,7.324285714285715,91.17285714285715,2023,5,,,,,,,,
稻纵卷叶螟,RLF,溧水区 叁拾叁_3_30_诱虫量,溧水区 叁拾叁,江苏省南京市溧水区,2023-02-12,3,0.0,9.496666666666668,84.04,2023,6,,,,,,,,
稻纵卷叶螟,RLF,溧水区 叁拾叁_3_30_诱虫量,溧水区 叁拾叁,江苏省南京市溧水区,2023-02-19,5,0.0,5.754,63.727999999999994,2023,7,,,,,,,,
稻纵卷叶螟,RLF,溧水区 叁拾叁_3_30_诱虫量,溧水区 叁拾叁,江苏省南京市溧水区,2023-02-26,2,0.0,15.715,35.535,2023,8,,,,,,,,
稻纵卷叶螟,RLF,溧水区 叁拾叁_3_30_诱虫量,溧水区 叁拾叁,江苏省南京市溧水区,2023-03-05,3,0.0,19.22,56.70666666666667,2023,9,,,,,,,,
稻纵卷叶螟,RLF,溧水区 叁拾叁_3_30_诱虫量,溧水区 叁拾叁,江苏省南京市溧水区,2023-03-12,5,0.0,14.315999999999999,48.114,2023,10,,,,,,,,
稻纵卷叶螟,RLF,溧水区 叁拾叁_3_30_诱虫量,溧水区 叁拾叁,江苏省南京市溧水区,2023-03-19,5,0.0,12.326,86.03200000000001,2023,11,,,,,,,,
稻纵卷叶螟,RLF,溧水区 叁拾叁_3_30_诱虫量,溧水区 叁拾叁,江苏省南京市溧水区,2023-03-26,5,0.0,14.016,65.848,2023,12,,,,,,,,
稻纵卷叶螟,RLF,溧水区 叁拾叁_3_30_诱虫量,溧水区 叁拾叁,江苏省南京市溧水区,2023-04-02,7,4.0,12.92,72.88571428571429,2023,13,,,,,,,,
稻纵卷叶螟,RLF,溧水区 叁拾叁_3_30_诱虫量,溧水区 叁拾叁,江苏省南京市溧水区,2023-04-09,7,0.0,19.43285714285714,58.199999999999996,2023,14,,,,,,,,
稻纵卷叶螟,RLF,溧水区 叁拾叁_3_30_诱虫量,溧水区 叁拾叁,江苏省南京市溧水区,2023-04-16,7,0.0,20.884285714285713,65.44000000000001,2023,15,,,,,,,,
稻纵卷叶螟,RLF,溧水区 叁拾叁_3_30_诱虫量,溧水区 叁拾叁,江苏省南京市溧水区,2023-04-23,7,0.0,16.05142857142857,70.89428571428572,2023,16,,,,,,,,
稻纵卷叶螟,RLF,溧水区 叁拾叁_3_30_诱虫量,溧水区 叁拾叁,江苏省南京市溧水区,2023-04-30,7,0.0,21.31142857142857,71.32714285714285,2023,17,,,,,,,,
稻纵卷叶螟,RLF,溧水区 叁拾叁_3_30_诱虫量,溧水区 叁拾叁,江苏省南京市溧水区,2023-05-07,7,0.0,18.858571428571427,63.93571428571429,2023,18,,,,,,,,
稻纵卷叶螟,RLF,溧水区 叁拾叁_3_30_诱虫量,溧水区 叁拾叁,江苏省南京市溧水区,2023-05-14,7,0.0,23.518571428571427,71.30571428571429,2023,19,,,,,,,,
稻纵卷叶螟,RLF,溧水区 叁拾叁_3_30_诱虫量,溧水区 叁拾叁,江苏省南京市溧水区,2023-05-21,7,0.0,20.975714285714286,78.19428571428571,2023,20,,,,,,,,
稻纵卷叶螟,RLF,溧水区 叁拾叁_3_30_诱虫量,溧水区 叁拾叁,江苏省南京市溧水区,2023-05-28,4,0.0,25.572499999999998,83.21000000000001,2023,21,,,,,,,,
稻纵卷叶螟,RLF,溧水区 叁拾叁_3_30_诱虫量,溧水区 叁拾叁,江苏省南京市溧水区,2023-10-29,5,0.0,20.906,74.684,2023,43,25.6,9.6,85.14,64.29,0.0,1.94,60.15,18.61
稻纵卷叶螟,RLF,溧水区 叁拾叁_3_30_诱虫量,溧水区 叁拾叁,江苏省南京市溧水区,2023-11-05,5,0.0,12.0975,86.28,2023,44,27.6,12.9,83.57,69.14,0.8,2.48,60.23,19.36
稻纵卷叶螟,RLF,溧水区 叁拾叁_3_30_诱虫量,溧水区 叁拾叁,江苏省南京市溧水区,2023-11-12,7,0.0,9.598571428571429,65.13571428571429,2023,45,,,,,,,,
稻纵卷叶螟,RLF,溧水区 叁拾叁_3_30_诱虫量,溧水区 叁拾叁,江苏省南京市溧水区,2023-11-19,7,0.0,12.12142857142857,65.76714285714286,2023,46,,,,,,,,
稻纵卷叶螟,RLF,溧水区 叁拾叁_3_30_诱虫量,溧水区 叁拾叁,江苏省南京市溧水区,2023-11-26,7,0.0,8.357142857142858,65.59857142857143,2023,47,,,,,,,,
稻纵卷叶螟,RLF,溧水区 叁拾叁_3_30_诱虫量,溧水区 叁拾叁,江苏省南京市溧水区,2023-12-03,7,0.0,11.082857142857142,65.06142857142858,2023,48,,,,,,,,
稻纵卷叶螟,RLF,溧水区 叁拾叁_3_30_诱虫量,溧水区 叁拾叁,江苏省南京市溧水区,2023-12-10,7,0.0,5.45,84.68714285714285,2023,49,,,,,,,,
稻纵卷叶螟,RLF,溧水区 叁拾叁_3_30_诱虫量,溧水区 叁拾叁,江苏省南京市溧水区,2023-12-17,7,0.0,-1.262857142857143,72.47428571428571,2023,50,,,,,,,,
稻纵卷叶螟,RLF,溧水区 叁拾叁_3_30_诱虫量,溧水区 叁拾叁,江苏省南京市溧水区,2023-12-24,7,0.0,5.357142857142857,79.52285714285713,2023,51,,,,,,,,
稻纵卷叶螟,RLF,溧水区 叁拾叁_3_30_诱虫量,溧水区 叁拾叁,江苏省南京市溧水区,2023-12-31,7,0.0,4.335714285714285,82.39428571428572,2023,52,,,,,,,,
稻纵卷叶螟,RLF,溧水区 叁拾叁_3_30_诱虫量,溧水区 叁拾叁,江苏省南京市溧水区,2024-01-07,7,0.0,5.825714285714286,76.70142857142856,2024,1,,,,,,,,
稻纵卷叶螟,RLF,溧水区 叁拾叁_3_30_诱虫量,溧水区 叁拾叁,江苏省南京市溧水区,2024-01-14,7,0.0,5.771428571428571,83.56285714285714,2024,2,,,,,,,,
稻纵卷叶螟,RLF,溧水区 叁拾叁_3_30_诱虫量,溧水区 叁拾叁,江苏省南京市溧水区,2024-01-21,7,0.0,-0.20857142857142857,70.23428571428572,2024,3,,,,,,,,
稻纵卷叶螟,RLF,溧水区 叁拾叁_3_30_诱虫量,溧水区 叁拾叁,江苏省南京市溧水区,2024-01-28,7,0.0,4.7371428571428575,87.88857142857144,2024,4,,,,,,,,
稻纵卷叶螟,RLF,溧水区 叁拾叁_3_30_诱虫量,溧水区 叁拾叁,江苏省南京市溧水区,2024-02-04,7,0.0,2.5357142857142856,81.7042857142857,2024,5,,,,,,,,
稻纵卷叶螟,RLF,溧水区 叁拾叁_3_30_诱虫量,溧水区 叁拾叁,江苏省南京市溧水区,2024-02-11,7,0.0,10.424285714285714,71.68571428571428,2024,6,,,,,,,,
稻纵卷叶螟,RLF,溧水区 叁拾叁_3_30_诱虫量,溧水区 叁拾叁,江苏省南京市溧水区,2024-02-18,7,0.0,3.5185714285714282,94.67142857142858,2024,7,,,,,,,,
稻纵卷叶螟,RLF,溧水区 叁拾叁_3_30_诱虫量,溧水区 叁拾叁,江苏省南京市溧水区,2024-02-25,7,0.0,4.0128571428571425,78.52428571428571,2024,8,,,,,,,,
稻纵卷叶螟,RLF,溧水区 叁拾叁_3_30_诱虫量,溧水区 叁拾叁,江苏省南京市溧水区,2024-03-03,7,0.0,8.877142857142857,73.41857142857144,2024,9,,,,,,,,
稻纵卷叶螟,RLF,溧水区 叁拾叁_3_30_诱虫量,溧水区 叁拾叁,江苏省南京市溧水区,2024-03-10,7,2.0,13.217142857142857,70.26571428571428,2024,10,,,,,,,,
稻纵卷叶螟,RLF,溧水区 叁拾叁_3_30_诱虫量,溧水区 叁拾叁,江苏省南京市溧水区,2024-03-17,7,0.0,13.549999999999999,69.47857142857143,2024,11,,,,,,,,
稻纵卷叶螟,RLF,溧水区 叁拾叁_3_30_诱虫量,溧水区 叁拾叁,江苏省南京市溧水区,2024-03-24,7,0.0,14.65,83.0942857142857,2024,12,,,,,,,,
稻纵卷叶螟,RLF,溧水区 叁拾叁_3_30_诱虫量,溧水区 叁拾叁,江苏省南京市溧水区,2024-03-31,7,0.0,16.224285714285713,78.76428571428572,2024,13,,,,,,,,
稻纵卷叶螟,RLF,溧水区 叁拾叁_3_30_诱虫量,溧水区 叁拾叁,江苏省南京市溧水区,2024-04-07,7,0.0,16.97142857142857,81.35857142857142,2024,14,,,,,,,,
稻纵卷叶螟,RLF,溧水区 叁拾叁_3_30_诱虫量,溧水区 叁拾叁,江苏省南京市溧水区,2024-04-14,7,0.0,19.18285714285714,80.33142857142857,2024,15,,,,,,,,
稻纵卷叶螟,RLF,溧水区 叁拾叁_3_30_诱虫量,溧水区 叁拾叁,江苏省南京市溧水区,2024-04-21,7,0.0,20.400000000000002,73.24428571428572,2024,16,,,,,,,,
稻纵卷叶螟,RLF,溧水区 叁拾叁_3_30_诱虫量,溧水区 叁拾叁,江苏省南京市溧水区,2024-04-28,7,0.0,17.264285714285712,81.92714285714285,2024,17,,,,,,,,
稻纵卷叶螟,RLF,溧水区 叁拾叁_3_30_诱虫量,溧水区 叁拾叁,江苏省南京市溧水区,2024-05-05,7,0.0,21.054285714285715,75.33857142857143,2024,18,,,,,,,,
稻纵卷叶螟,RLF,溧水区 叁拾叁_3_30_诱虫量,溧水区 叁拾叁,江苏省南京市溧水区,2024-05-12,7,0.0,24.437142857142856,57.075714285714284,2024,19,,,,,,,,
稻纵卷叶螟,RLF,溧水区 叁拾叁_3_30_诱虫量,溧水区 叁拾叁,江苏省南京市溧水区,2024-05-19,7,0.0,25.837142857142858,69.51571428571428,2024,20,,,,,,,,
稻纵卷叶螟,RLF,溧水区 叁拾叁_3_30_诱虫量,溧水区 叁拾叁,江苏省南京市溧水区,2024-05-26,6,0.0,21.74,75.85666666666667,2024,21,,,,,,,,
稻纵卷叶螟,RLF,溧水区 叁拾叁_3_30_诱虫量,溧水区 叁拾叁,江苏省南京市溧水区,2024-10-27,3,0.0,16.713333333333335,87.87666666666667,2024,43,22.3,8.6,88.29,80.43,20.0,3.16,35.15,12.25
稻纵卷叶螟,RLF,溧水区 叁拾叁_3_30_诱虫量,溧水区 叁拾叁,江苏省南京市溧水区,2024-11-03,7,1.0,16.482857142857146,73.10142857142857,2024,44,22.0,9.3,87.57,74.57,6.8,2.95,55.84,15.81
稻纵卷叶螟,RLF,溧水区 叁拾叁_3_30_诱虫量,溧水区 叁拾叁,江苏省南京市溧水区,2024-11-10,7,0.0,18.490000000000002,83.2942857142857,2024,45,,,,,,,,
稻纵卷叶螟,RLF,溧水区 叁拾叁_3_30_诱虫量,溧水区 叁拾叁,江苏省南京市溧水区,2024-11-17,7,0.0,11.627142857142857,76.65857142857143,2024,46,,,,,,,,
稻纵卷叶螟,RLF,溧水区 叁拾叁_3_30_诱虫量,溧水区 叁拾叁,江苏省南京市溧水区,2024-11-24,7,0.0,8.688571428571429,70.32285714285715,2024,47,,,,,,,,
稻纵卷叶螟,RLF,溧水区 叁拾叁_3_30_诱虫量,溧水区 叁拾叁,江苏省南京市溧水区,2024-12-01,7,0.0,9.267142857142858,79.44571428571429,2024,48,,,,,,,,
稻纵卷叶螟,RLF,溧水区 叁拾叁_3_30_诱虫量,溧水区 叁拾叁,江苏省南京市溧水区,2024-12-08,7,0.0,5.062857142857142,77.75571428571428,2024,49,,,,,,,,
稻纵卷叶螟,RLF,溧水区 叁拾叁_3_30_诱虫量,溧水区 叁拾叁,江苏省南京市溧水区,2024-12-15,7,0.0,2.7885714285714287,72.7,2024,50,,,,,,,,
稻纵卷叶螟,RLF,溧水区 叁拾叁_3_30_诱虫量,溧水区 叁拾叁,江苏省南京市溧水区,2024-12-22,7,0.0,4.622857142857143,67.97142857142856,2024,51,,,,,,,,
稻纵卷叶螟,RLF,溧水区 叁拾叁_3_30_诱虫量,溧水区 叁拾叁,江苏省南京市溧水区,2024-12-29,3,0.0,3.62,68.91499999999999,2024,52,,,,,,,,
稻纵卷叶螟,RLF,秣陵街道李家村_1_33_诱虫量,秣陵街道李家村,江苏省南京市江宁区,2024-11-03,1,10.0,,,2024,44,22.0,9.3,87.57,74.57,6.8,2.95,55.84,15.81
稻纵卷叶螟,RLF,秣陵街道李家村_1_33_诱虫量,秣陵街道李家村,江苏省南京市江宁区,2024-11-17,5,5.0,9.83,76.46000000000001,2024,46,,,,,,,,
稻纵卷叶螟,RLF,秣陵街道李家村_1_33_诱虫量,秣陵街道李家村,江苏省南京市江宁区,2024-11-24,7,0.0,7.132857142857143,67.83428571428571,2024,47,,,,,,,,
稻纵卷叶螟,RLF,秣陵街道李家村_1_33_诱虫量,秣陵街道李家村,江苏省南京市江宁区,2024-12-01,7,0.0,7.8,77.26,2024,48,,,,,,,,
稻纵卷叶螟,RLF,秣陵街道李家村_1_33_诱虫量,秣陵街道李家村,江苏省南京市江宁区,2024-12-08,7,0.0,3.44,75.06428571428572,2024,49,,,,,,,,
稻纵卷叶螟,RLF,秣陵街道李家村_1_33_诱虫量,秣陵街道李家村,江苏省南京市江宁区,2024-12-15,7,0.0,1.397142857142857,69.39857142857143,2024,50,,,,,,,,
稻纵卷叶螟,RLF,秣陵街道李家村_1_33_诱虫量,秣陵街道李家村,江苏省南京市江宁区,2024-12-22,7,0.0,2.6914285714285713,66.50857142857143,2024,51,,,,,,,,
稻纵卷叶螟,RLF,秣陵街道李家村_1_33_诱虫量,秣陵街道李家村,江苏省南京市江宁区,2024-12-29,3,0.0,2.0549999999999997,64.645,2024,52,,,,,,,,
稻纵卷叶螟,RLF,程桥金山稻纵_1_20_诱虫量,程桥金山稻纵,江苏省南京市六合区,2023-05-28,3,0.0,0.0,0.0,2023,21,,,,,,,,
稻纵卷叶螟,RLF,程桥金山稻纵_1_20_诱虫量,程桥金山稻纵,江苏省南京市六合区,2023-06-04,7,0.0,0.0,0.0,2023,22,32.3,20.1,84.14,74.14,29.6,2.38,48.59,25.72
稻纵卷叶螟,RLF,程桥金山稻纵_1_20_诱虫量,程桥金山稻纵,江苏省南京市六合区,2023-06-11,7,0.0,0.0,0.0,2023,23,34.2,16.0,80.43,75.0,31.1,2.66,59.78,28.9
稻纵卷叶螟,RLF,程桥金山稻纵_1_20_诱虫量,程桥金山稻纵,江苏省南京市六合区,2023-06-18,7,1.0,0.0,0.0,2023,24,32.4,19.2,80.14,65.0,8.5,2.69,57.13,31.06
稻纵卷叶螟,RLF,程桥金山稻纵_1_20_诱虫量,程桥金山稻纵,江苏省南京市六合区,2023-06-25,7,1.0,0.0,0.0,2023,25,31.4,20.5,87.57,74.57,82.3,2.55,29.04,21.42
稻纵卷叶螟,RLF,程桥金山稻纵_1_20_诱虫量,程桥金山稻纵,江苏省南京市六合区,2023-07-02,7,1.0,0.0,0.0,2023,26,32.8,21.5,86.29,78.86,64.0,2.94,49.98,24.98
稻纵卷叶螟,RLF,程桥金山稻纵_1_20_诱虫量,程桥金山稻纵,江苏省南京市六合区,2023-07-09,7,1.0,0.0,0.0,2023,27,32.9,23.9,87.86,82.29,123.1,3.4,45.76,24.46
稻纵卷叶螟,RLF,程桥金山稻纵_1_20_诱虫量,程桥金山稻纵,江苏省南京市六合区,2023-07-16,7,7.0,0.0,0.0,2023,28,34.9,24.6,84.57,77.0,27.6,3.38,49.19,28.48
稻纵卷叶螟,RLF,程桥金山稻纵_1_20_诱虫量,程桥金山稻纵,江苏省南京市六合区,2023-07-23,7,39.0,0.0,0.0,2023,29,31.5,23.5,89.43,84.71,117.0,2.29,34.08,19.55
稻纵卷叶螟,RLF,程桥金山稻纵_1_20_诱虫量,程桥金山稻纵,江苏省南京市六合区,2023-07-30,7,95.0,0.0,0.0,2023,30,33.2,25.1,86.86,80.86,44.3,3.98,65.75,29.7
稻纵卷叶螟,RLF,程桥金山稻纵_1_20_诱虫量,程桥金山稻纵,江苏省南京市六合区,2023-08-06,7,115.0,0.0,0.0,2023,31,34.0,25.0,86.43,76.43,17.1,3.1,81.36,32.83
稻纵卷叶螟,RLF,程桥金山稻纵_1_20_诱虫量,程桥金山稻纵,江苏省南京市六合区,2023-08-13,7,165.0,0.0,0.0,2023,32,35.1,24.0,83.71,75.14,10.3,2.08,79.69,33.11
稻纵卷叶螟,RLF,程桥金山稻纵_1_20_诱虫量,程桥金山稻纵,江苏省南京市六合区,2023-08-20,7,77.0,0.0,0.0,2023,33,33.7,23.9,86.57,81.29,26.5,2.19,77.01,29.64
稻纵卷叶螟,RLF,程桥金山稻纵_1_20_诱虫量,程桥金山稻纵,江苏省南京市六合区,2023-08-27,7,23.0,0.0,0.0,2023,34,32.0,22.4,82.71,72.0,27.1,2.8,70.93,31.5
稻纵卷叶螟,RLF,程桥金山稻纵_1_20_诱虫量,程桥金山稻纵,江苏省南京市六合区,2023-09-03,7,10.0,0.0,0.0,2023,35,29.4,18.5,86.86,78.57,59.2,2.79,42.5,22.49
稻纵卷叶螟,RLF,程桥金山稻纵_1_20_诱虫量,程桥金山稻纵,江苏省南京市六合区,2023-09-10,7,4.0,0.0,0.0,2023,36,31.0,21.7,88.0,73.71,2.5,2.83,74.88,29.19
稻纵卷叶螟,RLF,程桥金山稻纵_1_20_诱虫量,程桥金山稻纵,江苏省南京市六合区,2023-09-17,6,155.0,0.0,0.0,2023,37,31.4,20.4,87.43,82.14,74.6,2.74,29.78,17.15
稻纵卷叶螟,RLF,程桥金山稻纵_1_20_诱虫量,程桥金山稻纵,江苏省南京市六合区,2023-09-24,7,60.0,0.0,0.0,2023,38,32.0,18.8,88.57,77.57,41.3,2.51,30.18,16.82
稻纵卷叶螟,RLF,程桥金山稻纵_1_20_诱虫量,程桥金山稻纵,江苏省南京市六合区,2023-10-01,7,7.0,0.0,0.0,2023,39,28.2,19.1,89.57,82.43,13.3,2.19,45.28,17.44
稻纵卷叶螟,RLF,程桥金山稻纵_1_20_诱虫量,程桥金山稻纵,江苏省南京市六合区,2023-10-08,7,0.0,0.0,0.0,2023,40,25.5,15.7,80.86,71.71,21.7,3.55,38.52,19.59
稻纵卷叶螟,RLF,程桥金山稻纵_1_20_诱虫量,程桥金山稻纵,江苏省南京市六合区,2023-10-15,7,0.0,0.0,0.0,2023,41,23.6,13.5,84.86,74.14,0.0,2.05,50.14,17.04
稻纵卷叶螟,RLF,程桥金山稻纵_1_20_诱虫量,程桥金山稻纵,江苏省南京市六合区,2023-10-22,7,0.0,0.0,0.0,2023,42,26.1,9.6,84.43,62.0,4.0,2.46,71.43,22.45
稻纵卷叶螟,RLF,程桥金山稻纵_1_20_诱虫量,程桥金山稻纵,江苏省南京市六合区,2023-10-29,2,0.0,,,2023,43,25.6,9.6,85.14,64.29,0.0,1.94,60.15,18.61
稻纵卷叶螟,RLF,程桥金山稻纵_1_20_诱虫量,程桥金山稻纵,江苏省南京市六合区,2024-05-26,1,0.0,,,2024,21,,,,,,,,
稻纵卷叶螟,RLF,程桥金山稻纵_1_20_诱虫量,程桥金山稻纵,江苏省南京市六合区,2024-06-02,7,1.0,0.0,0.0,2024,22,26.9,14.2,77.71,68.43,42.5,2.69,50.74,25.99
稻纵卷叶螟,RLF,程桥金山稻纵_1_20_诱虫量,程桥金山稻纵,江苏省南京市六合区,2024-06-09,7,1.0,0.0,0.0,2024,23,30.9,17.1,76.86,61.71,5.2,2.43,62.66,30.94
稻纵卷叶螟,RLF,程桥金山稻纵_1_20_诱虫量,程桥金山稻纵,江苏省南京市六合区,2024-06-16,7,4.0,0.0,0.0,2024,24,34.2,20.7,79.71,58.71,0.7,2.43,71.14,35.09
稻纵卷叶螟,RLF,程桥金山稻纵_1_20_诱虫量,程桥金山稻纵,江苏省南京市六合区,2024-06-23,7,1.0,0.0,0.0,2024,25,32.3,21.3,85.0,69.86,96.1,3.32,46.58,27.17
稻纵卷叶螟,RLF,程桥金山稻纵_1_20_诱虫量,程桥金山稻纵,江苏省南京市六合区,2024-06-30,7,10.0,0.0,0.0,2024,26,30.9,20.7,88.71,85.57,179.0,2.73,26.58,17.62
稻纵卷叶螟,RLF,程桥金山稻纵_1_20_诱虫量,程桥金山稻纵,江苏省南京市六合区,2024-07-07,5,7.0,0.0,0.0,2024,27,34.9,22.6,81.14,78.57,41.8,4.14,62.65,32.6
稻纵卷叶螟,RLF,程桥金山稻纵_1_20_诱虫量,程桥金山稻纵,江苏省南京市六合区,2024-07-14,7,1.0,0.0,0.0,2024,28,35.0,21.4,88.57,86.0,168.8,2.44,20.72,18.18
稻纵卷叶螟,RLF,程桥金山稻纵_1_20_诱虫量,程桥金山稻纵,江苏省南京市六合区,2024-07-21,7,4.0,,,2024,29,35.2,24.3,81.86,78.57,22.4,3.39,35.37,25.73
稻纵卷叶螟,RLF,程桥金山稻纵_1_20_诱虫量,程桥金山稻纵,江苏省南京市六合区,2024-07-28,7,19.0,,,2024,30,36.7,27.0,80.57,71.86,6.1,4.7,71.71,37.84
稻纵卷叶螟,RLF,程桥金山稻纵_1_20_诱虫量,程桥金山稻纵,江苏省南京市六合区,2024-08-04,7,4.0,,,2024,31,37.5,27.6,76.0,71.57,9.5,2.75,86.5,40.56
稻纵卷叶螟,RLF,程桥金山稻纵_1_20_诱虫量,程桥金山稻纵,江苏省南京市六合区,2024-08-11,7,0.0,0.0,0.0,2024,32,37.8,27.1,76.86,66.71,62.0,1.88,83.96,39.02
稻纵卷叶螟,RLF,程桥金山稻纵_1_20_诱虫量,程桥金山稻纵,江苏省南京市六合区,2024-08-18,7,59.0,0.0,0.0,2024,33,36.3,24.9,84.43,67.71,34.3,2.42,75.24,33.56
稻纵卷叶螟,RLF,程桥金山稻纵_1_20_诱虫量,程桥金山稻纵,江苏省南京市六合区,2024-08-25,7,470.0,0.0,0.0,2024,34,34.7,25.4,84.71,77.86,50.4,1.93,64.42,27.34
稻纵卷叶螟,RLF,程桥金山稻纵_1_20_诱虫量,程桥金山稻纵,江苏省南京市六合区,2024-09-01,7,646.0,,,2024,35,35.2,24.1,83.43,71.71,6.3,2.35,74.77,30.13
稻纵卷叶螟,RLF,程桥金山稻纵_1_20_诱虫量,程桥金山稻纵,江苏省南京市六合区,2024-09-08,7,111.0,0.0,0.0,2024,36,33.8,24.2,79.29,68.43,2.9,3.23,78.8,33.31
稻纵卷叶螟,RLF,程桥金山稻纵_1_20_诱虫量,程桥金山稻纵,江苏省南京市六合区,2024-09-15,7,42.0,0.0,0.0,2024,37,33.8,23.6,88.14,80.14,83.0,3.4,57.66,23.89
稻纵卷叶螟,RLF,程桥金山稻纵_1_20_诱虫量,程桥金山稻纵,江苏省南京市六合区,2024-09-22,7,20.0,0.0,0.0,2024,38,31.6,17.4,81.14,76.86,124.9,5.49,54.64,24.01
稻纵卷叶螟,RLF,程桥金山稻纵_1_20_诱虫量,程桥金山稻纵,江苏省南京市六合区,2024-09-29,7,38.0,0.0,0.0,2024,39,29.1,15.8,86.14,76.0,15.1,2.67,66.18,23.31
稻纵卷叶螟,RLF,程桥金山稻纵_1_20_诱虫量,程桥金山稻纵,江苏省南京市六合区,2024-10-06,7,71.0,0.0,0.0,2024,40,28.6,11.9,79.0,72.14,17.2,3.38,48.16,18.62
稻纵卷叶螟,RLF,程桥金山稻纵_1_20_诱虫量,程桥金山稻纵,江苏省南京市六合区,2024-10-13,7,181.0,0.0,0.0,2024,41,25.2,13.1,85.0,74.71,16.7,2.16,49.5,16.94
稻纵卷叶螟,RLF,程桥金山稻纵_1_20_诱虫量,程桥金山稻纵,江苏省南京市六合区,2024-10-20,7,3.0,0.0,0.0,2024,42,27.2,11.2,86.57,77.0,49.2,3.66,31.77,14.95
稻纵卷叶螟,RLF,程桥金山稻纵_1_20_诱虫量,程桥金山稻纵,江苏省南京市六合区,2024-10-27,4,0.0,,,2024,43,22.3,8.6,88.29,80.43,20.0,3.16,35.15,12.25
稻纵卷叶螟,RLF,程桥金山稻纵_1_35_诱虫量,程桥金山稻纵,江苏省南京市六合区,2023-01-01,7,0.0,0.0,0.0,2022,52,,,,,,,,
稻纵卷叶螟,RLF,程桥金山稻纵_1_35_诱虫量,程桥金山稻纵,江苏省南京市六合区,2023-01-08,7,0.0,0.0,0.0,2023,1,,,,,,,,
稻纵卷叶螟,RLF,程桥金山稻纵_1_35_诱虫量,程桥金山稻纵,江苏省南京市六合区,2023-01-15,7,0.0,0.0,0.0,2023,2,,,,,,,,
稻纵卷叶螟,RLF,程桥金山稻纵_1_35_诱虫量,程桥金山稻纵,江苏省南京市六合区,2023-01-22,7,0.0,0.0,0.0,2023,3,,,,,,,,
稻纵卷叶螟,RLF,程桥金山稻纵_1_35_诱虫量,程桥金山稻纵,江苏省南京市六合区,2023-01-29,7,0.0,0.0,0.0,2023,4,,,,,,,,
稻纵卷叶螟,RLF,程桥金山稻纵_1_35_诱虫量,程桥金山稻纵,江苏省南京市六合区,2023-02-05,7,0.0,,,2023,5,,,,,,,,
稻纵卷叶螟,RLF,程桥金山稻纵_1_35_诱虫量,程桥金山稻纵,江苏省南京市六合区,2023-02-12,7,0.0,0.0,0.0,2023,6,,,,,,,,
稻纵卷叶螟,RLF,程桥金山稻纵_1_35_诱虫量,程桥金山稻纵,江苏省南京市六合区,2023-02-19,7,2.0,0.0,0.0,2023,7,,,,,,,,
稻纵卷叶螟,RLF,程桥金山稻纵_1_35_诱虫量,程桥金山稻纵,江苏省南京市六合区,2023-02-26,7,0.0,0.0,0.0,2023,8,,,,,,,,
稻纵卷叶螟,RLF,程桥金山稻纵_1_35_诱虫量,程桥金山稻纵,江苏省南京市六合区,2023-03-05,7,0.0,,,2023,9,,,,,,,,
稻纵卷叶螟,RLF,程桥金山稻纵_1_35_诱虫量,程桥金山稻纵,江苏省南京市六合区,2023-03-12,7,0.0,0.0,0.0,2023,10,,,,,,,,
稻纵卷叶螟,RLF,程桥金山稻纵_1_35_诱虫量,程桥金山稻纵,江苏省南京市六合区,2023-03-19,7,0.0,0.0,0.0,2023,11,,,,,,,,
稻纵卷叶螟,RLF,程桥金山稻纵_1_35_诱虫量,程桥金山稻纵,江苏省南京市六合区,2023-03-26,7,0.0,0.0,0.0,2023,12,,,,,,,,
稻纵卷叶螟,RLF,程桥金山稻纵_1_35_诱虫量,程桥金山稻纵,江苏省南京市六合区,2023-04-02,7,0.0,0.0,0.0,2023,13,,,,,,,,
稻纵卷叶螟,RLF,程桥金山稻纵_1_35_诱虫量,程桥金山稻纵,江苏省南京市六合区,2023-04-09,7,0.0,0.0,0.0,2023,14,,,,,,,,
稻纵卷叶螟,RLF,程桥金山稻纵_1_35_诱虫量,程桥金山稻纵,江苏省南京市六合区,2023-04-16,4,0.0,,,2023,15,,,,,,,,
稻纵卷叶螟,RLF,程桥金山稻纵_1_35_诱虫量,程桥金山稻纵,江苏省南京市六合区,2023-04-23,5,0.0,0.0,0.0,2023,16,,,,,,,,
稻纵卷叶螟,RLF,程桥金山稻纵_1_35_诱虫量,程桥金山稻纵,江苏省南京市六合区,2023-04-30,7,8.0,0.0,0.0,2023,17,,,,,,,,
稻纵卷叶螟,RLF,程桥金山稻纵_1_35_诱虫量,程桥金山稻纵,江苏省南京市六合区,2023-05-07,7,0.0,0.0,0.0,2023,18,,,,,,,,
稻纵卷叶螟,RLF,程桥金山稻纵_1_35_诱虫量,程桥金山稻纵,江苏省南京市六合区,2023-05-14,7,1.0,0.0,0.0,2023,19,,,,,,,,
稻纵卷叶螟,RLF,程桥金山稻纵_1_35_诱虫量,程桥金山稻纵,江苏省南京市六合区,2023-05-21,7,0.0,0.0,0.0,2023,20,,,,,,,,
稻纵卷叶螟,RLF,程桥金山稻纵_1_35_诱虫量,程桥金山稻纵,江苏省南京市六合区,2023-05-28,4,0.0,0.0,0.0,2023,21,,,,,,,,
稻纵卷叶螟,RLF,程桥金山稻纵_1_35_诱虫量,程桥金山稻纵,江苏省南京市六合区,2023-10-29,5,0.0,0.0,0.0,2023,43,25.6,9.6,85.14,64.29,0.0,1.94,60.15,18.61
稻纵卷叶螟,RLF,程桥金山稻纵_1_35_诱虫量,程桥金山稻纵,江苏省南京市六合区,2023-11-05,5,0.0,0.0,0.0,2023,44,27.6,12.9,83.57,69.14,0.8,2.48,60.23,19.36
稻纵卷叶螟,RLF,程桥金山稻纵_1_35_诱虫量,程桥金山稻纵,江苏省南京市六合区,2023-11-12,7,0.0,0.0,0.0,2023,45,,,,,,,,
稻纵卷叶螟,RLF,程桥金山稻纵_1_35_诱虫量,程桥金山稻纵,江苏省南京市六合区,2023-11-19,7,0.0,0.0,0.0,2023,46,,,,,,,,
稻纵卷叶螟,RLF,程桥金山稻纵_1_35_诱虫量,程桥金山稻纵,江苏省南京市六合区,2023-11-26,7,0.0,0.0,0.0,2023,47,,,,,,,,
稻纵卷叶螟,RLF,程桥金山稻纵_1_35_诱虫量,程桥金山稻纵,江苏省南京市六合区,2023-12-03,7,0.0,0.0,0.0,2023,48,,,,,,,,
稻纵卷叶螟,RLF,程桥金山稻纵_1_35_诱虫量,程桥金山稻纵,江苏省南京市六合区,2023-12-10,7,0.0,0.0,0.0,2023,49,,,,,,,,
稻纵卷叶螟,RLF,程桥金山稻纵_1_35_诱虫量,程桥金山稻纵,江苏省南京市六合区,2023-12-17,7,0.0,0.0,0.0,2023,50,,,,,,,,
稻纵卷叶螟,RLF,程桥金山稻纵_1_35_诱虫量,程桥金山稻纵,江苏省南京市六合区,2023-12-24,7,0.0,0.0,0.0,2023,51,,,,,,,,
稻纵卷叶螟,RLF,程桥金山稻纵_1_35_诱虫量,程桥金山稻纵,江苏省南京市六合区,2023-12-31,7,0.0,0.0,0.0,2023,52,,,,,,,,
稻纵卷叶螟,RLF,程桥金山稻纵_1_35_诱虫量,程桥金山稻纵,江苏省南京市六合区,2024-01-07,7,0.0,0.0,0.0,2024,1,,,,,,,,
稻纵卷叶螟,RLF,程桥金山稻纵_1_35_诱虫量,程桥金山稻纵,江苏省南京市六合区,2024-01-14,7,0.0,0.0,0.0,2024,2,,,,,,,,
稻纵卷叶螟,RLF,程桥金山稻纵_1_35_诱虫量,程桥金山稻纵,江苏省南京市六合区,2024-01-21,7,0.0,0.0,0.0,2024,3,,,,,,,,
稻纵卷叶螟,RLF,程桥金山稻纵_1_35_诱虫量,程桥金山稻纵,江苏省南京市六合区,2024-01-28,7,0.0,0.0,0.0,2024,4,,,,,,,,
稻纵卷叶螟,RLF,程桥金山稻纵_1_35_诱虫量,程桥金山稻纵,江苏省南京市六合区,2024-02-04,7,0.0,0.0,0.0,2024,5,,,,,,,,
稻纵卷叶螟,RLF,程桥金山稻纵_1_35_诱虫量,程桥金山稻纵,江苏省南京市六合区,2024-02-11,7,0.0,0.0,0.0,2024,6,,,,,,,,
稻纵卷叶螟,RLF,程桥金山稻纵_1_35_诱虫量,程桥金山稻纵,江苏省南京市六合区,2024-02-18,7,0.0,0.0,0.0,2024,7,,,,,,,,
稻纵卷叶螟,RLF,程桥金山稻纵_1_35_诱虫量,程桥金山稻纵,江苏省南京市六合区,2024-02-25,7,0.0,0.0,0.0,2024,8,,,,,,,,
稻纵卷叶螟,RLF,程桥金山稻纵_1_35_诱虫量,程桥金山稻纵,江苏省南京市六合区,2024-03-03,7,0.0,0.0,0.0,2024,9,,,,,,,,
稻纵卷叶螟,RLF,程桥金山稻纵_1_35_诱虫量,程桥金山稻纵,江苏省南京市六合区,2024-03-10,7,0.0,0.0,0.0,2024,10,,,,,,,,
稻纵卷叶螟,RLF,程桥金山稻纵_1_35_诱虫量,程桥金山稻纵,江苏省南京市六合区,2024-03-17,7,0.0,0.0,0.0,2024,11,,,,,,,,
稻纵卷叶螟,RLF,程桥金山稻纵_1_35_诱虫量,程桥金山稻纵,江苏省南京市六合区,2024-03-24,7,0.0,0.0,0.0,2024,12,,,,,,,,
稻纵卷叶螟,RLF,程桥金山稻纵_1_35_诱虫量,程桥金山稻纵,江苏省南京市六合区,2024-03-31,7,0.0,0.0,0.0,2024,13,,,,,,,,
稻纵卷叶螟,RLF,程桥金山稻纵_1_35_诱虫量,程桥金山稻纵,江苏省南京市六合区,2024-04-07,7,0.0,0.0,0.0,2024,14,,,,,,,,
稻纵卷叶螟,RLF,程桥金山稻纵_1_35_诱虫量,程桥金山稻纵,江苏省南京市六合区,2024-04-14,7,0.0,0.0,0.0,2024,15,,,,,,,,
稻纵卷叶螟,RLF,程桥金山稻纵_1_35_诱虫量,程桥金山稻纵,江苏省南京市六合区,2024-04-21,7,0.0,0.0,0.0,2024,16,,,,,,,,
稻纵卷叶螟,RLF,程桥金山稻纵_1_35_诱虫量,程桥金山稻纵,江苏省南京市六合区,2024-04-28,7,0.0,0.0,0.0,2024,17,,,,,,,,
稻纵卷叶螟,RLF,程桥金山稻纵_1_35_诱虫量,程桥金山稻纵,江苏省南京市六合区,2024-05-05,7,0.0,0.0,0.0,2024,18,,,,,,,,
稻纵卷叶螟,RLF,程桥金山稻纵_1_35_诱虫量,程桥金山稻纵,江苏省南京市六合区,2024-05-12,7,0.0,0.0,0.0,2024,19,,,,,,,,
稻纵卷叶螟,RLF,程桥金山稻纵_1_35_诱虫量,程桥金山稻纵,江苏省南京市六合区,2024-05-19,7,0.0,0.0,0.0,2024,20,,,,,,,,
稻纵卷叶螟,RLF,程桥金山稻纵_1_35_诱虫量,程桥金山稻纵,江苏省南京市六合区,2024-05-26,6,1.0,0.0,0.0,2024,21,,,,,,,,
稻纵卷叶螟,RLF,程桥金山稻纵_1_35_诱虫量,程桥金山稻纵,江苏省南京市六合区,2024-10-27,3,0.0,0.0,0.0,2024,43,22.3,8.6,88.29,80.43,20.0,3.16,35.15,12.25
稻纵卷叶螟,RLF,程桥金山稻纵_1_35_诱虫量,程桥金山稻纵,江苏省南京市六合区,2024-11-03,7,0.0,0.0,0.0,2024,44,22.0,9.3,87.57,74.57,6.8,2.95,55.84,15.81
稻纵卷叶螟,RLF,程桥金山稻纵_1_35_诱虫量,程桥金山稻纵,江苏省南京市六合区,2024-11-10,7,0.0,0.0,0.0,2024,45,,,,,,,,
稻纵卷叶螟,RLF,程桥金山稻纵_1_35_诱虫量,程桥金山稻纵,江苏省南京市六合区,2024-11-17,7,0.0,,,2024,46,,,,,,,,
稻纵卷叶螟,RLF,程桥金山稻纵_1_35_诱虫量,程桥金山稻纵,江苏省南京市六合区,2024-11-24,7,0.0,,,2024,47,,,,,,,,
稻纵卷叶螟,RLF,程桥金山稻纵_1_35_诱虫量,程桥金山稻纵,江苏省南京市六合区,2024-12-01,7,0.0,,,2024,48,,,,,,,,
稻纵卷叶螟,RLF,程桥金山稻纵_1_35_诱虫量,程桥金山稻纵,江苏省南京市六合区,2024-12-08,7,0.0,0.0,0.0,2024,49,,,,,,,,
稻纵卷叶螟,RLF,程桥金山稻纵_1_35_诱虫量,程桥金山稻纵,江苏省南京市六合区,2024-12-15,7,0.0,0.0,0.0,2024,50,,,,,,,,
稻纵卷叶螟,RLF,程桥金山稻纵_1_35_诱虫量,程桥金山稻纵,江苏省南京市六合区,2024-12-22,7,0.0,0.0,0.0,2024,51,,,,,,,,
稻纵卷叶螟,RLF,程桥金山稻纵_1_35_诱虫量,程桥金山稻纵,江苏省南京市六合区,2024-12-29,3,0.0,0.0,0.0,2024,52,,,,,,,,
稻纵卷叶螟,RLF,竹镇镇光华村 稻纵_1_18_诱虫量,竹镇镇光华村 稻纵,江苏省南京市六合区,2023-05-28,3,0.0,27.046666666666667,57.86333333333334,2023,21,,,,,,,,
稻纵卷叶螟,RLF,竹镇镇光华村 稻纵_1_18_诱虫量,竹镇镇光华村 稻纵,江苏省南京市六合区,2023-06-04,7,0.0,24.14428571428571,75.63571428571429,2023,22,32.3,20.1,84.14,74.14,29.6,2.38,48.59,25.72
稻纵卷叶螟,RLF,竹镇镇光华村 稻纵_1_18_诱虫量,竹镇镇光华村 稻纵,江苏省南京市六合区,2023-06-11,7,0.0,27.247142857142855,65.63714285714285,2023,23,34.2,16.0,80.43,75.0,31.1,2.66,59.78,28.9
稻纵卷叶螟,RLF,竹镇镇光华村 稻纵_1_18_诱虫量,竹镇镇光华村 稻纵,江苏省南京市六合区,2023-06-18,7,2.0,27.138571428571428,75.35571428571428,2023,24,32.4,19.2,80.14,65.0,8.5,2.69,57.13,31.06
稻纵卷叶螟,RLF,竹镇镇光华村 稻纵_1_18_诱虫量,竹镇镇光华村 稻纵,江苏省南京市六合区,2023-06-25,7,2.0,28.43,79.3442857142857,2023,25,31.4,20.5,87.57,74.57,82.3,2.55,29.04,21.42
稻纵卷叶螟,RLF,竹镇镇光华村 稻纵_1_18_诱虫量,竹镇镇光华村 稻纵,江苏省南京市六合区,2023-07-02,7,1.0,28.75142857142857,83.02428571428571,2023,26,32.8,21.5,86.29,78.86,64.0,2.94,49.98,24.98
稻纵卷叶螟,RLF,竹镇镇光华村 稻纵_1_18_诱虫量,竹镇镇光华村 稻纵,江苏省南京市六合区,2023-07-09,7,2.0,29.694285714285712,81.80857142857143,2023,27,32.9,23.9,87.86,82.29,123.1,3.4,45.76,24.46
稻纵卷叶螟,RLF,竹镇镇光华村 稻纵_1_18_诱虫量,竹镇镇光华村 稻纵,江苏省南京市六合区,2023-07-16,7,0.0,28.520000000000003,83.25857142857141,2023,28,34.9,24.6,84.57,77.0,27.6,3.38,49.19,28.48
稻纵卷叶螟,RLF,竹镇镇光华村 稻纵_1_18_诱虫量,竹镇镇光华村 稻纵,江苏省南京市六合区,2023-07-23,7,0.0,29.801428571428573,79.54285714285713,2023,29,31.5,23.5,89.43,84.71,117.0,2.29,34.08,19.55
稻纵卷叶螟,RLF,竹镇镇光华村 稻纵_1_18_诱虫量,竹镇镇光华村 稻纵,江苏省南京市六合区,2023-07-30,7,1.0,31.424285714285713,75.77714285714286,2023,30,33.2,25.1,86.86,80.86,44.3,3.98,65.75,29.7
稻纵卷叶螟,RLF,竹镇镇光华村 稻纵_1_18_诱虫量,竹镇镇光华村 稻纵,江苏省南京市六合区,2023-08-06,7,7.0,29.994285714285716,76.69000000000001,2023,31,34.0,25.0,86.43,76.43,17.1,3.1,81.36,32.83
稻纵卷叶螟,RLF,竹镇镇光华村 稻纵_1_18_诱虫量,竹镇镇光华村 稻纵,江苏省南京市六合区,2023-08-13,7,11.0,31.03,73.18333333333334,2023,32,35.1,24.0,83.71,75.14,10.3,2.08,79.69,33.11
稻纵卷叶螟,RLF,竹镇镇光华村 稻纵_1_18_诱虫量,竹镇镇光华村 稻纵,江苏省南京市六合区,2023-08-20,7,34.0,29.717142857142857,72.99285714285715,2023,33,33.7,23.9,86.57,81.29,26.5,2.19,77.01,29.64
稻纵卷叶螟,RLF,竹镇镇光华村 稻纵_1_18_诱虫量,竹镇镇光华村 稻纵,江苏省南京市六合区,2023-08-27,7,11.0,25.775714285714287,78.50428571428571,2023,34,32.0,22.4,82.71,72.0,27.1,2.8,70.93,31.5
稻纵卷叶螟,RLF,竹镇镇光华村 稻纵_1_18_诱虫量,竹镇镇光华村 稻纵,江苏省南京市六合区,2023-09-03,7,8.0,28.08285714285714,73.59,2023,35,29.4,18.5,86.86,78.57,59.2,2.79,42.5,22.49
稻纵卷叶螟,RLF,竹镇镇光华村 稻纵_1_18_诱虫量,竹镇镇光华村 稻纵,江苏省南京市六合区,2023-09-10,7,35.0,25.051428571428573,81.14857142857143,2023,36,31.0,21.7,88.0,73.71,2.5,2.83,74.88,29.19
稻纵卷叶螟,RLF,竹镇镇光华村 稻纵_1_18_诱虫量,竹镇镇光华村 稻纵,江苏省南京市六合区,2023-09-17,7,47.0,24.481428571428573,80.61571428571428,2023,37,31.4,20.4,87.43,82.14,74.6,2.74,29.78,17.15
稻纵卷叶螟,RLF,竹镇镇光华村 稻纵_1_18_诱虫量,竹镇镇光华村 稻纵,江苏省南京市六合区,2023-09-24,7,17.0,23.584285714285716,81.85571428571428,2023,38,32.0,18.8,88.57,77.57,41.3,2.51,30.18,16.82
稻纵卷叶螟,RLF,竹镇镇光华村 稻纵_1_18_诱虫量,竹镇镇光华村 稻纵,江苏省南京市六合区,2023-10-01,7,1.0,20.952857142857145,72.22857142857143,2023,39,28.2,19.1,89.57,82.43,13.3,2.19,45.28,17.44
稻纵卷叶螟,RLF,竹镇镇光华村 稻纵_1_18_诱虫量,竹镇镇光华村 稻纵,江苏省南京市六合区,2023-10-08,7,0.0,19.914285714285715,72.05,2023,40,25.5,15.7,80.86,71.71,21.7,3.55,38.52,19.59
稻纵卷叶螟,RLF,竹镇镇光华村 稻纵_1_18_诱虫量,竹镇镇光华村 稻纵,江苏省南京市六合区,2023-10-15,7,0.0,18.211428571428574,70.77428571428571,2023,41,23.6,13.5,84.86,74.14,0.0,2.05,50.14,17.04
稻纵卷叶螟,RLF,竹镇镇光华村 稻纵_1_18_诱虫量,竹镇镇光华村 稻纵,江苏省南京市六合区,2023-10-22,7,0.0,18.919999999999998,70.31142857142858,2023,42,26.1,9.6,84.43,62.0,4.0,2.46,71.43,22.45
稻纵卷叶螟,RLF,竹镇镇光华村 稻纵_1_18_诱虫量,竹镇镇光华村 稻纵,江苏省南京市六合区,2023-10-29,2,0.0,21.38,63.57,2023,43,25.6,9.6,85.14,64.29,0.0,1.94,60.15,18.61
稻纵卷叶螟,RLF,竹镇镇光华村 稻纵_1_18_诱虫量,竹镇镇光华村 稻纵,江苏省南京市六合区,2024-05-26,1,0.0,24.96,49.5,2024,21,,,,,,,,
稻纵卷叶螟,RLF,竹镇镇光华村 稻纵_1_18_诱虫量,竹镇镇光华村 稻纵,江苏省南京市六合区,2024-06-02,7,1.0,24.83142857142857,63.26428571428571,2024,22,26.9,14.2,77.71,68.43,42.5,2.69,50.74,25.99
稻纵卷叶螟,RLF,竹镇镇光华村 稻纵_1_18_诱虫量,竹镇镇光华村 稻纵,江苏省南京市六合区,2024-06-09,7,2.0,29.009999999999998,65.58714285714287,2024,23,30.9,17.1,76.86,61.71,5.2,2.43,62.66,30.94
稻纵卷叶螟,RLF,竹镇镇光华村 稻纵_1_18_诱虫量,竹镇镇光华村 稻纵,江苏省南京市六合区,2024-06-16,7,1.0,28.25,72.76,2024,24,34.2,20.7,79.71,58.71,0.7,2.43,71.14,35.09
稻纵卷叶螟,RLF,竹镇镇光华村 稻纵_1_18_诱虫量,竹镇镇光华村 稻纵,江苏省南京市六合区,2024-06-23,7,1.0,26.43285714285714,79.13285714285713,2024,25,32.3,21.3,85.0,69.86,96.1,3.32,46.58,27.17
稻纵卷叶螟,RLF,竹镇镇光华村 稻纵_1_18_诱虫量,竹镇镇光华村 稻纵,江苏省南京市六合区,2024-06-30,7,1.0,29.16,80.43285714285715,2024,26,30.9,20.7,88.71,85.57,179.0,2.73,26.58,17.62
稻纵卷叶螟,RLF,竹镇镇光华村 稻纵_1_18_诱虫量,竹镇镇光华村 稻纵,江苏省南京市六合区,2024-07-07,7,1.0,28.51142857142857,81.90857142857143,2024,27,34.9,22.6,81.14,78.57,41.8,4.14,62.65,32.6
稻纵卷叶螟,RLF,竹镇镇光华村 稻纵_1_18_诱虫量,竹镇镇光华村 稻纵,江苏省南京市六合区,2024-07-14,7,0.0,29.81714285714286,82.99285714285715,2024,28,35.0,21.4,88.57,86.0,168.8,2.44,20.72,18.18
稻纵卷叶螟,RLF,竹镇镇光华村 稻纵_1_18_诱虫量,竹镇镇光华村 稻纵,江苏省南京市六合区,2024-07-21,7,1.0,32.292857142857144,75.57142857142857,2024,29,35.2,24.3,81.86,78.57,22.4,3.39,35.37,25.73
稻纵卷叶螟,RLF,竹镇镇光华村 稻纵_1_18_诱虫量,竹镇镇光华村 稻纵,江苏省南京市六合区,2024-07-28,7,17.0,33.01571428571429,75.07285714285715,2024,30,36.7,27.0,80.57,71.86,6.1,4.7,71.71,37.84
稻纵卷叶螟,RLF,竹镇镇光华村 稻纵_1_18_诱虫量,竹镇镇光华村 稻纵,江苏省南京市六合区,2024-08-04,7,14.0,33.26428571428571,73.99571428571429,2024,31,37.5,27.6,76.0,71.57,9.5,2.75,86.5,40.56
稻纵卷叶螟,RLF,竹镇镇光华村 稻纵_1_18_诱虫量,竹镇镇光华村 稻纵,江苏省南京市六合区,2024-08-11,7,6.0,32.339999999999996,71.45714285714287,2024,32,37.8,27.1,76.86,66.71,62.0,1.88,83.96,39.02
稻纵卷叶螟,RLF,竹镇镇光华村 稻纵_1_18_诱虫量,竹镇镇光华村 稻纵,江苏省南京市六合区,2024-08-18,7,5.0,31.41142857142857,76.89285714285714,2024,33,36.3,24.9,84.43,67.71,34.3,2.42,75.24,33.56
稻纵卷叶螟,RLF,竹镇镇光华村 稻纵_1_18_诱虫量,竹镇镇光华村 稻纵,江苏省南京市六合区,2024-08-25,7,23.0,30.922857142857143,76.52857142857144,2024,34,34.7,25.4,84.71,77.86,50.4,1.93,64.42,27.34
稻纵卷叶螟,RLF,竹镇镇光华村 稻纵_1_18_诱虫量,竹镇镇光华村 稻纵,江苏省南京市六合区,2024-09-01,7,30.0,30.464285714285715,75.35428571428572,2024,35,35.2,24.1,83.43,71.71,6.3,2.35,74.77,30.13
稻纵卷叶螟,RLF,竹镇镇光华村 稻纵_1_18_诱虫量,竹镇镇光华村 稻纵,江苏省南京市六合区,2024-09-08,7,38.0,30.21857142857143,80.87714285714286,2024,36,33.8,24.2,79.29,68.43,2.9,3.23,78.8,33.31
稻纵卷叶螟,RLF,竹镇镇光华村 稻纵_1_18_诱虫量,竹镇镇光华村 稻纵,江苏省南京市六合区,2024-09-15,7,46.0,27.047142857142855,83.22428571428573,2024,37,33.8,23.6,88.14,80.14,83.0,3.4,57.66,23.89
稻纵卷叶螟,RLF,竹镇镇光华村 稻纵_1_18_诱虫量,竹镇镇光华村 稻纵,江苏省南京市六合区,2024-09-22,7,20.0,24.235714285714288,74.89428571428572,2024,38,31.6,17.4,81.14,76.86,124.9,5.49,54.64,24.01
稻纵卷叶螟,RLF,竹镇镇光华村 稻纵_1_18_诱虫量,竹镇镇光华村 稻纵,江苏省南京市六合区,2024-09-29,7,5.0,20.762857142857143,74.85428571428572,2024,39,29.1,15.8,86.14,76.0,15.1,2.67,66.18,23.31
稻纵卷叶螟,RLF,竹镇镇光华村 稻纵_1_18_诱虫量,竹镇镇光华村 稻纵,江苏省南京市六合区,2024-10-06,7,0.0,19.312857142857144,77.72,2024,40,28.6,11.9,79.0,72.14,17.2,3.38,48.16,18.62
稻纵卷叶螟,RLF,竹镇镇光华村 稻纵_1_18_诱虫量,竹镇镇光华村 稻纵,江苏省南京市六合区,2024-10-13,7,0.0,20.84857142857143,81.30571428571429,2024,41,25.2,13.1,85.0,74.71,16.7,2.16,49.5,16.94
稻纵卷叶螟,RLF,竹镇镇光华村 稻纵_1_18_诱虫量,竹镇镇光华村 稻纵,江苏省南京市六合区,2024-10-20,7,0.0,16.502857142857142,79.73571428571428,2024,42,27.2,11.2,86.57,77.0,49.2,3.66,31.77,14.95
稻纵卷叶螟,RLF,竹镇镇光华村 稻纵_1_18_诱虫量,竹镇镇光华村 稻纵,江苏省南京市六合区,2024-10-27,4,0.0,15.856666666666667,77.22333333333334,2024,43,22.3,8.6,88.29,80.43,20.0,3.16,35.15,12.25
稻纵卷叶螟,RLF,竹镇镇光华村 稻纵_1_32_诱虫量,竹镇镇光华村 稻纵,江苏省南京市六合区,2023-01-01,7,0.0,5.328571428571428,68.76857142857143,2022,52,,,,,,,,
稻纵卷叶螟,RLF,竹镇镇光华村 稻纵_1_32_诱虫量,竹镇镇光华村 稻纵,江苏省南京市六合区,2023-01-08,7,0.0,7.6085714285714285,78.77714285714285,2023,1,,,,,,,,
稻纵卷叶螟,RLF,竹镇镇光华村 稻纵_1_32_诱虫量,竹镇镇光华村 稻纵,江苏省南京市六合区,2023-01-15,7,0.0,2.9828571428571427,65.04285714285714,2023,2,,,,,,,,
稻纵卷叶螟,RLF,竹镇镇光华村 稻纵_1_32_诱虫量,竹镇镇光华村 稻纵,江苏省南京市六合区,2023-01-22,7,0.0,0.36714285714285705,63.91428571428571,2023,3,,,,,,,,
稻纵卷叶螟,RLF,竹镇镇光华村 稻纵_1_32_诱虫量,竹镇镇光华村 稻纵,江苏省南京市六合区,2023-01-29,3,0.0,6.023333333333333,59.23,2023,4,,,,,,,,
稻纵卷叶螟,RLF,竹镇镇光华村 稻纵_1_32_诱虫量,竹镇镇光华村 稻纵,江苏省南京市六合区,2023-02-19,7,3.0,5.517142857142858,67.13,2023,7,,,,,,,,
稻纵卷叶螟,RLF,竹镇镇光华村 稻纵_1_32_诱虫量,竹镇镇光华村 稻纵,江苏省南京市六合区,2023-02-26,7,0.0,11.307142857142859,53.951428571428565,2023,8,,,,,,,,
稻纵卷叶螟,RLF,竹镇镇光华村 稻纵_1_32_诱虫量,竹镇镇光华村 稻纵,江苏省南京市六合区,2023-03-05,7,0.0,16.720000000000002,59.06428571428571,2023,9,,,,,,,,
稻纵卷叶螟,RLF,竹镇镇光华村 稻纵_1_32_诱虫量,竹镇镇光华村 稻纵,江苏省南京市六合区,2023-03-12,7,0.0,10.138571428571428,60.36142857142857,2023,10,,,,,,,,
稻纵卷叶螟,RLF,竹镇镇光华村 稻纵_1_32_诱虫量,竹镇镇光华村 稻纵,江苏省南京市六合区,2023-03-19,7,0.0,10.99,74.26285714285714,2023,11,,,,,,,,
稻纵卷叶螟,RLF,竹镇镇光华村 稻纵_1_32_诱虫量,竹镇镇光华村 稻纵,江苏省南京市六合区,2023-03-26,7,0.0,14.662857142857144,62.56142857142857,2023,12,,,,,,,,
稻纵卷叶螟,RLF,竹镇镇光华村 稻纵_1_32_诱虫量,竹镇镇光华村 稻纵,江苏省南京市六合区,2023-04-02,7,0.0,13.175714285714287,72.22285714285714,2023,13,,,,,,,,
稻纵卷叶螟,RLF,竹镇镇光华村 稻纵_1_32_诱虫量,竹镇镇光华村 稻纵,江苏省南京市六合区,2023-04-09,7,0.0,19.11428571428571,56.39714285714285,2023,14,,,,,,,,
稻纵卷叶螟,RLF,竹镇镇光华村 稻纵_1_32_诱虫量,竹镇镇光华村 稻纵,江苏省南京市六合区,2023-04-16,7,0.0,20.04714285714286,62.674285714285716,2023,15,,,,,,,,
稻纵卷叶螟,RLF,竹镇镇光华村 稻纵_1_32_诱虫量,竹镇镇光华村 稻纵,江苏省南京市六合区,2023-04-23,7,0.0,16.027142857142856,66.43285714285715,2023,16,,,,,,,,
稻纵卷叶螟,RLF,竹镇镇光华村 稻纵_1_32_诱虫量,竹镇镇光华村 稻纵,江苏省南京市六合区,2023-04-30,7,0.0,20.674285714285713,70.78285714285714,2023,17,,,,,,,,
稻纵卷叶螟,RLF,竹镇镇光华村 稻纵_1_32_诱虫量,竹镇镇光华村 稻纵,江苏省南京市六合区,2023-05-07,7,0.0,19.934285714285714,61.83142857142857,2023,18,,,,,,,,
稻纵卷叶螟,RLF,竹镇镇光华村 稻纵_1_32_诱虫量,竹镇镇光华村 稻纵,江苏省南京市六合区,2023-05-14,7,0.0,23.889999999999997,65.73142857142857,2023,19,,,,,,,,
稻纵卷叶螟,RLF,竹镇镇光华村 稻纵_1_32_诱虫量,竹镇镇光华村 稻纵,江苏省南京市六合区,2023-05-21,7,1.0,22.761428571428574,64.59857142857143,2023,20,,,,,,,,
稻纵卷叶螟,RLF,竹镇镇光华村 稻纵_1_32_诱虫量,竹镇镇光华村 稻纵,江苏省南京市六合区,2023-05-28,4,0.0,23.5125,80.6725,2023,21,,,,,,,,
稻纵卷叶螟,RLF,竹镇镇光华村 稻纵_1_32_诱虫量,竹镇镇光华村 稻纵,江苏省南京市六合区,2023-10-29,5,0.0,21.292,69.954,2023,43,25.6,9.6,85.14,64.29,0.0,1.94,60.15,18.61
稻纵卷叶螟,RLF,竹镇镇光华村 稻纵_1_32_诱虫量,竹镇镇光华村 稻纵,江苏省南京市六合区,2023-11-05,5,0.0,11.334999999999999,77.28999999999999,2023,44,27.6,12.9,83.57,69.14,0.8,2.48,60.23,19.36
稻纵卷叶螟,RLF,竹镇镇光华村 稻纵_1_32_诱虫量,竹镇镇光华村 稻纵,江苏省南京市六合区,2023-11-12,7,0.0,8.794285714285715,59.54571428571428,2023,45,,,,,,,,
稻纵卷叶螟,RLF,竹镇镇光华村 稻纵_1_32_诱虫量,竹镇镇光华村 稻纵,江苏省南京市六合区,2023-11-19,7,0.0,11.392857142857142,61.30428571428571,2023,46,,,,,,,,
稻纵卷叶螟,RLF,竹镇镇光华村 稻纵_1_32_诱虫量,竹镇镇光华村 稻纵,江苏省南京市六合区,2023-11-26,7,0.0,6.987142857142857,62.59285714285714,2023,47,,,,,,,,
稻纵卷叶螟,RLF,竹镇镇光华村 稻纵_1_32_诱虫量,竹镇镇光华村 稻纵,江苏省南京市六合区,2023-12-03,7,0.0,11.097142857142858,59.54571428571428,2023,48,,,,,,,,
稻纵卷叶螟,RLF,竹镇镇光华村 稻纵_1_32_诱虫量,竹镇镇光华村 稻纵,江苏省南京市六合区,2023-12-10,7,0.0,3.9528571428571424,80.09285714285714,2023,49,,,,,,,,
稻纵卷叶螟,RLF,竹镇镇光华村 稻纵_1_32_诱虫量,竹镇镇光华村 稻纵,江苏省南京市六合区,2023-12-17,7,0.0,-1.0985714285714285,65.02714285714286,2023,50,,,,,,,,
稻纵卷叶螟,RLF,竹镇镇光华村 稻纵_1_32_诱虫量,竹镇镇光华村 稻纵,江苏省南京市六合区,2023-12-24,7,0.0,5.398571428571429,73.55714285714285,2023,51,,,,,,,,
稻纵卷叶螟,RLF,竹镇镇光华村 稻纵_1_32_诱虫量,竹镇镇光华村 稻纵,江苏省南京市六合区,2023-12-31,7,0.0,4.011428571428572,80.07714285714285,2023,52,,,,,,,,
稻纵卷叶螟,RLF,竹镇镇光华村 稻纵_1_32_诱虫量,竹镇镇光华村 稻纵,江苏省南京市六合区,2024-01-07,7,0.0,5.468571428571429,73.3157142857143,2024,1,,,,,,,,
稻纵卷叶螟,RLF,竹镇镇光华村 稻纵_1_32_诱虫量,竹镇镇光华村 稻纵,江苏省南京市六合区,2024-01-14,7,0.0,4.187142857142857,82.65142857142857,2024,2,,,,,,,,
稻纵卷叶螟,RLF,竹镇镇光华村 稻纵_1_32_诱虫量,竹镇镇光华村 稻纵,江苏省南京市六合区,2024-01-21,7,0.0,0.46,62.167142857142856,2024,3,,,,,,,,
稻纵卷叶螟,RLF,竹镇镇光华村 稻纵_1_32_诱虫量,竹镇镇光华村 稻纵,江苏省南京市六合区,2024-01-28,7,0.0,3.79,83.32714285714285,2024,4,,,,,,,,
稻纵卷叶螟,RLF,竹镇镇光华村 稻纵_1_32_诱虫量,竹镇镇光华村 稻纵,江苏省南京市六合区,2024-02-04,7,0.0,3.108571428571429,74.37857142857142,2024,5,,,,,,,,
稻纵卷叶螟,RLF,竹镇镇光华村 稻纵_1_32_诱虫量,竹镇镇光华村 稻纵,江苏省南京市六合区,2024-02-11,7,0.0,9.518571428571429,68.46285714285715,2024,6,,,,,,,,
稻纵卷叶螟,RLF,竹镇镇光华村 稻纵_1_32_诱虫量,竹镇镇光华村 稻纵,江苏省南京市六合区,2024-02-18,7,0.0,2.975714285714286,85.96857142857142,2024,7,,,,,,,,
稻纵卷叶螟,RLF,竹镇镇光华村 稻纵_1_32_诱虫量,竹镇镇光华村 稻纵,江苏省南京市六合区,2024-02-25,7,0.0,4.194285714285714,72.21000000000001,2024,8,,,,,,,,
稻纵卷叶螟,RLF,竹镇镇光华村 稻纵_1_32_诱虫量,竹镇镇光华村 稻纵,江苏省南京市六合区,2024-03-03,7,0.0,8.241428571428571,71.58142857142857,2024,9,,,,,,,,
稻纵卷叶螟,RLF,竹镇镇光华村 稻纵_1_32_诱虫量,竹镇镇光华村 稻纵,江苏省南京市六合区,2024-03-10,7,0.0,12.437142857142858,67.41571428571429,2024,10,,,,,,,,
稻纵卷叶螟,RLF,竹镇镇光华村 稻纵_1_32_诱虫量,竹镇镇光华村 稻纵,江苏省南京市六合区,2024-03-17,7,0.0,12.607142857142858,63.42285714285715,2024,11,,,,,,,,
稻纵卷叶螟,RLF,竹镇镇光华村 稻纵_1_32_诱虫量,竹镇镇光华村 稻纵,江苏省南京市六合区,2024-03-24,7,0.0,14.679999999999998,77.70857142857143,2024,12,,,,,,,,
稻纵卷叶螟,RLF,竹镇镇光华村 稻纵_1_32_诱虫量,竹镇镇光华村 稻纵,江苏省南京市六合区,2024-03-31,7,0.0,16.235714285714288,71.01,2024,13,,,,,,,,
稻纵卷叶螟,RLF,竹镇镇光华村 稻纵_1_32_诱虫量,竹镇镇光华村 稻纵,江苏省南京市六合区,2024-04-07,7,0.0,18.217142857142857,72.98571428571428,2024,14,,,,,,,,
稻纵卷叶螟,RLF,竹镇镇光华村 稻纵_1_32_诱虫量,竹镇镇光华村 稻纵,江苏省南京市六合区,2024-04-14,7,0.0,18.84857142857143,71.65571428571428,2024,15,,,,,,,,
稻纵卷叶螟,RLF,竹镇镇光华村 稻纵_1_32_诱虫量,竹镇镇光华村 稻纵,江苏省南京市六合区,2024-04-21,7,0.0,20.28,70.89428571428572,2024,16,,,,,,,,
稻纵卷叶螟,RLF,竹镇镇光华村 稻纵_1_32_诱虫量,竹镇镇光华村 稻纵,江苏省南京市六合区,2024-04-28,7,0.0,17.461428571428574,72.70285714285714,2024,17,,,,,,,,
稻纵卷叶螟,RLF,竹镇镇光华村 稻纵_1_32_诱虫量,竹镇镇光华村 稻纵,江苏省南京市六合区,2024-05-05,7,0.0,19.895714285714288,72.82000000000001,2024,18,,,,,,,,
稻纵卷叶螟,RLF,竹镇镇光华村 稻纵_1_32_诱虫量,竹镇镇光华村 稻纵,江苏省南京市六合区,2024-05-12,7,0.0,23.377142857142854,59.46,2024,19,,,,,,,,
稻纵卷叶螟,RLF,竹镇镇光华村 稻纵_1_32_诱虫量,竹镇镇光华村 稻纵,江苏省南京市六合区,2024-05-19,7,0.0,26.214285714285715,66.49428571428571,2024,20,,,,,,,,
稻纵卷叶螟,RLF,竹镇镇光华村 稻纵_1_32_诱虫量,竹镇镇光华村 稻纵,江苏省南京市六合区,2024-05-26,6,3.0,23.006666666666664,65.25666666666667,2024,21,,,,,,,,
稻纵卷叶螟,RLF,竹镇镇光华村 稻纵_1_32_诱虫量,竹镇镇光华村 稻纵,江苏省南京市六合区,2024-10-27,3,0.0,18.463333333333335,72.33666666666666,2024,43,22.3,8.6,88.29,80.43,20.0,3.16,35.15,12.25
稻纵卷叶螟,RLF,竹镇镇光华村 稻纵_1_32_诱虫量,竹镇镇光华村 稻纵,江苏省南京市六合区,2024-11-03,7,0.0,15.754285714285714,70.34,2024,44,22.0,9.3,87.57,74.57,6.8,2.95,55.84,15.81
稻纵卷叶螟,RLF,竹镇镇光华村 稻纵_1_32_诱虫量,竹镇镇光华村 稻纵,江苏省南京市六合区,2024-11-10,7,0.0,18.43285714285714,78.93857142857144,2024,45,,,,,,,,
稻纵卷叶螟,RLF,竹镇镇光华村 稻纵_1_32_诱虫量,竹镇镇光华村 稻纵,江苏省南京市六合区,2024-11-17,7,0.0,11.26142857142857,72.45142857142858,2024,46,,,,,,,,
稻纵卷叶螟,RLF,竹镇镇光华村 稻纵_1_32_诱虫量,竹镇镇光华村 稻纵,江苏省南京市六合区,2024-11-24,7,0.0,8.301428571428572,64.55428571428571,2024,47,,,,,,,,
稻纵卷叶螟,RLF,竹镇镇光华村 稻纵_1_32_诱虫量,竹镇镇光华村 稻纵,江苏省南京市六合区,2024-12-01,7,0.0,9.228571428571428,72.55142857142857,2024,48,,,,,,,,
稻纵卷叶螟,RLF,竹镇镇光华村 稻纵_1_32_诱虫量,竹镇镇光华村 稻纵,江苏省南京市六合区,2024-12-08,7,0.0,5.281428571428571,66.05857142857143,2024,49,,,,,,,,
稻纵卷叶螟,RLF,竹镇镇光华村 稻纵_1_32_诱虫量,竹镇镇光华村 稻纵,江苏省南京市六合区,2024-12-15,7,0.0,2.8971428571428572,64.03857142857143,2024,50,,,,,,,,
稻纵卷叶螟,RLF,竹镇镇光华村 稻纵_1_32_诱虫量,竹镇镇光华村 稻纵,江苏省南京市六合区,2024-12-22,7,0.0,4.337142857142857,60.01285714285715,2024,51,,,,,,,,
稻纵卷叶螟,RLF,竹镇镇光华村 稻纵_1_32_诱虫量,竹镇镇光华村 稻纵,江苏省南京市六合区,2024-12-29,3,0.0,4.665,56.565,2024,52,,,,,,,,
稻纵卷叶螟,RLF,金牛湖街道 稻纵_1_23_诱虫量,金牛湖街道 稻纵,江苏省南京市六合区,2023-01-01,7,0.0,6.465714285714286,62.74428571428571,2022,52,,,,,,,,
稻纵卷叶螟,RLF,金牛湖街道 稻纵_1_23_诱虫量,金牛湖街道 稻纵,江苏省南京市六合区,2023-01-08,7,0.0,8.627142857142857,74.31000000000002,2023,1,,,,,,,,
稻纵卷叶螟,RLF,金牛湖街道 稻纵_1_23_诱虫量,金牛湖街道 稻纵,江苏省南京市六合区,2023-01-15,7,0.0,4.032857142857143,57.91142857142857,2023,2,,,,,,,,
稻纵卷叶螟,RLF,金牛湖街道 稻纵_1_23_诱虫量,金牛湖街道 稻纵,江苏省南京市六合区,2023-01-22,7,0.0,1.1685714285714286,58.644285714285715,2023,3,,,,,,,,
稻纵卷叶螟,RLF,金牛湖街道 稻纵_1_23_诱虫量,金牛湖街道 稻纵,江苏省南京市六合区,2023-01-29,7,0.0,5.612857142857143,56.91571428571429,2023,4,,,,,,,,
稻纵卷叶螟,RLF,金牛湖街道 稻纵_1_23_诱虫量,金牛湖街道 稻纵,江苏省南京市六合区,2023-02-05,7,0.0,7.991428571428571,78.51857142857143,2023,5,,,,,,,,
稻纵卷叶螟,RLF,金牛湖街道 稻纵_1_23_诱虫量,金牛湖街道 稻纵,江苏省南京市六合区,2023-02-12,7,2.0,7.224285714285714,67.14,2023,6,,,,,,,,
稻纵卷叶螟,RLF,金牛湖街道 稻纵_1_23_诱虫量,金牛湖街道 稻纵,江苏省南京市六合区,2023-02-19,7,0.0,5.484285714285714,64.32571428571428,2023,7,,,,,,,,
稻纵卷叶螟,RLF,金牛湖街道 稻纵_1_23_诱虫量,金牛湖街道 稻纵,江苏省南京市六合区,2023-02-26,7,0.0,10.33,54.74142857142857,2023,8,,,,,,,,
稻纵卷叶螟,RLF,金牛湖街道 稻纵_1_23_诱虫量,金牛湖街道 稻纵,江苏省南京市六合区,2023-03-05,7,0.0,17.57857142857143,53.81714285714286,2023,9,,,,,,,,
稻纵卷叶螟,RLF,金牛湖街道 稻纵_1_23_诱虫量,金牛湖街道 稻纵,江苏省南京市六合区,2023-03-12,7,0.0,10.921428571428573,57.712857142857146,2023,10,,,,,,,,
稻纵卷叶螟,RLF,金牛湖街道 稻纵_1_23_诱虫量,金牛湖街道 稻纵,江苏省南京市六合区,2023-03-19,7,0.0,11.801428571428572,72.90857142857143,2023,11,,,,,,,,
稻纵卷叶螟,RLF,金牛湖街道 稻纵_1_23_诱虫量,金牛湖街道 稻纵,江苏省南京市六合区,2023-03-26,7,0.0,15.518571428571429,62.019999999999996,2023,12,,,,,,,,
稻纵卷叶螟,RLF,金牛湖街道 稻纵_1_23_诱虫量,金牛湖街道 稻纵,江苏省南京市六合区,2023-04-02,7,0.0,14.114285714285714,71.42,2023,13,,,,,,,,
稻纵卷叶螟,RLF,金牛湖街道 稻纵_1_23_诱虫量,金牛湖街道 稻纵,江苏省南京市六合区,2023-04-09,7,0.0,20.235714285714288,55.35142857142857,2023,14,,,,,,,,
稻纵卷叶螟,RLF,金牛湖街道 稻纵_1_23_诱虫量,金牛湖街道 稻纵,江苏省南京市六合区,2023-04-16,7,0.0,20.647142857142857,63.84428571428571,2023,15,,,,,,,,
稻纵卷叶螟,RLF,金牛湖街道 稻纵_1_23_诱虫量,金牛湖街道 稻纵,江苏省南京市六合区,2023-04-23,7,0.0,17.47714285714286,63.22571428571428,2023,16,,,,,,,,
稻纵卷叶螟,RLF,金牛湖街道 稻纵_1_23_诱虫量,金牛湖街道 稻纵,江苏省南京市六合区,2023-04-30,7,0.0,22.065714285714286,67.46571428571428,2023,17,,,,,,,,
稻纵卷叶螟,RLF,金牛湖街道 稻纵_1_23_诱虫量,金牛湖街道 稻纵,江苏省南京市六合区,2023-05-07,7,0.0,20.345714285714283,60.12714285714286,2023,18,,,,,,,,
稻纵卷叶螟,RLF,金牛湖街道 稻纵_1_23_诱虫量,金牛湖街道 稻纵,江苏省南京市六合区,2023-05-14,7,0.0,24.88,61.55571428571428,2023,19,,,,,,,,
稻纵卷叶螟,RLF,金牛湖街道 稻纵_1_23_诱虫量,金牛湖街道 稻纵,江苏省南京市六合区,2023-05-21,7,0.0,23.882857142857144,60.73428571428571,2023,20,,,,,,,,
稻纵卷叶螟,RLF,金牛湖街道 稻纵_1_23_诱虫量,金牛湖街道 稻纵,江苏省南京市六合区,2023-05-28,4,0.0,25.505,75.8425,2023,21,,,,,,,,
稻纵卷叶螟,RLF,金牛湖街道 稻纵_1_23_诱虫量,金牛湖街道 稻纵,江苏省南京市六合区,2023-10-29,5,0.0,23.162,60.682,2023,43,25.6,9.6,85.14,64.29,0.0,1.94,60.15,18.61
稻纵卷叶螟,RLF,金牛湖街道 稻纵_1_23_诱虫量,金牛湖街道 稻纵,江苏省南京市六合区,2023-11-05,5,0.0,12.72,72.83,2023,44,27.6,12.9,83.57,69.14,0.8,2.48,60.23,19.36
稻纵卷叶螟,RLF,金牛湖街道 稻纵_1_23_诱虫量,金牛湖街道 稻纵,江苏省南京市六合区,2023-11-12,7,0.0,10.184285714285716,53.49142857142857,2023,45,,,,,,,,
稻纵卷叶螟,RLF,金牛湖街道 稻纵_1_23_诱虫量,金牛湖街道 稻纵,江苏省南京市六合区,2023-11-19,7,0.0,12.361428571428572,55.85,2023,46,,,,,,,,
稻纵卷叶螟,RLF,金牛湖街道 稻纵_1_23_诱虫量,金牛湖街道 稻纵,江苏省南京市六合区,2023-11-26,7,0.0,8.397142857142857,55.228571428571435,2023,47,,,,,,,,
稻纵卷叶螟,RLF,金牛湖街道 稻纵_1_23_诱虫量,金牛湖街道 稻纵,江苏省南京市六合区,2023-12-03,7,0.0,12.631428571428572,51.81857142857143,2023,48,,,,,,,,
稻纵卷叶螟,RLF,金牛湖街道 稻纵_1_23_诱虫量,金牛湖街道 稻纵,江苏省南京市六合区,2023-12-10,7,0.0,5.945714285714286,72.71428571428571,2023,49,,,,,,,,
稻纵卷叶螟,RLF,金牛湖街道 稻纵_1_23_诱虫量,金牛湖街道 稻纵,江苏省南京市六合区,2023-12-17,7,0.0,0.054285714285714236,57.58428571428572,2023,50,,,,,,,,
稻纵卷叶螟,RLF,金牛湖街道 稻纵_1_23_诱虫量,金牛湖街道 稻纵,江苏省南京市六合区,2023-12-24,7,0.0,6.668571428571428,65.56857142857143,2023,51,,,,,,,,
稻纵卷叶螟,RLF,金牛湖街道 稻纵_1_23_诱虫量,金牛湖街道 稻纵,江苏省南京市六合区,2023-12-31,7,0.0,5.244285714285715,71.28857142857143,2023,52,,,,,,,,
稻纵卷叶螟,RLF,金牛湖街道 稻纵_1_23_诱虫量,金牛湖街道 稻纵,江苏省南京市六合区,2024-01-07,7,0.0,7.482857142857143,61.78142857142858,2024,1,,,,,,,,
稻纵卷叶螟,RLF,金牛湖街道 稻纵_1_23_诱虫量,金牛湖街道 稻纵,江苏省南京市六合区,2024-01-14,7,0.0,5.664285714285714,76.2942857142857,2024,2,,,,,,,,
稻纵卷叶螟,RLF,金牛湖街道 稻纵_1_23_诱虫量,金牛湖街道 稻纵,江苏省南京市六合区,2024-01-21,7,0.0,1.14,65.29,2024,3,,,,,,,,
稻纵卷叶螟,RLF,金牛湖街道 稻纵_1_23_诱虫量,金牛湖街道 稻纵,江苏省南京市六合区,2024-01-28,7,0.0,0.0,0.0,2024,4,,,,,,,,
稻纵卷叶螟,RLF,金牛湖街道 稻纵_1_23_诱虫量,金牛湖街道 稻纵,江苏省南京市六合区,2024-02-04,7,0.0,,,2024,5,,,,,,,,
稻纵卷叶螟,RLF,金牛湖街道 稻纵_1_23_诱虫量,金牛湖街道 稻纵,江苏省南京市六合区,2024-02-11,7,0.0,0.0,0.0,2024,6,,,,,,,,
稻纵卷叶螟,RLF,金牛湖街道 稻纵_1_23_诱虫量,金牛湖街道 稻纵,江苏省南京市六合区,2024-02-18,7,0.0,0.7666666666666666,68.01666666666667,2024,7,,,,,,,,
稻纵卷叶螟,RLF,金牛湖街道 稻纵_1_23_诱虫量,金牛湖街道 稻纵,江苏省南京市六合区,2024-02-25,7,0.0,4.99,64.03,2024,8,,,,,,,,
稻纵卷叶螟,RLF,金牛湖街道 稻纵_1_23_诱虫量,金牛湖街道 稻纵,江苏省南京市六合区,2024-03-03,7,0.0,,,2024,9,,,,,,,,
稻纵卷叶螟,RLF,金牛湖街道 稻纵_1_23_诱虫量,金牛湖街道 稻纵,江苏省南京市六合区,2024-03-10,7,0.0,0.0,0.0,2024,10,,,,,,,,
稻纵卷叶螟,RLF,金牛湖街道 稻纵_1_23_诱虫量,金牛湖街道 稻纵,江苏省南京市六合区,2024-03-17,7,0.0,0.0,0.0,2024,11,,,,,,,,
稻纵卷叶螟,RLF,金牛湖街道 稻纵_1_23_诱虫量,金牛湖街道 稻纵,江苏省南京市六合区,2024-03-24,7,1.0,,,2024,12,,,,,,,,
稻纵卷叶螟,RLF,金牛湖街道 稻纵_1_23_诱虫量,金牛湖街道 稻纵,江苏省南京市六合区,2024-03-31,7,0.0,,,2024,13,,,,,,,,
稻纵卷叶螟,RLF,金牛湖街道 稻纵_1_23_诱虫量,金牛湖街道 稻纵,江苏省南京市六合区,2024-04-07,7,0.0,0.0,0.0,2024,14,,,,,,,,
稻纵卷叶螟,RLF,金牛湖街道 稻纵_1_23_诱虫量,金牛湖街道 稻纵,江苏省南京市六合区,2024-04-14,7,1.0,,,2024,15,,,,,,,,
稻纵卷叶螟,RLF,金牛湖街道 稻纵_1_23_诱虫量,金牛湖街道 稻纵,江苏省南京市六合区,2024-04-21,7,0.0,0.0,0.0,2024,16,,,,,,,,
稻纵卷叶螟,RLF,金牛湖街道 稻纵_1_23_诱虫量,金牛湖街道 稻纵,江苏省南京市六合区,2024-04-28,7,0.0,0.0,0.0,2024,17,,,,,,,,
稻纵卷叶螟,RLF,金牛湖街道 稻纵_1_23_诱虫量,金牛湖街道 稻纵,江苏省南京市六合区,2024-05-05,7,0.0,,,2024,18,,,,,,,,
稻纵卷叶螟,RLF,金牛湖街道 稻纵_1_23_诱虫量,金牛湖街道 稻纵,江苏省南京市六合区,2024-05-12,7,0.0,,,2024,19,,,,,,,,
稻纵卷叶螟,RLF,金牛湖街道 稻纵_1_23_诱虫量,金牛湖街道 稻纵,江苏省南京市六合区,2024-05-19,7,0.0,0.0,0.0,2024,20,,,,,,,,
稻纵卷叶螟,RLF,金牛湖街道 稻纵_1_23_诱虫量,金牛湖街道 稻纵,江苏省南京市六合区,2024-05-26,6,0.0,0.0,0.0,2024,21,,,,,,,,
稻纵卷叶螟,RLF,金牛湖街道 稻纵_1_23_诱虫量,金牛湖街道 稻纵,江苏省南京市六合区,2024-10-27,3,0.0,0.0,0.0,2024,43,22.3,8.6,88.29,80.43,20.0,3.16,35.15,12.25
稻纵卷叶螟,RLF,金牛湖街道 稻纵_1_23_诱虫量,金牛湖街道 稻纵,江苏省南京市六合区,2024-11-03,7,0.0,0.0,0.0,2024,44,22.0,9.3,87.57,74.57,6.8,2.95,55.84,15.81
稻纵卷叶螟,RLF,金牛湖街道 稻纵_1_23_诱虫量,金牛湖街道 稻纵,江苏省南京市六合区,2024-11-10,7,0.0,0.0,0.0,2024,45,,,,,,,,
稻纵卷叶螟,RLF,金牛湖街道 稻纵_1_23_诱虫量,金牛湖街道 稻纵,江苏省南京市六合区,2024-11-17,7,0.0,,,2024,46,,,,,,,,
稻纵卷叶螟,RLF,金牛湖街道 稻纵_1_23_诱虫量,金牛湖街道 稻纵,江苏省南京市六合区,2024-11-24,7,0.0,0.0,0.0,2024,47,,,,,,,,
稻纵卷叶螟,RLF,金牛湖街道 稻纵_1_23_诱虫量,金牛湖街道 稻纵,江苏省南京市六合区,2024-12-01,7,0.0,,,2024,48,,,,,,,,
稻纵卷叶螟,RLF,金牛湖街道 稻纵_1_23_诱虫量,金牛湖街道 稻纵,江苏省南京市六合区,2024-12-08,7,0.0,,,2024,49,,,,,,,,
稻纵卷叶螟,RLF,金牛湖街道 稻纵_1_23_诱虫量,金牛湖街道 稻纵,江苏省南京市六合区,2024-12-15,7,0.0,,,2024,50,,,,,,,,
稻纵卷叶螟,RLF,金牛湖街道 稻纵_1_23_诱虫量,金牛湖街道 稻纵,江苏省南京市六合区,2024-12-22,7,0.0,,,2024,51,,,,,,,,
稻纵卷叶螟,RLF,金牛湖街道 稻纵_1_23_诱虫量,金牛湖街道 稻纵,江苏省南京市六合区,2024-12-29,3,0.0,,,2024,52,,,,,,,,
稻纵卷叶螟,RLF,金牛湖街道 稻纵_1_27_诱虫量,金牛湖街道 稻纵,江苏省南京市六合区,2023-05-28,3,1.0,28.560000000000002,49.60666666666666,2023,21,,,,,,,,
稻纵卷叶螟,RLF,金牛湖街道 稻纵_1_27_诱虫量,金牛湖街道 稻纵,江苏省南京市六合区,2023-06-04,7,0.0,26.374285714285715,64.4,2023,22,32.3,20.1,84.14,74.14,29.6,2.38,48.59,25.72
稻纵卷叶螟,RLF,金牛湖街道 稻纵_1_27_诱虫量,金牛湖街道 稻纵,江苏省南京市六合区,2023-06-11,7,0.0,28.67142857142857,56.39142857142857,2023,23,34.2,16.0,80.43,75.0,31.1,2.66,59.78,28.9
稻纵卷叶螟,RLF,金牛湖街道 稻纵_1_27_诱虫量,金牛湖街道 稻纵,江苏省南京市六合区,2023-06-18,7,0.0,27.90285714285714,71.45714285714286,2023,24,32.4,19.2,80.14,65.0,8.5,2.69,57.13,31.06
稻纵卷叶螟,RLF,金牛湖街道 稻纵_1_27_诱虫量,金牛湖街道 稻纵,江苏省南京市六合区,2023-06-25,7,0.0,29.82,72.52142857142857,2023,25,31.4,20.5,87.57,74.57,82.3,2.55,29.04,21.42
稻纵卷叶螟,RLF,金牛湖街道 稻纵_1_27_诱虫量,金牛湖街道 稻纵,江苏省南京市六合区,2023-07-02,7,0.0,30.165714285714284,74.05428571428571,2023,26,32.8,21.5,86.29,78.86,64.0,2.94,49.98,24.98
稻纵卷叶螟,RLF,金牛湖街道 稻纵_1_27_诱虫量,金牛湖街道 稻纵,江苏省南京市六合区,2023-07-09,7,0.0,31.532857142857143,72.02,2023,27,32.9,23.9,87.86,82.29,123.1,3.4,45.76,24.46
稻纵卷叶螟,RLF,金牛湖街道 稻纵_1_27_诱虫量,金牛湖街道 稻纵,江苏省南京市六合区,2023-07-16,7,0.0,29.745714285714286,76.9542857142857,2023,28,34.9,24.6,84.57,77.0,27.6,3.38,49.19,28.48
稻纵卷叶螟,RLF,金牛湖街道 稻纵_1_27_诱虫量,金牛湖街道 稻纵,江苏省南京市六合区,2023-07-23,7,28.0,31.482857142857142,71.51285714285714,2023,29,31.5,23.5,89.43,84.71,117.0,2.29,34.08,19.55
稻纵卷叶螟,RLF,金牛湖街道 稻纵_1_27_诱虫量,金牛湖街道 稻纵,江苏省南京市六合区,2023-07-30,7,89.0,32.885714285714286,68.35857142857142,2023,30,33.2,25.1,86.86,80.86,44.3,3.98,65.75,29.7
稻纵卷叶螟,RLF,金牛湖街道 稻纵_1_27_诱虫量,金牛湖街道 稻纵,江苏省南京市六合区,2023-08-06,7,158.0,31.16142857142857,71.08285714285714,2023,31,34.0,25.0,86.43,76.43,17.1,3.1,81.36,32.83
稻纵卷叶螟,RLF,金牛湖街道 稻纵_1_27_诱虫量,金牛湖街道 稻纵,江苏省南京市六合区,2023-08-13,7,218.0,32.515,66.955,2023,32,35.1,24.0,83.71,75.14,10.3,2.08,79.69,33.11
稻纵卷叶螟,RLF,金牛湖街道 稻纵_1_27_诱虫量,金牛湖街道 稻纵,江苏省南京市六合区,2023-08-20,7,120.0,30.12714285714286,69.87571428571428,2023,33,33.7,23.9,86.57,81.29,26.5,2.19,77.01,29.64
稻纵卷叶螟,RLF,金牛湖街道 稻纵_1_27_诱虫量,金牛湖街道 稻纵,江苏省南京市六合区,2023-08-27,7,28.0,26.494285714285716,73.14999999999999,2023,34,32.0,22.4,82.71,72.0,27.1,2.8,70.93,31.5
稻纵卷叶螟,RLF,金牛湖街道 稻纵_1_27_诱虫量,金牛湖街道 稻纵,江苏省南京市六合区,2023-09-03,7,49.0,28.667142857142856,70.61571428571429,2023,35,29.4,18.5,86.86,78.57,59.2,2.79,42.5,22.49
稻纵卷叶螟,RLF,金牛湖街道 稻纵_1_27_诱虫量,金牛湖街道 稻纵,江苏省南京市六合区,2023-09-10,7,13.0,25.97142857142857,77.30285714285715,2023,36,31.0,21.7,88.0,73.71,2.5,2.83,74.88,29.19
稻纵卷叶螟,RLF,金牛湖街道 稻纵_1_27_诱虫量,金牛湖街道 稻纵,江苏省南京市六合区,2023-09-17,7,54.0,26.38714285714286,73.93285714285715,2023,37,31.4,20.4,87.43,82.14,74.6,2.74,29.78,17.15
稻纵卷叶螟,RLF,金牛湖街道 稻纵_1_27_诱虫量,金牛湖街道 稻纵,江苏省南京市六合区,2023-09-24,7,4.0,25.201428571428572,75.47142857142856,2023,38,32.0,18.8,88.57,77.57,41.3,2.51,30.18,16.82
稻纵卷叶螟,RLF,金牛湖街道 稻纵_1_27_诱虫量,金牛湖街道 稻纵,江苏省南京市六合区,2023-10-01,7,3.0,22.2,67.07428571428571,2023,39,28.2,19.1,89.57,82.43,13.3,2.19,45.28,17.44
稻纵卷叶螟,RLF,金牛湖街道 稻纵_1_27_诱虫量,金牛湖街道 稻纵,江苏省南京市六合区,2023-10-08,7,0.0,20.981428571428573,66.52571428571429,2023,40,25.5,15.7,80.86,71.71,21.7,3.55,38.52,19.59
稻纵卷叶螟,RLF,金牛湖街道 稻纵_1_27_诱虫量,金牛湖街道 稻纵,江苏省南京市六合区,2023-10-15,7,0.0,19.83142857142857,62.70142857142857,2023,41,23.6,13.5,84.86,74.14,0.0,2.05,50.14,17.04
稻纵卷叶螟,RLF,金牛湖街道 稻纵_1_27_诱虫量,金牛湖街道 稻纵,江苏省南京市六合区,2023-10-22,7,0.0,20.055714285714284,63.74857142857143,2023,42,26.1,9.6,84.43,62.0,4.0,2.46,71.43,22.45
稻纵卷叶螟,RLF,金牛湖街道 稻纵_1_27_诱虫量,金牛湖街道 稻纵,江苏省南京市六合区,2023-10-29,2,0.0,20.27,63.36,2023,43,25.6,9.6,85.14,64.29,0.0,1.94,60.15,18.61
稻纵卷叶螟,RLF,金牛湖街道 稻纵_1_27_诱虫量,金牛湖街道 稻纵,江苏省南京市六合区,2024-05-26,1,0.0,,,2024,21,,,,,,,,
稻纵卷叶螟,RLF,金牛湖街道 稻纵_1_27_诱虫量,金牛湖街道 稻纵,江苏省南京市六合区,2024-06-02,7,0.0,0.0,0.0,2024,22,26.9,14.2,77.71,68.43,42.5,2.69,50.74,25.99
稻纵卷叶螟,RLF,金牛湖街道 稻纵_1_27_诱虫量,金牛湖街道 稻纵,江苏省南京市六合区,2024-06-09,7,0.0,0.0,0.0,2024,23,30.9,17.1,76.86,61.71,5.2,2.43,62.66,30.94
稻纵卷叶螟,RLF,金牛湖街道 稻纵_1_27_诱虫量,金牛湖街道 稻纵,江苏省南京市六合区,2024-06-16,7,1.0,0.0,0.0,2024,24,34.2,20.7,79.71,58.71,0.7,2.43,71.14,35.09
稻纵卷叶螟,RLF,金牛湖街道 稻纵_1_27_诱虫量,金牛湖街道 稻纵,江苏省南京市六合区,2024-06-23,7,0.0,,,2024,25,32.3,21.3,85.0,69.86,96.1,3.32,46.58,27.17
稻纵卷叶螟,RLF,金牛湖街道 稻纵_1_27_诱虫量,金牛湖街道 稻纵,江苏省南京市六合区,2024-06-30,7,0.0,,,2024,26,30.9,20.7,88.71,85.57,179.0,2.73,26.58,17.62
稻纵卷叶螟,RLF,金牛湖街道 稻纵_1_27_诱虫量,金牛湖街道 稻纵,江苏省南京市六合区,2024-07-07,7,1.0,0.0,0.0,2024,27,34.9,22.6,81.14,78.57,41.8,4.14,62.65,32.6
稻纵卷叶螟,RLF,金牛湖街道 稻纵_1_27_诱虫量,金牛湖街道 稻纵,江苏省南京市六合区,2024-07-14,7,3.0,0.0,0.0,2024,28,35.0,21.4,88.57,86.0,168.8,2.44,20.72,18.18
稻纵卷叶螟,RLF,金牛湖街道 稻纵_1_27_诱虫量,金牛湖街道 稻纵,江苏省南京市六合区,2024-07-21,7,25.0,,,2024,29,35.2,24.3,81.86,78.57,22.4,3.39,35.37,25.73
稻纵卷叶螟,RLF,金牛湖街道 稻纵_1_27_诱虫量,金牛湖街道 稻纵,江苏省南京市六合区,2024-07-28,7,45.0,0.0,0.0,2024,30,36.7,27.0,80.57,71.86,6.1,4.7,71.71,37.84
稻纵卷叶螟,RLF,金牛湖街道 稻纵_1_27_诱虫量,金牛湖街道 稻纵,江苏省南京市六合区,2024-08-04,7,14.0,2.6,9.7,2024,31,37.5,27.6,76.0,71.57,9.5,2.75,86.5,40.56
稻纵卷叶螟,RLF,金牛湖街道 稻纵_1_27_诱虫量,金牛湖街道 稻纵,江苏省南京市六合区,2024-08-11,7,57.0,,,2024,32,37.8,27.1,76.86,66.71,62.0,1.88,83.96,39.02
稻纵卷叶螟,RLF,金牛湖街道 稻纵_1_27_诱虫量,金牛湖街道 稻纵,江苏省南京市六合区,2024-08-18,7,53.0,0.0,0.0,2024,33,36.3,24.9,84.43,67.71,34.3,2.42,75.24,33.56
稻纵卷叶螟,RLF,金牛湖街道 稻纵_1_27_诱虫量,金牛湖街道 稻纵,江苏省南京市六合区,2024-08-25,7,105.0,,,2024,34,34.7,25.4,84.71,77.86,50.4,1.93,64.42,27.34
稻纵卷叶螟,RLF,金牛湖街道 稻纵_1_27_诱虫量,金牛湖街道 稻纵,江苏省南京市六合区,2024-09-01,7,91.0,,,2024,35,35.2,24.1,83.43,71.71,6.3,2.35,74.77,30.13
稻纵卷叶螟,RLF,金牛湖街道 稻纵_1_27_诱虫量,金牛湖街道 稻纵,江苏省南京市六合区,2024-09-08,7,90.0,0.0,0.0,2024,36,33.8,24.2,79.29,68.43,2.9,3.23,78.8,33.31
稻纵卷叶螟,RLF,金牛湖街道 稻纵_1_27_诱虫量,金牛湖街道 稻纵,江苏省南京市六合区,2024-09-15,7,84.0,,,2024,37,33.8,23.6,88.14,80.14,83.0,3.4,57.66,23.89
稻纵卷叶螟,RLF,金牛湖街道 稻纵_1_27_诱虫量,金牛湖街道 稻纵,江苏省南京市六合区,2024-09-22,7,101.0,,,2024,38,31.6,17.4,81.14,76.86,124.9,5.49,54.64,24.01
稻纵卷叶螟,RLF,金牛湖街道 稻纵_1_27_诱虫量,金牛湖街道 稻纵,江苏省南京市六合区,2024-09-29,7,45.0,,,2024,39,29.1,15.8,86.14,76.0,15.1,2.67,66.18,23.31
稻纵卷叶螟,RLF,金牛湖街道 稻纵_1_27_诱虫量,金牛湖街道 稻纵,江苏省南京市六合区,2024-10-06,7,47.0,0.0,0.0,2024,40,28.6,11.9,79.0,72.14,17.2,3.38,48.16,18.62
稻纵卷叶螟,RLF,金牛湖街道 稻纵_1_27_诱虫量,金牛湖街道 稻纵,江苏省南京市六合区,2024-10-13,7,198.0,,,2024,41,25.2,13.1,85.0,74.71,16.7,2.16,49.5,16.94
稻纵卷叶螟,RLF,金牛湖街道 稻纵_1_27_诱虫量,金牛湖街道 稻纵,江苏省南京市六合区,2024-10-20,7,1.0,,,2024,42,27.2,11.2,86.57,77.0,49.2,3.66,31.77,14.95
稻纵卷叶螟,RLF,金牛湖街道 稻纵_1_27_诱虫量,金牛湖街道 稻纵,江苏省南京市六合区,2024-10-27,4,0.0,0.0,0.0,2024,43,22.3,8.6,88.29,80.43,20.0,3.16,35.15,12.25
稻纵卷叶螟,RLF,雄州街道钱仓村 稻纵_1_10_诱虫量,雄州街道钱仓村 稻纵,江苏省南京市六合区,2023-05-28,3,1.0,27.290000000000003,53.64666666666667,2023,21,,,,,,,,
稻纵卷叶螟,RLF,雄州街道钱仓村 稻纵_1_10_诱虫量,雄州街道钱仓村 稻纵,江苏省南京市六合区,2023-06-04,7,1.0,25.27,70.27428571428571,2023,22,32.3,20.1,84.14,74.14,29.6,2.38,48.59,25.72
稻纵卷叶螟,RLF,雄州街道钱仓村 稻纵_1_10_诱虫量,雄州街道钱仓村 稻纵,江苏省南京市六合区,2023-06-11,7,2.0,26.827142857142857,64.9342857142857,2023,23,34.2,16.0,80.43,75.0,31.1,2.66,59.78,28.9
稻纵卷叶螟,RLF,雄州街道钱仓村 稻纵_1_10_诱虫量,雄州街道钱仓村 稻纵,江苏省南京市六合区,2023-06-18,7,4.0,26.487142857142857,77.91714285714285,2023,24,32.4,19.2,80.14,65.0,8.5,2.69,57.13,31.06
稻纵卷叶螟,RLF,雄州街道钱仓村 稻纵_1_10_诱虫量,雄州街道钱仓村 稻纵,江苏省南京市六合区,2023-06-25,7,3.0,28.787142857142857,76.64857142857143,2023,25,31.4,20.5,87.57,74.57,82.3,2.55,29.04,21.42
稻纵卷叶螟,RLF,雄州街道钱仓村 稻纵_1_10_诱虫量,雄州街道钱仓村 稻纵,江苏省南京市六合区,2023-07-02,7,1.0,29.86285714285714,78.21000000000001,2023,26,32.8,21.5,86.29,78.86,64.0,2.94,49.98,24.98
稻纵卷叶螟,RLF,雄州街道钱仓村 稻纵_1_10_诱虫量,雄州街道钱仓村 稻纵,江苏省南京市六合区,2023-07-09,7,27.0,30.282857142857146,76.95142857142856,2023,27,32.9,23.9,87.86,82.29,123.1,3.4,45.76,24.46
稻纵卷叶螟,RLF,雄州街道钱仓村 稻纵_1_10_诱虫量,雄州街道钱仓村 稻纵,江苏省南京市六合区,2023-07-16,7,20.0,28.54,81.89999999999999,2023,28,34.9,24.6,84.57,77.0,27.6,3.38,49.19,28.48
稻纵卷叶螟,RLF,雄州街道钱仓村 稻纵_1_10_诱虫量,雄州街道钱仓村 稻纵,江苏省南京市六合区,2023-07-23,7,18.0,29.264285714285712,80.44714285714285,2023,29,31.5,23.5,89.43,84.71,117.0,2.29,34.08,19.55
稻纵卷叶螟,RLF,雄州街道钱仓村 稻纵_1_10_诱虫量,雄州街道钱仓村 稻纵,江苏省南京市六合区,2023-07-30,7,51.0,30.744285714285716,77.40857142857143,2023,30,33.2,25.1,86.86,80.86,44.3,3.98,65.75,29.7
稻纵卷叶螟,RLF,雄州街道钱仓村 稻纵_1_10_诱虫量,雄州街道钱仓村 稻纵,江苏省南京市六合区,2023-08-06,7,124.0,30.759999999999998,72.91714285714285,2023,31,34.0,25.0,86.43,76.43,17.1,3.1,81.36,32.83
稻纵卷叶螟,RLF,雄州街道钱仓村 稻纵_1_10_诱虫量,雄州街道钱仓村 稻纵,江苏省南京市六合区,2023-08-13,7,64.0,31.105,72.53166666666667,2023,32,35.1,24.0,83.71,75.14,10.3,2.08,79.69,33.11
稻纵卷叶螟,RLF,雄州街道钱仓村 稻纵_1_10_诱虫量,雄州街道钱仓村 稻纵,江苏省南京市六合区,2023-08-20,7,78.0,29.20285714285714,73.89142857142858,2023,33,33.7,23.9,86.57,81.29,26.5,2.19,77.01,29.64
稻纵卷叶螟,RLF,雄州街道钱仓村 稻纵_1_10_诱虫量,雄州街道钱仓村 稻纵,江苏省南京市六合区,2023-08-27,7,73.0,25.745714285714286,77.18285714285715,2023,34,32.0,22.4,82.71,72.0,27.1,2.8,70.93,31.5
稻纵卷叶螟,RLF,雄州街道钱仓村 稻纵_1_10_诱虫量,雄州街道钱仓村 稻纵,江苏省南京市六合区,2023-09-03,7,90.0,27.99285714285714,74.27,2023,35,29.4,18.5,86.86,78.57,59.2,2.79,42.5,22.49
稻纵卷叶螟,RLF,雄州街道钱仓村 稻纵_1_10_诱虫量,雄州街道钱仓村 稻纵,江苏省南京市六合区,2023-09-10,7,67.0,25.165714285714284,82.28428571428572,2023,36,31.0,21.7,88.0,73.71,2.5,2.83,74.88,29.19
稻纵卷叶螟,RLF,雄州街道钱仓村 稻纵_1_10_诱虫量,雄州街道钱仓村 稻纵,江苏省南京市六合区,2023-09-17,7,275.0,24.504285714285714,81.82428571428571,2023,37,31.4,20.4,87.43,82.14,74.6,2.74,29.78,17.15
稻纵卷叶螟,RLF,雄州街道钱仓村 稻纵_1_10_诱虫量,雄州街道钱仓村 稻纵,江苏省南京市六合区,2023-09-24,7,16.0,24.024285714285714,81.02714285714285,2023,38,32.0,18.8,88.57,77.57,41.3,2.51,30.18,16.82
稻纵卷叶螟,RLF,雄州街道钱仓村 稻纵_1_10_诱虫量,雄州街道钱仓村 稻纵,江苏省南京市六合区,2023-10-01,7,18.0,20.607142857142858,74.86571428571428,2023,39,28.2,19.1,89.57,82.43,13.3,2.19,45.28,17.44
稻纵卷叶螟,RLF,雄州街道钱仓村 稻纵_1_10_诱虫量,雄州街道钱仓村 稻纵,江苏省南京市六合区,2023-10-08,7,0.0,20.16714285714286,71.54285714285714,2023,40,25.5,15.7,80.86,71.71,21.7,3.55,38.52,19.59
稻纵卷叶螟,RLF,雄州街道钱仓村 稻纵_1_10_诱虫量,雄州街道钱仓村 稻纵,江苏省南京市六合区,2023-10-15,7,0.0,19.05857142857143,66.7,2023,41,23.6,13.5,84.86,74.14,0.0,2.05,50.14,17.04
稻纵卷叶螟,RLF,雄州街道钱仓村 稻纵_1_10_诱虫量,雄州街道钱仓村 稻纵,江苏省南京市六合区,2023-10-22,7,0.0,19.217142857142857,68.9342857142857,2023,42,26.1,9.6,84.43,62.0,4.0,2.46,71.43,22.45
稻纵卷叶螟,RLF,雄州街道钱仓村 稻纵_1_10_诱虫量,雄州街道钱仓村 稻纵,江苏省南京市六合区,2023-10-29,2,0.0,18.45,70.55,2023,43,25.6,9.6,85.14,64.29,0.0,1.94,60.15,18.61
稻纵卷叶螟,RLF,雄州街道钱仓村 稻纵_1_10_诱虫量,雄州街道钱仓村 稻纵,江苏省南京市六合区,2024-05-26,1,0.0,,,2024,21,,,,,,,,
稻纵卷叶螟,RLF,雄州街道钱仓村 稻纵_1_10_诱虫量,雄州街道钱仓村 稻纵,江苏省南京市六合区,2024-06-02,7,0.0,0.0,0.0,2024,22,26.9,14.2,77.71,68.43,42.5,2.69,50.74,25.99
稻纵卷叶螟,RLF,雄州街道钱仓村 稻纵_1_10_诱虫量,雄州街道钱仓村 稻纵,江苏省南京市六合区,2024-06-09,7,2.0,0.0,0.0,2024,23,30.9,17.1,76.86,61.71,5.2,2.43,62.66,30.94
稻纵卷叶螟,RLF,雄州街道钱仓村 稻纵_1_10_诱虫量,雄州街道钱仓村 稻纵,江苏省南京市六合区,2024-06-16,7,1.0,0.0,0.0,2024,24,34.2,20.7,79.71,58.71,0.7,2.43,71.14,35.09
稻纵卷叶螟,RLF,雄州街道钱仓村 稻纵_1_10_诱虫量,雄州街道钱仓村 稻纵,江苏省南京市六合区,2024-06-23,7,2.0,0.0,0.0,2024,25,32.3,21.3,85.0,69.86,96.1,3.32,46.58,27.17
稻纵卷叶螟,RLF,雄州街道钱仓村 稻纵_1_10_诱虫量,雄州街道钱仓村 稻纵,江苏省南京市六合区,2024-06-30,7,0.0,0.0,0.0,2024,26,30.9,20.7,88.71,85.57,179.0,2.73,26.58,17.62
稻纵卷叶螟,RLF,雄州街道钱仓村 稻纵_1_10_诱虫量,雄州街道钱仓村 稻纵,江苏省南京市六合区,2024-07-07,7,16.0,0.0,0.0,2024,27,34.9,22.6,81.14,78.57,41.8,4.14,62.65,32.6
稻纵卷叶螟,RLF,雄州街道钱仓村 稻纵_1_10_诱虫量,雄州街道钱仓村 稻纵,江苏省南京市六合区,2024-07-14,7,14.0,0.0,0.0,2024,28,35.0,21.4,88.57,86.0,168.8,2.44,20.72,18.18
稻纵卷叶螟,RLF,雄州街道钱仓村 稻纵_1_10_诱虫量,雄州街道钱仓村 稻纵,江苏省南京市六合区,2024-07-21,7,3.0,0.0,0.0,2024,29,35.2,24.3,81.86,78.57,22.4,3.39,35.37,25.73
稻纵卷叶螟,RLF,雄州街道钱仓村 稻纵_1_10_诱虫量,雄州街道钱仓村 稻纵,江苏省南京市六合区,2024-07-28,7,18.0,0.0,0.0,2024,30,36.7,27.0,80.57,71.86,6.1,4.7,71.71,37.84
稻纵卷叶螟,RLF,雄州街道钱仓村 稻纵_1_10_诱虫量,雄州街道钱仓村 稻纵,江苏省南京市六合区,2024-08-04,7,9.0,0.0,0.0,2024,31,37.5,27.6,76.0,71.57,9.5,2.75,86.5,40.56
稻纵卷叶螟,RLF,雄州街道钱仓村 稻纵_1_10_诱虫量,雄州街道钱仓村 稻纵,江苏省南京市六合区,2024-08-11,7,37.0,0.0,0.0,2024,32,37.8,27.1,76.86,66.71,62.0,1.88,83.96,39.02
稻纵卷叶螟,RLF,雄州街道钱仓村 稻纵_1_10_诱虫量,雄州街道钱仓村 稻纵,江苏省南京市六合区,2024-08-18,7,12.0,0.0,0.0,2024,33,36.3,24.9,84.43,67.71,34.3,2.42,75.24,33.56
稻纵卷叶螟,RLF,雄州街道钱仓村 稻纵_1_10_诱虫量,雄州街道钱仓村 稻纵,江苏省南京市六合区,2024-08-25,7,38.0,0.0,0.0,2024,34,34.7,25.4,84.71,77.86,50.4,1.93,64.42,27.34
稻纵卷叶螟,RLF,雄州街道钱仓村 稻纵_1_10_诱虫量,雄州街道钱仓村 稻纵,江苏省南京市六合区,2024-09-01,7,456.0,0.0,0.0,2024,35,35.2,24.1,83.43,71.71,6.3,2.35,74.77,30.13
稻纵卷叶螟,RLF,雄州街道钱仓村 稻纵_1_10_诱虫量,雄州街道钱仓村 稻纵,江苏省南京市六合区,2024-09-08,7,168.0,0.0,0.0,2024,36,33.8,24.2,79.29,68.43,2.9,3.23,78.8,33.31
稻纵卷叶螟,RLF,雄州街道钱仓村 稻纵_1_10_诱虫量,雄州街道钱仓村 稻纵,江苏省南京市六合区,2024-09-15,7,26.0,0.0,0.0,2024,37,33.8,23.6,88.14,80.14,83.0,3.4,57.66,23.89
稻纵卷叶螟,RLF,雄州街道钱仓村 稻纵_1_10_诱虫量,雄州街道钱仓村 稻纵,江苏省南京市六合区,2024-09-22,7,21.0,,,2024,38,31.6,17.4,81.14,76.86,124.9,5.49,54.64,24.01
稻纵卷叶螟,RLF,雄州街道钱仓村 稻纵_1_10_诱虫量,雄州街道钱仓村 稻纵,江苏省南京市六合区,2024-09-29,7,77.0,,,2024,39,29.1,15.8,86.14,76.0,15.1,2.67,66.18,23.31
稻纵卷叶螟,RLF,雄州街道钱仓村 稻纵_1_10_诱虫量,雄州街道钱仓村 稻纵,江苏省南京市六合区,2024-10-06,7,39.0,,,2024,40,28.6,11.9,79.0,72.14,17.2,3.38,48.16,18.62
稻纵卷叶螟,RLF,雄州街道钱仓村 稻纵_1_10_诱虫量,雄州街道钱仓村 稻纵,江苏省南京市六合区,2024-10-13,7,202.0,0.0,0.0,2024,41,25.2,13.1,85.0,74.71,16.7,2.16,49.5,16.94
稻纵卷叶螟,RLF,雄州街道钱仓村 稻纵_1_10_诱虫量,雄州街道钱仓村 稻纵,江苏省南京市六合区,2024-10-20,7,13.0,0.0,0.0,2024,42,27.2,11.2,86.57,77.0,49.2,3.66,31.77,14.95
稻纵卷叶螟,RLF,雄州街道钱仓村 稻纵_1_10_诱虫量,雄州街道钱仓村 稻纵,江苏省南京市六合区,2024-10-27,4,3.0,,,2024,43,22.3,8.6,88.29,80.43,20.0,3.16,35.15,12.25
稻纵卷叶螟,RLF,雄州街道钱仓村 稻纵_1_46_诱虫量,雄州街道钱仓村 稻纵,江苏省南京市六合区,2023-01-01,7,0.0,6.7299999999999995,64.03142857142858,2022,52,,,,,,,,
稻纵卷叶螟,RLF,雄州街道钱仓村 稻纵_1_46_诱虫量,雄州街道钱仓村 稻纵,江苏省南京市六合区,2023-01-08,7,0.0,8.879999999999999,73.37857142857142,2023,1,,,,,,,,
稻纵卷叶螟,RLF,雄州街道钱仓村 稻纵_1_46_诱虫量,雄州街道钱仓村 稻纵,江苏省南京市六合区,2023-01-15,7,0.0,3.748571428571428,61.787142857142854,2023,2,,,,,,,,
稻纵卷叶螟,RLF,雄州街道钱仓村 稻纵_1_46_诱虫量,雄州街道钱仓村 稻纵,江苏省南京市六合区,2023-01-22,7,0.0,1.4000000000000001,60.457142857142856,2023,3,,,,,,,,
稻纵卷叶螟,RLF,雄州街道钱仓村 稻纵_1_46_诱虫量,雄州街道钱仓村 稻纵,江苏省南京市六合区,2023-01-29,7,0.0,5.5,60.31714285714286,2023,4,,,,,,,,
稻纵卷叶螟,RLF,雄州街道钱仓村 稻纵_1_46_诱虫量,雄州街道钱仓村 稻纵,江苏省南京市六合区,2023-02-05,7,0.0,6.835714285714286,86.32857142857142,2023,5,,,,,,,,
稻纵卷叶螟,RLF,雄州街道钱仓村 稻纵_1_46_诱虫量,雄州街道钱仓村 稻纵,江苏省南京市六合区,2023-02-12,7,0.0,6.944285714285714,71.33142857142857,2023,6,,,,,,,,
稻纵卷叶螟,RLF,雄州街道钱仓村 稻纵_1_46_诱虫量,雄州街道钱仓村 稻纵,江苏省南京市六合区,2023-02-19,7,2.0,5.417142857142857,68.4042857142857,2023,7,,,,,,,,
稻纵卷叶螟,RLF,雄州街道钱仓村 稻纵_1_46_诱虫量,雄州街道钱仓村 稻纵,江苏省南京市六合区,2023-02-26,7,0.0,10.395714285714286,56.32142857142857,2023,8,,,,,,,,
稻纵卷叶螟,RLF,雄州街道钱仓村 稻纵_1_46_诱虫量,雄州街道钱仓村 稻纵,江苏省南京市六合区,2023-03-05,7,0.0,17.825714285714287,55.48857142857143,2023,9,,,,,,,,
稻纵卷叶螟,RLF,雄州街道钱仓村 稻纵_1_46_诱虫量,雄州街道钱仓村 稻纵,江苏省南京市六合区,2023-03-12,7,0.0,10.587142857142856,60.22571428571428,2023,10,,,,,,,,
稻纵卷叶螟,RLF,雄州街道钱仓村 稻纵_1_46_诱虫量,雄州街道钱仓村 稻纵,江苏省南京市六合区,2023-03-19,7,0.0,10.845714285714285,75.4057142857143,2023,11,,,,,,,,
稻纵卷叶螟,RLF,雄州街道钱仓村 稻纵_1_46_诱虫量,雄州街道钱仓村 稻纵,江苏省南京市六合区,2023-03-26,7,1.0,14.377142857142857,63.21714285714285,2023,12,,,,,,,,
稻纵卷叶螟,RLF,雄州街道钱仓村 稻纵_1_46_诱虫量,雄州街道钱仓村 稻纵,江苏省南京市六合区,2023-04-02,7,0.0,13.385714285714286,72.71428571428571,2023,13,,,,,,,,
稻纵卷叶螟,RLF,雄州街道钱仓村 稻纵_1_46_诱虫量,雄州街道钱仓村 稻纵,江苏省南京市六合区,2023-04-09,7,4.0,19.62,54.191428571428574,2023,14,,,,,,,,
稻纵卷叶螟,RLF,雄州街道钱仓村 稻纵_1_46_诱虫量,雄州街道钱仓村 稻纵,江苏省南京市六合区,2023-04-16,7,0.0,19.917142857142856,65.64285714285714,2023,15,,,,,,,,
稻纵卷叶螟,RLF,雄州街道钱仓村 稻纵_1_46_诱虫量,雄州街道钱仓村 稻纵,江苏省南京市六合区,2023-04-23,7,0.0,16.442857142857143,66.09857142857143,2023,16,,,,,,,,
稻纵卷叶螟,RLF,雄州街道钱仓村 稻纵_1_46_诱虫量,雄州街道钱仓村 稻纵,江苏省南京市六合区,2023-04-30,7,2.0,21.325714285714287,69.99285714285715,2023,17,,,,,,,,
稻纵卷叶螟,RLF,雄州街道钱仓村 稻纵_1_46_诱虫量,雄州街道钱仓村 稻纵,江苏省南京市六合区,2023-05-07,7,0.0,19.62857142857143,62.54571428571428,2023,18,,,,,,,,
稻纵卷叶螟,RLF,雄州街道钱仓村 稻纵_1_46_诱虫量,雄州街道钱仓村 稻纵,江苏省南京市六合区,2023-05-14,7,0.0,24.087142857142858,64.51142857142857,2023,19,,,,,,,,
稻纵卷叶螟,RLF,雄州街道钱仓村 稻纵_1_46_诱虫量,雄州街道钱仓村 稻纵,江苏省南京市六合区,2023-05-21,7,0.0,22.455714285714286,66.59285714285714,2023,20,,,,,,,,
稻纵卷叶螟,RLF,雄州街道钱仓村 稻纵_1_46_诱虫量,雄州街道钱仓村 稻纵,江苏省南京市六合区,2023-05-28,4,0.0,24.785,78.9075,2023,21,,,,,,,,
稻纵卷叶螟,RLF,雄州街道钱仓村 稻纵_1_46_诱虫量,雄州街道钱仓村 稻纵,江苏省南京市六合区,2023-10-29,5,0.0,21.874000000000002,66.93199999999999,2023,43,25.6,9.6,85.14,64.29,0.0,1.94,60.15,18.61
稻纵卷叶螟,RLF,雄州街道钱仓村 稻纵_1_46_诱虫量,雄州街道钱仓村 稻纵,江苏省南京市六合区,2023-11-05,5,0.0,11.870000000000001,78.3,2023,44,27.6,12.9,83.57,69.14,0.8,2.48,60.23,19.36
稻纵卷叶螟,RLF,雄州街道钱仓村 稻纵_1_46_诱虫量,雄州街道钱仓村 稻纵,江苏省南京市六合区,2023-11-12,7,0.0,9.492857142857144,58.96857142857142,2023,45,,,,,,,,
稻纵卷叶螟,RLF,雄州街道钱仓村 稻纵_1_46_诱虫量,雄州街道钱仓村 稻纵,江苏省南京市六合区,2023-11-19,7,0.0,11.461428571428572,61.118571428571435,2023,46,,,,,,,,
稻纵卷叶螟,RLF,雄州街道钱仓村 稻纵_1_46_诱虫量,雄州街道钱仓村 稻纵,江苏省南京市六合区,2023-11-26,7,0.0,7.895714285714285,61.03285714285715,2023,47,,,,,,,,
稻纵卷叶螟,RLF,雄州街道钱仓村 稻纵_1_46_诱虫量,雄州街道钱仓村 稻纵,江苏省南京市六合区,2023-12-03,7,0.0,12.055714285714286,57.410000000000004,2023,48,,,,,,,,
稻纵卷叶螟,RLF,雄州街道钱仓村 稻纵_1_46_诱虫量,雄州街道钱仓村 稻纵,江苏省南京市六合区,2023-12-10,7,0.0,4.625714285714286,79.1842857142857,2023,49,,,,,,,,
稻纵卷叶螟,RLF,雄州街道钱仓村 稻纵_1_46_诱虫量,雄州街道钱仓村 稻纵,江苏省南京市六合区,2023-12-17,7,0.0,-0.8128571428571431,63.621428571428574,2023,50,,,,,,,,
稻纵卷叶螟,RLF,雄州街道钱仓村 稻纵_1_46_诱虫量,雄州街道钱仓村 稻纵,江苏省南京市六合区,2023-12-24,7,0.0,5.79,72.69857142857143,2023,51,,,,,,,,
稻纵卷叶螟,RLF,雄州街道钱仓村 稻纵_1_46_诱虫量,雄州街道钱仓村 稻纵,江苏省南京市六合区,2023-12-31,7,0.0,4.601428571428571,77.20857142857143,2023,52,,,,,,,,
稻纵卷叶螟,RLF,雄州街道钱仓村 稻纵_1_46_诱虫量,雄州街道钱仓村 稻纵,江苏省南京市六合区,2024-01-07,7,0.0,7.137142857142857,64.90857142857143,2024,1,,,,,,,,
稻纵卷叶螟,RLF,雄州街道钱仓村 稻纵_1_46_诱虫量,雄州街道钱仓村 稻纵,江苏省南京市六合区,2024-01-14,7,0.0,4.372857142857143,82.01571428571428,2024,2,,,,,,,,
稻纵卷叶螟,RLF,雄州街道钱仓村 稻纵_1_46_诱虫量,雄州街道钱仓村 稻纵,江苏省南京市六合区,2024-01-21,7,0.0,0.9857142857142858,60.63857142857143,2024,3,,,,,,,,
稻纵卷叶螟,RLF,雄州街道钱仓村 稻纵_1_46_诱虫量,雄州街道钱仓村 稻纵,江苏省南京市六合区,2024-01-28,7,0.0,4.137142857142857,82.28999999999999,2024,4,,,,,,,,
稻纵卷叶螟,RLF,雄州街道钱仓村 稻纵_1_46_诱虫量,雄州街道钱仓村 稻纵,江苏省南京市六合区,2024-02-04,7,0.0,3.2800000000000002,74.40428571428572,2024,5,,,,,,,,
稻纵卷叶螟,RLF,雄州街道钱仓村 稻纵_1_46_诱虫量,雄州街道钱仓村 稻纵,江苏省南京市六合区,2024-02-11,7,0.0,10.67,63.784285714285716,2024,6,,,,,,,,
稻纵卷叶螟,RLF,雄州街道钱仓村 稻纵_1_46_诱虫量,雄州街道钱仓村 稻纵,江苏省南京市六合区,2024-02-18,7,0.0,3.237142857142857,81.88142857142857,2024,7,,,,,,,,
稻纵卷叶螟,RLF,雄州街道钱仓村 稻纵_1_46_诱虫量,雄州街道钱仓村 稻纵,江苏省南京市六合区,2024-02-25,7,0.0,4.527142857142857,69.74571428571429,2024,8,,,,,,,,
稻纵卷叶螟,RLF,雄州街道钱仓村 稻纵_1_46_诱虫量,雄州街道钱仓村 稻纵,江苏省南京市六合区,2024-03-03,7,0.0,8.457142857142857,69.90142857142857,2024,9,,,,,,,,
稻纵卷叶螟,RLF,雄州街道钱仓村 稻纵_1_46_诱虫量,雄州街道钱仓村 稻纵,江苏省南京市六合区,2024-03-10,7,0.0,12.565714285714288,64.44714285714285,2024,10,,,,,,,,
稻纵卷叶螟,RLF,雄州街道钱仓村 稻纵_1_46_诱虫量,雄州街道钱仓村 稻纵,江苏省南京市六合区,2024-03-17,7,0.0,13.355714285714285,60.68142857142857,2024,11,,,,,,,,
稻纵卷叶螟,RLF,雄州街道钱仓村 稻纵_1_46_诱虫量,雄州街道钱仓村 稻纵,江苏省南京市六合区,2024-03-24,7,0.0,15.197142857142856,75.97571428571429,2024,12,,,,,,,,
稻纵卷叶螟,RLF,雄州街道钱仓村 稻纵_1_46_诱虫量,雄州街道钱仓村 稻纵,江苏省南京市六合区,2024-03-31,7,0.0,15.854285714285714,71.02142857142857,2024,13,,,,,,,,
稻纵卷叶螟,RLF,雄州街道钱仓村 稻纵_1_46_诱虫量,雄州街道钱仓村 稻纵,江苏省南京市六合区,2024-04-07,7,0.0,17.841428571428573,74.54571428571428,2024,14,,,,,,,,
稻纵卷叶螟,RLF,雄州街道钱仓村 稻纵_1_46_诱虫量,雄州街道钱仓村 稻纵,江苏省南京市六合区,2024-04-14,7,0.0,18.66857142857143,73.67428571428572,2024,15,,,,,,,,
稻纵卷叶螟,RLF,雄州街道钱仓村 稻纵_1_46_诱虫量,雄州街道钱仓村 稻纵,江苏省南京市六合区,2024-04-21,7,0.0,20.208571428571428,68.99,2024,16,,,,,,,,
稻纵卷叶螟,RLF,雄州街道钱仓村 稻纵_1_46_诱虫量,雄州街道钱仓村 稻纵,江苏省南京市六合区,2024-04-28,7,0.0,17.63,73.49142857142859,2024,17,,,,,,,,
稻纵卷叶螟,RLF,雄州街道钱仓村 稻纵_1_46_诱虫量,雄州街道钱仓村 稻纵,江苏省南京市六合区,2024-05-05,7,2.0,21.118571428571425,68.98285714285714,2024,18,,,,,,,,
稻纵卷叶螟,RLF,雄州街道钱仓村 稻纵_1_46_诱虫量,雄州街道钱仓村 稻纵,江苏省南京市六合区,2024-05-12,7,0.0,24.21,54.550000000000004,2024,19,,,,,,,,
稻纵卷叶螟,RLF,雄州街道钱仓村 稻纵_1_46_诱虫量,雄州街道钱仓村 稻纵,江苏省南京市六合区,2024-05-19,7,0.0,25.66142857142857,67.28857142857143,2024,20,,,,,,,,
稻纵卷叶螟,RLF,雄州街道钱仓村 稻纵_1_46_诱虫量,雄州街道钱仓村 稻纵,江苏省南京市六合区,2024-05-26,6,1.0,25.4,49.8,2024,21,,,,,,,,
稻纵卷叶螟,RLF,雄州街道钱仓村 稻纵_1_46_诱虫量,雄州街道钱仓村 稻纵,江苏省南京市六合区,2024-10-27,3,2.0,0.0,0.0,2024,43,22.3,8.6,88.29,80.43,20.0,3.16,35.15,12.25
稻纵卷叶螟,RLF,雄州街道钱仓村 稻纵_1_46_诱虫量,雄州街道钱仓村 稻纵,江苏省南京市六合区,2024-11-03,7,2.0,0.0,0.0,2024,44,22.0,9.3,87.57,74.57,6.8,2.95,55.84,15.81
稻纵卷叶螟,RLF,雄州街道钱仓村 稻纵_1_46_诱虫量,雄州街道钱仓村 稻纵,江苏省南京市六合区,2024-11-10,7,3.0,0.0,0.0,2024,45,,,,,,,,
稻纵卷叶螟,RLF,雄州街道钱仓村 稻纵_1_46_诱虫量,雄州街道钱仓村 稻纵,江苏省南京市六合区,2024-11-17,7,0.0,0.0,0.0,2024,46,,,,,,,,
稻纵卷叶螟,RLF,雄州街道钱仓村 稻纵_1_46_诱虫量,雄州街道钱仓村 稻纵,江苏省南京市六合区,2024-11-24,7,0.0,0.0,0.0,2024,47,,,,,,,,
稻纵卷叶螟,RLF,雄州街道钱仓村 稻纵_1_46_诱虫量,雄州街道钱仓村 稻纵,江苏省南京市六合区,2024-12-01,7,0.0,0.0,0.0,2024,48,,,,,,,,
稻纵卷叶螟,RLF,雄州街道钱仓村 稻纵_1_46_诱虫量,雄州街道钱仓村 稻纵,江苏省南京市六合区,2024-12-08,7,0.0,,,2024,49,,,,,,,,
稻纵卷叶螟,RLF,雄州街道钱仓村 稻纵_1_46_诱虫量,雄州街道钱仓村 稻纵,江苏省南京市六合区,2024-12-15,7,0.0,,,2024,50,,,,,,,,
稻纵卷叶螟,RLF,雄州街道钱仓村 稻纵_1_46_诱虫量,雄州街道钱仓村 稻纵,江苏省南京市六合区,2024-12-22,7,0.0,0.0,0.0,2024,51,,,,,,,,
稻纵卷叶螟,RLF,雄州街道钱仓村 稻纵_1_46_诱虫量,雄州街道钱仓村 稻纵,江苏省南京市六合区,2024-12-29,3,0.0,,,2024,52,,,,,,,,
稻纵卷叶螟,RLF,马鞍街道 稻纵_1_22_诱虫量,马鞍街道 稻纵,江苏省南京市六合区,2023-01-01,7,0.0,0.0,0.0,2022,52,,,,,,,,
稻纵卷叶螟,RLF,马鞍街道 稻纵_1_22_诱虫量,马鞍街道 稻纵,江苏省南京市六合区,2023-01-08,7,0.0,0.0,0.0,2023,1,,,,,,,,
稻纵卷叶螟,RLF,马鞍街道 稻纵_1_22_诱虫量,马鞍街道 稻纵,江苏省南京市六合区,2023-01-15,7,0.0,0.0,0.0,2023,2,,,,,,,,
稻纵卷叶螟,RLF,马鞍街道 稻纵_1_22_诱虫量,马鞍街道 稻纵,江苏省南京市六合区,2023-01-22,7,0.0,0.0,0.0,2023,3,,,,,,,,
稻纵卷叶螟,RLF,马鞍街道 稻纵_1_22_诱虫量,马鞍街道 稻纵,江苏省南京市六合区,2023-01-29,7,0.0,0.0,0.0,2023,4,,,,,,,,
稻纵卷叶螟,RLF,马鞍街道 稻纵_1_22_诱虫量,马鞍街道 稻纵,江苏省南京市六合区,2023-02-05,7,0.0,0.0,0.0,2023,5,,,,,,,,
稻纵卷叶螟,RLF,马鞍街道 稻纵_1_22_诱虫量,马鞍街道 稻纵,江苏省南京市六合区,2023-02-12,7,0.0,,,2023,6,,,,,,,,
稻纵卷叶螟,RLF,马鞍街道 稻纵_1_22_诱虫量,马鞍街道 稻纵,江苏省南京市六合区,2023-02-19,7,2.0,0.0,0.0,2023,7,,,,,,,,
稻纵卷叶螟,RLF,马鞍街道 稻纵_1_22_诱虫量,马鞍街道 稻纵,江苏省南京市六合区,2023-02-26,7,0.0,0.0,0.0,2023,8,,,,,,,,
稻纵卷叶螟,RLF,马鞍街道 稻纵_1_22_诱虫量,马鞍街道 稻纵,江苏省南京市六合区,2023-03-05,7,2.0,,,2023,9,,,,,,,,
稻纵卷叶螟,RLF,马鞍街道 稻纵_1_22_诱虫量,马鞍街道 稻纵,江苏省南京市六合区,2023-03-12,7,0.0,0.0,0.0,2023,10,,,,,,,,
稻纵卷叶螟,RLF,马鞍街道 稻纵_1_22_诱虫量,马鞍街道 稻纵,江苏省南京市六合区,2023-03-19,7,2.0,0.0,0.0,2023,11,,,,,,,,
稻纵卷叶螟,RLF,马鞍街道 稻纵_1_22_诱虫量,马鞍街道 稻纵,江苏省南京市六合区,2023-03-26,7,2.0,0.0,0.0,2023,12,,,,,,,,
稻纵卷叶螟,RLF,马鞍街道 稻纵_1_22_诱虫量,马鞍街道 稻纵,江苏省南京市六合区,2023-04-02,7,0.0,0.0,0.0,2023,13,,,,,,,,
稻纵卷叶螟,RLF,马鞍街道 稻纵_1_22_诱虫量,马鞍街道 稻纵,江苏省南京市六合区,2023-04-09,7,0.0,0.0,0.0,2023,14,,,,,,,,
稻纵卷叶螟,RLF,马鞍街道 稻纵_1_22_诱虫量,马鞍街道 稻纵,江苏省南京市六合区,2023-04-16,7,0.0,0.0,0.0,2023,15,,,,,,,,
稻纵卷叶螟,RLF,马鞍街道 稻纵_1_22_诱虫量,马鞍街道 稻纵,江苏省南京市六合区,2023-04-23,7,2.0,0.0,0.0,2023,16,,,,,,,,
稻纵卷叶螟,RLF,马鞍街道 稻纵_1_22_诱虫量,马鞍街道 稻纵,江苏省南京市六合区,2023-04-30,7,28.0,0.0,0.0,2023,17,,,,,,,,
稻纵卷叶螟,RLF,马鞍街道 稻纵_1_22_诱虫量,马鞍街道 稻纵,江苏省南京市六合区,2023-05-07,7,0.0,0.0,0.0,2023,18,,,,,,,,
稻纵卷叶螟,RLF,马鞍街道 稻纵_1_22_诱虫量,马鞍街道 稻纵,江苏省南京市六合区,2023-05-14,7,2.0,0.0,0.0,2023,19,,,,,,,,
稻纵卷叶螟,RLF,马鞍街道 稻纵_1_22_诱虫量,马鞍街道 稻纵,江苏省南京市六合区,2023-05-21,7,1.0,0.0,0.0,2023,20,,,,,,,,
稻纵卷叶螟,RLF,马鞍街道 稻纵_1_22_诱虫量,马鞍街道 稻纵,江苏省南京市六合区,2023-05-28,4,0.0,0.0,0.0,2023,21,,,,,,,,
稻纵卷叶螟,RLF,马鞍街道 稻纵_1_22_诱虫量,马鞍街道 稻纵,江苏省南京市六合区,2023-10-29,5,0.0,0.0,0.0,2023,43,25.6,9.6,85.14,64.29,0.0,1.94,60.15,18.61
稻纵卷叶螟,RLF,马鞍街道 稻纵_1_22_诱虫量,马鞍街道 稻纵,江苏省南京市六合区,2023-11-05,5,0.0,0.0,0.0,2023,44,27.6,12.9,83.57,69.14,0.8,2.48,60.23,19.36
稻纵卷叶螟,RLF,马鞍街道 稻纵_1_22_诱虫量,马鞍街道 稻纵,江苏省南京市六合区,2023-11-12,7,0.0,0.0,0.0,2023,45,,,,,,,,
稻纵卷叶螟,RLF,马鞍街道 稻纵_1_22_诱虫量,马鞍街道 稻纵,江苏省南京市六合区,2023-11-19,7,0.0,0.0,0.0,2023,46,,,,,,,,
稻纵卷叶螟,RLF,马鞍街道 稻纵_1_22_诱虫量,马鞍街道 稻纵,江苏省南京市六合区,2023-11-26,7,0.0,0.0,0.0,2023,47,,,,,,,,
稻纵卷叶螟,RLF,马鞍街道 稻纵_1_22_诱虫量,马鞍街道 稻纵,江苏省南京市六合区,2023-12-03,7,0.0,0.0,0.0,2023,48,,,,,,,,
稻纵卷叶螟,RLF,马鞍街道 稻纵_1_22_诱虫量,马鞍街道 稻纵,江苏省南京市六合区,2023-12-10,7,0.0,0.0,0.0,2023,49,,,,,,,,
稻纵卷叶螟,RLF,马鞍街道 稻纵_1_22_诱虫量,马鞍街道 稻纵,江苏省南京市六合区,2023-12-17,7,0.0,0.0,0.0,2023,50,,,,,,,,
稻纵卷叶螟,RLF,马鞍街道 稻纵_1_22_诱虫量,马鞍街道 稻纵,江苏省南京市六合区,2023-12-24,7,0.0,0.0,0.0,2023,51,,,,,,,,
稻纵卷叶螟,RLF,马鞍街道 稻纵_1_22_诱虫量,马鞍街道 稻纵,江苏省南京市六合区,2023-12-31,7,0.0,0.0,0.0,2023,52,,,,,,,,
稻纵卷叶螟,RLF,马鞍街道 稻纵_1_22_诱虫量,马鞍街道 稻纵,江苏省南京市六合区,2024-01-07,7,0.0,0.0,0.0,2024,1,,,,,,,,
稻纵卷叶螟,RLF,马鞍街道 稻纵_1_22_诱虫量,马鞍街道 稻纵,江苏省南京市六合区,2024-01-14,7,0.0,0.0,0.0,2024,2,,,,,,,,
稻纵卷叶螟,RLF,马鞍街道 稻纵_1_22_诱虫量,马鞍街道 稻纵,江苏省南京市六合区,2024-01-21,7,0.0,0.0,0.0,2024,3,,,,,,,,
稻纵卷叶螟,RLF,马鞍街道 稻纵_1_22_诱虫量,马鞍街道 稻纵,江苏省南京市六合区,2024-01-28,7,0.0,0.0,0.0,2024,4,,,,,,,,
稻纵卷叶螟,RLF,马鞍街道 稻纵_1_22_诱虫量,马鞍街道 稻纵,江苏省南京市六合区,2024-02-04,7,0.0,0.0,0.0,2024,5,,,,,,,,
稻纵卷叶螟,RLF,马鞍街道 稻纵_1_22_诱虫量,马鞍街道 稻纵,江苏省南京市六合区,2024-02-11,7,0.0,0.0,0.0,2024,6,,,,,,,,
稻纵卷叶螟,RLF,马鞍街道 稻纵_1_22_诱虫量,马鞍街道 稻纵,江苏省南京市六合区,2024-02-18,7,0.0,0.0,0.0,2024,7,,,,,,,,
稻纵卷叶螟,RLF,马鞍街道 稻纵_1_22_诱虫量,马鞍街道 稻纵,江苏省南京市六合区,2024-02-25,7,0.0,0.0,0.0,2024,8,,,,,,,,
稻纵卷叶螟,RLF,马鞍街道 稻纵_1_22_诱虫量,马鞍街道 稻纵,江苏省南京市六合区,2024-03-03,7,0.0,0.0,0.0,2024,9,,,,,,,,
稻纵卷叶螟,RLF,马鞍街道 稻纵_1_22_诱虫量,马鞍街道 稻纵,江苏省南京市六合区,2024-03-10,7,0.0,0.0,0.0,2024,10,,,,,,,,
稻纵卷叶螟,RLF,马鞍街道 稻纵_1_22_诱虫量,马鞍街道 稻纵,江苏省南京市六合区,2024-03-17,7,0.0,0.0,0.0,2024,11,,,,,,,,
稻纵卷叶螟,RLF,马鞍街道 稻纵_1_22_诱虫量,马鞍街道 稻纵,江苏省南京市六合区,2024-03-24,7,0.0,,,2024,12,,,,,,,,
稻纵卷叶螟,RLF,马鞍街道 稻纵_1_22_诱虫量,马鞍街道 稻纵,江苏省南京市六合区,2024-03-31,7,0.0,0.0,0.0,2024,13,,,,,,,,
稻纵卷叶螟,RLF,马鞍街道 稻纵_1_22_诱虫量,马鞍街道 稻纵,江苏省南京市六合区,2024-04-07,7,0.0,0.0,0.0,2024,14,,,,,,,,
稻纵卷叶螟,RLF,马鞍街道 稻纵_1_22_诱虫量,马鞍街道 稻纵,江苏省南京市六合区,2024-04-14,7,0.0,0.0,0.0,2024,15,,,,,,,,
稻纵卷叶螟,RLF,马鞍街道 稻纵_1_22_诱虫量,马鞍街道 稻纵,江苏省南京市六合区,2024-04-21,7,0.0,0.0,0.0,2024,16,,,,,,,,
稻纵卷叶螟,RLF,马鞍街道 稻纵_1_22_诱虫量,马鞍街道 稻纵,江苏省南京市六合区,2024-04-28,7,1.0,0.0,0.0,2024,17,,,,,,,,
稻纵卷叶螟,RLF,马鞍街道 稻纵_1_22_诱虫量,马鞍街道 稻纵,江苏省南京市六合区,2024-05-05,7,0.0,0.0,0.0,2024,18,,,,,,,,
稻纵卷叶螟,RLF,马鞍街道 稻纵_1_22_诱虫量,马鞍街道 稻纵,江苏省南京市六合区,2024-05-12,7,0.0,0.0,0.0,2024,19,,,,,,,,
稻纵卷叶螟,RLF,马鞍街道 稻纵_1_22_诱虫量,马鞍街道 稻纵,江苏省南京市六合区,2024-05-19,7,0.0,0.0,0.0,2024,20,,,,,,,,
稻纵卷叶螟,RLF,马鞍街道 稻纵_1_22_诱虫量,马鞍街道 稻纵,江苏省南京市六合区,2024-05-26,6,0.0,0.0,0.0,2024,21,,,,,,,,
稻纵卷叶螟,RLF,马鞍街道 稻纵_1_22_诱虫量,马鞍街道 稻纵,江苏省南京市六合区,2024-10-27,3,0.0,,,2024,43,22.3,8.6,88.29,80.43,20.0,3.16,35.15,12.25
稻纵卷叶螟,RLF,马鞍街道 稻纵_1_22_诱虫量,马鞍街道 稻纵,江苏省南京市六合区,2024-11-03,7,0.0,0.0,0.0,2024,44,22.0,9.3,87.57,74.57,6.8,2.95,55.84,15.81
稻纵卷叶螟,RLF,马鞍街道 稻纵_1_22_诱虫量,马鞍街道 稻纵,江苏省南京市六合区,2024-11-10,7,0.0,0.0,0.0,2024,45,,,,,,,,
稻纵卷叶螟,RLF,马鞍街道 稻纵_1_22_诱虫量,马鞍街道 稻纵,江苏省南京市六合区,2024-11-17,7,0.0,0.0,0.0,2024,46,,,,,,,,
稻纵卷叶螟,RLF,马鞍街道 稻纵_1_22_诱虫量,马鞍街道 稻纵,江苏省南京市六合区,2024-11-24,7,0.0,0.0,0.0,2024,47,,,,,,,,
稻纵卷叶螟,RLF,马鞍街道 稻纵_1_22_诱虫量,马鞍街道 稻纵,江苏省南京市六合区,2024-12-01,7,0.0,0.0,0.0,2024,48,,,,,,,,
稻纵卷叶螟,RLF,马鞍街道 稻纵_1_22_诱虫量,马鞍街道 稻纵,江苏省南京市六合区,2024-12-08,7,0.0,0.0,0.0,2024,49,,,,,,,,
稻纵卷叶螟,RLF,马鞍街道 稻纵_1_22_诱虫量,马鞍街道 稻纵,江苏省南京市六合区,2024-12-15,7,0.0,0.0,0.0,2024,50,,,,,,,,
稻纵卷叶螟,RLF,马鞍街道 稻纵_1_22_诱虫量,马鞍街道 稻纵,江苏省南京市六合区,2024-12-22,7,0.0,,,2024,51,,,,,,,,
稻纵卷叶螟,RLF,马鞍街道 稻纵_1_22_诱虫量,马鞍街道 稻纵,江苏省南京市六合区,2024-12-29,3,0.0,,,2024,52,,,,,,,,
稻纵卷叶螟,RLF,马鞍街道 稻纵_1_9_诱虫量,马鞍街道 稻纵,江苏省南京市六合区,2023-05-28,3,0.0,0.0,0.0,2023,21,,,,,,,,
稻纵卷叶螟,RLF,马鞍街道 稻纵_1_9_诱虫量,马鞍街道 稻纵,江苏省南京市六合区,2023-06-04,7,3.0,0.0,0.0,2023,22,32.3,20.1,84.14,74.14,29.6,2.38,48.59,25.72
稻纵卷叶螟,RLF,马鞍街道 稻纵_1_9_诱虫量,马鞍街道 稻纵,江苏省南京市六合区,2023-06-11,7,2.0,0.0,0.0,2023,23,34.2,16.0,80.43,75.0,31.1,2.66,59.78,28.9
稻纵卷叶螟,RLF,马鞍街道 稻纵_1_9_诱虫量,马鞍街道 稻纵,江苏省南京市六合区,2023-06-18,7,5.0,0.0,0.0,2023,24,32.4,19.2,80.14,65.0,8.5,2.69,57.13,31.06
稻纵卷叶螟,RLF,马鞍街道 稻纵_1_9_诱虫量,马鞍街道 稻纵,江苏省南京市六合区,2023-06-25,7,2.0,0.0,0.0,2023,25,31.4,20.5,87.57,74.57,82.3,2.55,29.04,21.42
稻纵卷叶螟,RLF,马鞍街道 稻纵_1_9_诱虫量,马鞍街道 稻纵,江苏省南京市六合区,2023-07-02,7,3.0,0.0,0.0,2023,26,32.8,21.5,86.29,78.86,64.0,2.94,49.98,24.98
稻纵卷叶螟,RLF,马鞍街道 稻纵_1_9_诱虫量,马鞍街道 稻纵,江苏省南京市六合区,2023-07-09,7,9.0,0.0,0.0,2023,27,32.9,23.9,87.86,82.29,123.1,3.4,45.76,24.46
稻纵卷叶螟,RLF,马鞍街道 稻纵_1_9_诱虫量,马鞍街道 稻纵,江苏省南京市六合区,2023-07-16,7,73.0,0.0,0.0,2023,28,34.9,24.6,84.57,77.0,27.6,3.38,49.19,28.48
稻纵卷叶螟,RLF,马鞍街道 稻纵_1_9_诱虫量,马鞍街道 稻纵,江苏省南京市六合区,2023-07-23,7,109.0,0.0,0.0,2023,29,31.5,23.5,89.43,84.71,117.0,2.29,34.08,19.55
稻纵卷叶螟,RLF,马鞍街道 稻纵_1_9_诱虫量,马鞍街道 稻纵,江苏省南京市六合区,2023-07-30,7,49.0,0.0,0.0,2023,30,33.2,25.1,86.86,80.86,44.3,3.98,65.75,29.7
稻纵卷叶螟,RLF,马鞍街道 稻纵_1_9_诱虫量,马鞍街道 稻纵,江苏省南京市六合区,2023-08-06,7,123.0,0.0,0.0,2023,31,34.0,25.0,86.43,76.43,17.1,3.1,81.36,32.83
稻纵卷叶螟,RLF,马鞍街道 稻纵_1_9_诱虫量,马鞍街道 稻纵,江苏省南京市六合区,2023-08-13,7,289.0,0.0,0.0,2023,32,35.1,24.0,83.71,75.14,10.3,2.08,79.69,33.11
稻纵卷叶螟,RLF,马鞍街道 稻纵_1_9_诱虫量,马鞍街道 稻纵,江苏省南京市六合区,2023-08-20,7,311.0,0.0,0.0,2023,33,33.7,23.9,86.57,81.29,26.5,2.19,77.01,29.64
稻纵卷叶螟,RLF,马鞍街道 稻纵_1_9_诱虫量,马鞍街道 稻纵,江苏省南京市六合区,2023-08-27,7,84.0,0.0,0.0,2023,34,32.0,22.4,82.71,72.0,27.1,2.8,70.93,31.5
稻纵卷叶螟,RLF,马鞍街道 稻纵_1_9_诱虫量,马鞍街道 稻纵,江苏省南京市六合区,2023-09-03,7,74.0,0.0,0.0,2023,35,29.4,18.5,86.86,78.57,59.2,2.79,42.5,22.49
稻纵卷叶螟,RLF,马鞍街道 稻纵_1_9_诱虫量,马鞍街道 稻纵,江苏省南京市六合区,2023-09-10,7,101.0,0.0,0.0,2023,36,31.0,21.7,88.0,73.71,2.5,2.83,74.88,29.19
稻纵卷叶螟,RLF,马鞍街道 稻纵_1_9_诱虫量,马鞍街道 稻纵,江苏省南京市六合区,2023-09-17,7,130.0,0.0,0.0,2023,37,31.4,20.4,87.43,82.14,74.6,2.74,29.78,17.15
稻纵卷叶螟,RLF,马鞍街道 稻纵_1_9_诱虫量,马鞍街道 稻纵,江苏省南京市六合区,2023-09-24,7,44.0,0.0,0.0,2023,38,32.0,18.8,88.57,77.57,41.3,2.51,30.18,16.82
稻纵卷叶螟,RLF,马鞍街道 稻纵_1_9_诱虫量,马鞍街道 稻纵,江苏省南京市六合区,2023-10-01,7,18.0,0.0,0.0,2023,39,28.2,19.1,89.57,82.43,13.3,2.19,45.28,17.44
稻纵卷叶螟,RLF,马鞍街道 稻纵_1_9_诱虫量,马鞍街道 稻纵,江苏省南京市六合区,2023-10-08,7,5.0,0.0,0.0,2023,40,25.5,15.7,80.86,71.71,21.7,3.55,38.52,19.59
稻纵卷叶螟,RLF,马鞍街道 稻纵_1_9_诱虫量,马鞍街道 稻纵,江苏省南京市六合区,2023-10-15,7,0.0,0.0,0.0,2023,41,23.6,13.5,84.86,74.14,0.0,2.05,50.14,17.04
稻纵卷叶螟,RLF,马鞍街道 稻纵_1_9_诱虫量,马鞍街道 稻纵,江苏省南京市六合区,2023-10-22,7,0.0,0.0,0.0,2023,42,26.1,9.6,84.43,62.0,4.0,2.46,71.43,22.45
稻纵卷叶螟,RLF,马鞍街道 稻纵_1_9_诱虫量,马鞍街道 稻纵,江苏省南京市六合区,2023-10-29,2,0.0,0.0,0.0,2023,43,25.6,9.6,85.14,64.29,0.0,1.94,60.15,18.61
稻纵卷叶螟,RLF,马鞍街道 稻纵_1_9_诱虫量,马鞍街道 稻纵,江苏省南京市六合区,2024-05-26,1,0.0,0.0,0.0,2024,21,,,,,,,,
稻纵卷叶螟,RLF,马鞍街道 稻纵_1_9_诱虫量,马鞍街道 稻纵,江苏省南京市六合区,2024-06-02,7,0.0,0.0,0.0,2024,22,26.9,14.2,77.71,68.43,42.5,2.69,50.74,25.99
稻纵卷叶螟,RLF,马鞍街道 稻纵_1_9_诱虫量,马鞍街道 稻纵,江苏省南京市六合区,2024-06-09,7,0.0,0.0,0.0,2024,23,30.9,17.1,76.86,61.71,5.2,2.43,62.66,30.94
稻纵卷叶螟,RLF,马鞍街道 稻纵_1_9_诱虫量,马鞍街道 稻纵,江苏省南京市六合区,2024-06-16,7,0.0,0.0,0.0,2024,24,34.2,20.7,79.71,58.71,0.7,2.43,71.14,35.09
稻纵卷叶螟,RLF,马鞍街道 稻纵_1_9_诱虫量,马鞍街道 稻纵,江苏省南京市六合区,2024-06-23,7,0.0,0.0,0.0,2024,25,32.3,21.3,85.0,69.86,96.1,3.32,46.58,27.17
稻纵卷叶螟,RLF,马鞍街道 稻纵_1_9_诱虫量,马鞍街道 稻纵,江苏省南京市六合区,2024-06-30,7,10.0,0.0,0.0,2024,26,30.9,20.7,88.71,85.57,179.0,2.73,26.58,17.62
稻纵卷叶螟,RLF,马鞍街道 稻纵_1_9_诱虫量,马鞍街道 稻纵,江苏省南京市六合区,2024-07-07,7,6.0,0.0,0.0,2024,27,34.9,22.6,81.14,78.57,41.8,4.14,62.65,32.6
稻纵卷叶螟,RLF,马鞍街道 稻纵_1_9_诱虫量,马鞍街道 稻纵,江苏省南京市六合区,2024-07-14,7,11.0,0.0,0.0,2024,28,35.0,21.4,88.57,86.0,168.8,2.44,20.72,18.18
稻纵卷叶螟,RLF,马鞍街道 稻纵_1_9_诱虫量,马鞍街道 稻纵,江苏省南京市六合区,2024-07-21,7,5.0,0.0,0.0,2024,29,35.2,24.3,81.86,78.57,22.4,3.39,35.37,25.73
稻纵卷叶螟,RLF,马鞍街道 稻纵_1_9_诱虫量,马鞍街道 稻纵,江苏省南京市六合区,2024-07-28,7,54.0,0.0,0.0,2024,30,36.7,27.0,80.57,71.86,6.1,4.7,71.71,37.84
稻纵卷叶螟,RLF,马鞍街道 稻纵_1_9_诱虫量,马鞍街道 稻纵,江苏省南京市六合区,2024-08-04,7,58.0,0.0,0.0,2024,31,37.5,27.6,76.0,71.57,9.5,2.75,86.5,40.56
稻纵卷叶螟,RLF,马鞍街道 稻纵_1_9_诱虫量,马鞍街道 稻纵,江苏省南京市六合区,2024-08-11,7,107.0,0.0,0.0,2024,32,37.8,27.1,76.86,66.71,62.0,1.88,83.96,39.02
稻纵卷叶螟,RLF,马鞍街道 稻纵_1_9_诱虫量,马鞍街道 稻纵,江苏省南京市六合区,2024-08-18,7,104.0,0.0,0.0,2024,33,36.3,24.9,84.43,67.71,34.3,2.42,75.24,33.56
稻纵卷叶螟,RLF,马鞍街道 稻纵_1_9_诱虫量,马鞍街道 稻纵,江苏省南京市六合区,2024-08-25,7,127.0,0.0,0.0,2024,34,34.7,25.4,84.71,77.86,50.4,1.93,64.42,27.34
稻纵卷叶螟,RLF,马鞍街道 稻纵_1_9_诱虫量,马鞍街道 稻纵,江苏省南京市六合区,2024-09-01,7,486.0,0.0,0.0,2024,35,35.2,24.1,83.43,71.71,6.3,2.35,74.77,30.13
稻纵卷叶螟,RLF,马鞍街道 稻纵_1_9_诱虫量,马鞍街道 稻纵,江苏省南京市六合区,2024-09-08,7,265.0,0.0,0.0,2024,36,33.8,24.2,79.29,68.43,2.9,3.23,78.8,33.31
稻纵卷叶螟,RLF,马鞍街道 稻纵_1_9_诱虫量,马鞍街道 稻纵,江苏省南京市六合区,2024-09-15,7,20.0,,,2024,37,33.8,23.6,88.14,80.14,83.0,3.4,57.66,23.89
稻纵卷叶螟,RLF,马鞍街道 稻纵_1_9_诱虫量,马鞍街道 稻纵,江苏省南京市六合区,2024-09-22,7,19.0,0.0,0.0,2024,38,31.6,17.4,81.14,76.86,124.9,5.49,54.64,24.01
稻纵卷叶螟,RLF,马鞍街道 稻纵_1_9_诱虫量,马鞍街道 稻纵,江苏省南京市六合区,2024-09-29,7,4.0,,,2024,39,29.1,15.8,86.14,76.0,15.1,2.67,66.18,23.31
稻纵卷叶螟,RLF,马鞍街道 稻纵_1_9_诱虫量,马鞍街道 稻纵,江苏省南京市六合区,2024-10-06,7,0.0,,,2024,40,28.6,11.9,79.0,72.14,17.2,3.38,48.16,18.62
稻纵卷叶螟,RLF,马鞍街道 稻纵_1_9_诱虫量,马鞍街道 稻纵,江苏省南京市六合区,2024-10-13,7,0.0,0.0,0.0,2024,41,25.2,13.1,85.0,74.71,16.7,2.16,49.5,16.94
稻纵卷叶螟,RLF,马鞍街道 稻纵_1_9_诱虫量,马鞍街道 稻纵,江苏省南京市六合区,2024-10-20,7,0.0,,,2024,42,27.2,11.2,86.57,77.0,49.2,3.66,31.77,14.95
稻纵卷叶螟,RLF,马鞍街道 稻纵_1_9_诱虫量,马鞍街道 稻纵,江苏省南京市六合区,2024-10-27,4,0.0,,,2024,43,22.3,8.6,88.29,80.43,20.0,3.16,35.15,12.25
稻纵卷叶螟,RLF,龙池街道头桥村 稻纵_1_26_诱虫量,龙池街道头桥村 稻纵,江苏省南京市六合区,2023-05-28,3,1.0,30.01,49.93000000000001,2023,21,,,,,,,,
稻纵卷叶螟,RLF,龙池街道头桥村 稻纵_1_26_诱虫量,龙池街道头桥村 稻纵,江苏省南京市六合区,2023-06-04,7,3.0,27.094285714285718,67.53142857142858,2023,22,32.3,20.1,84.14,74.14,29.6,2.38,48.59,25.72
稻纵卷叶螟,RLF,龙池街道头桥村 稻纵_1_26_诱虫量,龙池街道头桥村 稻纵,江苏省南京市六合区,2023-06-11,7,1.0,28.945714285714285,61.50857142857143,2023,23,34.2,16.0,80.43,75.0,31.1,2.66,59.78,28.9
稻纵卷叶螟,RLF,龙池街道头桥村 稻纵_1_26_诱虫量,龙池街道头桥村 稻纵,江苏省南京市六合区,2023-06-18,7,1.0,28.22714285714286,74.61,2023,24,32.4,19.2,80.14,65.0,8.5,2.69,57.13,31.06
稻纵卷叶螟,RLF,龙池街道头桥村 稻纵_1_26_诱虫量,龙池街道头桥村 稻纵,江苏省南京市六合区,2023-06-25,7,2.0,30.91857142857143,71.63714285714286,2023,25,31.4,20.5,87.57,74.57,82.3,2.55,29.04,21.42
稻纵卷叶螟,RLF,龙池街道头桥村 稻纵_1_26_诱虫量,龙池街道头桥村 稻纵,江苏省南京市六合区,2023-07-02,7,2.0,31.09,77.39142857142858,2023,26,32.8,21.5,86.29,78.86,64.0,2.94,49.98,24.98
稻纵卷叶螟,RLF,龙池街道头桥村 稻纵_1_26_诱虫量,龙池街道头桥村 稻纵,江苏省南京市六合区,2023-07-09,7,4.0,32.45285714285714,73.05571428571429,2023,27,32.9,23.9,87.86,82.29,123.1,3.4,45.76,24.46
稻纵卷叶螟,RLF,龙池街道头桥村 稻纵_1_26_诱虫量,龙池街道头桥村 稻纵,江苏省南京市六合区,2023-07-16,7,4.0,29.419999999999998,81.3,2023,28,34.9,24.6,84.57,77.0,27.6,3.38,49.19,28.48
稻纵卷叶螟,RLF,龙池街道头桥村 稻纵_1_26_诱虫量,龙池街道头桥村 稻纵,江苏省南京市六合区,2023-07-23,7,5.0,30.755714285714284,77.61142857142856,2023,29,31.5,23.5,89.43,84.71,117.0,2.29,34.08,19.55
稻纵卷叶螟,RLF,龙池街道头桥村 稻纵_1_26_诱虫量,龙池街道头桥村 稻纵,江苏省南京市六合区,2023-07-30,7,10.0,32.504285714285714,73.17571428571429,2023,30,33.2,25.1,86.86,80.86,44.3,3.98,65.75,29.7
稻纵卷叶螟,RLF,龙池街道头桥村 稻纵_1_26_诱虫量,龙池街道头桥村 稻纵,江苏省南京市六合区,2023-08-06,7,51.0,31.538571428571426,73.66142857142857,2023,31,34.0,25.0,86.43,76.43,17.1,3.1,81.36,32.83
稻纵卷叶螟,RLF,龙池街道头桥村 稻纵_1_26_诱虫量,龙池街道头桥村 稻纵,江苏省南京市六合区,2023-08-13,7,84.0,31.641666666666666,72.74499999999999,2023,32,35.1,24.0,83.71,75.14,10.3,2.08,79.69,33.11
稻纵卷叶螟,RLF,龙池街道头桥村 稻纵_1_26_诱虫量,龙池街道头桥村 稻纵,江苏省南京市六合区,2023-08-20,7,45.0,30.858571428571427,67.38,2023,33,33.7,23.9,86.57,81.29,26.5,2.19,77.01,29.64
稻纵卷叶螟,RLF,龙池街道头桥村 稻纵_1_26_诱虫量,龙池街道头桥村 稻纵,江苏省南京市六合区,2023-08-27,7,69.0,26.541428571428572,75.79285714285713,2023,34,32.0,22.4,82.71,72.0,27.1,2.8,70.93,31.5
稻纵卷叶螟,RLF,龙池街道头桥村 稻纵_1_26_诱虫量,龙池街道头桥村 稻纵,江苏省南京市六合区,2023-09-03,7,17.0,29.548571428571428,70.27285714285713,2023,35,29.4,18.5,86.86,78.57,59.2,2.79,42.5,22.49
稻纵卷叶螟,RLF,龙池街道头桥村 稻纵_1_26_诱虫量,龙池街道头桥村 稻纵,江苏省南京市六合区,2023-09-10,7,72.0,25.858571428571427,80.57142857142857,2023,36,31.0,21.7,88.0,73.71,2.5,2.83,74.88,29.19
稻纵卷叶螟,RLF,龙池街道头桥村 稻纵_1_26_诱虫量,龙池街道头桥村 稻纵,江苏省南京市六合区,2023-09-17,7,243.0,25.194285714285716,80.89999999999999,2023,37,31.4,20.4,87.43,82.14,74.6,2.74,29.78,17.15
稻纵卷叶螟,RLF,龙池街道头桥村 稻纵_1_26_诱虫量,龙池街道头桥村 稻纵,江苏省南京市六合区,2023-09-24,7,206.0,24.74285714285714,80.16857142857143,2023,38,32.0,18.8,88.57,77.57,41.3,2.51,30.18,16.82
稻纵卷叶螟,RLF,龙池街道头桥村 稻纵_1_26_诱虫量,龙池街道头桥村 稻纵,江苏省南京市六合区,2023-10-01,7,24.0,21.367142857142856,73.0,2023,39,28.2,19.1,89.57,82.43,13.3,2.19,45.28,17.44
稻纵卷叶螟,RLF,龙池街道头桥村 稻纵_1_26_诱虫量,龙池街道头桥村 稻纵,江苏省南京市六合区,2023-10-08,7,0.0,21.517142857142858,69.89285714285714,2023,40,25.5,15.7,80.86,71.71,21.7,3.55,38.52,19.59
稻纵卷叶螟,RLF,龙池街道头桥村 稻纵_1_26_诱虫量,龙池街道头桥村 稻纵,江苏省南京市六合区,2023-10-15,7,0.0,20.055714285714284,66.40571428571428,2023,41,23.6,13.5,84.86,74.14,0.0,2.05,50.14,17.04
稻纵卷叶螟,RLF,龙池街道头桥村 稻纵_1_26_诱虫量,龙池街道头桥村 稻纵,江苏省南京市六合区,2023-10-22,7,0.0,19.79714285714286,69.83857142857143,2023,42,26.1,9.6,84.43,62.0,4.0,2.46,71.43,22.45
稻纵卷叶螟,RLF,龙池街道头桥村 稻纵_1_26_诱虫量,龙池街道头桥村 稻纵,江苏省南京市六合区,2023-10-29,2,0.0,20.0,68.64,2023,43,25.6,9.6,85.14,64.29,0.0,1.94,60.15,18.61
稻纵卷叶螟,RLF,龙池街道头桥村 稻纵_1_26_诱虫量,龙池街道头桥村 稻纵,江苏省南京市六合区,2024-05-26,1,0.0,0.0,0.0,2024,21,,,,,,,,
稻纵卷叶螟,RLF,龙池街道头桥村 稻纵_1_26_诱虫量,龙池街道头桥村 稻纵,江苏省南京市六合区,2024-06-02,7,0.0,0.0,0.0,2024,22,26.9,14.2,77.71,68.43,42.5,2.69,50.74,25.99
稻纵卷叶螟,RLF,龙池街道头桥村 稻纵_1_26_诱虫量,龙池街道头桥村 稻纵,江苏省南京市六合区,2024-06-09,7,0.0,0.0,0.0,2024,23,30.9,17.1,76.86,61.71,5.2,2.43,62.66,30.94
稻纵卷叶螟,RLF,龙池街道头桥村 稻纵_1_26_诱虫量,龙池街道头桥村 稻纵,江苏省南京市六合区,2024-06-16,7,1.0,0.0,0.0,2024,24,34.2,20.7,79.71,58.71,0.7,2.43,71.14,35.09
稻纵卷叶螟,RLF,龙池街道头桥村 稻纵_1_26_诱虫量,龙池街道头桥村 稻纵,江苏省南京市六合区,2024-06-23,7,2.0,0.0,0.0,2024,25,32.3,21.3,85.0,69.86,96.1,3.32,46.58,27.17
稻纵卷叶螟,RLF,龙池街道头桥村 稻纵_1_26_诱虫量,龙池街道头桥村 稻纵,江苏省南京市六合区,2024-06-30,7,4.0,0.0,0.0,2024,26,30.9,20.7,88.71,85.57,179.0,2.73,26.58,17.62
稻纵卷叶螟,RLF,龙池街道头桥村 稻纵_1_26_诱虫量,龙池街道头桥村 稻纵,江苏省南京市六合区,2024-07-07,7,1.0,0.0,0.0,2024,27,34.9,22.6,81.14,78.57,41.8,4.14,62.65,32.6
稻纵卷叶螟,RLF,龙池街道头桥村 稻纵_1_26_诱虫量,龙池街道头桥村 稻纵,江苏省南京市六合区,2024-07-14,7,1.0,0.0,0.0,2024,28,35.0,21.4,88.57,86.0,168.8,2.44,20.72,18.18
稻纵卷叶螟,RLF,龙池街道头桥村 稻纵_1_26_诱虫量,龙池街道头桥村 稻纵,江苏省南京市六合区,2024-07-21,7,7.0,0.0,0.0,2024,29,35.2,24.3,81.86,78.57,22.4,3.39,35.37,25.73
稻纵卷叶螟,RLF,龙池街道头桥村 稻纵_1_26_诱虫量,龙池街道头桥村 稻纵,江苏省南京市六合区,2024-07-28,7,71.0,0.0,0.0,2024,30,36.7,27.0,80.57,71.86,6.1,4.7,71.71,37.84
稻纵卷叶螟,RLF,龙池街道头桥村 稻纵_1_26_诱虫量,龙池街道头桥村 稻纵,江苏省南京市六合区,2024-08-04,7,70.0,0.0,0.0,2024,31,37.5,27.6,76.0,71.57,9.5,2.75,86.5,40.56
稻纵卷叶螟,RLF,龙池街道头桥村 稻纵_1_26_诱虫量,龙池街道头桥村 稻纵,江苏省南京市六合区,2024-08-11,7,37.0,0.0,0.0,2024,32,37.8,27.1,76.86,66.71,62.0,1.88,83.96,39.02
稻纵卷叶螟,RLF,龙池街道头桥村 稻纵_1_26_诱虫量,龙池街道头桥村 稻纵,江苏省南京市六合区,2024-08-18,7,68.0,0.0,0.0,2024,33,36.3,24.9,84.43,67.71,34.3,2.42,75.24,33.56
稻纵卷叶螟,RLF,龙池街道头桥村 稻纵_1_26_诱虫量,龙池街道头桥村 稻纵,江苏省南京市六合区,2024-08-25,7,232.0,0.0,0.0,2024,34,34.7,25.4,84.71,77.86,50.4,1.93,64.42,27.34
稻纵卷叶螟,RLF,龙池街道头桥村 稻纵_1_26_诱虫量,龙池街道头桥村 稻纵,江苏省南京市六合区,2024-09-01,7,185.0,0.0,0.0,2024,35,35.2,24.1,83.43,71.71,6.3,2.35,74.77,30.13
稻纵卷叶螟,RLF,龙池街道头桥村 稻纵_1_26_诱虫量,龙池街道头桥村 稻纵,江苏省南京市六合区,2024-09-08,7,128.0,0.0,0.0,2024,36,33.8,24.2,79.29,68.43,2.9,3.23,78.8,33.31
稻纵卷叶螟,RLF,龙池街道头桥村 稻纵_1_26_诱虫量,龙池街道头桥村 稻纵,江苏省南京市六合区,2024-09-15,7,84.0,0.0,0.0,2024,37,33.8,23.6,88.14,80.14,83.0,3.4,57.66,23.89
稻纵卷叶螟,RLF,龙池街道头桥村 稻纵_1_26_诱虫量,龙池街道头桥村 稻纵,江苏省南京市六合区,2024-09-22,7,88.0,0.0,0.0,2024,38,31.6,17.4,81.14,76.86,124.9,5.49,54.64,24.01
稻纵卷叶螟,RLF,龙池街道头桥村 稻纵_1_26_诱虫量,龙池街道头桥村 稻纵,江苏省南京市六合区,2024-09-29,7,48.0,0.0,0.0,2024,39,29.1,15.8,86.14,76.0,15.1,2.67,66.18,23.31
稻纵卷叶螟,RLF,龙池街道头桥村 稻纵_1_26_诱虫量,龙池街道头桥村 稻纵,江苏省南京市六合区,2024-10-06,7,21.0,0.0,0.0,2024,40,28.6,11.9,79.0,72.14,17.2,3.38,48.16,18.62
稻纵卷叶螟,RLF,龙池街道头桥村 稻纵_1_26_诱虫量,龙池街道头桥村 稻纵,江苏省南京市六合区,2024-10-13,7,111.0,0.0,0.0,2024,41,25.2,13.1,85.0,74.71,16.7,2.16,49.5,16.94
稻纵卷叶螟,RLF,龙池街道头桥村 稻纵_1_26_诱虫量,龙池街道头桥村 稻纵,江苏省南京市六合区,2024-10-20,7,14.0,0.0,0.0,2024,42,27.2,11.2,86.57,77.0,49.2,3.66,31.77,14.95
稻纵卷叶螟,RLF,龙池街道头桥村 稻纵_1_26_诱虫量,龙池街道头桥村 稻纵,江苏省南京市六合区,2024-10-27,4,9.0,,,2024,43,22.3,8.6,88.29,80.43,20.0,3.16,35.15,12.25
稻纵卷叶螟,RLF,龙池街道头桥村 稻纵_1_44_诱虫量,龙池街道头桥村 稻纵,江苏省南京市六合区,2023-01-01,7,0.0,8.860000000000001,59.68571428571429,2022,52,,,,,,,,
稻纵卷叶螟,RLF,龙池街道头桥村 稻纵_1_44_诱虫量,龙池街道头桥村 稻纵,江苏省南京市六合区,2023-01-08,6,0.0,9.328333333333333,81.73666666666666,2023,1,,,,,,,,
稻纵卷叶螟,RLF,龙池街道头桥村 稻纵_1_44_诱虫量,龙池街道头桥村 稻纵,江苏省南京市六合区,2023-01-15,7,0.0,5.3342857142857145,57.558571428571426,2023,2,,,,,,,,
稻纵卷叶螟,RLF,龙池街道头桥村 稻纵_1_44_诱虫量,龙池街道头桥村 稻纵,江苏省南京市六合区,2023-01-22,7,0.0,1.94,60.40857142857143,2023,3,,,,,,,,
稻纵卷叶螟,RLF,龙池街道头桥村 稻纵_1_44_诱虫量,龙池街道头桥村 稻纵,江苏省南京市六合区,2023-01-29,7,0.0,7.335714285714286,55.85285714285715,2023,4,,,,,,,,
稻纵卷叶螟,RLF,龙池街道头桥村 稻纵_1_44_诱虫量,龙池街道头桥村 稻纵,江苏省南京市六合区,2023-02-05,7,0.0,7.264285714285714,87.15428571428572,2023,5,,,,,,,,
稻纵卷叶螟,RLF,龙池街道头桥村 稻纵_1_44_诱虫量,龙池街道头桥村 稻纵,江苏省南京市六合区,2023-02-12,7,0.0,7.732857142857143,69.55,2023,6,,,,,,,,
稻纵卷叶螟,RLF,龙池街道头桥村 稻纵_1_44_诱虫量,龙池街道头桥村 稻纵,江苏省南京市六合区,2023-02-19,7,2.0,6.512857142857143,65.76142857142857,2023,7,,,,,,,,
稻纵卷叶螟,RLF,龙池街道头桥村 稻纵_1_44_诱虫量,龙池街道头桥村 稻纵,江苏省南京市六合区,2023-02-26,7,0.0,13.181428571428572,50.16142857142857,2023,8,,,,,,,,
稻纵卷叶螟,RLF,龙池街道头桥村 稻纵_1_44_诱虫量,龙池街道头桥村 稻纵,江苏省南京市六合区,2023-03-05,7,1.0,20.29714285714286,51.199999999999996,2023,9,,,,,,,,
稻纵卷叶螟,RLF,龙池街道头桥村 稻纵_1_44_诱虫量,龙池街道头桥村 稻纵,江苏省南京市六合区,2023-03-12,7,0.0,12.847142857142858,55.36,2023,10,,,,,,,,
稻纵卷叶螟,RLF,龙池街道头桥村 稻纵_1_44_诱虫量,龙池街道头桥村 稻纵,江苏省南京市六合区,2023-03-19,7,0.0,11.732857142857142,74.59,2023,11,,,,,,,,
稻纵卷叶螟,RLF,龙池街道头桥村 稻纵_1_44_诱虫量,龙池街道头桥村 稻纵,江苏省南京市六合区,2023-03-26,7,0.0,16.915714285714284,57.18285714285714,2023,12,,,,,,,,
稻纵卷叶螟,RLF,龙池街道头桥村 稻纵_1_44_诱虫量,龙池街道头桥村 稻纵,江苏省南京市六合区,2023-04-02,7,0.0,14.74,70.75857142857143,2023,13,,,,,,,,
稻纵卷叶螟,RLF,龙池街道头桥村 稻纵_1_44_诱虫量,龙池街道头桥村 稻纵,江苏省南京市六合区,2023-04-09,7,0.0,22.011428571428574,51.278571428571425,2023,14,,,,,,,,
稻纵卷叶螟,RLF,龙池街道头桥村 稻纵_1_44_诱虫量,龙池街道头桥村 稻纵,江苏省南京市六合区,2023-04-16,7,0.0,21.797142857142855,61.84571428571429,2023,15,,,,,,,,
稻纵卷叶螟,RLF,龙池街道头桥村 稻纵_1_44_诱虫量,龙池街道头桥村 稻纵,江苏省南京市六合区,2023-04-23,7,0.0,18.045714285714286,62.23428571428571,2023,16,,,,,,,,
稻纵卷叶螟,RLF,龙池街道头桥村 稻纵_1_44_诱虫量,龙池街道头桥村 稻纵,江苏省南京市六合区,2023-04-30,7,0.0,23.164285714285715,66.98571428571428,2023,17,,,,,,,,
稻纵卷叶螟,RLF,龙池街道头桥村 稻纵_1_44_诱虫量,龙池街道头桥村 稻纵,江苏省南京市六合区,2023-05-07,7,0.0,21.481428571428573,59.175714285714285,2023,18,,,,,,,,
稻纵卷叶螟,RLF,龙池街道头桥村 稻纵_1_44_诱虫量,龙池街道头桥村 稻纵,江苏省南京市六合区,2023-05-14,7,1.0,26.428571428571427,61.11571428571428,2023,19,,,,,,,,
稻纵卷叶螟,RLF,龙池街道头桥村 稻纵_1_44_诱虫量,龙池街道头桥村 稻纵,江苏省南京市六合区,2023-05-21,7,0.0,24.325714285714287,63.41857142857143,2023,20,,,,,,,,
稻纵卷叶螟,RLF,龙池街道头桥村 稻纵_1_44_诱虫量,龙池街道头桥村 稻纵,江苏省南京市六合区,2023-05-28,4,1.0,26.86,75.94749999999999,2023,21,,,,,,,,
稻纵卷叶螟,RLF,龙池街道头桥村 稻纵_1_44_诱虫量,龙池街道头桥村 稻纵,江苏省南京市六合区,2023-10-29,5,0.0,21.64,69.22200000000001,2023,43,25.6,9.6,85.14,64.29,0.0,1.94,60.15,18.61
稻纵卷叶螟,RLF,龙池街道头桥村 稻纵_1_44_诱虫量,龙池街道头桥村 稻纵,江苏省南京市六合区,2023-11-05,5,0.0,0.0,0.0,2023,44,27.6,12.9,83.57,69.14,0.8,2.48,60.23,19.36
稻纵卷叶螟,RLF,龙池街道头桥村 稻纵_1_44_诱虫量,龙池街道头桥村 稻纵,江苏省南京市六合区,2023-11-12,7,0.0,0.0,0.0,2023,45,,,,,,,,
稻纵卷叶螟,RLF,龙池街道头桥村 稻纵_1_44_诱虫量,龙池街道头桥村 稻纵,江苏省南京市六合区,2023-11-19,7,0.0,0.0,0.0,2023,46,,,,,,,,
稻纵卷叶螟,RLF,龙池街道头桥村 稻纵_1_44_诱虫量,龙池街道头桥村 稻纵,江苏省南京市六合区,2023-11-26,7,0.0,0.0,0.0,2023,47,,,,,,,,
稻纵卷叶螟,RLF,龙池街道头桥村 稻纵_1_44_诱虫量,龙池街道头桥村 稻纵,江苏省南京市六合区,2023-12-03,7,0.0,0.0,0.0,2023,48,,,,,,,,
稻纵卷叶螟,RLF,龙池街道头桥村 稻纵_1_44_诱虫量,龙池街道头桥村 稻纵,江苏省南京市六合区,2023-12-10,7,0.0,0.0,0.0,2023,49,,,,,,,,
稻纵卷叶螟,RLF,龙池街道头桥村 稻纵_1_44_诱虫量,龙池街道头桥村 稻纵,江苏省南京市六合区,2023-12-17,7,0.0,0.0,0.0,2023,50,,,,,,,,
稻纵卷叶螟,RLF,龙池街道头桥村 稻纵_1_44_诱虫量,龙池街道头桥村 稻纵,江苏省南京市六合区,2023-12-24,7,0.0,0.0,0.0,2023,51,,,,,,,,
稻纵卷叶螟,RLF,龙池街道头桥村 稻纵_1_44_诱虫量,龙池街道头桥村 稻纵,江苏省南京市六合区,2023-12-31,7,0.0,0.0,0.0,2023,52,,,,,,,,
稻纵卷叶螟,RLF,龙池街道头桥村 稻纵_1_44_诱虫量,龙池街道头桥村 稻纵,江苏省南京市六合区,2024-01-07,7,0.0,0.0,0.0,2024,1,,,,,,,,
稻纵卷叶螟,RLF,龙池街道头桥村 稻纵_1_44_诱虫量,龙池街道头桥村 稻纵,江苏省南京市六合区,2024-01-14,7,0.0,0.0,0.0,2024,2,,,,,,,,
稻纵卷叶螟,RLF,龙池街道头桥村 稻纵_1_44_诱虫量,龙池街道头桥村 稻纵,江苏省南京市六合区,2024-01-21,7,0.0,0.0,0.0,2024,3,,,,,,,,
稻纵卷叶螟,RLF,龙池街道头桥村 稻纵_1_44_诱虫量,龙池街道头桥村 稻纵,江苏省南京市六合区,2024-01-28,7,0.0,0.0,0.0,2024,4,,,,,,,,
稻纵卷叶螟,RLF,龙池街道头桥村 稻纵_1_44_诱虫量,龙池街道头桥村 稻纵,江苏省南京市六合区,2024-02-04,7,0.0,0.0,0.0,2024,5,,,,,,,,
稻纵卷叶螟,RLF,龙池街道头桥村 稻纵_1_44_诱虫量,龙池街道头桥村 稻纵,江苏省南京市六合区,2024-02-11,7,0.0,0.0,0.0,2024,6,,,,,,,,
稻纵卷叶螟,RLF,龙池街道头桥村 稻纵_1_44_诱虫量,龙池街道头桥村 稻纵,江苏省南京市六合区,2024-02-18,7,0.0,0.0,0.0,2024,7,,,,,,,,
稻纵卷叶螟,RLF,龙池街道头桥村 稻纵_1_44_诱虫量,龙池街道头桥村 稻纵,江苏省南京市六合区,2024-02-25,7,0.0,0.0,0.0,2024,8,,,,,,,,
稻纵卷叶螟,RLF,龙池街道头桥村 稻纵_1_44_诱虫量,龙池街道头桥村 稻纵,江苏省南京市六合区,2024-03-03,7,0.0,0.0,0.0,2024,9,,,,,,,,
稻纵卷叶螟,RLF,龙池街道头桥村 稻纵_1_44_诱虫量,龙池街道头桥村 稻纵,江苏省南京市六合区,2024-03-10,7,0.0,0.0,0.0,2024,10,,,,,,,,
稻纵卷叶螟,RLF,龙池街道头桥村 稻纵_1_44_诱虫量,龙池街道头桥村 稻纵,江苏省南京市六合区,2024-03-17,7,0.0,0.0,0.0,2024,11,,,,,,,,
稻纵卷叶螟,RLF,龙池街道头桥村 稻纵_1_44_诱虫量,龙池街道头桥村 稻纵,江苏省南京市六合区,2024-03-24,7,0.0,0.0,0.0,2024,12,,,,,,,,
稻纵卷叶螟,RLF,龙池街道头桥村 稻纵_1_44_诱虫量,龙池街道头桥村 稻纵,江苏省南京市六合区,2024-03-31,7,0.0,0.0,0.0,2024,13,,,,,,,,
稻纵卷叶螟,RLF,龙池街道头桥村 稻纵_1_44_诱虫量,龙池街道头桥村 稻纵,江苏省南京市六合区,2024-04-07,7,0.0,0.0,0.0,2024,14,,,,,,,,
稻纵卷叶螟,RLF,龙池街道头桥村 稻纵_1_44_诱虫量,龙池街道头桥村 稻纵,江苏省南京市六合区,2024-04-14,7,0.0,0.0,0.0,2024,15,,,,,,,,
稻纵卷叶螟,RLF,龙池街道头桥村 稻纵_1_44_诱虫量,龙池街道头桥村 稻纵,江苏省南京市六合区,2024-04-21,7,0.0,0.0,0.0,2024,16,,,,,,,,
稻纵卷叶螟,RLF,龙池街道头桥村 稻纵_1_44_诱虫量,龙池街道头桥村 稻纵,江苏省南京市六合区,2024-04-28,7,0.0,0.0,0.0,2024,17,,,,,,,,
稻纵卷叶螟,RLF,龙池街道头桥村 稻纵_1_44_诱虫量,龙池街道头桥村 稻纵,江苏省南京市六合区,2024-05-05,7,0.0,,,2024,18,,,,,,,,
稻纵卷叶螟,RLF,龙池街道头桥村 稻纵_1_44_诱虫量,龙池街道头桥村 稻纵,江苏省南京市六合区,2024-05-12,7,0.0,0.0,0.0,2024,19,,,,,,,,
稻纵卷叶螟,RLF,龙池街道头桥村 稻纵_1_44_诱虫量,龙池街道头桥村 稻纵,江苏省南京市六合区,2024-05-19,7,0.0,0.0,0.0,2024,20,,,,,,,,
稻纵卷叶螟,RLF,龙池街道头桥村 稻纵_1_44_诱虫量,龙池街道头桥村 稻纵,江苏省南京市六合区,2024-05-26,6,0.0,0.0,0.0,2024,21,,,,,,,,
稻纵卷叶螟,RLF,龙池街道头桥村 稻纵_1_44_诱虫量,龙池街道头桥村 稻纵,江苏省南京市六合区,2024-10-27,3,1.0,,,2024,43,22.3,8.6,88.29,80.43,20.0,3.16,35.15,12.25
稻纵卷叶螟,RLF,龙池街道头桥村 稻纵_1_44_诱虫量,龙池街道头桥村 稻纵,江苏省南京市六合区,2024-11-03,7,1.0,0.0,0.0,2024,44,22.0,9.3,87.57,74.57,6.8,2.95,55.84,15.81
稻纵卷叶螟,RLF,龙池街道头桥村 稻纵_1_44_诱虫量,龙池街道头桥村 稻纵,江苏省南京市六合区,2024-11-10,7,3.0,0.0,0.0,2024,45,,,,,,,,
稻纵卷叶螟,RLF,龙池街道头桥村 稻纵_1_44_诱虫量,龙池街道头桥村 稻纵,江苏省南京市六合区,2024-11-17,7,0.0,0.0,0.0,2024,46,,,,,,,,
稻纵卷叶螟,RLF,龙池街道头桥村 稻纵_1_44_诱虫量,龙池街道头桥村 稻纵,江苏省南京市六合区,2024-11-24,7,0.0,0.0,0.0,2024,47,,,,,,,,
稻纵卷叶螟,RLF,龙池街道头桥村 稻纵_1_44_诱虫量,龙池街道头桥村 稻纵,江苏省南京市六合区,2024-12-01,7,0.0,0.0,0.0,2024,48,,,,,,,,
稻纵卷叶螟,RLF,龙池街道头桥村 稻纵_1_44_诱虫量,龙池街道头桥村 稻纵,江苏省南京市六合区,2024-12-08,7,0.0,0.0,0.0,2024,49,,,,,,,,
稻纵卷叶螟,RLF,龙池街道头桥村 稻纵_1_44_诱虫量,龙池街道头桥村 稻纵,江苏省南京市六合区,2024-12-15,7,0.0,0.0,0.0,2024,50,,,,,,,,
稻纵卷叶螟,RLF,龙池街道头桥村 稻纵_1_44_诱虫量,龙池街道头桥村 稻纵,江苏省南京市六合区,2024-12-22,7,0.0,0.0,0.0,2024,51,,,,,,,,
稻纵卷叶螟,RLF,龙池街道头桥村 稻纵_1_44_诱虫量,龙池街道头桥村 稻纵,江苏省南京市六合区,2024-12-29,3,0.0,0.0,0.0,2024,52,,,,,,,,
稻纵卷叶螟,RLF,龙潭街道东化_1_24_诱虫量,龙潭街道东化,江苏省南京市栖霞区,2024-12-08,1,0.0,,,2024,49,,,,,,,,
稻纵卷叶螟,RLF,龙潭街道东化_1_24_诱虫量,龙潭街道东化,江苏省南京市栖霞区,2024-12-15,6,0.0,1.1683333333333332,68.08,2024,50,,,,,,,,
稻纵卷叶螟,RLF,龙潭街道东化_1_24_诱虫量,龙潭街道东化,江苏省南京市栖霞区,2024-12-22,7,0.0,2.1185714285714288,66.24285714285715,2024,51,,,,,,,,
稻纵卷叶螟,RLF,龙潭街道东化_1_24_诱虫量,龙潭街道东化,江苏省南京市栖霞区,2024-12-29,3,0.0,2.785,57.465,2024,52,,,,,,,,
稻纵卷叶螟,RLF,龙潭街道地心_1_19_诱虫量,龙潭街道地心,江苏省南京市栖霞区,2024-12-08,1,0.0,,,2024,49,,,,,,,,
稻纵卷叶螟,RLF,龙潭街道地心_1_19_诱虫量,龙潭街道地心,江苏省南京市栖霞区,2024-12-15,7,0.0,2.3383333333333334,62.43833333333333,2024,50,,,,,,,,
稻纵卷叶螟,RLF,龙潭街道地心_1_19_诱虫量,龙潭街道地心,江苏省南京市栖霞区,2024-12-22,7,0.0,2.735714285714286,62.80142857142857,2024,51,,,,,,,,
稻纵卷叶螟,RLF,龙潭街道地心_1_19_诱虫量,龙潭街道地心,江苏省南京市栖霞区,2024-12-29,3,0.0,3.4050000000000002,55.425,2024,52,,,,,,,,
稻纵卷叶螟,RLF,龙袍长江社区稻纵_1_11_诱虫量,龙袍长江社区稻纵,江苏省南京市六合区,2023-05-28,3,37.0,27.689999999999998,56.620000000000005,2023,21,,,,,,,,
稻纵卷叶螟,RLF,龙袍长江社区稻纵_1_11_诱虫量,龙袍长江社区稻纵,江苏省南京市六合区,2023-06-04,7,24.0,26.405714285714286,68.62857142857142,2023,22,32.3,20.1,84.14,74.14,29.6,2.38,48.59,25.72
稻纵卷叶螟,RLF,龙袍长江社区稻纵_1_11_诱虫量,龙袍长江社区稻纵,江苏省南京市六合区,2023-06-11,7,15.0,27.744285714285716,65.33571428571429,2023,23,34.2,16.0,80.43,75.0,31.1,2.66,59.78,28.9
稻纵卷叶螟,RLF,龙袍长江社区稻纵_1_11_诱虫量,龙袍长江社区稻纵,江苏省南京市六合区,2023-06-18,7,11.0,27.00142857142857,78.62857142857142,2023,24,32.4,19.2,80.14,65.0,8.5,2.69,57.13,31.06
稻纵卷叶螟,RLF,龙袍长江社区稻纵_1_11_诱虫量,龙袍长江社区稻纵,江苏省南京市六合区,2023-06-25,7,10.0,29.62,75.54142857142857,2023,25,31.4,20.5,87.57,74.57,82.3,2.55,29.04,21.42
稻纵卷叶螟,RLF,龙袍长江社区稻纵_1_11_诱虫量,龙袍长江社区稻纵,江苏省南京市六合区,2023-07-02,7,3.0,30.392857142857142,77.80714285714285,2023,26,32.8,21.5,86.29,78.86,64.0,2.94,49.98,24.98
稻纵卷叶螟,RLF,龙袍长江社区稻纵_1_11_诱虫量,龙袍长江社区稻纵,江苏省南京市六合区,2023-07-09,7,19.0,31.465714285714284,74.81285714285715,2023,27,32.9,23.9,87.86,82.29,123.1,3.4,45.76,24.46
稻纵卷叶螟,RLF,龙袍长江社区稻纵_1_11_诱虫量,龙袍长江社区稻纵,江苏省南京市六合区,2023-07-16,7,9.0,29.104285714285712,82.3442857142857,2023,28,34.9,24.6,84.57,77.0,27.6,3.38,49.19,28.48
稻纵卷叶螟,RLF,龙袍长江社区稻纵_1_11_诱虫量,龙袍长江社区稻纵,江苏省南京市六合区,2023-07-23,7,24.0,30.924285714285713,76.72,2023,29,31.5,23.5,89.43,84.71,117.0,2.29,34.08,19.55
稻纵卷叶螟,RLF,龙袍长江社区稻纵_1_11_诱虫量,龙袍长江社区稻纵,江苏省南京市六合区,2023-07-30,7,6.0,32.72,73.02714285714286,2023,30,33.2,25.1,86.86,80.86,44.3,3.98,65.75,29.7
稻纵卷叶螟,RLF,龙袍长江社区稻纵_1_11_诱虫量,龙袍长江社区稻纵,江苏省南京市六合区,2023-08-06,7,72.0,32.20428571428572,72.42571428571429,2023,31,34.0,25.0,86.43,76.43,17.1,3.1,81.36,32.83
稻纵卷叶螟,RLF,龙袍长江社区稻纵_1_11_诱虫量,龙袍长江社区稻纵,江苏省南京市六合区,2023-08-13,7,94.0,31.913333333333338,71.92,2023,32,35.1,24.0,83.71,75.14,10.3,2.08,79.69,33.11
稻纵卷叶螟,RLF,龙袍长江社区稻纵_1_11_诱虫量,龙袍长江社区稻纵,江苏省南京市六合区,2023-08-20,7,72.0,30.11285714285714,71.04142857142857,2023,33,33.7,23.9,86.57,81.29,26.5,2.19,77.01,29.64
稻纵卷叶螟,RLF,龙袍长江社区稻纵_1_11_诱虫量,龙袍长江社区稻纵,江苏省南京市六合区,2023-08-27,7,0.0,26.304285714285715,73.05714285714285,2023,34,32.0,22.4,82.71,72.0,27.1,2.8,70.93,31.5
稻纵卷叶螟,RLF,龙袍长江社区稻纵_1_11_诱虫量,龙袍长江社区稻纵,江苏省南京市六合区,2023-09-03,7,0.0,28.37142857142857,74.30142857142857,2023,35,29.4,18.5,86.86,78.57,59.2,2.79,42.5,22.49
稻纵卷叶螟,RLF,龙袍长江社区稻纵_1_11_诱虫量,龙袍长江社区稻纵,江苏省南京市六合区,2023-09-10,7,20.0,25.46142857142857,82.9342857142857,2023,36,31.0,21.7,88.0,73.71,2.5,2.83,74.88,29.19
稻纵卷叶螟,RLF,龙袍长江社区稻纵_1_11_诱虫量,龙袍长江社区稻纵,江苏省南京市六合区,2023-09-17,7,366.0,25.455714285714286,80.04857142857144,2023,37,31.4,20.4,87.43,82.14,74.6,2.74,29.78,17.15
稻纵卷叶螟,RLF,龙袍长江社区稻纵_1_11_诱虫量,龙袍长江社区稻纵,江苏省南京市六合区,2023-09-24,7,80.0,24.807142857142857,81.31428571428572,2023,38,32.0,18.8,88.57,77.57,41.3,2.51,30.18,16.82
稻纵卷叶螟,RLF,龙袍长江社区稻纵_1_11_诱虫量,龙袍长江社区稻纵,江苏省南京市六合区,2023-10-01,7,15.0,21.334285714285716,72.66428571428571,2023,39,28.2,19.1,89.57,82.43,13.3,2.19,45.28,17.44
稻纵卷叶螟,RLF,龙袍长江社区稻纵_1_11_诱虫量,龙袍长江社区稻纵,江苏省南京市六合区,2023-10-08,7,0.0,20.87142857142857,72.60285714285715,2023,40,25.5,15.7,80.86,71.71,21.7,3.55,38.52,19.59
稻纵卷叶螟,RLF,龙袍长江社区稻纵_1_11_诱虫量,龙袍长江社区稻纵,江苏省南京市六合区,2023-10-15,7,0.0,20.93142857142857,65.43571428571428,2023,41,23.6,13.5,84.86,74.14,0.0,2.05,50.14,17.04
稻纵卷叶螟,RLF,龙袍长江社区稻纵_1_11_诱虫量,龙袍长江社区稻纵,江苏省南京市六合区,2023-10-22,7,0.0,20.43142857142857,70.38571428571429,2023,42,26.1,9.6,84.43,62.0,4.0,2.46,71.43,22.45
稻纵卷叶螟,RLF,龙袍长江社区稻纵_1_11_诱虫量,龙袍长江社区稻纵,江苏省南京市六合区,2023-10-29,2,0.0,21.17,68.35,2023,43,25.6,9.6,85.14,64.29,0.0,1.94,60.15,18.61
稻纵卷叶螟,RLF,龙袍长江社区稻纵_1_11_诱虫量,龙袍长江社区稻纵,江苏省南京市六合区,2024-05-26,1,0.0,26.29,47.33,2024,21,,,,,,,,
稻纵卷叶螟,RLF,龙袍长江社区稻纵_1_11_诱虫量,龙袍长江社区稻纵,江苏省南京市六合区,2024-06-02,7,1.0,26.39428571428571,59.74857142857143,2024,22,26.9,14.2,77.71,68.43,42.5,2.69,50.74,25.99
稻纵卷叶螟,RLF,龙袍长江社区稻纵_1_11_诱虫量,龙袍长江社区稻纵,江苏省南京市六合区,2024-06-09,7,2.0,30.532857142857146,60.607142857142854,2024,23,30.9,17.1,76.86,61.71,5.2,2.43,62.66,30.94
稻纵卷叶螟,RLF,龙袍长江社区稻纵_1_11_诱虫量,龙袍长江社区稻纵,江苏省南京市六合区,2024-06-16,7,0.0,28.884285714285713,72.17857142857143,2024,24,34.2,20.7,79.71,58.71,0.7,2.43,71.14,35.09
稻纵卷叶螟,RLF,龙袍长江社区稻纵_1_11_诱虫量,龙袍长江社区稻纵,江苏省南京市六合区,2024-06-23,7,0.0,27.102857142857143,79.32714285714285,2024,25,32.3,21.3,85.0,69.86,96.1,3.32,46.58,27.17
稻纵卷叶螟,RLF,龙袍长江社区稻纵_1_11_诱虫量,龙袍长江社区稻纵,江苏省南京市六合区,2024-06-30,7,0.0,31.509999999999998,69.85142857142857,2024,26,30.9,20.7,88.71,85.57,179.0,2.73,26.58,17.62
稻纵卷叶螟,RLF,龙袍长江社区稻纵_1_11_诱虫量,龙袍长江社区稻纵,江苏省南京市六合区,2024-07-07,7,10.0,29.78857142857143,75.12714285714286,2024,27,34.9,22.6,81.14,78.57,41.8,4.14,62.65,32.6
稻纵卷叶螟,RLF,龙袍长江社区稻纵_1_11_诱虫量,龙袍长江社区稻纵,江苏省南京市六合区,2024-07-14,7,3.0,33.05714285714286,70.49571428571429,2024,28,35.0,21.4,88.57,86.0,168.8,2.44,20.72,18.18
稻纵卷叶螟,RLF,龙袍长江社区稻纵_1_11_诱虫量,龙袍长江社区稻纵,江苏省南京市六合区,2024-07-21,7,0.0,34.12714285714286,67.81142857142858,2024,29,35.2,24.3,81.86,78.57,22.4,3.39,35.37,25.73
稻纵卷叶螟,RLF,龙袍长江社区稻纵_1_11_诱虫量,龙袍长江社区稻纵,江苏省南京市六合区,2024-07-28,7,14.0,35.82285714285714,64.31428571428572,2024,30,36.7,27.0,80.57,71.86,6.1,4.7,71.71,37.84
稻纵卷叶螟,RLF,龙袍长江社区稻纵_1_11_诱虫量,龙袍长江社区稻纵,江苏省南京市六合区,2024-08-04,7,81.0,35.347142857142856,67.17,2024,31,37.5,27.6,76.0,71.57,9.5,2.75,86.5,40.56
稻纵卷叶螟,RLF,龙袍长江社区稻纵_1_11_诱虫量,龙袍长江社区稻纵,江苏省南京市六合区,2024-08-11,7,157.0,32.934285714285714,70.53714285714285,2024,32,37.8,27.1,76.86,66.71,62.0,1.88,83.96,39.02
稻纵卷叶螟,RLF,龙袍长江社区稻纵_1_11_诱虫量,龙袍长江社区稻纵,江苏省南京市六合区,2024-08-18,7,0.0,32.05285714285714,75.45428571428572,2024,33,36.3,24.9,84.43,67.71,34.3,2.42,75.24,33.56
稻纵卷叶螟,RLF,龙袍长江社区稻纵_1_11_诱虫量,龙袍长江社区稻纵,江苏省南京市六合区,2024-08-25,7,0.0,31.72142857142857,74.24428571428572,2024,34,34.7,25.4,84.71,77.86,50.4,1.93,64.42,27.34
稻纵卷叶螟,RLF,龙袍长江社区稻纵_1_11_诱虫量,龙袍长江社区稻纵,江苏省南京市六合区,2024-09-01,7,0.0,31.471428571428568,73.95857142857143,2024,35,35.2,24.1,83.43,71.71,6.3,2.35,74.77,30.13
稻纵卷叶螟,RLF,龙袍长江社区稻纵_1_11_诱虫量,龙袍长江社区稻纵,江苏省南京市六合区,2024-09-08,7,49.0,31.25857142857143,78.56285714285714,2024,36,33.8,24.2,79.29,68.43,2.9,3.23,78.8,33.31
稻纵卷叶螟,RLF,龙袍长江社区稻纵_1_11_诱虫量,龙袍长江社区稻纵,江苏省南京市六合区,2024-09-15,7,48.0,26.983333333333334,81.27833333333334,2024,37,33.8,23.6,88.14,80.14,83.0,3.4,57.66,23.89
稻纵卷叶螟,RLF,龙袍长江社区稻纵_1_11_诱虫量,龙袍长江社区稻纵,江苏省南京市六合区,2024-09-22,7,57.0,24.31714285714286,68.61142857142856,2024,38,31.6,17.4,81.14,76.86,124.9,5.49,54.64,24.01
稻纵卷叶螟,RLF,龙袍长江社区稻纵_1_11_诱虫量,龙袍长江社区稻纵,江苏省南京市六合区,2024-09-29,7,24.0,10.675,40.15,2024,39,29.1,15.8,86.14,76.0,15.1,2.67,66.18,23.31
稻纵卷叶螟,RLF,龙袍长江社区稻纵_1_11_诱虫量,龙袍长江社区稻纵,江苏省南京市六合区,2024-10-06,7,36.0,0.0,0.0,2024,40,28.6,11.9,79.0,72.14,17.2,3.38,48.16,18.62
稻纵卷叶螟,RLF,龙袍长江社区稻纵_1_11_诱虫量,龙袍长江社区稻纵,江苏省南京市六合区,2024-10-13,7,80.0,0.0,0.0,2024,41,25.2,13.1,85.0,74.71,16.7,2.16,49.5,16.94
稻纵卷叶螟,RLF,龙袍长江社区稻纵_1_11_诱虫量,龙袍长江社区稻纵,江苏省南京市六合区,2024-10-20,7,0.0,0.0,0.0,2024,42,27.2,11.2,86.57,77.0,49.2,3.66,31.77,14.95
稻纵卷叶螟,RLF,龙袍长江社区稻纵_1_11_诱虫量,龙袍长江社区稻纵,江苏省南京市六合区,2024-10-27,4,1.0,0.0,0.0,2024,43,22.3,8.6,88.29,80.43,20.0,3.16,35.15,12.25
稻纵卷叶螟,RLF,龙袍长江社区稻纵_1_18_诱虫量,龙袍长江社区稻纵,江苏省南京市六合区,2023-01-01,7,0.0,9.394285714285715,56.93,2022,52,,,,,,,,
稻纵卷叶螟,RLF,龙袍长江社区稻纵_1_18_诱虫量,龙袍长江社区稻纵,江苏省南京市六合区,2023-01-08,6,0.0,11.311666666666667,74.535,2023,1,,,,,,,,
稻纵卷叶螟,RLF,龙袍长江社区稻纵_1_18_诱虫量,龙袍长江社区稻纵,江苏省南京市六合区,2023-01-15,7,0.0,5.6571428571428575,52.69571428571429,2023,2,,,,,,,,
稻纵卷叶螟,RLF,龙袍长江社区稻纵_1_18_诱虫量,龙袍长江社区稻纵,江苏省南京市六合区,2023-01-22,7,0.0,2.9314285714285715,56.95285714285715,2023,3,,,,,,,,
稻纵卷叶螟,RLF,龙袍长江社区稻纵_1_18_诱虫量,龙袍长江社区稻纵,江苏省南京市六合区,2023-01-29,7,0.0,8.295714285714286,51.42714285714286,2023,4,,,,,,,,
稻纵卷叶螟,RLF,龙袍长江社区稻纵_1_18_诱虫量,龙袍长江社区稻纵,江苏省南京市六合区,2023-02-05,7,0.0,7.163333333333334,86.88833333333334,2023,5,,,,,,,,
稻纵卷叶螟,RLF,龙袍长江社区稻纵_1_18_诱虫量,龙袍长江社区稻纵,江苏省南京市六合区,2023-02-12,7,5.0,7.910000000000001,69.53428571428572,2023,6,,,,,,,,
稻纵卷叶螟,RLF,龙袍长江社区稻纵_1_18_诱虫量,龙袍长江社区稻纵,江苏省南京市六合区,2023-02-19,7,0.0,7.1571428571428575,60.721428571428575,2023,7,,,,,,,,
稻纵卷叶螟,RLF,龙袍长江社区稻纵_1_18_诱虫量,龙袍长江社区稻纵,江苏省南京市六合区,2023-02-26,7,0.0,12.817142857142857,48.637142857142855,2023,8,,,,,,,,
稻纵卷叶螟,RLF,龙袍长江社区稻纵_1_18_诱虫量,龙袍长江社区稻纵,江苏省南京市六合区,2023-03-05,7,0.0,20.79,47.644285714285715,2023,9,,,,,,,,
稻纵卷叶螟,RLF,龙袍长江社区稻纵_1_18_诱虫量,龙袍长江社区稻纵,江苏省南京市六合区,2023-03-12,7,0.0,13.764285714285714,49.864285714285714,2023,10,,,,,,,,
稻纵卷叶螟,RLF,龙袍长江社区稻纵_1_18_诱虫量,龙袍长江社区稻纵,江苏省南京市六合区,2023-03-19,7,1.0,11.901428571428571,73.30571428571429,2023,11,,,,,,,,
稻纵卷叶螟,RLF,龙袍长江社区稻纵_1_18_诱虫量,龙袍长江社区稻纵,江苏省南京市六合区,2023-03-26,7,0.0,15.922857142857143,59.11714285714286,2023,12,,,,,,,,
稻纵卷叶螟,RLF,龙袍长江社区稻纵_1_18_诱虫量,龙袍长江社区稻纵,江苏省南京市六合区,2023-04-02,7,0.0,14.844285714285714,69.97,2023,13,,,,,,,,
稻纵卷叶螟,RLF,龙袍长江社区稻纵_1_18_诱虫量,龙袍长江社区稻纵,江苏省南京市六合区,2023-04-09,7,7.0,21.177142857142858,50.722857142857144,2023,14,,,,,,,,
稻纵卷叶螟,RLF,龙袍长江社区稻纵_1_18_诱虫量,龙袍长江社区稻纵,江苏省南京市六合区,2023-04-16,7,0.0,21.341428571428573,60.71714285714286,2023,15,,,,,,,,
稻纵卷叶螟,RLF,龙袍长江社区稻纵_1_18_诱虫量,龙袍长江社区稻纵,江苏省南京市六合区,2023-04-23,7,15.0,17.5,64.13571428571429,2023,16,,,,,,,,
稻纵卷叶螟,RLF,龙袍长江社区稻纵_1_18_诱虫量,龙袍长江社区稻纵,江苏省南京市六合区,2023-04-30,7,161.0,22.00142857142857,69.96714285714286,2023,17,,,,,,,,
稻纵卷叶螟,RLF,龙袍长江社区稻纵_1_18_诱虫量,龙袍长江社区稻纵,江苏省南京市六合区,2023-05-07,7,25.0,20.642857142857142,60.029999999999994,2023,18,,,,,,,,
稻纵卷叶螟,RLF,龙袍长江社区稻纵_1_18_诱虫量,龙袍长江社区稻纵,江苏省南京市六合区,2023-05-14,7,53.0,25.147142857142857,63.67285714285715,2023,19,,,,,,,,
稻纵卷叶螟,RLF,龙袍长江社区稻纵_1_18_诱虫量,龙袍长江社区稻纵,江苏省南京市六合区,2023-05-21,7,36.0,23.732857142857142,66.94571428571429,2023,20,,,,,,,,
稻纵卷叶螟,RLF,龙袍长江社区稻纵_1_18_诱虫量,龙袍长江社区稻纵,江苏省南京市六合区,2023-05-28,4,62.0,25.29,80.7,2023,21,,,,,,,,
稻纵卷叶螟,RLF,龙袍长江社区稻纵_1_18_诱虫量,龙袍长江社区稻纵,江苏省南京市六合区,2023-10-29,5,9.0,22.766,69.044,2023,43,25.6,9.6,85.14,64.29,0.0,1.94,60.15,18.61
稻纵卷叶螟,RLF,龙袍长江社区稻纵_1_18_诱虫量,龙袍长江社区稻纵,江苏省南京市六合区,2023-11-05,5,0.0,12.915,76.1675,2023,44,27.6,12.9,83.57,69.14,0.8,2.48,60.23,19.36
稻纵卷叶螟,RLF,龙袍长江社区稻纵_1_18_诱虫量,龙袍长江社区稻纵,江苏省南京市六合区,2023-11-12,7,0.0,3.1542857142857144,33.25,2023,45,,,,,,,,
稻纵卷叶螟,RLF,龙袍长江社区稻纵_1_18_诱虫量,龙袍长江社区稻纵,江苏省南京市六合区,2023-11-19,7,0.0,12.247142857142858,62.81285714285714,2023,46,,,,,,,,
稻纵卷叶螟,RLF,龙袍长江社区稻纵_1_18_诱虫量,龙袍长江社区稻纵,江苏省南京市六合区,2023-11-26,7,0.0,8.129999999999999,62.96857142857142,2023,47,,,,,,,,
稻纵卷叶螟,RLF,龙袍长江社区稻纵_1_18_诱虫量,龙袍长江社区稻纵,江苏省南京市六合区,2023-12-03,7,0.0,12.322857142857144,58.129999999999995,2023,48,,,,,,,,
稻纵卷叶螟,RLF,龙袍长江社区稻纵_1_18_诱虫量,龙袍长江社区稻纵,江苏省南京市六合区,2023-12-10,7,0.0,5.515714285714286,56.01714285714286,2023,49,,,,,,,,
稻纵卷叶螟,RLF,龙袍长江社区稻纵_1_18_诱虫量,龙袍长江社区稻纵,江苏省南京市六合区,2023-12-17,7,0.0,0.0,0.0,2023,50,,,,,,,,
稻纵卷叶螟,RLF,龙袍长江社区稻纵_1_18_诱虫量,龙袍长江社区稻纵,江苏省南京市六合区,2023-12-24,7,0.0,0.0,0.0,2023,51,,,,,,,,
稻纵卷叶螟,RLF,龙袍长江社区稻纵_1_18_诱虫量,龙袍长江社区稻纵,江苏省南京市六合区,2023-12-31,7,0.0,0.0,0.0,2023,52,,,,,,,,
稻纵卷叶螟,RLF,龙袍长江社区稻纵_1_18_诱虫量,龙袍长江社区稻纵,江苏省南京市六合区,2024-01-07,7,0.0,0.0,0.0,2024,1,,,,,,,,
稻纵卷叶螟,RLF,龙袍长江社区稻纵_1_18_诱虫量,龙袍长江社区稻纵,江苏省南京市六合区,2024-01-14,7,0.0,0.17142857142857143,5.257142857142857,2024,2,,,,,,,,
稻纵卷叶螟,RLF,龙袍长江社区稻纵_1_18_诱虫量,龙袍长江社区稻纵,江苏省南京市六合区,2024-01-21,7,0.0,-1.3442857142857143,58.81142857142857,2024,3,,,,,,,,
稻纵卷叶螟,RLF,龙袍长江社区稻纵_1_18_诱虫量,龙袍长江社区稻纵,江苏省南京市六合区,2024-01-28,7,0.0,2.08,71.08714285714287,2024,4,,,,,,,,
稻纵卷叶螟,RLF,龙袍长江社区稻纵_1_18_诱虫量,龙袍长江社区稻纵,江苏省南京市六合区,2024-02-04,7,0.0,3.6485714285714286,75.54142857142857,2024,5,,,,,,,,
稻纵卷叶螟,RLF,龙袍长江社区稻纵_1_18_诱虫量,龙袍长江社区稻纵,江苏省南京市六合区,2024-02-11,7,0.0,10.98857142857143,64.94857142857143,2024,6,,,,,,,,
稻纵卷叶螟,RLF,龙袍长江社区稻纵_1_18_诱虫量,龙袍长江社区稻纵,江苏省南京市六合区,2024-02-18,7,0.0,4.175714285714286,80.12857142857142,2024,7,,,,,,,,
稻纵卷叶螟,RLF,龙袍长江社区稻纵_1_18_诱虫量,龙袍长江社区稻纵,江苏省南京市六合区,2024-02-25,7,0.0,3.0933333333333333,39.66833333333333,2024,8,,,,,,,,
稻纵卷叶螟,RLF,龙袍长江社区稻纵_1_18_诱虫量,龙袍长江社区稻纵,江苏省南京市六合区,2024-03-03,7,0.0,0.0,0.0,2024,9,,,,,,,,
稻纵卷叶螟,RLF,龙袍长江社区稻纵_1_18_诱虫量,龙袍长江社区稻纵,江苏省南京市六合区,2024-03-10,7,2.0,0.0,0.0,2024,10,,,,,,,,
稻纵卷叶螟,RLF,龙袍长江社区稻纵_1_18_诱虫量,龙袍长江社区稻纵,江苏省南京市六合区,2024-03-17,7,0.0,0.0,0.0,2024,11,,,,,,,,
稻纵卷叶螟,RLF,龙袍长江社区稻纵_1_18_诱虫量,龙袍长江社区稻纵,江苏省南京市六合区,2024-03-24,7,0.0,12.182857142857143,57.03142857142857,2024,12,,,,,,,,
稻纵卷叶螟,RLF,龙袍长江社区稻纵_1_18_诱虫量,龙袍长江社区稻纵,江苏省南京市六合区,2024-03-31,7,0.0,18.274285714285714,45.22428571428571,2024,13,,,,,,,,
稻纵卷叶螟,RLF,龙袍长江社区稻纵_1_18_诱虫量,龙袍长江社区稻纵,江苏省南京市六合区,2024-04-07,7,0.0,21.177142857142858,64.29571428571428,2024,14,,,,,,,,
稻纵卷叶螟,RLF,龙袍长江社区稻纵_1_18_诱虫量,龙袍长江社区稻纵,江苏省南京市六合区,2024-04-14,7,0.0,20.544285714285714,71.41714285714286,2024,15,,,,,,,,
稻纵卷叶螟,RLF,龙袍长江社区稻纵_1_18_诱虫量,龙袍长江社区稻纵,江苏省南京市六合区,2024-04-21,7,0.0,22.124285714285715,64.03714285714285,2024,16,,,,,,,,
稻纵卷叶螟,RLF,龙袍长江社区稻纵_1_18_诱虫量,龙袍长江社区稻纵,江苏省南京市六合区,2024-04-28,7,0.0,19.59,68.08333333333333,2024,17,,,,,,,,
稻纵卷叶螟,RLF,龙袍长江社区稻纵_1_18_诱虫量,龙袍长江社区稻纵,江苏省南京市六合区,2024-05-05,7,0.0,24.798571428571428,58.65,2024,18,,,,,,,,
稻纵卷叶螟,RLF,龙袍长江社区稻纵_1_18_诱虫量,龙袍长江社区稻纵,江苏省南京市六合区,2024-05-12,7,0.0,31.037142857142857,39.707142857142856,2024,19,,,,,,,,
稻纵卷叶螟,RLF,龙袍长江社区稻纵_1_18_诱虫量,龙袍长江社区稻纵,江苏省南京市六合区,2024-05-19,7,3.0,32.044285714285714,50.16428571428572,2024,20,,,,,,,,
稻纵卷叶螟,RLF,龙袍长江社区稻纵_1_18_诱虫量,龙袍长江社区稻纵,江苏省南京市六合区,2024-05-26,6,0.0,24.583333333333332,63.63999999999999,2024,21,,,,,,,,
稻纵卷叶螟,RLF,龙袍长江社区稻纵_1_18_诱虫量,龙袍长江社区稻纵,江苏省南京市六合区,2024-10-27,3,0.0,0.0,0.0,2024,43,22.3,8.6,88.29,80.43,20.0,3.16,35.15,12.25
稻纵卷叶螟,RLF,龙袍长江社区稻纵_1_18_诱虫量,龙袍长江社区稻纵,江苏省南京市六合区,2024-11-03,7,0.0,0.0,0.0,2024,44,22.0,9.3,87.57,74.57,6.8,2.95,55.84,15.81
稻纵卷叶螟,RLF,龙袍长江社区稻纵_1_18_诱虫量,龙袍长江社区稻纵,江苏省南京市六合区,2024-11-10,7,0.0,0.0,0.0,2024,45,,,,,,,,
稻纵卷叶螟,RLF,龙袍长江社区稻纵_1_18_诱虫量,龙袍长江社区稻纵,江苏省南京市六合区,2024-11-17,7,0.0,,,2024,46,,,,,,,,
稻纵卷叶螟,RLF,龙袍长江社区稻纵_1_18_诱虫量,龙袍长江社区稻纵,江苏省南京市六合区,2024-11-24,7,0.0,0.0,0.0,2024,47,,,,,,,,
稻纵卷叶螟,RLF,龙袍长江社区稻纵_1_18_诱虫量,龙袍长江社区稻纵,江苏省南京市六合区,2024-12-01,7,0.0,0.0,0.0,2024,48,,,,,,,,
稻纵卷叶螟,RLF,龙袍长江社区稻纵_1_18_诱虫量,龙袍长江社区稻纵,江苏省南京市六合区,2024-12-08,7,0.0,0.0,0.0,2024,49,,,,,,,,
稻纵卷叶螟,RLF,龙袍长江社区稻纵_1_18_诱虫量,龙袍长江社区稻纵,江苏省南京市六合区,2024-12-15,7,0.0,0.0,0.0,2024,50,,,,,,,,
稻纵卷叶螟,RLF,龙袍长江社区稻纵_1_18_诱虫量,龙袍长江社区稻纵,江苏省南京市六合区,2024-12-22,7,0.0,0.0,0.0,2024,51,,,,,,,,
稻纵卷叶螟,RLF,龙袍长江社区稻纵_1_18_诱虫量,龙袍长江社区稻纵,江苏省南京市六合区,2024-12-29,3,0.0,0.0,0.0,2024,52,,,,,,,,
二化螟,SSB,冶山街道 二化螟_1_7_诱虫量,冶山街道 二化螟,江苏省南京市六合区,2023-01-01,7,0.0,,,2022,52,,,,,,,,
二化螟,SSB,冶山街道 二化螟_1_7_诱虫量,冶山街道 二化螟,江苏省南京市六合区,2023-01-08,7,0.0,0.0,0.0,2023,1,,,,,,,,
二化螟,SSB,冶山街道 二化螟_1_7_诱虫量,冶山街道 二化螟,江苏省南京市六合区,2023-01-15,7,0.0,,,2023,2,,,,,,,,
二化螟,SSB,冶山街道 二化螟_1_7_诱虫量,冶山街道 二化螟,江苏省南京市六合区,2023-01-22,7,0.0,,,2023,3,,,,,,,,
二化螟,SSB,冶山街道 二化螟_1_7_诱虫量,冶山街道 二化螟,江苏省南京市六合区,2023-01-29,7,0.0,,,2023,4,,,,,,,,
二化螟,SSB,冶山街道 二化螟_1_7_诱虫量,冶山街道 二化螟,江苏省南京市六合区,2023-02-05,7,0.0,0.0,0.0,2023,5,,,,,,,,
二化螟,SSB,冶山街道 二化螟_1_7_诱虫量,冶山街道 二化螟,江苏省南京市六合区,2023-02-12,7,2.0,0.0,0.0,2023,6,,,,,,,,
二化螟,SSB,冶山街道 二化螟_1_7_诱虫量,冶山街道 二化螟,江苏省南京市六合区,2023-02-19,7,0.0,,,2023,7,,,,,,,,
二化螟,SSB,冶山街道 二化螟_1_7_诱虫量,冶山街道 二化螟,江苏省南京市六合区,2023-02-26,7,0.0,,,2023,8,,,,,,,,
二化螟,SSB,冶山街道 二化螟_1_7_诱虫量,冶山街道 二化螟,江苏省南京市六合区,2023-03-05,7,0.0,,,2023,9,,,,,,,,
二化螟,SSB,冶山街道 二化螟_1_7_诱虫量,冶山街道 二化螟,江苏省南京市六合区,2023-03-12,7,0.0,,,2023,10,,,,,,,,
二化螟,SSB,冶山街道 二化螟_1_7_诱虫量,冶山街道 二化螟,江苏省南京市六合区,2023-03-19,7,3.0,,,2023,11,,,,,,,,
二化螟,SSB,冶山街道 二化螟_1_7_诱虫量,冶山街道 二化螟,江苏省南京市六合区,2023-03-26,7,0.0,,,2023,12,,,,,,,,
二化螟,SSB,冶山街道 二化螟_1_7_诱虫量,冶山街道 二化螟,江苏省南京市六合区,2023-04-02,7,0.0,,,2023,13,,,,,,,,
二化螟,SSB,冶山街道 二化螟_1_7_诱虫量,冶山街道 二化螟,江苏省南京市六合区,2023-04-09,7,1.0,,,2023,14,,,,,,,,
二化螟,SSB,冶山街道 二化螟_1_7_诱虫量,冶山街道 二化螟,江苏省南京市六合区,2023-04-16,7,0.0,,,2023,15,,,,,,,,
二化螟,SSB,冶山街道 二化螟_1_7_诱虫量,冶山街道 二化螟,江苏省南京市六合区,2023-04-23,7,0.0,,,2023,16,,,,,,,,
二化螟,SSB,冶山街道 二化螟_1_7_诱虫量,冶山街道 二化螟,江苏省南京市六合区,2023-04-30,7,10.0,,,2023,17,,,,,,,,
二化螟,SSB,冶山街道 二化螟_1_7_诱虫量,冶山街道 二化螟,江苏省南京市六合区,2023-05-07,7,6.0,,,2023,18,,,,,,,,
二化螟,SSB,冶山街道 二化螟_1_7_诱虫量,冶山街道 二化螟,江苏省南京市六合区,2023-05-14,7,52.0,,,2023,19,,,,,,,,
二化螟,SSB,冶山街道 二化螟_1_7_诱虫量,冶山街道 二化螟,江苏省南京市六合区,2023-05-21,7,24.0,,,2023,20,,,,,,,,
二化螟,SSB,冶山街道 二化螟_1_7_诱虫量,冶山街道 二化螟,江苏省南京市六合区,2023-05-28,7,95.0,0.0,0.0,2023,21,,,,,,,,
二化螟,SSB,冶山街道 二化螟_1_7_诱虫量,冶山街道 二化螟,江苏省南京市六合区,2023-06-04,7,32.0,0.0,0.0,2023,22,32.3,20.1,84.14,74.14,29.6,2.38,48.59,25.72
二化螟,SSB,冶山街道 二化螟_1_7_诱虫量,冶山街道 二化螟,江苏省南京市六合区,2023-06-11,7,7.0,,,2023,23,34.2,16.0,80.43,75.0,31.1,2.66,59.78,28.9
二化螟,SSB,冶山街道 二化螟_1_7_诱虫量,冶山街道 二化螟,江苏省南京市六合区,2023-06-18,7,2.0,,,2023,24,32.4,19.2,80.14,65.0,8.5,2.69,57.13,31.06
二化螟,SSB,冶山街道 二化螟_1_7_诱虫量,冶山街道 二化螟,江苏省南京市六合区,2023-06-25,7,1.0,,,2023,25,31.4,20.5,87.57,74.57,82.3,2.55,29.04,21.42
二化螟,SSB,冶山街道 二化螟_1_7_诱虫量,冶山街道 二化螟,江苏省南京市六合区,2023-07-02,7,0.0,,,2023,26,32.8,21.5,86.29,78.86,64.0,2.94,49.98,24.98
二化螟,SSB,冶山街道 二化螟_1_7_诱虫量,冶山街道 二化螟,江苏省南京市六合区,2023-07-09,7,0.0,,,2023,27,32.9,23.9,87.86,82.29,123.1,3.4,45.76,24.46
二化螟,SSB,冶山街道 二化螟_1_7_诱虫量,冶山街道 二化螟,江苏省南京市六合区,2023-07-16,7,0.0,0.0,0.0,2023,28,34.9,24.6,84.57,77.0,27.6,3.38,49.19,28.48
二化螟,SSB,冶山街道 二化螟_1_7_诱虫量,冶山街道 二化螟,江苏省南京市六合区,2023-07-23,7,0.0,,,2023,29,31.5,23.5,89.43,84.71,117.0,2.29,34.08,19.55
二化螟,SSB,冶山街道 二化螟_1_7_诱虫量,冶山街道 二化螟,江苏省南京市六合区,2023-07-30,7,0.0,0.0,0.0,2023,30,33.2,25.1,86.86,80.86,44.3,3.98,65.75,29.7
二化螟,SSB,冶山街道 二化螟_1_7_诱虫量,冶山街道 二化螟,江苏省南京市六合区,2023-08-06,7,1.0,0.0,0.0,2023,31,34.0,25.0,86.43,76.43,17.1,3.1,81.36,32.83
二化螟,SSB,冶山街道 二化螟_1_7_诱虫量,冶山街道 二化螟,江苏省南京市六合区,2023-08-13,6,0.0,,,2023,32,35.1,24.0,83.71,75.14,10.3,2.08,79.69,33.11
二化螟,SSB,冶山街道 二化螟_1_7_诱虫量,冶山街道 二化螟,江苏省南京市六合区,2023-08-20,7,0.0,,,2023,33,33.7,23.9,86.57,81.29,26.5,2.19,77.01,29.64
二化螟,SSB,冶山街道 二化螟_1_7_诱虫量,冶山街道 二化螟,江苏省南京市六合区,2023-08-27,7,2.0,,,2023,34,32.0,22.4,82.71,72.0,27.1,2.8,70.93,31.5
二化螟,SSB,冶山街道 二化螟_1_7_诱虫量,冶山街道 二化螟,江苏省南京市六合区,2023-09-03,7,2.0,,,2023,35,29.4,18.5,86.86,78.57,59.2,2.79,42.5,22.49
二化螟,SSB,冶山街道 二化螟_1_7_诱虫量,冶山街道 二化螟,江苏省南京市六合区,2023-09-10,7,4.0,0.0,0.0,2023,36,31.0,21.7,88.0,73.71,2.5,2.83,74.88,29.19
二化螟,SSB,冶山街道 二化螟_1_7_诱虫量,冶山街道 二化螟,江苏省南京市六合区,2023-09-17,7,3.0,,,2023,37,31.4,20.4,87.43,82.14,74.6,2.74,29.78,17.15
二化螟,SSB,冶山街道 二化螟_1_7_诱虫量,冶山街道 二化螟,江苏省南京市六合区,2023-09-24,7,0.0,0.0,0.0,2023,38,32.0,18.8,88.57,77.57,41.3,2.51,30.18,16.82
二化螟,SSB,冶山街道 二化螟_1_7_诱虫量,冶山街道 二化螟,江苏省南京市六合区,2023-10-01,7,0.0,,,2023,39,28.2,19.1,89.57,82.43,13.3,2.19,45.28,17.44
二化螟,SSB,冶山街道 二化螟_1_7_诱虫量,冶山街道 二化螟,江苏省南京市六合区,2023-10-08,7,0.0,,,2023,40,25.5,15.7,80.86,71.71,21.7,3.55,38.52,19.59
二化螟,SSB,冶山街道 二化螟_1_7_诱虫量,冶山街道 二化螟,江苏省南京市六合区,2023-10-15,7,0.0,,,2023,41,23.6,13.5,84.86,74.14,0.0,2.05,50.14,17.04
二化螟,SSB,冶山街道 二化螟_1_7_诱虫量,冶山街道 二化螟,江苏省南京市六合区,2023-10-22,7,0.0,0.0,0.0,2023,42,26.1,9.6,84.43,62.0,4.0,2.46,71.43,22.45
二化螟,SSB,冶山街道 二化螟_1_7_诱虫量,冶山街道 二化螟,江苏省南京市六合区,2023-10-29,7,0.0,0.0,0.0,2023,43,25.6,9.6,85.14,64.29,0.0,1.94,60.15,18.61
二化螟,SSB,冶山街道 二化螟_1_7_诱虫量,冶山街道 二化螟,江苏省南京市六合区,2023-11-05,5,0.0,,,2023,44,27.6,12.9,83.57,69.14,0.8,2.48,60.23,19.36
二化螟,SSB,冶山街道 二化螟_1_7_诱虫量,冶山街道 二化螟,江苏省南京市六合区,2023-11-12,7,0.0,,,2023,45,,,,,,,,
二化螟,SSB,冶山街道 二化螟_1_7_诱虫量,冶山街道 二化螟,江苏省南京市六合区,2023-11-19,7,0.0,,,2023,46,,,,,,,,
二化螟,SSB,冶山街道 二化螟_1_7_诱虫量,冶山街道 二化螟,江苏省南京市六合区,2023-11-26,7,0.0,,,2023,47,,,,,,,,
二化螟,SSB,冶山街道 二化螟_1_7_诱虫量,冶山街道 二化螟,江苏省南京市六合区,2023-12-03,7,0.0,,,2023,48,,,,,,,,
二化螟,SSB,冶山街道 二化螟_1_7_诱虫量,冶山街道 二化螟,江苏省南京市六合区,2023-12-10,7,0.0,0.0,0.0,2023,49,,,,,,,,
二化螟,SSB,冶山街道 二化螟_1_7_诱虫量,冶山街道 二化螟,江苏省南京市六合区,2023-12-17,7,0.0,,,2023,50,,,,,,,,
二化螟,SSB,冶山街道 二化螟_1_7_诱虫量,冶山街道 二化螟,江苏省南京市六合区,2023-12-24,7,0.0,0.0,0.0,2023,51,,,,,,,,
二化螟,SSB,冶山街道 二化螟_1_7_诱虫量,冶山街道 二化螟,江苏省南京市六合区,2023-12-31,7,0.0,,,2023,52,,,,,,,,
二化螟,SSB,冶山街道 二化螟_1_7_诱虫量,冶山街道 二化螟,江苏省南京市六合区,2024-01-07,7,0.0,,,2024,1,,,,,,,,
二化螟,SSB,冶山街道 二化螟_1_7_诱虫量,冶山街道 二化螟,江苏省南京市六合区,2024-01-14,7,0.0,,,2024,2,,,,,,,,
二化螟,SSB,冶山街道 二化螟_1_7_诱虫量,冶山街道 二化螟,江苏省南京市六合区,2024-01-21,7,0.0,,,2024,3,,,,,,,,
二化螟,SSB,冶山街道 二化螟_1_7_诱虫量,冶山街道 二化螟,江苏省南京市六合区,2024-01-28,7,0.0,0.0,0.0,2024,4,,,,,,,,
二化螟,SSB,冶山街道 二化螟_1_7_诱虫量,冶山街道 二化螟,江苏省南京市六合区,2024-02-04,7,0.0,,,2024,5,,,,,,,,
二化螟,SSB,冶山街道 二化螟_1_7_诱虫量,冶山街道 二化螟,江苏省南京市六合区,2024-02-11,7,0.0,,,2024,6,,,,,,,,
二化螟,SSB,冶山街道 二化螟_1_7_诱虫量,冶山街道 二化螟,江苏省南京市六合区,2024-02-18,7,0.0,0.0,0.0,2024,7,,,,,,,,
二化螟,SSB,冶山街道 二化螟_1_7_诱虫量,冶山街道 二化螟,江苏省南京市六合区,2024-02-25,7,0.0,0.0,0.0,2024,8,,,,,,,,
二化螟,SSB,冶山街道 二化螟_1_7_诱虫量,冶山街道 二化螟,江苏省南京市六合区,2024-03-03,7,0.0,,,2024,9,,,,,,,,
二化螟,SSB,冶山街道 二化螟_1_7_诱虫量,冶山街道 二化螟,江苏省南京市六合区,2024-03-10,7,2.0,,,2024,10,,,,,,,,
二化螟,SSB,冶山街道 二化螟_1_7_诱虫量,冶山街道 二化螟,江苏省南京市六合区,2024-03-17,7,0.0,,,2024,11,,,,,,,,
二化螟,SSB,冶山街道 二化螟_1_7_诱虫量,冶山街道 二化螟,江苏省南京市六合区,2024-03-24,7,0.0,,,2024,12,,,,,,,,
二化螟,SSB,冶山街道 二化螟_1_7_诱虫量,冶山街道 二化螟,江苏省南京市六合区,2024-03-31,7,0.0,,,2024,13,,,,,,,,
二化螟,SSB,冶山街道 二化螟_1_7_诱虫量,冶山街道 二化螟,江苏省南京市六合区,2024-04-07,7,1.0,,,2024,14,,,,,,,,
二化螟,SSB,冶山街道 二化螟_1_7_诱虫量,冶山街道 二化螟,江苏省南京市六合区,2024-04-14,7,2.0,,,2024,15,,,,,,,,
二化螟,SSB,冶山街道 二化螟_1_7_诱虫量,冶山街道 二化螟,江苏省南京市六合区,2024-04-21,7,3.0,,,2024,16,,,,,,,,
二化螟,SSB,冶山街道 二化螟_1_7_诱虫量,冶山街道 二化螟,江苏省南京市六合区,2024-04-28,7,4.0,,,2024,17,,,,,,,,
二化螟,SSB,冶山街道 二化螟_1_7_诱虫量,冶山街道 二化螟,江苏省南京市六合区,2024-05-05,7,28.0,,,2024,18,,,,,,,,
二化螟,SSB,冶山街道 二化螟_1_7_诱虫量,冶山街道 二化螟,江苏省南京市六合区,2024-05-12,7,103.0,,,2024,19,,,,,,,,
二化螟,SSB,冶山街道 二化螟_1_7_诱虫量,冶山街道 二化螟,江苏省南京市六合区,2024-05-19,7,340.0,0.0,0.0,2024,20,,,,,,,,
二化螟,SSB,冶山街道 二化螟_1_7_诱虫量,冶山街道 二化螟,江苏省南京市六合区,2024-05-26,7,89.0,,,2024,21,,,,,,,,
二化螟,SSB,冶山街道 二化螟_1_7_诱虫量,冶山街道 二化螟,江苏省南京市六合区,2024-06-02,7,55.0,,,2024,22,26.9,14.2,77.71,68.43,42.5,2.69,50.74,25.99
二化螟,SSB,冶山街道 二化螟_1_7_诱虫量,冶山街道 二化螟,江苏省南京市六合区,2024-06-09,7,17.0,0.0,0.0,2024,23,30.9,17.1,76.86,61.71,5.2,2.43,62.66,30.94
二化螟,SSB,冶山街道 二化螟_1_7_诱虫量,冶山街道 二化螟,江苏省南京市六合区,2024-06-16,7,6.0,,,2024,24,34.2,20.7,79.71,58.71,0.7,2.43,71.14,35.09
二化螟,SSB,冶山街道 二化螟_1_7_诱虫量,冶山街道 二化螟,江苏省南京市六合区,2024-06-23,7,6.0,,,2024,25,32.3,21.3,85.0,69.86,96.1,3.32,46.58,27.17
二化螟,SSB,冶山街道 二化螟_1_7_诱虫量,冶山街道 二化螟,江苏省南京市六合区,2024-06-30,7,3.0,0.0,0.0,2024,26,30.9,20.7,88.71,85.57,179.0,2.73,26.58,17.62
二化螟,SSB,冶山街道 二化螟_1_7_诱虫量,冶山街道 二化螟,江苏省南京市六合区,2024-07-07,7,0.0,,,2024,27,34.9,22.6,81.14,78.57,41.8,4.14,62.65,32.6
二化螟,SSB,冶山街道 二化螟_1_7_诱虫量,冶山街道 二化螟,江苏省南京市六合区,2024-07-14,7,0.0,,,2024,28,35.0,21.4,88.57,86.0,168.8,2.44,20.72,18.18
二化螟,SSB,冶山街道 二化螟_1_7_诱虫量,冶山街道 二化螟,江苏省南京市六合区,2024-07-21,7,0.0,,,2024,29,35.2,24.3,81.86,78.57,22.4,3.39,35.37,25.73
二化螟,SSB,冶山街道 二化螟_1_7_诱虫量,冶山街道 二化螟,江苏省南京市六合区,2024-07-28,7,0.0,0.0,0.0,2024,30,36.7,27.0,80.57,71.86,6.1,4.7,71.71,37.84
二化螟,SSB,冶山街道 二化螟_1_7_诱虫量,冶山街道 二化螟,江苏省南京市六合区,2024-08-04,7,0.0,,,2024,31,37.5,27.6,76.0,71.57,9.5,2.75,86.5,40.56
二化螟,SSB,冶山街道 二化螟_1_7_诱虫量,冶山街道 二化螟,江苏省南京市六合区,2024-08-11,7,0.0,0.0,0.0,2024,32,37.8,27.1,76.86,66.71,62.0,1.88,83.96,39.02
二化螟,SSB,冶山街道 二化螟_1_7_诱虫量,冶山街道 二化螟,江苏省南京市六合区,2024-08-18,7,0.0,0.0,0.0,2024,33,36.3,24.9,84.43,67.71,34.3,2.42,75.24,33.56
二化螟,SSB,冶山街道 二化螟_1_7_诱虫量,冶山街道 二化螟,江苏省南京市六合区,2024-08-25,7,5.0,0.0,0.0,2024,34,34.7,25.4,84.71,77.86,50.4,1.93,64.42,27.34
二化螟,SSB,冶山街道 二化螟_1_7_诱虫量,冶山街道 二化螟,江苏省南京市六合区,2024-09-01,7,1.0,,,2024,35,35.2,24.1,83.43,71.71,6.3,2.35,74.77,30.13
二化螟,SSB,冶山街道 二化螟_1_7_诱虫量,冶山街道 二化螟,江苏省南京市六合区,2024-09-08,7,4.0,0.0,0.0,2024,36,33.8,24.2,79.29,68.43,2.9,3.23,78.8,33.31
二化螟,SSB,冶山街道 二化螟_1_7_诱虫量,冶山街道 二化螟,江苏省南京市六合区,2024-09-15,7,9.0,0.0,0.0,2024,37,33.8,23.6,88.14,80.14,83.0,3.4,57.66,23.89
二化螟,SSB,冶山街道 二化螟_1_7_诱虫量,冶山街道 二化螟,江苏省南京市六合区,2024-09-22,7,0.0,,,2024,38,31.6,17.4,81.14,76.86,124.9,5.49,54.64,24.01
二化螟,SSB,冶山街道 二化螟_1_7_诱虫量,冶山街道 二化螟,江苏省南京市六合区,2024-09-29,7,1.0,,,2024,39,29.1,15.8,86.14,76.0,15.1,2.67,66.18,23.31
二化螟,SSB,冶山街道 二化螟_1_7_诱虫量,冶山街道 二化螟,江苏省南京市六合区,2024-10-06,7,0.0,,,2024,40,28.6,11.9,79.0,72.14,17.2,3.38,48.16,18.62
二化螟,SSB,冶山街道 二化螟_1_7_诱虫量,冶山街道 二化螟,江苏省南京市六合区,2024-10-13,7,7.0,,,2024,41,25.2,13.1,85.0,74.71,16.7,2.16,49.5,16.94
二化螟,SSB,冶山街道 二化螟_1_7_诱虫量,冶山街道 二化螟,江苏省南京市六合区,2024-10-20,7,0.0,,,2024,42,27.2,11.2,86.57,77.0,49.2,3.66,31.77,14.95
二化螟,SSB,冶山街道 二化螟_1_7_诱虫量,冶山街道 二化螟,江苏省南京市六合区,2024-10-27,7,0.0,,,2024,43,22.3,8.6,88.29,80.43,20.0,3.16,35.15,12.25
二化螟,SSB,冶山街道 二化螟_1_7_诱虫量,冶山街道 二化螟,江苏省南京市六合区,2024-11-03,7,1.0,0.0,0.0,2024,44,22.0,9.3,87.57,74.57,6.8,2.95,55.84,15.81
二化螟,SSB,冶山街道 二化螟_1_7_诱虫量,冶山街道 二化螟,江苏省南京市六合区,2024-11-10,7,0.0,0.0,0.0,2024,45,,,,,,,,
二化螟,SSB,冶山街道 二化螟_1_7_诱虫量,冶山街道 二化螟,江苏省南京市六合区,2024-11-17,7,0.0,0.0,0.0,2024,46,,,,,,,,
二化螟,SSB,冶山街道 二化螟_1_7_诱虫量,冶山街道 二化螟,江苏省南京市六合区,2024-11-24,7,0.0,0.0,0.0,2024,47,,,,,,,,
二化螟,SSB,冶山街道 二化螟_1_7_诱虫量,冶山街道 二化螟,江苏省南京市六合区,2024-12-01,7,0.0,0.0,0.0,2024,48,,,,,,,,
二化螟,SSB,冶山街道 二化螟_1_7_诱虫量,冶山街道 二化螟,江苏省南京市六合区,2024-12-08,7,0.0,0.0,0.0,2024,49,,,,,,,,
二化螟,SSB,冶山街道 二化螟_1_7_诱虫量,冶山街道 二化螟,江苏省南京市六合区,2024-12-15,7,0.0,,,2024,50,,,,,,,,
二化螟,SSB,冶山街道 二化螟_1_7_诱虫量,冶山街道 二化螟,江苏省南京市六合区,2024-12-22,7,0.0,,,2024,51,,,,,,,,
二化螟,SSB,冶山街道 二化螟_1_7_诱虫量,冶山街道 二化螟,江苏省南京市六合区,2024-12-29,3,0.0,,,2024,52,,,,,,,,
二化螟,SSB,固城街道前陇村_1_6_诱虫量,固城街道前陇村,江苏省南京市高淳区,2024-08-18,1,5.0,,,2024,33,36.3,24.9,84.43,67.71,34.3,2.42,75.24,33.56
二化螟,SSB,固城街道前陇村_1_6_诱虫量,固城街道前陇村,江苏省南京市高淳区,2024-09-08,6,80.0,32.835,73.66833333333334,2024,36,33.8,24.2,79.29,68.43,2.9,3.23,78.8,33.31
二化螟,SSB,固城街道前陇村_1_6_诱虫量,固城街道前陇村,江苏省南京市高淳区,2024-09-15,7,86.0,28.534285714285716,81.05,2024,37,33.8,23.6,88.14,80.14,83.0,3.4,57.66,23.89
二化螟,SSB,固城街道前陇村_1_6_诱虫量,固城街道前陇村,江苏省南京市高淳区,2024-09-22,7,15.0,25.40857142857143,76.69285714285715,2024,38,31.6,17.4,81.14,76.86,124.9,5.49,54.64,24.01
二化螟,SSB,固城街道前陇村_1_6_诱虫量,固城街道前陇村,江苏省南京市高淳区,2024-09-29,7,40.0,21.958571428571428,77.46142857142857,2024,39,29.1,15.8,86.14,76.0,15.1,2.67,66.18,23.31
二化螟,SSB,固城街道前陇村_1_6_诱虫量,固城街道前陇村,江苏省南京市高淳区,2024-10-06,7,13.0,19.892857142857142,80.68142857142857,2024,40,28.6,11.9,79.0,72.14,17.2,3.38,48.16,18.62
二化螟,SSB,固城街道前陇村_1_6_诱虫量,固城街道前陇村,江苏省南京市高淳区,2024-10-13,7,28.0,21.21857142857143,84.92714285714285,2024,41,25.2,13.1,85.0,74.71,16.7,2.16,49.5,16.94
二化螟,SSB,固城街道前陇村_1_6_诱虫量,固城街道前陇村,江苏省南京市高淳区,2024-10-20,7,38.0,17.961428571428574,79.76571428571428,2024,42,27.2,11.2,86.57,77.0,49.2,3.66,31.77,14.95
二化螟,SSB,固城街道前陇村_1_6_诱虫量,固城街道前陇村,江苏省南京市高淳区,2024-10-27,7,6.0,17.452857142857145,80.70714285714287,2024,43,22.3,8.6,88.29,80.43,20.0,3.16,35.15,12.25
二化螟,SSB,固城街道前陇村_1_6_诱虫量,固城街道前陇村,江苏省南京市高淳区,2024-11-03,7,1.0,17.16857142857143,71.75,2024,44,22.0,9.3,87.57,74.57,6.8,2.95,55.84,15.81
二化螟,SSB,固城街道前陇村_1_6_诱虫量,固城街道前陇村,江苏省南京市高淳区,2024-11-10,7,0.0,18.8,80.74857142857142,2024,45,,,,,,,,
二化螟,SSB,固城街道前陇村_1_6_诱虫量,固城街道前陇村,江苏省南京市高淳区,2024-11-17,7,0.0,11.934285714285716,75.64142857142858,2024,46,,,,,,,,
二化螟,SSB,固城街道前陇村_1_6_诱虫量,固城街道前陇村,江苏省南京市高淳区,2024-11-24,7,0.0,9.038571428571428,65.97571428571429,2024,47,,,,,,,,
二化螟,SSB,固城街道前陇村_1_6_诱虫量,固城街道前陇村,江苏省南京市高淳区,2024-12-01,7,0.0,9.748571428571427,76.16571428571429,2024,48,,,,,,,,
二化螟,SSB,固城街道前陇村_1_6_诱虫量,固城街道前陇村,江苏省南京市高淳区,2024-12-08,7,0.0,5.238571428571428,77.76285714285714,2024,49,,,,,,,,
二化螟,SSB,固城街道前陇村_1_6_诱虫量,固城街道前陇村,江苏省南京市高淳区,2024-12-15,7,0.0,2.88,70.85428571428572,2024,50,,,,,,,,
二化螟,SSB,固城街道前陇村_1_6_诱虫量,固城街道前陇村,江苏省南京市高淳区,2024-12-22,7,0.0,4.977142857142858,68.03428571428572,2024,51,,,,,,,,
二化螟,SSB,固城街道前陇村_1_6_诱虫量,固城街道前陇村,江苏省南京市高淳区,2024-12-29,3,0.0,4.225,67.24000000000001,2024,52,,,,,,,,
二化螟,SSB,新 江宁区 湖熟街道 二化螟_1_49_诱虫量,新 江宁区 湖熟街道 二化螟,江苏省南京市江宁区,2023-01-01,7,0.0,8.038571428571428,77.95,2022,52,,,,,,,,
二化螟,SSB,新 江宁区 湖熟街道 二化螟_1_49_诱虫量,新 江宁区 湖熟街道 二化螟,江苏省南京市江宁区,2023-01-08,6,0.0,10.628333333333334,88.335,2023,1,,,,,,,,
二化螟,SSB,新 江宁区 湖熟街道 二化螟_1_49_诱虫量,新 江宁区 湖熟街道 二化螟,江苏省南京市江宁区,2023-01-15,7,0.0,4.022857142857143,77.31428571428572,2023,2,,,,,,,,
二化螟,SSB,新 江宁区 湖熟街道 二化螟_1_49_诱虫量,新 江宁区 湖熟街道 二化螟,江苏省南京市江宁区,2023-01-22,7,0.0,1.3499999999999999,76.75285714285714,2023,3,,,,,,,,
二化螟,SSB,新 江宁区 湖熟街道 二化螟_1_49_诱虫量,新 江宁区 湖熟街道 二化螟,江苏省南京市江宁区,2023-01-29,7,0.0,6.311428571428571,75.21142857142857,2023,4,,,,,,,,
二化螟,SSB,新 江宁区 湖熟街道 二化螟_1_49_诱虫量,新 江宁区 湖熟街道 二化螟,江苏省南京市江宁区,2023-02-05,7,0.0,7.8500000000000005,97.99714285714286,2023,5,,,,,,,,
二化螟,SSB,新 江宁区 湖熟街道 二化螟_1_49_诱虫量,新 江宁区 湖熟街道 二化螟,江苏省南京市江宁区,2023-02-12,7,0.0,7.401428571428572,85.31714285714285,2023,6,,,,,,,,
二化螟,SSB,新 江宁区 湖熟街道 二化螟_1_49_诱虫量,新 江宁区 湖熟街道 二化螟,江苏省南京市江宁区,2023-02-19,6,0.0,6.276666666666666,84.35333333333334,2023,7,,,,,,,,
二化螟,SSB,新 江宁区 湖熟街道 二化螟_1_49_诱虫量,新 江宁区 湖熟街道 二化螟,江苏省南京市江宁区,2023-02-26,7,0.0,10.367142857142856,76.32285714285715,2023,8,,,,,,,,
二化螟,SSB,新 江宁区 湖熟街道 二化螟_1_49_诱虫量,新 江宁区 湖熟街道 二化螟,江苏省南京市江宁区,2023-03-05,7,2.0,17.415714285714284,76.4742857142857,2023,9,,,,,,,,
二化螟,SSB,新 江宁区 湖熟街道 二化螟_1_49_诱虫量,新 江宁区 湖熟街道 二化螟,江苏省南京市江宁区,2023-03-12,7,0.0,11.615714285714287,76.11142857142856,2023,10,,,,,,,,
二化螟,SSB,新 江宁区 湖熟街道 二化螟_1_49_诱虫量,新 江宁区 湖熟街道 二化螟,江苏省南京市江宁区,2023-03-19,7,1.0,11.47,88.16142857142857,2023,11,,,,,,,,
二化螟,SSB,新 江宁区 湖熟街道 二化螟_1_49_诱虫量,新 江宁区 湖熟街道 二化螟,江苏省南京市江宁区,2023-03-26,7,0.0,14.924285714285714,81.07857142857142,2023,12,,,,,,,,
二化螟,SSB,新 江宁区 湖熟街道 二化螟_1_49_诱虫量,新 江宁区 湖熟街道 二化螟,江苏省南京市江宁区,2023-04-02,7,4.0,14.23,85.06142857142856,2023,13,,,,,,,,
二化螟,SSB,新 江宁区 湖熟街道 二化螟_1_49_诱虫量,新 江宁区 湖熟街道 二化螟,江苏省南京市江宁区,2023-04-09,7,3.0,19.974285714285713,73.41142857142857,2023,14,,,,,,,,
二化螟,SSB,新 江宁区 湖熟街道 二化螟_1_49_诱虫量,新 江宁区 湖熟街道 二化螟,江苏省南京市江宁区,2023-04-16,7,62.0,21.58142857142857,79.68571428571428,2023,15,,,,,,,,
二化螟,SSB,新 江宁区 湖熟街道 二化螟_1_49_诱虫量,新 江宁区 湖熟街道 二化螟,江苏省南京市江宁区,2023-04-23,7,15.0,16.85,82.53571428571429,2023,16,,,,,,,,
二化螟,SSB,新 江宁区 湖熟街道 二化螟_1_49_诱虫量,新 江宁区 湖熟街道 二化螟,江苏省南京市江宁区,2023-04-30,7,126.0,22.297142857142855,82.32142857142857,2023,17,,,,,,,,
二化螟,SSB,新 江宁区 湖熟街道 二化螟_1_49_诱虫量,新 江宁区 湖熟街道 二化螟,江苏省南京市江宁区,2023-05-07,7,33.0,19.91857142857143,74.96714285714286,2023,18,,,,,,,,
二化螟,SSB,新 江宁区 湖熟街道 二化螟_1_49_诱虫量,新 江宁区 湖熟街道 二化螟,江苏省南京市江宁区,2023-05-14,7,68.0,24.77857142857143,79.69714285714285,2023,19,,,,,,,,
二化螟,SSB,新 江宁区 湖熟街道 二化螟_1_49_诱虫量,新 江宁区 湖熟街道 二化螟,江苏省南京市江宁区,2023-05-21,7,22.0,22.447142857142858,85.43285714285715,2023,20,,,,,,,,
二化螟,SSB,新 江宁区 湖熟街道 二化螟_1_49_诱虫量,新 江宁区 湖熟街道 二化螟,江苏省南京市江宁区,2023-05-28,7,149.0,27.537142857142857,83.48428571428572,2023,21,,,,,,,,
二化螟,SSB,新 江宁区 湖熟街道 二化螟_1_49_诱虫量,新 江宁区 湖熟街道 二化螟,江苏省南京市江宁区,2023-06-04,7,57.0,25.704285714285714,86.05999999999999,2023,22,32.3,20.1,84.14,74.14,29.6,2.38,48.59,25.72
二化螟,SSB,新 江宁区 湖熟街道 二化螟_1_49_诱虫量,新 江宁区 湖熟街道 二化螟,江苏省南京市江宁区,2023-06-11,7,91.0,27.002857142857145,84.55857142857143,2023,23,34.2,16.0,80.43,75.0,31.1,2.66,59.78,28.9
二化螟,SSB,新 江宁区 湖熟街道 二化螟_1_49_诱虫量,新 江宁区 湖熟街道 二化螟,江苏省南京市江宁区,2023-06-18,7,30.0,26.768571428571427,92.52,2023,24,32.4,19.2,80.14,65.0,8.5,2.69,57.13,31.06
二化螟,SSB,新 江宁区 湖熟街道 二化螟_1_49_诱虫量,新 江宁区 湖熟街道 二化螟,江苏省南京市江宁区,2023-06-25,7,32.0,29.517142857142858,92.56857142857143,2023,25,31.4,20.5,87.57,74.57,82.3,2.55,29.04,21.42
二化螟,SSB,新 江宁区 湖熟街道 二化螟_1_49_诱虫量,新 江宁区 湖熟街道 二化螟,江苏省南京市江宁区,2023-07-02,7,51.0,30.292857142857144,95.19857142857143,2023,26,32.8,21.5,86.29,78.86,64.0,2.94,49.98,24.98
二化螟,SSB,新 江宁区 湖熟街道 二化螟_1_49_诱虫量,新 江宁区 湖熟街道 二化螟,江苏省南京市江宁区,2023-07-09,7,35.0,30.551428571428573,94.5,2023,27,32.9,23.9,87.86,82.29,123.1,3.4,45.76,24.46
二化螟,SSB,新 江宁区 湖熟街道 二化螟_1_49_诱虫量,新 江宁区 湖熟街道 二化螟,江苏省南京市江宁区,2023-07-16,7,16.0,28.8,96.86857142857143,2023,28,34.9,24.6,84.57,77.0,27.6,3.38,49.19,28.48
二化螟,SSB,新 江宁区 湖熟街道 二化螟_1_49_诱虫量,新 江宁区 湖熟街道 二化螟,江苏省南京市江宁区,2023-07-23,7,23.0,29.91,95.36857142857143,2023,29,31.5,23.5,89.43,84.71,117.0,2.29,34.08,19.55
二化螟,SSB,新 江宁区 湖熟街道 二化螟_1_49_诱虫量,新 江宁区 湖熟街道 二化螟,江苏省南京市江宁区,2023-07-30,7,25.0,31.544285714285714,92.32142857142857,2023,30,33.2,25.1,86.86,80.86,44.3,3.98,65.75,29.7
二化螟,SSB,新 江宁区 湖熟街道 二化螟_1_49_诱虫量,新 江宁区 湖熟街道 二化螟,江苏省南京市江宁区,2023-08-06,7,64.0,31.797142857142855,87.4342857142857,2023,31,34.0,25.0,86.43,76.43,17.1,3.1,81.36,32.83
二化螟,SSB,新 江宁区 湖熟街道 二化螟_1_49_诱虫量,新 江宁区 湖熟街道 二化螟,江苏省南京市江宁区,2023-08-13,7,15.0,30.953333333333333,91.23833333333334,2023,32,35.1,24.0,83.71,75.14,10.3,2.08,79.69,33.11
二化螟,SSB,新 江宁区 湖熟街道 二化螟_1_49_诱虫量,新 江宁区 湖熟街道 二化螟,江苏省南京市江宁区,2023-08-20,7,1.0,29.801428571428573,89.82000000000001,2023,33,33.7,23.9,86.57,81.29,26.5,2.19,77.01,29.64
二化螟,SSB,新 江宁区 湖熟街道 二化螟_1_49_诱虫量,新 江宁区 湖熟街道 二化螟,江苏省南京市江宁区,2023-08-27,7,1.0,25.90857142857143,92.7942857142857,2023,34,32.0,22.4,82.71,72.0,27.1,2.8,70.93,31.5
二化螟,SSB,新 江宁区 湖熟街道 二化螟_1_49_诱虫量,新 江宁区 湖熟街道 二化螟,江苏省南京市江宁区,2023-09-03,7,2.0,28.66142857142857,90.46857142857142,2023,35,29.4,18.5,86.86,78.57,59.2,2.79,42.5,22.49
二化螟,SSB,新 江宁区 湖熟街道 二化螟_1_49_诱虫量,新 江宁区 湖熟街道 二化螟,江苏省南京市江宁区,2023-09-10,7,2.0,25.96857142857143,95.95285714285714,2023,36,31.0,21.7,88.0,73.71,2.5,2.83,74.88,29.19
二化螟,SSB,新 江宁区 湖熟街道 二化螟_1_49_诱虫量,新 江宁区 湖熟街道 二化螟,江苏省南京市江宁区,2023-09-17,7,0.0,24.434285714285714,95.67142857142858,2023,37,31.4,20.4,87.43,82.14,74.6,2.74,29.78,17.15
二化螟,SSB,新 江宁区 湖熟街道 二化螟_1_49_诱虫量,新 江宁区 湖熟街道 二化螟,江苏省南京市江宁区,2023-09-24,7,0.0,25.012857142857143,95.67999999999999,2023,38,32.0,18.8,88.57,77.57,41.3,2.51,30.18,16.82
二化螟,SSB,新 江宁区 湖熟街道 二化螟_1_49_诱虫量,新 江宁区 湖熟街道 二化螟,江苏省南京市江宁区,2023-10-01,7,0.0,20.844285714285714,91.47142857142856,2023,39,28.2,19.1,89.57,82.43,13.3,2.19,45.28,17.44
二化螟,SSB,新 江宁区 湖熟街道 二化螟_1_49_诱虫量,新 江宁区 湖熟街道 二化螟,江苏省南京市江宁区,2023-10-08,7,0.0,20.424285714285713,88.5942857142857,2023,40,25.5,15.7,80.86,71.71,21.7,3.55,38.52,19.59
二化螟,SSB,新 江宁区 湖熟街道 二化螟_1_49_诱虫量,新 江宁区 湖熟街道 二化螟,江苏省南京市江宁区,2023-10-15,7,0.0,19.94,80.25142857142858,2023,41,23.6,13.5,84.86,74.14,0.0,2.05,50.14,17.04
二化螟,SSB,新 江宁区 湖熟街道 二化螟_1_49_诱虫量,新 江宁区 湖熟街道 二化螟,江苏省南京市江宁区,2023-10-22,7,0.0,20.752857142857145,83.88,2023,42,26.1,9.6,84.43,62.0,4.0,2.46,71.43,22.45
二化螟,SSB,新 江宁区 湖熟街道 二化螟_1_49_诱虫量,新 江宁区 湖熟街道 二化螟,江苏省南京市江宁区,2023-10-29,7,0.0,21.761428571428574,84.23571428571428,2023,43,25.6,9.6,85.14,64.29,0.0,1.94,60.15,18.61
二化螟,SSB,新 江宁区 湖熟街道 二化螟_1_49_诱虫量,新 江宁区 湖熟街道 二化螟,江苏省南京市江宁区,2023-11-05,5,0.0,12.8475,94.86500000000001,2023,44,27.6,12.9,83.57,69.14,0.8,2.48,60.23,19.36
二化螟,SSB,新 江宁区 湖熟街道 二化螟_1_49_诱虫量,新 江宁区 湖熟街道 二化螟,江苏省南京市江宁区,2023-11-12,7,0.0,9.558571428571428,77.59142857142857,2023,45,,,,,,,,
二化螟,SSB,新 江宁区 湖熟街道 二化螟_1_49_诱虫量,新 江宁区 湖熟街道 二化螟,江苏省南京市江宁区,2023-11-19,7,0.0,12.885714285714286,76.94285714285715,2023,46,,,,,,,,
二化螟,SSB,新 江宁区 湖熟街道 二化螟_1_49_诱虫量,新 江宁区 湖熟街道 二化螟,江苏省南京市江宁区,2023-11-26,7,0.0,8.935714285714285,76.88,2023,47,,,,,,,,
二化螟,SSB,新 江宁区 湖熟街道 二化螟_1_49_诱虫量,新 江宁区 湖熟街道 二化螟,江苏省南京市江宁区,2023-12-03,7,0.0,12.104285714285714,76.45857142857143,2023,48,,,,,,,,
二化螟,SSB,新 江宁区 湖熟街道 二化螟_1_49_诱虫量,新 江宁区 湖熟街道 二化螟,江苏省南京市江宁区,2023-12-10,7,0.0,5.761428571428572,90.73428571428572,2023,49,,,,,,,,
二化螟,SSB,新 江宁区 湖熟街道 二化螟_1_49_诱虫量,新 江宁区 湖熟街道 二化螟,江苏省南京市江宁区,2023-12-17,7,0.0,0.2928571428571428,76.02285714285713,2023,50,,,,,,,,
二化螟,SSB,新 江宁区 湖熟街道 二化螟_1_49_诱虫量,新 江宁区 湖熟街道 二化螟,江苏省南京市江宁区,2023-12-24,7,0.0,6.522857142857142,87.46000000000001,2023,51,,,,,,,,
二化螟,SSB,新 江宁区 湖熟街道 二化螟_1_49_诱虫量,新 江宁区 湖熟街道 二化螟,江苏省南京市江宁区,2023-12-31,7,0.0,5.934285714285714,89.70285714285714,2023,52,,,,,,,,
二化螟,SSB,新 江宁区 湖熟街道 二化螟_1_49_诱虫量,新 江宁区 湖熟街道 二化螟,江苏省南京市江宁区,2024-01-07,7,0.0,7.191428571428571,86.33428571428571,2024,1,,,,,,,,
二化螟,SSB,新 江宁区 湖熟街道 二化螟_1_49_诱虫量,新 江宁区 湖熟街道 二化螟,江苏省南京市江宁区,2024-01-14,7,0.0,5.698571428571428,92.63714285714286,2024,2,,,,,,,,
二化螟,SSB,新 江宁区 湖熟街道 二化螟_1_49_诱虫量,新 江宁区 湖熟街道 二化螟,江苏省南京市江宁区,2024-01-21,7,0.0,1.0714285714285714,77.80571428571429,2024,3,,,,,,,,
二化螟,SSB,新 江宁区 湖熟街道 二化螟_1_49_诱虫量,新 江宁区 湖熟街道 二化螟,江苏省南京市江宁区,2024-01-28,7,0.0,5.445714285714286,92.65285714285714,2024,4,,,,,,,,
二化螟,SSB,新 江宁区 湖熟街道 二化螟_1_49_诱虫量,新 江宁区 湖熟街道 二化螟,江苏省南京市江宁区,2024-02-04,7,0.0,3.8214285714285716,88.98714285714286,2024,5,,,,,,,,
二化螟,SSB,新 江宁区 湖熟街道 二化螟_1_49_诱虫量,新 江宁区 湖熟街道 二化螟,江苏省南京市江宁区,2024-02-11,7,0.0,11.247142857142858,82.11428571428571,2024,6,,,,,,,,
二化螟,SSB,新 江宁区 湖熟街道 二化螟_1_49_诱虫量,新 江宁区 湖熟街道 二化螟,江苏省南京市江宁区,2024-02-18,7,0.0,4.4314285714285715,96.50285714285714,2024,7,,,,,,,,
二化螟,SSB,新 江宁区 湖熟街道 二化螟_1_49_诱虫量,新 江宁区 湖熟街道 二化螟,江苏省南京市江宁区,2024-02-25,7,0.0,4.611428571428571,86.49571428571429,2024,8,,,,,,,,
二化螟,SSB,新 江宁区 湖熟街道 二化螟_1_49_诱虫量,新 江宁区 湖熟街道 二化螟,江苏省南京市江宁区,2024-03-03,7,0.0,9.20857142857143,83.99428571428572,2024,9,,,,,,,,
二化螟,SSB,新 江宁区 湖熟街道 二化螟_1_49_诱虫量,新 江宁区 湖熟街道 二化螟,江苏省南京市江宁区,2024-03-10,7,3.0,13.808571428571428,81.57714285714285,2024,10,,,,,,,,
二化螟,SSB,新 江宁区 湖熟街道 二化螟_1_49_诱虫量,新 江宁区 湖熟街道 二化螟,江苏省南京市江宁区,2024-03-17,7,0.0,14.021428571428572,80.05142857142857,2024,11,,,,,,,,
二化螟,SSB,新 江宁区 湖熟街道 二化螟_1_49_诱虫量,新 江宁区 湖熟街道 二化螟,江苏省南京市江宁区,2024-03-24,7,0.0,15.828571428571427,90.05285714285715,2024,12,,,,,,,,
二化螟,SSB,新 江宁区 湖熟街道 二化螟_1_49_诱虫量,新 江宁区 湖熟街道 二化螟,江苏省南京市江宁区,2024-03-31,7,0.0,17.254285714285714,85.20142857142856,2024,13,,,,,,,,
二化螟,SSB,新 江宁区 湖熟街道 二化螟_1_49_诱虫量,新 江宁区 湖熟街道 二化螟,江苏省南京市江宁区,2024-04-07,7,4.0,18.33142857142857,91.91142857142857,2024,14,,,,,,,,
二化螟,SSB,新 江宁区 湖熟街道 二化螟_1_49_诱虫量,新 江宁区 湖熟街道 二化螟,江苏省南京市江宁区,2024-04-14,7,7.0,20.24857142857143,88.96285714285715,2024,15,,,,,,,,
二化螟,SSB,新 江宁区 湖熟街道 二化螟_1_49_诱虫量,新 江宁区 湖熟街道 二化螟,江苏省南京市江宁区,2024-04-21,7,0.0,21.52285714285714,84.96142857142857,2024,16,,,,,,,,
二化螟,SSB,新 江宁区 湖熟街道 二化螟_1_49_诱虫量,新 江宁区 湖熟街道 二化螟,江苏省南京市江宁区,2024-04-28,7,6.0,18.33666666666667,89.03333333333335,2024,17,,,,,,,,
二化螟,SSB,新 江宁区 湖熟街道 二化螟_1_49_诱虫量,新 江宁区 湖熟街道 二化螟,江苏省南京市江宁区,2024-05-05,7,91.0,21.815714285714286,84.95285714285716,2024,18,,,,,,,,
二化螟,SSB,新 江宁区 湖熟街道 二化螟_1_49_诱虫量,新 江宁区 湖熟街道 二化螟,江苏省南京市江宁区,2024-05-12,7,148.0,24.732857142857142,72.83571428571429,2024,19,,,,,,,,
二化螟,SSB,新 江宁区 湖熟街道 二化螟_1_49_诱虫量,新 江宁区 湖熟街道 二化螟,江苏省南京市江宁区,2024-05-19,7,122.0,26.277142857142856,84.05428571428571,2024,20,,,,,,,,
二化螟,SSB,新 江宁区 湖熟街道 二化螟_1_49_诱虫量,新 江宁区 湖熟街道 二化螟,江苏省南京市江宁区,2024-05-26,7,9.0,23.025714285714287,85.75142857142858,2024,21,,,,,,,,
二化螟,SSB,新 江宁区 湖熟街道 二化螟_1_49_诱虫量,新 江宁区 湖熟街道 二化螟,江苏省南京市江宁区,2024-06-02,7,95.0,24.78,83.5457142857143,2024,22,26.9,14.2,77.71,68.43,42.5,2.69,50.74,25.99
二化螟,SSB,新 江宁区 湖熟街道 二化螟_1_49_诱虫量,新 江宁区 湖熟街道 二化螟,江苏省南京市江宁区,2024-06-09,7,86.0,29.37857142857143,84.16714285714286,2024,23,30.9,17.1,76.86,61.71,5.2,2.43,62.66,30.94
二化螟,SSB,新 江宁区 湖熟街道 二化螟_1_49_诱虫量,新 江宁区 湖熟街道 二化螟,江苏省南京市江宁区,2024-06-16,7,24.0,27.924285714285713,90.13142857142857,2024,24,34.2,20.7,79.71,58.71,0.7,2.43,71.14,35.09
二化螟,SSB,新 江宁区 湖熟街道 二化螟_1_49_诱虫量,新 江宁区 湖熟街道 二化螟,江苏省南京市江宁区,2024-06-23,7,17.0,25.495714285714286,97.52714285714286,2024,25,32.3,21.3,85.0,69.86,96.1,3.32,46.58,27.17
二化螟,SSB,新 江宁区 湖熟街道 二化螟_1_49_诱虫量,新 江宁区 湖熟街道 二化螟,江苏省南京市江宁区,2024-06-30,7,66.0,29.89428571428571,93.79857142857144,2024,26,30.9,20.7,88.71,85.57,179.0,2.73,26.58,17.62
二化螟,SSB,新 江宁区 湖熟街道 二化螟_1_49_诱虫量,新 江宁区 湖熟街道 二化螟,江苏省南京市江宁区,2024-07-07,7,57.0,28.384285714285713,95.88857142857144,2024,27,34.9,22.6,81.14,78.57,41.8,4.14,62.65,32.6
二化螟,SSB,新 江宁区 湖熟街道 二化螟_1_49_诱虫量,新 江宁区 湖熟街道 二化螟,江苏省南京市江宁区,2024-07-14,7,20.0,31.302857142857142,95.00571428571428,2024,28,35.0,21.4,88.57,86.0,168.8,2.44,20.72,18.18
二化螟,SSB,新 江宁区 湖熟街道 二化螟_1_49_诱虫量,新 江宁区 湖熟街道 二化螟,江苏省南京市江宁区,2024-07-21,7,11.0,32.32,92.48285714285714,2024,29,35.2,24.3,81.86,78.57,22.4,3.39,35.37,25.73
二化螟,SSB,新 江宁区 湖熟街道 二化螟_1_49_诱虫量,新 江宁区 湖熟街道 二化螟,江苏省南京市江宁区,2024-07-28,7,18.0,34.16285714285714,88.75142857142858,2024,30,36.7,27.0,80.57,71.86,6.1,4.7,71.71,37.84
二化螟,SSB,新 江宁区 湖熟街道 二化螟_1_49_诱虫量,新 江宁区 湖熟街道 二化螟,江苏省南京市江宁区,2024-08-04,7,62.0,34.32285714285714,87.87142857142858,2024,31,37.5,27.6,76.0,71.57,9.5,2.75,86.5,40.56
二化螟,SSB,新 江宁区 湖熟街道 二化螟_1_49_诱虫量,新 江宁区 湖熟街道 二化螟,江苏省南京市江宁区,2024-08-11,7,22.0,31.692857142857143,91.33142857142856,2024,32,37.8,27.1,76.86,66.71,62.0,1.88,83.96,39.02
二化螟,SSB,新 江宁区 湖熟街道 二化螟_1_49_诱虫量,新 江宁区 湖熟街道 二化螟,江苏省南京市江宁区,2024-08-18,7,14.0,30.75857142857143,95.03714285714285,2024,33,36.3,24.9,84.43,67.71,34.3,2.42,75.24,33.56
二化螟,SSB,新 江宁区 湖熟街道 二化螟_1_49_诱虫量,新 江宁区 湖熟街道 二化螟,江苏省南京市江宁区,2024-08-25,7,29.0,31.178571428571427,94.2,2024,34,34.7,25.4,84.71,77.86,50.4,1.93,64.42,27.34
二化螟,SSB,新 江宁区 湖熟街道 二化螟_1_49_诱虫量,新 江宁区 湖熟街道 二化螟,江苏省南京市江宁区,2024-09-01,7,24.0,31.032857142857143,94.03428571428572,2024,35,35.2,24.1,83.43,71.71,6.3,2.35,74.77,30.13
二化螟,SSB,新 江宁区 湖熟街道 二化螟_1_49_诱虫量,新 江宁区 湖熟街道 二化螟,江苏省南京市江宁区,2024-09-08,7,115.0,29.784285714285716,96.64428571428572,2024,36,33.8,24.2,79.29,68.43,2.9,3.23,78.8,33.31
二化螟,SSB,新 江宁区 湖熟街道 二化螟_1_49_诱虫量,新 江宁区 湖熟街道 二化螟,江苏省南京市江宁区,2024-09-15,7,138.0,27.285714285714285,98.08714285714287,2024,37,33.8,23.6,88.14,80.14,83.0,3.4,57.66,23.89
二化螟,SSB,新 江宁区 湖熟街道 二化螟_1_49_诱虫量,新 江宁区 湖熟街道 二化螟,江苏省南京市江宁区,2024-09-22,7,184.0,23.684285714285714,94.27,2024,38,31.6,17.4,81.14,76.86,124.9,5.49,54.64,24.01
二化螟,SSB,新 江宁区 湖熟街道 二化螟_1_49_诱虫量,新 江宁区 湖熟街道 二化螟,江苏省南京市江宁区,2024-09-29,7,131.0,21.025714285714287,92.17285714285715,2024,39,29.1,15.8,86.14,76.0,15.1,2.67,66.18,23.31
二化螟,SSB,新 江宁区 湖熟街道 二化螟_1_49_诱虫量,新 江宁区 湖熟街道 二化螟,江苏省南京市江宁区,2024-10-06,7,79.0,19.754285714285714,92.01571428571428,2024,40,28.6,11.9,79.0,72.14,17.2,3.38,48.16,18.62
二化螟,SSB,新 江宁区 湖熟街道 二化螟_1_49_诱虫量,新 江宁区 湖熟街道 二化螟,江苏省南京市江宁区,2024-10-13,7,101.0,21.024285714285714,97.57285714285715,2024,41,25.2,13.1,85.0,74.71,16.7,2.16,49.5,16.94
二化螟,SSB,新 江宁区 湖熟街道 二化螟_1_49_诱虫量,新 江宁区 湖熟街道 二化螟,江苏省南京市江宁区,2024-10-20,7,5.0,17.678571428571427,93.44857142857143,2024,42,27.2,11.2,86.57,77.0,49.2,3.66,31.77,14.95
二化螟,SSB,新 江宁区 湖熟街道 二化螟_1_49_诱虫量,新 江宁区 湖熟街道 二化螟,江苏省南京市江宁区,2024-10-27,7,0.0,17.61714285714286,91.36571428571429,2024,43,22.3,8.6,88.29,80.43,20.0,3.16,35.15,12.25
二化螟,SSB,新 江宁区 湖熟街道 二化螟_1_49_诱虫量,新 江宁区 湖熟街道 二化螟,江苏省南京市江宁区,2024-11-03,7,0.0,16.54285714285714,87.38714285714286,2024,44,22.0,9.3,87.57,74.57,6.8,2.95,55.84,15.81
二化螟,SSB,新 江宁区 湖熟街道 二化螟_1_49_诱虫量,新 江宁区 湖熟街道 二化螟,江苏省南京市江宁区,2024-11-10,7,0.0,18.93285714285714,93.66,2024,45,,,,,,,,
二化螟,SSB,新 江宁区 湖熟街道 二化螟_1_49_诱虫量,新 江宁区 湖熟街道 二化螟,江苏省南京市江宁区,2024-11-17,7,0.0,12.347142857142858,88.76428571428572,2024,46,,,,,,,,
二化螟,SSB,新 江宁区 湖熟街道 二化螟_1_49_诱虫量,新 江宁区 湖熟街道 二化螟,江苏省南京市江宁区,2024-11-24,7,0.0,10.031428571428572,78.64,2024,47,,,,,,,,
二化螟,SSB,新 江宁区 湖熟街道 二化螟_1_49_诱虫量,新 江宁区 湖熟街道 二化螟,江苏省南京市江宁区,2024-12-01,7,0.0,10.617142857142856,86.75,2024,48,,,,,,,,
二化螟,SSB,新 江宁区 湖熟街道 二化螟_1_49_诱虫量,新 江宁区 湖熟街道 二化螟,江苏省南京市江宁区,2024-12-08,7,0.0,6.21,86.36142857142856,2024,49,,,,,,,,
二化螟,SSB,新 江宁区 湖熟街道 二化螟_1_49_诱虫量,新 江宁区 湖熟街道 二化螟,江苏省南京市江宁区,2024-12-15,7,0.0,4.991428571428571,79.20857142857143,2024,50,,,,,,,,
二化螟,SSB,新 江宁区 湖熟街道 二化螟_1_49_诱虫量,新 江宁区 湖熟街道 二化螟,江苏省南京市江宁区,2024-12-22,7,0.0,5.478571428571429,80.32142857142857,2024,51,,,,,,,,
二化螟,SSB,新 江宁区 湖熟街道 二化螟_1_49_诱虫量,新 江宁区 湖熟街道 二化螟,江苏省南京市江宁区,2024-12-29,3,0.0,5.535,74.695,2024,52,,,,,,,,
二化螟,SSB,桠溪街道顾陇村_1_9_诱虫量,桠溪街道顾陇村,江苏省南京市高淳区,2024-08-25,1,5.0,,,2024,34,34.7,25.4,84.71,77.86,50.4,1.93,64.42,27.34
二化螟,SSB,桠溪街道顾陇村_1_9_诱虫量,桠溪街道顾陇村,江苏省南京市高淳区,2024-09-08,6,75.0,31.923333333333332,74.83,2024,36,33.8,24.2,79.29,68.43,2.9,3.23,78.8,33.31
二化螟,SSB,桠溪街道顾陇村_1_9_诱虫量,桠溪街道顾陇村,江苏省南京市高淳区,2024-09-15,7,47.0,27.907142857142855,82.99428571428572,2024,37,33.8,23.6,88.14,80.14,83.0,3.4,57.66,23.89
二化螟,SSB,桠溪街道顾陇村_1_9_诱虫量,桠溪街道顾陇村,江苏省南京市高淳区,2024-09-22,7,17.0,24.485714285714288,78.93571428571428,2024,38,31.6,17.4,81.14,76.86,124.9,5.49,54.64,24.01
二化螟,SSB,桠溪街道顾陇村_1_9_诱虫量,桠溪街道顾陇村,江苏省南京市高淳区,2024-09-29,7,20.0,21.072857142857142,78.91285714285713,2024,39,29.1,15.8,86.14,76.0,15.1,2.67,66.18,23.31
二化螟,SSB,桠溪街道顾陇村_1_9_诱虫量,桠溪街道顾陇村,江苏省南京市高淳区,2024-10-06,7,40.0,19.2,82.85714285714286,2024,40,28.6,11.9,79.0,72.14,17.2,3.38,48.16,18.62
二化螟,SSB,桠溪街道顾陇村_1_9_诱虫量,桠溪街道顾陇村,江苏省南京市高淳区,2024-10-13,7,50.0,21.099999999999998,86.4057142857143,2024,41,25.2,13.1,85.0,74.71,16.7,2.16,49.5,16.94
二化螟,SSB,桠溪街道顾陇村_1_9_诱虫量,桠溪街道顾陇村,江苏省南京市高淳区,2024-10-20,7,1.0,17.175714285714285,83.66714285714285,2024,42,27.2,11.2,86.57,77.0,49.2,3.66,31.77,14.95
二化螟,SSB,桠溪街道顾陇村_1_9_诱虫量,桠溪街道顾陇村,江苏省南京市高淳区,2024-10-27,7,4.0,16.518571428571427,85.39571428571428,2024,43,22.3,8.6,88.29,80.43,20.0,3.16,35.15,12.25
二化螟,SSB,桠溪街道顾陇村_1_9_诱虫量,桠溪街道顾陇村,江苏省南京市高淳区,2024-11-03,7,6.0,15.397142857142857,78.22428571428573,2024,44,22.0,9.3,87.57,74.57,6.8,2.95,55.84,15.81
二化螟,SSB,桠溪街道顾陇村_1_9_诱虫量,桠溪街道顾陇村,江苏省南京市高淳区,2024-11-10,7,3.0,18.114285714285714,84.75714285714285,2024,45,,,,,,,,
二化螟,SSB,桠溪街道顾陇村_1_9_诱虫量,桠溪街道顾陇村,江苏省南京市高淳区,2024-11-17,7,0.0,11.392857142857142,78.92,2024,46,,,,,,,,
二化螟,SSB,桠溪街道顾陇村_1_9_诱虫量,桠溪街道顾陇村,江苏省南京市高淳区,2024-11-24,7,0.0,8.345714285714285,70.70142857142858,2024,47,,,,,,,,
二化螟,SSB,桠溪街道顾陇村_1_9_诱虫量,桠溪街道顾陇村,江苏省南京市高淳区,2024-12-01,7,0.0,9.247142857142858,79.98142857142857,2024,48,,,,,,,,
二化螟,SSB,桠溪街道顾陇村_1_9_诱虫量,桠溪街道顾陇村,江苏省南京市高淳区,2024-12-08,7,0.0,4.871428571428572,80.46714285714286,2024,49,,,,,,,,
二化螟,SSB,桠溪街道顾陇村_1_9_诱虫量,桠溪街道顾陇村,江苏省南京市高淳区,2024-12-15,7,0.0,2.0742857142857143,75.62714285714286,2024,50,,,,,,,,
二化螟,SSB,桠溪街道顾陇村_1_9_诱虫量,桠溪街道顾陇村,江苏省南京市高淳区,2024-12-22,7,0.0,4.2785714285714285,71.79714285714286,2024,51,,,,,,,,
二化螟,SSB,桠溪街道顾陇村_1_9_诱虫量,桠溪街道顾陇村,江苏省南京市高淳区,2024-12-29,3,0.0,3.25,71.75,2024,52,,,,,,,,
二化螟,SSB,横梁街道艾津稻园二化螟_1_8_诱虫量,横梁街道艾津稻园二化螟,江苏省南京市六合区,2023-10-15,1,4.0,27.1,47.9,2023,41,23.6,13.5,84.86,74.14,0.0,2.05,50.14,17.04
二化螟,SSB,横梁街道艾津稻园二化螟_1_8_诱虫量,横梁街道艾津稻园二化螟,江苏省南京市六合区,2023-11-05,1,6.0,9.16,84.54,2023,44,27.6,12.9,83.57,69.14,0.8,2.48,60.23,19.36
二化螟,SSB,横梁街道艾津稻园二化螟_1_8_诱虫量,横梁街道艾津稻园二化螟,江苏省南京市六合区,2023-11-12,7,0.0,9.824285714285713,63.964285714285715,2023,45,,,,,,,,
二化螟,SSB,横梁街道艾津稻园二化螟_1_8_诱虫量,横梁街道艾津稻园二化螟,江苏省南京市六合区,2023-11-19,7,0.0,12.002857142857142,66.74857142857142,2023,46,,,,,,,,
二化螟,SSB,横梁街道艾津稻园二化螟_1_8_诱虫量,横梁街道艾津稻园二化螟,江苏省南京市六合区,2023-11-26,7,0.0,6.444285714285714,69.04714285714286,2023,47,,,,,,,,
二化螟,SSB,横梁街道艾津稻园二化螟_1_8_诱虫量,横梁街道艾津稻园二化螟,江苏省南京市六合区,2023-12-03,7,0.0,10.795714285714284,67.07285714285715,2023,48,,,,,,,,
二化螟,SSB,横梁街道艾津稻园二化螟_1_8_诱虫量,横梁街道艾津稻园二化螟,江苏省南京市六合区,2023-12-10,7,0.0,3.991428571428571,86.04142857142857,2023,49,,,,,,,,
二化螟,SSB,横梁街道艾津稻园二化螟_1_8_诱虫量,横梁街道艾津稻园二化螟,江苏省南京市六合区,2023-12-17,7,0.0,-2.738571428571429,73.44000000000001,2023,50,,,,,,,,
二化螟,SSB,横梁街道艾津稻园二化螟_1_8_诱虫量,横梁街道艾津稻园二化螟,江苏省南京市六合区,2023-12-24,7,0.0,4.152857142857143,82.03857142857143,2023,51,,,,,,,,
二化螟,SSB,横梁街道艾津稻园二化螟_1_8_诱虫量,横梁街道艾津稻园二化螟,江苏省南京市六合区,2023-12-31,7,0.0,3.5414285714285714,84.83571428571429,2023,52,,,,,,,,
二化螟,SSB,横梁街道艾津稻园二化螟_1_8_诱虫量,横梁街道艾津稻园二化螟,江苏省南京市六合区,2024-01-07,7,0.0,4.752857142857144,78.36,2024,1,,,,,,,,
二化螟,SSB,横梁街道艾津稻园二化螟_1_8_诱虫量,横梁街道艾津稻园二化螟,江苏省南京市六合区,2024-01-14,7,0.0,3.8857142857142857,88.96714285714286,2024,2,,,,,,,,
二化螟,SSB,横梁街道艾津稻园二化螟_1_8_诱虫量,横梁街道艾津稻园二化螟,江苏省南京市六合区,2024-01-21,7,0.0,-1.4428571428571428,72.76285714285714,2024,3,,,,,,,,
二化螟,SSB,横梁街道艾津稻园二化螟_1_8_诱虫量,横梁街道艾津稻园二化螟,江苏省南京市六合区,2024-01-28,7,0.0,3.8442857142857143,86.52142857142857,2024,4,,,,,,,,
二化螟,SSB,横梁街道艾津稻园二化螟_1_8_诱虫量,横梁街道艾津稻园二化螟,江苏省南京市六合区,2024-02-04,7,0.0,2.182857142857143,81.70714285714287,2024,5,,,,,,,,
二化螟,SSB,横梁街道艾津稻园二化螟_1_8_诱虫量,横梁街道艾津稻园二化螟,江苏省南京市六合区,2024-02-11,7,0.0,10.008571428571429,70.80285714285715,2024,6,,,,,,,,
二化螟,SSB,横梁街道艾津稻园二化螟_1_8_诱虫量,横梁街道艾津稻园二化螟,江苏省南京市六合区,2024-02-18,7,0.0,2.3214285714285716,89.64,2024,7,,,,,,,,
二化螟,SSB,横梁街道艾津稻园二化螟_1_8_诱虫量,横梁街道艾津稻园二化螟,江苏省南京市六合区,2024-02-25,7,0.0,3.915714285714286,77.46857142857142,2024,8,,,,,,,,
二化螟,SSB,横梁街道艾津稻园二化螟_1_8_诱虫量,横梁街道艾津稻园二化螟,江苏省南京市六合区,2024-03-03,7,0.0,7.868571428571428,76.08285714285715,2024,9,,,,,,,,
二化螟,SSB,横梁街道艾津稻园二化螟_1_8_诱虫量,横梁街道艾津稻园二化螟,江苏省南京市六合区,2024-03-10,7,2.0,12.582857142857142,71.02,2024,10,,,,,,,,
二化螟,SSB,横梁街道艾津稻园二化螟_1_8_诱虫量,横梁街道艾津稻园二化螟,江苏省南京市六合区,2024-03-17,7,0.0,12.698571428571428,68.42714285714285,2024,11,,,,,,,,
二化螟,SSB,横梁街道艾津稻园二化螟_1_8_诱虫量,横梁街道艾津稻园二化螟,江苏省南京市六合区,2024-03-24,7,0.0,14.562857142857142,81.62142857142858,2024,12,,,,,,,,
二化螟,SSB,横梁街道艾津稻园二化螟_1_8_诱虫量,横梁街道艾津稻园二化螟,江苏省南京市六合区,2024-03-31,7,2.0,16.034285714285712,74.66,2024,13,,,,,,,,
二化螟,SSB,横梁街道艾津稻园二化螟_1_8_诱虫量,横梁街道艾津稻园二化螟,江苏省南京市六合区,2024-04-07,7,0.0,17.507142857142856,79.13142857142857,2024,14,,,,,,,,
二化螟,SSB,横梁街道艾津稻园二化螟_1_8_诱虫量,横梁街道艾津稻园二化螟,江苏省南京市六合区,2024-04-14,7,2.0,18.987142857142857,76.70428571428572,2024,15,,,,,,,,
二化螟,SSB,横梁街道艾津稻园二化螟_1_8_诱虫量,横梁街道艾津稻园二化螟,江苏省南京市六合区,2024-04-21,7,2.0,20.642857142857142,73.10285714285715,2024,16,,,,,,,,
二化螟,SSB,横梁街道艾津稻园二化螟_1_8_诱虫量,横梁街道艾津稻园二化螟,江苏省南京市六合区,2024-04-28,7,2.0,17.404285714285713,79.49142857142859,2024,17,,,,,,,,
二化螟,SSB,横梁街道艾津稻园二化螟_1_8_诱虫量,横梁街道艾津稻园二化螟,江苏省南京市六合区,2024-05-05,7,6.0,20.924285714285713,76.07571428571428,2024,18,,,,,,,,
二化螟,SSB,横梁街道艾津稻园二化螟_1_8_诱虫量,横梁街道艾津稻园二化螟,江苏省南京市六合区,2024-05-12,7,30.0,25.695714285714285,58.76,2024,19,,,,,,,,
二化螟,SSB,横梁街道艾津稻园二化螟_1_8_诱虫量,横梁街道艾津稻园二化螟,江苏省南京市六合区,2024-05-19,7,386.0,26.50142857142857,71.52142857142857,2024,20,,,,,,,,
二化螟,SSB,横梁街道艾津稻园二化螟_1_8_诱虫量,横梁街道艾津稻园二化螟,江苏省南京市六合区,2024-05-26,7,140.0,23.025714285714287,69.88000000000001,2024,21,,,,,,,,
二化螟,SSB,横梁街道艾津稻园二化螟_1_8_诱虫量,横梁街道艾津稻园二化螟,江苏省南京市六合区,2024-06-02,7,132.0,25.178571428571427,68.94857142857143,2024,22,26.9,14.2,77.71,68.43,42.5,2.69,50.74,25.99
二化螟,SSB,横梁街道艾津稻园二化螟_1_8_诱虫量,横梁街道艾津稻园二化螟,江苏省南京市六合区,2024-06-09,7,89.0,29.392857142857142,69.21142857142857,2024,23,30.9,17.1,76.86,61.71,5.2,2.43,62.66,30.94
二化螟,SSB,横梁街道艾津稻园二化螟_1_8_诱虫量,横梁街道艾津稻园二化螟,江苏省南京市六合区,2024-06-16,7,29.0,28.077142857142857,76.82142857142857,2024,24,34.2,20.7,79.71,58.71,0.7,2.43,71.14,35.09
二化螟,SSB,横梁街道艾津稻园二化螟_1_8_诱虫量,横梁街道艾津稻园二化螟,江苏省南京市六合区,2024-06-23,7,1.0,26.009999999999998,84.41,2024,25,32.3,21.3,85.0,69.86,96.1,3.32,46.58,27.17
二化螟,SSB,横梁街道艾津稻园二化螟_1_8_诱虫量,横梁街道艾津稻园二化螟,江苏省南京市六合区,2024-06-30,7,3.0,29.40857142857143,82.25857142857141,2024,26,30.9,20.7,88.71,85.57,179.0,2.73,26.58,17.62
二化螟,SSB,横梁街道艾津稻园二化螟_1_8_诱虫量,横梁街道艾津稻园二化螟,江苏省南京市六合区,2024-07-07,7,2.0,28.057142857142857,86.66285714285713,2024,27,34.9,22.6,81.14,78.57,41.8,4.14,62.65,32.6
二化螟,SSB,横梁街道艾津稻园二化螟_1_8_诱虫量,横梁街道艾津稻园二化螟,江苏省南京市六合区,2024-07-14,7,3.0,30.31714285714286,83.99857142857142,2024,28,35.0,21.4,88.57,86.0,168.8,2.44,20.72,18.18
二化螟,SSB,横梁街道艾津稻园二化螟_1_8_诱虫量,横梁街道艾津稻园二化螟,江苏省南京市六合区,2024-07-21,7,1.0,32.96285714285714,76.75999999999999,2024,29,35.2,24.3,81.86,78.57,22.4,3.39,35.37,25.73
二化螟,SSB,横梁街道艾津稻园二化螟_1_8_诱虫量,横梁街道艾津稻园二化螟,江苏省南京市六合区,2024-07-28,7,14.0,33.980000000000004,76.16285714285713,2024,30,36.7,27.0,80.57,71.86,6.1,4.7,71.71,37.84
二化螟,SSB,横梁街道艾津稻园二化螟_1_8_诱虫量,横梁街道艾津稻园二化螟,江苏省南京市六合区,2024-08-04,7,12.0,34.06,75.09285714285714,2024,31,37.5,27.6,76.0,71.57,9.5,2.75,86.5,40.56
二化螟,SSB,横梁街道艾津稻园二化螟_1_8_诱虫量,横梁街道艾津稻园二化螟,江苏省南京市六合区,2024-08-11,7,6.0,31.834285714285716,79.05285714285715,2024,32,37.8,27.1,76.86,66.71,62.0,1.88,83.96,39.02
二化螟,SSB,横梁街道艾津稻园二化螟_1_8_诱虫量,横梁街道艾津稻园二化螟,江苏省南京市六合区,2024-08-18,7,4.0,30.744285714285716,83.31142857142858,2024,33,36.3,24.9,84.43,67.71,34.3,2.42,75.24,33.56
二化螟,SSB,横梁街道艾津稻园二化螟_1_8_诱虫量,横梁街道艾津稻园二化螟,江苏省南京市六合区,2024-08-25,7,5.0,30.782857142857146,80.98857142857142,2024,34,34.7,25.4,84.71,77.86,50.4,1.93,64.42,27.34
二化螟,SSB,横梁街道艾津稻园二化螟_1_8_诱虫量,横梁街道艾津稻园二化螟,江苏省南京市六合区,2024-09-01,7,7.0,30.39428571428571,80.07285714285715,2024,35,35.2,24.1,83.43,71.71,6.3,2.35,74.77,30.13
二化螟,SSB,横梁街道艾津稻园二化螟_1_8_诱虫量,横梁街道艾津稻园二化螟,江苏省南京市六合区,2024-09-08,7,13.0,29.572857142857142,85.57857142857142,2024,36,33.8,24.2,79.29,68.43,2.9,3.23,78.8,33.31
二化螟,SSB,横梁街道艾津稻园二化螟_1_8_诱虫量,横梁街道艾津稻园二化螟,江苏省南京市六合区,2024-09-15,7,1.0,26.225714285714286,88.63,2024,37,33.8,23.6,88.14,80.14,83.0,3.4,57.66,23.89
二化螟,SSB,横梁街道艾津稻园二化螟_1_8_诱虫量,横梁街道艾津稻园二化螟,江苏省南京市六合区,2024-09-22,7,7.0,23.517142857142858,80.40285714285714,2024,38,31.6,17.4,81.14,76.86,124.9,5.49,54.64,24.01
二化螟,SSB,横梁街道艾津稻园二化螟_1_8_诱虫量,横梁街道艾津稻园二化螟,江苏省南京市六合区,2024-09-29,7,1.0,19.94142857142857,81.58285714285715,2024,39,29.1,15.8,86.14,76.0,15.1,2.67,66.18,23.31
二化螟,SSB,横梁街道艾津稻园二化螟_1_8_诱虫量,横梁街道艾津稻园二化螟,江苏省南京市六合区,2024-10-06,7,2.0,18.52857142857143,83.90857142857143,2024,40,28.6,11.9,79.0,72.14,17.2,3.38,48.16,18.62
二化螟,SSB,横梁街道艾津稻园二化螟_1_8_诱虫量,横梁街道艾津稻园二化螟,江苏省南京市六合区,2024-10-13,7,2.0,19.78,88.74428571428572,2024,41,25.2,13.1,85.0,74.71,16.7,2.16,49.5,16.94
二化螟,SSB,横梁街道艾津稻园二化螟_1_8_诱虫量,横梁街道艾津稻园二化螟,江苏省南京市六合区,2024-10-20,7,1.0,15.797142857142857,87.13714285714286,2024,42,27.2,11.2,86.57,77.0,49.2,3.66,31.77,14.95
二化螟,SSB,横梁街道艾津稻园二化螟_1_8_诱虫量,横梁街道艾津稻园二化螟,江苏省南京市六合区,2024-10-27,7,1.0,15.805714285714286,83.45285714285714,2024,43,22.3,8.6,88.29,80.43,20.0,3.16,35.15,12.25
二化螟,SSB,横梁街道艾津稻园二化螟_1_8_诱虫量,横梁街道艾津稻园二化螟,江苏省南京市六合区,2024-11-03,7,0.0,14.767142857142858,78.44571428571429,2024,44,22.0,9.3,87.57,74.57,6.8,2.95,55.84,15.81
二化螟,SSB,横梁街道艾津稻园二化螟_1_8_诱虫量,横梁街道艾津稻园二化螟,江苏省南京市六合区,2024-11-10,7,3.0,17.777142857142856,84.62428571428572,2024,45,,,,,,,,
二化螟,SSB,横梁街道艾津稻园二化螟_1_8_诱虫量,横梁街道艾津稻园二化螟,江苏省南京市六合区,2024-11-17,7,0.0,9.894285714285715,79.40714285714286,2024,46,,,,,,,,
二化螟,SSB,横梁街道艾津稻园二化螟_1_8_诱虫量,横梁街道艾津稻园二化螟,江苏省南京市六合区,2024-11-24,7,0.0,7.137142857142857,73.99285714285715,2024,47,,,,,,,,
二化螟,SSB,横梁街道艾津稻园二化螟_1_8_诱虫量,横梁街道艾津稻园二化螟,江苏省南京市六合区,2024-12-01,7,0.0,8.07,80.52142857142857,2024,48,,,,,,,,
二化螟,SSB,横梁街道艾津稻园二化螟_1_8_诱虫量,横梁街道艾津稻园二化螟,江苏省南京市六合区,2024-12-08,7,0.0,4.937142857142858,71.99,2024,49,,,,,,,,
二化螟,SSB,横梁街道艾津稻园二化螟_1_8_诱虫量,横梁街道艾津稻园二化螟,江苏省南京市六合区,2024-12-15,7,0.0,4.351428571428571,64.32428571428571,2024,50,,,,,,,,
二化螟,SSB,横梁街道艾津稻园二化螟_1_8_诱虫量,横梁街道艾津稻园二化螟,江苏省南京市六合区,2024-12-22,7,0.0,4.772857142857142,64.37285714285714,2024,51,,,,,,,,
二化螟,SSB,横梁街道艾津稻园二化螟_1_8_诱虫量,横梁街道艾津稻园二化螟,江苏省南京市六合区,2024-12-29,3,0.0,6.825,51.510000000000005,2024,52,,,,,,,,
二化螟,SSB,江宁区 汤山街道 二化螟_1_10_诱虫量,江宁区 汤山街道 二化螟,江苏省南京市江宁区,2023-01-01,7,0.0,,,2022,52,,,,,,,,
二化螟,SSB,江宁区 汤山街道 二化螟_1_10_诱虫量,江宁区 汤山街道 二化螟,江苏省南京市江宁区,2023-01-08,6,0.0,,,2023,1,,,,,,,,
二化螟,SSB,江宁区 汤山街道 二化螟_1_10_诱虫量,江宁区 汤山街道 二化螟,江苏省南京市江宁区,2023-01-15,7,0.0,,,2023,2,,,,,,,,
二化螟,SSB,江宁区 汤山街道 二化螟_1_10_诱虫量,江宁区 汤山街道 二化螟,江苏省南京市江宁区,2023-01-22,7,0.0,,,2023,3,,,,,,,,
二化螟,SSB,江宁区 汤山街道 二化螟_1_10_诱虫量,江宁区 汤山街道 二化螟,江苏省南京市江宁区,2023-01-29,7,0.0,,,2023,4,,,,,,,,
二化螟,SSB,江宁区 汤山街道 二化螟_1_10_诱虫量,江宁区 汤山街道 二化螟,江苏省南京市江宁区,2023-02-05,7,0.0,,,2023,5,,,,,,,,
二化螟,SSB,江宁区 汤山街道 二化螟_1_10_诱虫量,江宁区 汤山街道 二化螟,江苏省南京市江宁区,2023-02-12,7,0.0,,,2023,6,,,,,,,,
二化螟,SSB,江宁区 汤山街道 二化螟_1_10_诱虫量,江宁区 汤山街道 二化螟,江苏省南京市江宁区,2023-02-19,7,0.0,,,2023,7,,,,,,,,
二化螟,SSB,江宁区 汤山街道 二化螟_1_10_诱虫量,江宁区 汤山街道 二化螟,江苏省南京市江宁区,2023-02-26,7,0.0,,,2023,8,,,,,,,,
二化螟,SSB,江宁区 汤山街道 二化螟_1_10_诱虫量,江宁区 汤山街道 二化螟,江苏省南京市江宁区,2023-03-05,7,0.0,,,2023,9,,,,,,,,
二化螟,SSB,江宁区 汤山街道 二化螟_1_10_诱虫量,江宁区 汤山街道 二化螟,江苏省南京市江宁区,2023-03-12,7,3.0,,,2023,10,,,,,,,,
二化螟,SSB,江宁区 汤山街道 二化螟_1_10_诱虫量,江宁区 汤山街道 二化螟,江苏省南京市江宁区,2023-03-19,7,0.0,,,2023,11,,,,,,,,
二化螟,SSB,江宁区 汤山街道 二化螟_1_10_诱虫量,江宁区 汤山街道 二化螟,江苏省南京市江宁区,2023-03-26,7,1.0,,,2023,12,,,,,,,,
二化螟,SSB,江宁区 汤山街道 二化螟_1_10_诱虫量,江宁区 汤山街道 二化螟,江苏省南京市江宁区,2023-04-02,7,7.0,,,2023,13,,,,,,,,
二化螟,SSB,江宁区 汤山街道 二化螟_1_10_诱虫量,江宁区 汤山街道 二化螟,江苏省南京市江宁区,2023-04-09,7,2.0,,,2023,14,,,,,,,,
二化螟,SSB,江宁区 汤山街道 二化螟_1_10_诱虫量,江宁区 汤山街道 二化螟,江苏省南京市江宁区,2023-04-16,7,12.0,,,2023,15,,,,,,,,
二化螟,SSB,江宁区 汤山街道 二化螟_1_10_诱虫量,江宁区 汤山街道 二化螟,江苏省南京市江宁区,2023-04-23,7,10.0,,,2023,16,,,,,,,,
二化螟,SSB,江宁区 汤山街道 二化螟_1_10_诱虫量,江宁区 汤山街道 二化螟,江苏省南京市江宁区,2023-04-30,7,49.0,,,2023,17,,,,,,,,
二化螟,SSB,江宁区 汤山街道 二化螟_1_10_诱虫量,江宁区 汤山街道 二化螟,江苏省南京市江宁区,2023-05-07,7,14.0,,,2023,18,,,,,,,,
二化螟,SSB,江宁区 汤山街道 二化螟_1_10_诱虫量,江宁区 汤山街道 二化螟,江苏省南京市江宁区,2023-05-14,7,59.0,,,2023,19,,,,,,,,
二化螟,SSB,江宁区 汤山街道 二化螟_1_10_诱虫量,江宁区 汤山街道 二化螟,江苏省南京市江宁区,2023-05-21,7,40.0,,,2023,20,,,,,,,,
二化螟,SSB,江宁区 汤山街道 二化螟_1_10_诱虫量,江宁区 汤山街道 二化螟,江苏省南京市江宁区,2023-05-28,7,85.0,,,2023,21,,,,,,,,
二化螟,SSB,江宁区 汤山街道 二化螟_1_10_诱虫量,江宁区 汤山街道 二化螟,江苏省南京市江宁区,2023-06-04,7,43.0,,,2023,22,32.3,20.1,84.14,74.14,29.6,2.38,48.59,25.72
二化螟,SSB,江宁区 汤山街道 二化螟_1_10_诱虫量,江宁区 汤山街道 二化螟,江苏省南京市江宁区,2023-06-11,7,26.0,,,2023,23,34.2,16.0,80.43,75.0,31.1,2.66,59.78,28.9
二化螟,SSB,江宁区 汤山街道 二化螟_1_10_诱虫量,江宁区 汤山街道 二化螟,江苏省南京市江宁区,2023-06-18,7,7.0,,,2023,24,32.4,19.2,80.14,65.0,8.5,2.69,57.13,31.06
二化螟,SSB,江宁区 汤山街道 二化螟_1_10_诱虫量,江宁区 汤山街道 二化螟,江苏省南京市江宁区,2023-06-25,7,0.0,,,2023,25,31.4,20.5,87.57,74.57,82.3,2.55,29.04,21.42
二化螟,SSB,江宁区 汤山街道 二化螟_1_10_诱虫量,江宁区 汤山街道 二化螟,江苏省南京市江宁区,2023-07-02,7,2.0,,,2023,26,32.8,21.5,86.29,78.86,64.0,2.94,49.98,24.98
二化螟,SSB,江宁区 汤山街道 二化螟_1_10_诱虫量,江宁区 汤山街道 二化螟,江苏省南京市江宁区,2023-07-09,7,7.0,,,2023,27,32.9,23.9,87.86,82.29,123.1,3.4,45.76,24.46
二化螟,SSB,江宁区 汤山街道 二化螟_1_10_诱虫量,江宁区 汤山街道 二化螟,江苏省南京市江宁区,2023-07-16,7,2.0,,,2023,28,34.9,24.6,84.57,77.0,27.6,3.38,49.19,28.48
二化螟,SSB,江宁区 汤山街道 二化螟_1_10_诱虫量,江宁区 汤山街道 二化螟,江苏省南京市江宁区,2023-07-23,7,3.0,,,2023,29,31.5,23.5,89.43,84.71,117.0,2.29,34.08,19.55
二化螟,SSB,江宁区 汤山街道 二化螟_1_10_诱虫量,江宁区 汤山街道 二化螟,江苏省南京市江宁区,2023-07-30,7,3.0,,,2023,30,33.2,25.1,86.86,80.86,44.3,3.98,65.75,29.7
二化螟,SSB,江宁区 汤山街道 二化螟_1_10_诱虫量,江宁区 汤山街道 二化螟,江苏省南京市江宁区,2023-08-06,7,1.0,,,2023,31,34.0,25.0,86.43,76.43,17.1,3.1,81.36,32.83
二化螟,SSB,江宁区 汤山街道 二化螟_1_10_诱虫量,江宁区 汤山街道 二化螟,江苏省南京市江宁区,2023-08-13,6,0.0,,,2023,32,35.1,24.0,83.71,75.14,10.3,2.08,79.69,33.11
二化螟,SSB,江宁区 汤山街道 二化螟_1_10_诱虫量,江宁区 汤山街道 二化螟,江苏省南京市江宁区,2023-08-20,7,0.0,,,2023,33,33.7,23.9,86.57,81.29,26.5,2.19,77.01,29.64
二化螟,SSB,江宁区 汤山街道 二化螟_1_10_诱虫量,江宁区 汤山街道 二化螟,江苏省南京市江宁区,2023-08-27,7,0.0,,,2023,34,32.0,22.4,82.71,72.0,27.1,2.8,70.93,31.5
二化螟,SSB,江宁区 汤山街道 二化螟_1_10_诱虫量,江宁区 汤山街道 二化螟,江苏省南京市江宁区,2023-09-03,7,0.0,,,2023,35,29.4,18.5,86.86,78.57,59.2,2.79,42.5,22.49
二化螟,SSB,江宁区 汤山街道 二化螟_1_10_诱虫量,江宁区 汤山街道 二化螟,江苏省南京市江宁区,2023-09-10,7,1.0,,,2023,36,31.0,21.7,88.0,73.71,2.5,2.83,74.88,29.19
二化螟,SSB,江宁区 汤山街道 二化螟_1_10_诱虫量,江宁区 汤山街道 二化螟,江苏省南京市江宁区,2023-09-17,7,0.0,,,2023,37,31.4,20.4,87.43,82.14,74.6,2.74,29.78,17.15
二化螟,SSB,江宁区 汤山街道 二化螟_1_10_诱虫量,江宁区 汤山街道 二化螟,江苏省南京市江宁区,2023-09-24,7,2.0,,,2023,38,32.0,18.8,88.57,77.57,41.3,2.51,30.18,16.82
二化螟,SSB,江宁区 汤山街道 二化螟_1_10_诱虫量,江宁区 汤山街道 二化螟,江苏省南京市江宁区,2023-10-01,7,0.0,,,2023,39,28.2,19.1,89.57,82.43,13.3,2.19,45.28,17.44
二化螟,SSB,江宁区 汤山街道 二化螟_1_10_诱虫量,江宁区 汤山街道 二化螟,江苏省南京市江宁区,2023-10-08,7,0.0,,,2023,40,25.5,15.7,80.86,71.71,21.7,3.55,38.52,19.59
二化螟,SSB,江宁区 汤山街道 二化螟_1_10_诱虫量,江宁区 汤山街道 二化螟,江苏省南京市江宁区,2023-10-15,7,0.0,,,2023,41,23.6,13.5,84.86,74.14,0.0,2.05,50.14,17.04
二化螟,SSB,江宁区 汤山街道 二化螟_1_10_诱虫量,江宁区 汤山街道 二化螟,江苏省南京市江宁区,2023-10-22,7,0.0,,,2023,42,26.1,9.6,84.43,62.0,4.0,2.46,71.43,22.45
二化螟,SSB,江宁区 汤山街道 二化螟_1_10_诱虫量,江宁区 汤山街道 二化螟,江苏省南京市江宁区,2023-10-29,7,0.0,,,2023,43,25.6,9.6,85.14,64.29,0.0,1.94,60.15,18.61
二化螟,SSB,江宁区 汤山街道 二化螟_1_10_诱虫量,江宁区 汤山街道 二化螟,江苏省南京市江宁区,2023-11-05,5,0.0,,,2023,44,27.6,12.9,83.57,69.14,0.8,2.48,60.23,19.36
二化螟,SSB,江宁区 汤山街道 二化螟_1_10_诱虫量,江宁区 汤山街道 二化螟,江苏省南京市江宁区,2023-11-12,7,0.0,,,2023,45,,,,,,,,
二化螟,SSB,江宁区 汤山街道 二化螟_1_10_诱虫量,江宁区 汤山街道 二化螟,江苏省南京市江宁区,2023-11-19,7,0.0,,,2023,46,,,,,,,,
二化螟,SSB,江宁区 汤山街道 二化螟_1_10_诱虫量,江宁区 汤山街道 二化螟,江苏省南京市江宁区,2023-11-26,7,0.0,,,2023,47,,,,,,,,
二化螟,SSB,江宁区 汤山街道 二化螟_1_10_诱虫量,江宁区 汤山街道 二化螟,江苏省南京市江宁区,2023-12-03,7,0.0,,,2023,48,,,,,,,,
二化螟,SSB,江宁区 汤山街道 二化螟_1_10_诱虫量,江宁区 汤山街道 二化螟,江苏省南京市江宁区,2023-12-10,7,0.0,,,2023,49,,,,,,,,
二化螟,SSB,江宁区 汤山街道 二化螟_1_10_诱虫量,江宁区 汤山街道 二化螟,江苏省南京市江宁区,2023-12-17,7,0.0,,,2023,50,,,,,,,,
二化螟,SSB,江宁区 汤山街道 二化螟_1_10_诱虫量,江宁区 汤山街道 二化螟,江苏省南京市江宁区,2023-12-24,7,0.0,,,2023,51,,,,,,,,
二化螟,SSB,江宁区 汤山街道 二化螟_1_10_诱虫量,江宁区 汤山街道 二化螟,江苏省南京市江宁区,2023-12-31,7,0.0,,,2023,52,,,,,,,,
二化螟,SSB,江宁区 汤山街道 二化螟_1_10_诱虫量,江宁区 汤山街道 二化螟,江苏省南京市江宁区,2024-01-07,7,0.0,,,2024,1,,,,,,,,
二化螟,SSB,江宁区 汤山街道 二化螟_1_10_诱虫量,江宁区 汤山街道 二化螟,江苏省南京市江宁区,2024-01-14,7,1.0,,,2024,2,,,,,,,,
二化螟,SSB,江宁区 汤山街道 二化螟_1_10_诱虫量,江宁区 汤山街道 二化螟,江苏省南京市江宁区,2024-01-21,7,0.0,,,2024,3,,,,,,,,
二化螟,SSB,江宁区 汤山街道 二化螟_1_10_诱虫量,江宁区 汤山街道 二化螟,江苏省南京市江宁区,2024-01-28,7,0.0,,,2024,4,,,,,,,,
二化螟,SSB,江宁区 汤山街道 二化螟_1_10_诱虫量,江宁区 汤山街道 二化螟,江苏省南京市江宁区,2024-02-04,7,0.0,,,2024,5,,,,,,,,
二化螟,SSB,江宁区 汤山街道 二化螟_1_10_诱虫量,江宁区 汤山街道 二化螟,江苏省南京市江宁区,2024-02-11,7,0.0,,,2024,6,,,,,,,,
二化螟,SSB,江宁区 汤山街道 二化螟_1_10_诱虫量,江宁区 汤山街道 二化螟,江苏省南京市江宁区,2024-02-18,7,0.0,,,2024,7,,,,,,,,
二化螟,SSB,江宁区 汤山街道 二化螟_1_10_诱虫量,江宁区 汤山街道 二化螟,江苏省南京市江宁区,2024-02-25,7,0.0,,,2024,8,,,,,,,,
二化螟,SSB,江宁区 汤山街道 二化螟_1_10_诱虫量,江宁区 汤山街道 二化螟,江苏省南京市江宁区,2024-03-03,7,0.0,,,2024,9,,,,,,,,
二化螟,SSB,江宁区 汤山街道 二化螟_1_10_诱虫量,江宁区 汤山街道 二化螟,江苏省南京市江宁区,2024-03-10,7,4.0,,,2024,10,,,,,,,,
二化螟,SSB,江宁区 汤山街道 二化螟_1_10_诱虫量,江宁区 汤山街道 二化螟,江苏省南京市江宁区,2024-03-17,7,0.0,,,2024,11,,,,,,,,
二化螟,SSB,江宁区 汤山街道 二化螟_1_10_诱虫量,江宁区 汤山街道 二化螟,江苏省南京市江宁区,2024-03-24,7,0.0,,,2024,12,,,,,,,,
二化螟,SSB,江宁区 汤山街道 二化螟_1_10_诱虫量,江宁区 汤山街道 二化螟,江苏省南京市江宁区,2024-03-31,7,1.0,,,2024,13,,,,,,,,
二化螟,SSB,江宁区 汤山街道 二化螟_1_10_诱虫量,江宁区 汤山街道 二化螟,江苏省南京市江宁区,2024-04-07,7,3.0,,,2024,14,,,,,,,,
二化螟,SSB,江宁区 汤山街道 二化螟_1_10_诱虫量,江宁区 汤山街道 二化螟,江苏省南京市江宁区,2024-04-14,7,7.0,,,2024,15,,,,,,,,
二化螟,SSB,江宁区 汤山街道 二化螟_1_10_诱虫量,江宁区 汤山街道 二化螟,江苏省南京市江宁区,2024-04-21,7,2.0,,,2024,16,,,,,,,,
二化螟,SSB,江宁区 汤山街道 二化螟_1_10_诱虫量,江宁区 汤山街道 二化螟,江苏省南京市江宁区,2024-04-28,7,15.0,,,2024,17,,,,,,,,
二化螟,SSB,江宁区 汤山街道 二化螟_1_10_诱虫量,江宁区 汤山街道 二化螟,江苏省南京市江宁区,2024-05-05,7,4.0,,,2024,18,,,,,,,,
二化螟,SSB,江宁区 汤山街道 二化螟_1_10_诱虫量,江宁区 汤山街道 二化螟,江苏省南京市江宁区,2024-05-12,7,21.0,,,2024,19,,,,,,,,
二化螟,SSB,江宁区 汤山街道 二化螟_1_10_诱虫量,江宁区 汤山街道 二化螟,江苏省南京市江宁区,2024-05-19,7,32.0,,,2024,20,,,,,,,,
二化螟,SSB,江宁区 汤山街道 二化螟_1_10_诱虫量,江宁区 汤山街道 二化螟,江苏省南京市江宁区,2024-05-26,7,10.0,,,2024,21,,,,,,,,
二化螟,SSB,江宁区 汤山街道 二化螟_1_10_诱虫量,江宁区 汤山街道 二化螟,江苏省南京市江宁区,2024-06-02,7,10.0,,,2024,22,26.9,14.2,77.71,68.43,42.5,2.69,50.74,25.99
二化螟,SSB,江宁区 汤山街道 二化螟_1_10_诱虫量,江宁区 汤山街道 二化螟,江苏省南京市江宁区,2024-06-09,7,5.0,,,2024,23,30.9,17.1,76.86,61.71,5.2,2.43,62.66,30.94
二化螟,SSB,江宁区 汤山街道 二化螟_1_10_诱虫量,江宁区 汤山街道 二化螟,江苏省南京市江宁区,2024-06-16,7,4.0,,,2024,24,34.2,20.7,79.71,58.71,0.7,2.43,71.14,35.09
二化螟,SSB,江宁区 汤山街道 二化螟_1_10_诱虫量,江宁区 汤山街道 二化螟,江苏省南京市江宁区,2024-06-23,7,3.0,,,2024,25,32.3,21.3,85.0,69.86,96.1,3.32,46.58,27.17
二化螟,SSB,江宁区 汤山街道 二化螟_1_10_诱虫量,江宁区 汤山街道 二化螟,江苏省南京市江宁区,2024-06-30,7,0.0,,,2024,26,30.9,20.7,88.71,85.57,179.0,2.73,26.58,17.62
二化螟,SSB,江宁区 汤山街道 二化螟_1_10_诱虫量,江宁区 汤山街道 二化螟,江苏省南京市江宁区,2024-07-07,7,2.0,,,2024,27,34.9,22.6,81.14,78.57,41.8,4.14,62.65,32.6
二化螟,SSB,江宁区 汤山街道 二化螟_1_10_诱虫量,江宁区 汤山街道 二化螟,江苏省南京市江宁区,2024-07-14,7,1.0,,,2024,28,35.0,21.4,88.57,86.0,168.8,2.44,20.72,18.18
二化螟,SSB,江宁区 汤山街道 二化螟_1_10_诱虫量,江宁区 汤山街道 二化螟,江苏省南京市江宁区,2024-07-21,7,1.0,,,2024,29,35.2,24.3,81.86,78.57,22.4,3.39,35.37,25.73
二化螟,SSB,江宁区 汤山街道 二化螟_1_10_诱虫量,江宁区 汤山街道 二化螟,江苏省南京市江宁区,2024-07-28,7,0.0,,,2024,30,36.7,27.0,80.57,71.86,6.1,4.7,71.71,37.84
二化螟,SSB,江宁区 汤山街道 二化螟_1_10_诱虫量,江宁区 汤山街道 二化螟,江苏省南京市江宁区,2024-08-04,7,0.0,,,2024,31,37.5,27.6,76.0,71.57,9.5,2.75,86.5,40.56
二化螟,SSB,江宁区 汤山街道 二化螟_1_10_诱虫量,江宁区 汤山街道 二化螟,江苏省南京市江宁区,2024-08-11,7,0.0,,,2024,32,37.8,27.1,76.86,66.71,62.0,1.88,83.96,39.02
二化螟,SSB,江宁区 汤山街道 二化螟_1_10_诱虫量,江宁区 汤山街道 二化螟,江苏省南京市江宁区,2024-08-18,7,0.0,,,2024,33,36.3,24.9,84.43,67.71,34.3,2.42,75.24,33.56
二化螟,SSB,江宁区 汤山街道 二化螟_1_10_诱虫量,江宁区 汤山街道 二化螟,江苏省南京市江宁区,2024-08-25,7,4.0,,,2024,34,34.7,25.4,84.71,77.86,50.4,1.93,64.42,27.34
二化螟,SSB,江宁区 汤山街道 二化螟_1_10_诱虫量,江宁区 汤山街道 二化螟,江苏省南京市江宁区,2024-09-01,7,5.0,,,2024,35,35.2,24.1,83.43,71.71,6.3,2.35,74.77,30.13
二化螟,SSB,江宁区 汤山街道 二化螟_1_10_诱虫量,江宁区 汤山街道 二化螟,江苏省南京市江宁区,2024-09-08,7,11.0,,,2024,36,33.8,24.2,79.29,68.43,2.9,3.23,78.8,33.31
二化螟,SSB,江宁区 汤山街道 二化螟_1_10_诱虫量,江宁区 汤山街道 二化螟,江苏省南京市江宁区,2024-09-15,7,5.0,,,2024,37,33.8,23.6,88.14,80.14,83.0,3.4,57.66,23.89
二化螟,SSB,江宁区 汤山街道 二化螟_1_10_诱虫量,江宁区 汤山街道 二化螟,江苏省南京市江宁区,2024-09-22,7,2.0,,,2024,38,31.6,17.4,81.14,76.86,124.9,5.49,54.64,24.01
二化螟,SSB,江宁区 汤山街道 二化螟_1_10_诱虫量,江宁区 汤山街道 二化螟,江苏省南京市江宁区,2024-09-29,7,1.0,,,2024,39,29.1,15.8,86.14,76.0,15.1,2.67,66.18,23.31
二化螟,SSB,江宁区 汤山街道 二化螟_1_10_诱虫量,江宁区 汤山街道 二化螟,江苏省南京市江宁区,2024-10-06,7,1.0,,,2024,40,28.6,11.9,79.0,72.14,17.2,3.38,48.16,18.62
二化螟,SSB,江宁区 汤山街道 二化螟_1_10_诱虫量,江宁区 汤山街道 二化螟,江苏省南京市江宁区,2024-10-13,7,0.0,,,2024,41,25.2,13.1,85.0,74.71,16.7,2.16,49.5,16.94
二化螟,SSB,江宁区 汤山街道 二化螟_1_10_诱虫量,江宁区 汤山街道 二化螟,江苏省南京市江宁区,2024-10-20,7,0.0,,,2024,42,27.2,11.2,86.57,77.0,49.2,3.66,31.77,14.95
二化螟,SSB,江宁区 汤山街道 二化螟_1_10_诱虫量,江宁区 汤山街道 二化螟,江苏省南京市江宁区,2024-10-27,7,0.0,,,2024,43,22.3,8.6,88.29,80.43,20.0,3.16,35.15,12.25
二化螟,SSB,江宁区 汤山街道 二化螟_1_10_诱虫量,江宁区 汤山街道 二化螟,江苏省南京市江宁区,2024-11-03,7,0.0,,,2024,44,22.0,9.3,87.57,74.57,6.8,2.95,55.84,15.81
二化螟,SSB,江宁区 汤山街道 二化螟_1_10_诱虫量,江宁区 汤山街道 二化螟,江苏省南京市江宁区,2024-11-10,7,0.0,,,2024,45,,,,,,,,
二化螟,SSB,江宁区 汤山街道 二化螟_1_10_诱虫量,江宁区 汤山街道 二化螟,江苏省南京市江宁区,2024-11-17,7,0.0,,,2024,46,,,,,,,,
二化螟,SSB,江宁区 汤山街道 二化螟_1_10_诱虫量,江宁区 汤山街道 二化螟,江苏省南京市江宁区,2024-11-24,7,0.0,,,2024,47,,,,,,,,
二化螟,SSB,江宁区 汤山街道 二化螟_1_10_诱虫量,江宁区 汤山街道 二化螟,江苏省南京市江宁区,2024-12-01,7,0.0,,,2024,48,,,,,,,,
二化螟,SSB,江宁区 汤山街道 二化螟_1_10_诱虫量,江宁区 汤山街道 二化螟,江苏省南京市江宁区,2024-12-08,7,0.0,,,2024,49,,,,,,,,
二化螟,SSB,江宁区 汤山街道 二化螟_1_10_诱虫量,江宁区 汤山街道 二化螟,江苏省南京市江宁区,2024-12-15,7,0.0,,,2024,50,,,,,,,,
二化螟,SSB,江宁区 汤山街道 二化螟_1_10_诱虫量,江宁区 汤山街道 二化螟,江苏省南京市江宁区,2024-12-22,7,0.0,,,2024,51,,,,,,,,
二化螟,SSB,江宁区 汤山街道 二化螟_1_10_诱虫量,江宁区 汤山街道 二化螟,江苏省南京市江宁区,2024-12-29,3,0.0,,,2024,52,,,,,,,,
二化螟,SSB,江宁区江宁街道二化螟_1_2_诱虫量,江宁区江宁街道二化螟,江苏省南京市江宁区,2023-01-01,7,0.0,6.671428571428572,74.82285714285715,2022,52,,,,,,,,
二化螟,SSB,江宁区江宁街道二化螟_1_2_诱虫量,江宁区江宁街道二化螟,江苏省南京市江宁区,2023-01-08,7,0.0,9.141428571428571,85.44000000000001,2023,1,,,,,,,,
二化螟,SSB,江宁区江宁街道二化螟_1_2_诱虫量,江宁区江宁街道二化螟,江苏省南京市江宁区,2023-01-15,7,0.0,3.642857142857143,73.16714285714285,2023,2,,,,,,,,
二化螟,SSB,江宁区江宁街道二化螟_1_2_诱虫量,江宁区江宁街道二化螟,江苏省南京市江宁区,2023-01-22,7,0.0,1.6714285714285713,70.01285714285714,2023,3,,,,,,,,
二化螟,SSB,江宁区江宁街道二化螟_1_2_诱虫量,江宁区江宁街道二化螟,江苏省南京市江宁区,2023-01-29,7,0.0,5.411428571428571,71.37714285714286,2023,4,,,,,,,,
二化螟,SSB,江宁区江宁街道二化螟_1_2_诱虫量,江宁区江宁街道二化螟,江苏省南京市江宁区,2023-02-05,5,0.0,7.7219999999999995,93.50800000000001,2023,5,,,,,,,,
二化螟,SSB,江宁区江宁街道二化螟_1_2_诱虫量,江宁区江宁街道二化螟,江苏省南京市江宁区,2023-02-12,6,1.0,7.215,75.045,2023,6,,,,,,,,
二化螟,SSB,江宁区江宁街道二化螟_1_2_诱虫量,江宁区江宁街道二化螟,江苏省南京市江宁区,2023-02-19,7,0.0,5.4799999999999995,76.98285714285714,2023,7,,,,,,,,
二化螟,SSB,江宁区江宁街道二化螟_1_2_诱虫量,江宁区江宁街道二化螟,江苏省南京市江宁区,2023-02-26,6,0.0,10.883333333333333,63.955000000000005,2023,8,,,,,,,,
二化螟,SSB,江宁区江宁街道二化螟_1_2_诱虫量,江宁区江宁街道二化螟,江苏省南京市江宁区,2023-03-05,7,2.0,16.518571428571427,72.33857142857143,2023,9,,,,,,,,
二化螟,SSB,江宁区江宁街道二化螟_1_2_诱虫量,江宁区江宁街道二化螟,江苏省南京市江宁区,2023-03-12,7,0.0,10.934285714285712,70.81714285714285,2023,10,,,,,,,,
二化螟,SSB,江宁区江宁街道二化螟_1_2_诱虫量,江宁区江宁街道二化螟,江苏省南京市江宁区,2023-03-19,7,2.0,11.421428571428573,83.33571428571429,2023,11,,,,,,,,
二化螟,SSB,江宁区江宁街道二化螟_1_2_诱虫量,江宁区江宁街道二化螟,江苏省南京市江宁区,2023-03-26,7,1.0,14.274285714285714,74.49142857142859,2023,12,,,,,,,,
二化螟,SSB,江宁区江宁街道二化螟_1_2_诱虫量,江宁区江宁街道二化螟,江苏省南京市江宁区,2023-04-02,7,1.0,13.59142857142857,80.41571428571429,2023,13,,,,,,,,
二化螟,SSB,江宁区江宁街道二化螟_1_2_诱虫量,江宁区江宁街道二化螟,江苏省南京市江宁区,2023-04-09,7,6.0,19.374285714285715,67.08571428571429,2023,14,,,,,,,,
二化螟,SSB,江宁区江宁街道二化螟_1_2_诱虫量,江宁区江宁街道二化螟,江苏省南京市江宁区,2023-04-16,7,32.0,21.12857142857143,73.78285714285714,2023,15,,,,,,,,
二化螟,SSB,江宁区江宁街道二化螟_1_2_诱虫量,江宁区江宁街道二化螟,江苏省南京市江宁区,2023-04-23,7,30.0,16.408571428571427,76.75714285714285,2023,16,,,,,,,,
二化螟,SSB,江宁区江宁街道二化螟_1_2_诱虫量,江宁区江宁街道二化螟,江苏省南京市江宁区,2023-04-30,7,138.0,21.572857142857142,77.50142857142858,2023,17,,,,,,,,
二化螟,SSB,江宁区江宁街道二化螟_1_2_诱虫量,江宁区江宁街道二化螟,江苏省南京市江宁区,2023-05-07,7,110.0,19.592857142857145,71.08857142857143,2023,18,,,,,,,,
二化螟,SSB,江宁区江宁街道二化螟_1_2_诱虫量,江宁区江宁街道二化螟,江苏省南京市江宁区,2023-05-14,7,681.0,24.427142857142858,74.18285714285715,2023,19,,,,,,,,
二化螟,SSB,江宁区江宁街道二化螟_1_2_诱虫量,江宁区江宁街道二化螟,江苏省南京市江宁区,2023-05-21,7,232.0,22.018571428571427,80.17571428571429,2023,20,,,,,,,,
二化螟,SSB,江宁区江宁街道二化螟_1_2_诱虫量,江宁区江宁街道二化螟,江苏省南京市江宁区,2023-05-28,7,402.0,26.889999999999997,76.86571428571428,2023,21,,,,,,,,
二化螟,SSB,江宁区江宁街道二化螟_1_2_诱虫量,江宁区江宁街道二化螟,江苏省南京市江宁区,2023-06-04,7,247.0,25.64428571428571,77.77142857142857,2023,22,32.3,20.1,84.14,74.14,29.6,2.38,48.59,25.72
二化螟,SSB,江宁区江宁街道二化螟_1_2_诱虫量,江宁区江宁街道二化螟,江苏省南京市江宁区,2023-06-11,7,76.0,26.677142857142858,77.42,2023,23,34.2,16.0,80.43,75.0,31.1,2.66,59.78,28.9
二化螟,SSB,江宁区江宁街道二化螟_1_2_诱虫量,江宁区江宁街道二化螟,江苏省南京市江宁区,2023-06-18,7,10.0,26.455714285714286,88.34285714285714,2023,24,32.4,19.2,80.14,65.0,8.5,2.69,57.13,31.06
二化螟,SSB,江宁区江宁街道二化螟_1_2_诱虫量,江宁区江宁街道二化螟,江苏省南京市江宁区,2023-06-25,7,4.0,28.867142857142856,85.5257142857143,2023,25,31.4,20.5,87.57,74.57,82.3,2.55,29.04,21.42
二化螟,SSB,江宁区江宁街道二化螟_1_2_诱虫量,江宁区江宁街道二化螟,江苏省南京市江宁区,2023-07-02,7,0.0,30.024285714285714,87.50142857142858,2023,26,32.8,21.5,86.29,78.86,64.0,2.94,49.98,24.98
二化螟,SSB,江宁区江宁街道二化螟_1_2_诱虫量,江宁区江宁街道二化螟,江苏省南京市江宁区,2023-07-09,7,1.0,30.85571428571429,84.04857142857144,2023,27,32.9,23.9,87.86,82.29,123.1,3.4,45.76,24.46
二化螟,SSB,江宁区江宁街道二化螟_1_2_诱虫量,江宁区江宁街道二化螟,江苏省南京市江宁区,2023-07-16,7,0.0,28.63714285714286,91.55285714285715,2023,28,34.9,24.6,84.57,77.0,27.6,3.38,49.19,28.48
二化螟,SSB,江宁区江宁街道二化螟_1_2_诱虫量,江宁区江宁街道二化螟,江苏省南京市江宁区,2023-07-23,7,6.0,29.807142857142857,88.10428571428572,2023,29,31.5,23.5,89.43,84.71,117.0,2.29,34.08,19.55
二化螟,SSB,江宁区江宁街道二化螟_1_2_诱虫量,江宁区江宁街道二化螟,江苏省南京市江宁区,2023-07-30,7,6.0,31.46857142857143,84.63142857142857,2023,30,33.2,25.1,86.86,80.86,44.3,3.98,65.75,29.7
二化螟,SSB,江宁区江宁街道二化螟_1_2_诱虫量,江宁区江宁街道二化螟,江苏省南京市江宁区,2023-08-06,7,13.0,31.584285714285716,81.74571428571429,2023,31,34.0,25.0,86.43,76.43,17.1,3.1,81.36,32.83
二化螟,SSB,江宁区江宁街道二化螟_1_2_诱虫量,江宁区江宁街道二化螟,江苏省南京市江宁区,2023-08-13,7,1.0,31.172857142857143,82.68571428571428,2023,32,35.1,24.0,83.71,75.14,10.3,2.08,79.69,33.11
二化螟,SSB,江宁区江宁街道二化螟_1_2_诱虫量,江宁区江宁街道二化螟,江苏省南京市江宁区,2023-08-20,7,1.0,29.604285714285712,82.5657142857143,2023,33,33.7,23.9,86.57,81.29,26.5,2.19,77.01,29.64
二化螟,SSB,江宁区江宁街道二化螟_1_2_诱虫量,江宁区江宁街道二化螟,江苏省南京市江宁区,2023-08-27,7,2.0,25.51142857142857,86.75714285714285,2023,34,32.0,22.4,82.71,72.0,27.1,2.8,70.93,31.5
二化螟,SSB,江宁区江宁街道二化螟_1_2_诱虫量,江宁区江宁街道二化螟,江苏省南京市江宁区,2023-09-03,7,18.0,28.197142857142858,83.94285714285715,2023,35,29.4,18.5,86.86,78.57,59.2,2.79,42.5,22.49
二化螟,SSB,江宁区江宁街道二化螟_1_2_诱虫量,江宁区江宁街道二化螟,江苏省南京市江宁区,2023-09-10,7,21.0,25.46142857142857,92.16714285714286,2023,36,31.0,21.7,88.0,73.71,2.5,2.83,74.88,29.19
二化螟,SSB,江宁区江宁街道二化螟_1_2_诱虫量,江宁区江宁街道二化螟,江苏省南京市江宁区,2023-09-17,7,9.0,24.472857142857144,89.93285714285715,2023,37,31.4,20.4,87.43,82.14,74.6,2.74,29.78,17.15
二化螟,SSB,江宁区江宁街道二化螟_1_2_诱虫量,江宁区江宁街道二化螟,江苏省南京市江宁区,2023-09-24,7,1.0,24.907142857142855,90.47142857142856,2023,38,32.0,18.8,88.57,77.57,41.3,2.51,30.18,16.82
二化螟,SSB,江宁区江宁街道二化螟_1_2_诱虫量,江宁区江宁街道二化螟,江苏省南京市江宁区,2023-10-01,7,0.0,20.631428571428568,85.36714285714287,2023,39,28.2,19.1,89.57,82.43,13.3,2.19,45.28,17.44
二化螟,SSB,江宁区江宁街道二化螟_1_2_诱虫量,江宁区江宁街道二化螟,江苏省南京市江宁区,2023-10-08,7,0.0,20.57,83.25571428571428,2023,40,25.5,15.7,80.86,71.71,21.7,3.55,38.52,19.59
二化螟,SSB,江宁区江宁街道二化螟_1_2_诱虫量,江宁区江宁街道二化螟,江苏省南京市江宁区,2023-10-15,7,0.0,19.244285714285716,75.67999999999999,2023,41,23.6,13.5,84.86,74.14,0.0,2.05,50.14,17.04
二化螟,SSB,江宁区江宁街道二化螟_1_2_诱虫量,江宁区江宁街道二化螟,江苏省南京市江宁区,2023-10-22,7,0.0,19.215714285714284,81.12714285714286,2023,42,26.1,9.6,84.43,62.0,4.0,2.46,71.43,22.45
二化螟,SSB,江宁区江宁街道二化螟_1_2_诱虫量,江宁区江宁街道二化螟,江苏省南京市江宁区,2023-10-29,7,0.0,20.43,79.52714285714285,2023,43,25.6,9.6,85.14,64.29,0.0,1.94,60.15,18.61
二化螟,SSB,江宁区江宁街道二化螟_1_2_诱虫量,江宁区江宁街道二化螟,江苏省南京市江宁区,2023-11-05,5,0.0,12.4875,89.81,2023,44,27.6,12.9,83.57,69.14,0.8,2.48,60.23,19.36
二化螟,SSB,江宁区江宁街道二化螟_1_2_诱虫量,江宁区江宁街道二化螟,江苏省南京市江宁区,2023-11-12,7,0.0,9.004285714285714,70.51857142857143,2023,45,,,,,,,,
二化螟,SSB,江宁区江宁街道二化螟_1_2_诱虫量,江宁区江宁街道二化螟,江苏省南京市江宁区,2023-11-19,7,0.0,12.001428571428573,72.64285714285714,2023,46,,,,,,,,
二化螟,SSB,江宁区江宁街道二化螟_1_2_诱虫量,江宁区江宁街道二化螟,江苏省南京市江宁区,2023-11-26,7,0.0,7.755714285714285,72.42142857142858,2023,47,,,,,,,,
二化螟,SSB,江宁区江宁街道二化螟_1_2_诱虫量,江宁区江宁街道二化螟,江苏省南京市江宁区,2023-12-03,7,0.0,11.91,68.20571428571428,2023,48,,,,,,,,
二化螟,SSB,江宁区江宁街道二化螟_1_2_诱虫量,江宁区江宁街道二化螟,江苏省南京市江宁区,2023-12-10,7,0.0,5.4628571428571435,84.86714285714285,2023,49,,,,,,,,
二化螟,SSB,江宁区江宁街道二化螟_1_2_诱虫量,江宁区江宁街道二化螟,江苏省南京市江宁区,2023-12-17,7,0.0,-0.13571428571428573,72.78999999999999,2023,50,,,,,,,,
二化螟,SSB,江宁区江宁街道二化螟_1_2_诱虫量,江宁区江宁街道二化螟,江苏省南京市江宁区,2023-12-24,7,0.0,5.601428571428571,83.86857142857143,2023,51,,,,,,,,
二化螟,SSB,江宁区江宁街道二化螟_1_2_诱虫量,江宁区江宁街道二化螟,江苏省南京市江宁区,2023-12-31,7,0.0,5.132857142857143,86.03285714285714,2023,52,,,,,,,,
二化螟,SSB,江宁区江宁街道二化螟_1_2_诱虫量,江宁区江宁街道二化螟,江苏省南京市江宁区,2024-01-07,7,0.0,7.3342857142857145,78.10857142857142,2024,1,,,,,,,,
二化螟,SSB,江宁区江宁街道二化螟_1_2_诱虫量,江宁区江宁街道二化螟,江苏省南京市江宁区,2024-01-14,6,0.0,5.983333333333333,87.43166666666667,2024,2,,,,,,,,
二化螟,SSB,江宁区江宁街道二化螟_1_2_诱虫量,江宁区江宁街道二化螟,江苏省南京市江宁区,2024-01-21,7,0.0,0.2871428571428571,70.63857142857144,2024,3,,,,,,,,
二化螟,SSB,江宁区江宁街道二化螟_1_2_诱虫量,江宁区江宁街道二化螟,江苏省南京市江宁区,2024-01-28,6,0.0,5.671666666666667,87.83,2024,4,,,,,,,,
二化螟,SSB,江宁区江宁街道二化螟_1_2_诱虫量,江宁区江宁街道二化螟,江苏省南京市江宁区,2024-02-04,5,0.0,4.779999999999999,78.934,2024,5,,,,,,,,
二化螟,SSB,江宁区江宁街道二化螟_1_2_诱虫量,江宁区江宁街道二化螟,江苏省南京市江宁区,2024-02-11,7,0.0,10.221428571428572,78.63428571428572,2024,6,,,,,,,,
二化螟,SSB,江宁区江宁街道二化螟_1_2_诱虫量,江宁区江宁街道二化螟,江苏省南京市江宁区,2024-02-18,7,0.0,4.644285714285714,91.0,2024,7,,,,,,,,
二化螟,SSB,江宁区江宁街道二化螟_1_2_诱虫量,江宁区江宁街道二化螟,江苏省南京市江宁区,2024-02-25,7,0.0,4.357142857142857,81.63,2024,8,,,,,,,,
二化螟,SSB,江宁区江宁街道二化螟_1_2_诱虫量,江宁区江宁街道二化螟,江苏省南京市江宁区,2024-03-03,7,0.0,8.52142857142857,80.07000000000001,2024,9,,,,,,,,
二化螟,SSB,江宁区江宁街道二化螟_1_2_诱虫量,江宁区江宁街道二化螟,江苏省南京市江宁区,2024-03-10,7,1.0,13.365714285714287,76.00142857142858,2024,10,,,,,,,,
二化螟,SSB,江宁区江宁街道二化螟_1_2_诱虫量,江宁区江宁街道二化螟,江苏省南京市江宁区,2024-03-17,7,0.0,13.475714285714286,74.53,2024,11,,,,,,,,
二化螟,SSB,江宁区江宁街道二化螟_1_2_诱虫量,江宁区江宁街道二化螟,江苏省南京市江宁区,2024-03-24,7,0.0,15.627142857142857,85.07571428571428,2024,12,,,,,,,,
二化螟,SSB,江宁区江宁街道二化螟_1_2_诱虫量,江宁区江宁街道二化螟,江苏省南京市江宁区,2024-03-31,7,3.0,16.74142857142857,82.19571428571429,2024,13,,,,,,,,
二化螟,SSB,江宁区江宁街道二化螟_1_2_诱虫量,江宁区江宁街道二化螟,江苏省南京市江宁区,2024-04-07,7,2.0,18.045714285714286,85.45571428571428,2024,14,,,,,,,,
二化螟,SSB,江宁区江宁街道二化螟_1_2_诱虫量,江宁区江宁街道二化螟,江苏省南京市江宁区,2024-04-14,7,4.0,19.419999999999998,86.67857142857143,2024,15,,,,,,,,
二化螟,SSB,江宁区江宁街道二化螟_1_2_诱虫量,江宁区江宁街道二化螟,江苏省南京市江宁区,2024-04-21,7,3.0,21.12857142857143,78.60571428571428,2024,16,,,,,,,,
二化螟,SSB,江宁区江宁街道二化螟_1_2_诱虫量,江宁区江宁街道二化螟,江苏省南京市江宁区,2024-04-28,7,6.0,17.78142857142857,85.96285714285715,2024,17,,,,,,,,
二化螟,SSB,江宁区江宁街道二化螟_1_2_诱虫量,江宁区江宁街道二化螟,江苏省南京市江宁区,2024-05-05,7,31.0,21.457142857142856,80.09,2024,18,,,,,,,,
二化螟,SSB,江宁区江宁街道二化螟_1_2_诱虫量,江宁区江宁街道二化螟,江苏省南京市江宁区,2024-05-12,7,73.0,24.017142857142858,67.76285714285714,2024,19,,,,,,,,
二化螟,SSB,江宁区江宁街道二化螟_1_2_诱虫量,江宁区江宁街道二化螟,江苏省南京市江宁区,2024-05-19,7,254.0,26.40142857142857,75.91857142857144,2024,20,,,,,,,,
二化螟,SSB,江宁区江宁街道二化螟_1_2_诱虫量,江宁区江宁街道二化螟,江苏省南京市江宁区,2024-05-26,7,98.0,22.552857142857142,80.6557142857143,2024,21,,,,,,,,
二化螟,SSB,江宁区江宁街道二化螟_1_2_诱虫量,江宁区江宁街道二化螟,江苏省南京市江宁区,2024-06-02,7,87.0,24.815714285714286,75.38428571428572,2024,22,26.9,14.2,77.71,68.43,42.5,2.69,50.74,25.99
二化螟,SSB,江宁区江宁街道二化螟_1_2_诱虫量,江宁区江宁街道二化螟,江苏省南京市江宁区,2024-06-09,7,36.0,29.49285714285714,74.53285714285714,2024,23,30.9,17.1,76.86,61.71,5.2,2.43,62.66,30.94
二化螟,SSB,江宁区江宁街道二化螟_1_2_诱虫量,江宁区江宁街道二化螟,江苏省南京市江宁区,2024-06-16,7,14.0,27.849999999999998,83.87714285714286,2024,24,34.2,20.7,79.71,58.71,0.7,2.43,71.14,35.09
二化螟,SSB,江宁区江宁街道二化螟_1_2_诱虫量,江宁区江宁街道二化螟,江苏省南京市江宁区,2024-06-23,7,4.0,25.900000000000002,92.67571428571429,2024,25,32.3,21.3,85.0,69.86,96.1,3.32,46.58,27.17
二化螟,SSB,江宁区江宁街道二化螟_1_2_诱虫量,江宁区江宁街道二化螟,江苏省南京市江宁区,2024-06-30,7,1.0,30.09,86.38714285714286,2024,26,30.9,20.7,88.71,85.57,179.0,2.73,26.58,17.62
二化螟,SSB,江宁区江宁街道二化螟_1_2_诱虫量,江宁区江宁街道二化螟,江苏省南京市江宁区,2024-07-07,7,0.0,28.851428571428574,90.4057142857143,2024,27,34.9,22.6,81.14,78.57,41.8,4.14,62.65,32.6
二化螟,SSB,江宁区江宁街道二化螟_1_2_诱虫量,江宁区江宁街道二化螟,江苏省南京市江宁区,2024-07-14,7,1.0,30.81714285714286,87.95285714285714,2024,28,35.0,21.4,88.57,86.0,168.8,2.44,20.72,18.18
二化螟,SSB,江宁区江宁街道二化螟_1_2_诱虫量,江宁区江宁街道二化螟,江苏省南京市江宁区,2024-07-21,7,1.0,32.73714285714286,83.14999999999999,2024,29,35.2,24.3,81.86,78.57,22.4,3.39,35.37,25.73
二化螟,SSB,江宁区江宁街道二化螟_1_2_诱虫量,江宁区江宁街道二化螟,江苏省南京市江宁区,2024-07-28,7,6.0,34.002857142857145,79.13571428571429,2024,30,36.7,27.0,80.57,71.86,6.1,4.7,71.71,37.84
二化螟,SSB,江宁区江宁街道二化螟_1_2_诱虫量,江宁区江宁街道二化螟,江苏省南京市江宁区,2024-08-04,7,6.0,34.07285714285714,77.91142857142857,2024,31,37.5,27.6,76.0,71.57,9.5,2.75,86.5,40.56
二化螟,SSB,江宁区江宁街道二化螟_1_2_诱虫量,江宁区江宁街道二化螟,江苏省南京市江宁区,2024-08-11,7,3.0,31.474285714285713,84.14999999999999,2024,32,37.8,27.1,76.86,66.71,62.0,1.88,83.96,39.02
二化螟,SSB,江宁区江宁街道二化螟_1_2_诱虫量,江宁区江宁街道二化螟,江苏省南京市江宁区,2024-08-18,7,9.0,31.41714285714286,86.82285714285715,2024,33,36.3,24.9,84.43,67.71,34.3,2.42,75.24,33.56
二化螟,SSB,江宁区江宁街道二化螟_1_2_诱虫量,江宁区江宁街道二化螟,江苏省南京市江宁区,2024-08-25,7,5.0,31.158571428571427,85.6842857142857,2024,34,34.7,25.4,84.71,77.86,50.4,1.93,64.42,27.34
二化螟,SSB,江宁区江宁街道二化螟_1_2_诱虫量,江宁区江宁街道二化螟,江苏省南京市江宁区,2024-09-01,7,42.0,31.16857142857143,85.40142857142857,2024,35,35.2,24.1,83.43,71.71,6.3,2.35,74.77,30.13
二化螟,SSB,江宁区江宁街道二化螟_1_2_诱虫量,江宁区江宁街道二化螟,江苏省南京市江宁区,2024-09-08,7,88.0,29.81142857142857,91.0942857142857,2024,36,33.8,24.2,79.29,68.43,2.9,3.23,78.8,33.31
二化螟,SSB,江宁区江宁街道二化螟_1_2_诱虫量,江宁区江宁街道二化螟,江苏省南京市江宁区,2024-09-15,7,42.0,27.077142857142857,93.78,2024,37,33.8,23.6,88.14,80.14,83.0,3.4,57.66,23.89
二化螟,SSB,江宁区江宁街道二化螟_1_2_诱虫量,江宁区江宁街道二化螟,江苏省南京市江宁区,2024-09-22,7,35.0,23.689999999999998,88.4342857142857,2024,38,31.6,17.4,81.14,76.86,124.9,5.49,54.64,24.01
二化螟,SSB,江宁区江宁街道二化螟_1_2_诱虫量,江宁区江宁街道二化螟,江苏省南京市江宁区,2024-09-29,7,13.0,20.31857142857143,87.4057142857143,2024,39,29.1,15.8,86.14,76.0,15.1,2.67,66.18,23.31
二化螟,SSB,江宁区江宁街道二化螟_1_2_诱虫量,江宁区江宁街道二化螟,江苏省南京市江宁区,2024-10-06,7,4.0,19.055714285714284,89.80999999999999,2024,40,28.6,11.9,79.0,72.14,17.2,3.38,48.16,18.62
二化螟,SSB,江宁区江宁街道二化螟_1_2_诱虫量,江宁区江宁街道二化螟,江苏省南京市江宁区,2024-10-13,7,11.0,20.891428571428573,93.95857142857143,2024,41,25.2,13.1,85.0,74.71,16.7,2.16,49.5,16.94
二化螟,SSB,江宁区江宁街道二化螟_1_2_诱虫量,江宁区江宁街道二化螟,江苏省南京市江宁区,2024-10-20,7,0.0,16.59714285714286,91.52,2024,42,27.2,11.2,86.57,77.0,49.2,3.66,31.77,14.95
二化螟,SSB,江宁区江宁街道二化螟_1_2_诱虫量,江宁区江宁街道二化螟,江苏省南京市江宁区,2024-10-27,7,1.0,16.412857142857142,90.22142857142856,2024,43,22.3,8.6,88.29,80.43,20.0,3.16,35.15,12.25
二化螟,SSB,江宁区江宁街道二化螟_1_2_诱虫量,江宁区江宁街道二化螟,江苏省南京市江宁区,2024-11-03,7,0.0,15.138571428571428,85.30714285714285,2024,44,22.0,9.3,87.57,74.57,6.8,2.95,55.84,15.81
二化螟,SSB,江宁区江宁街道二化螟_1_2_诱虫量,江宁区江宁街道二化螟,江苏省南京市江宁区,2024-11-10,7,0.0,18.504285714285714,89.65857142857143,2024,45,,,,,,,,
二化螟,SSB,江宁区江宁街道二化螟_1_2_诱虫量,江宁区江宁街道二化螟,江苏省南京市江宁区,2024-11-17,7,0.0,11.494285714285715,85.22571428571429,2024,46,,,,,,,,
二化螟,SSB,江宁区江宁街道二化螟_1_2_诱虫量,江宁区江宁街道二化螟,江苏省南京市江宁区,2024-11-24,7,0.0,8.972857142857142,75.37285714285714,2024,47,,,,,,,,
二化螟,SSB,江宁区江宁街道二化螟_1_2_诱虫量,江宁区江宁街道二化螟,江苏省南京市江宁区,2024-12-01,7,0.0,9.241428571428571,85.61142857142856,2024,48,,,,,,,,
二化螟,SSB,江宁区江宁街道二化螟_1_2_诱虫量,江宁区江宁街道二化螟,江苏省南京市江宁区,2024-12-08,7,0.0,5.3342857142857145,83.72285714285714,2024,49,,,,,,,,
二化螟,SSB,江宁区江宁街道二化螟_1_2_诱虫量,江宁区江宁街道二化螟,江苏省南京市江宁区,2024-12-15,7,0.0,3.1999999999999997,77.04142857142857,2024,50,,,,,,,,
二化螟,SSB,江宁区江宁街道二化螟_1_2_诱虫量,江宁区江宁街道二化螟,江苏省南京市江宁区,2024-12-22,7,0.0,4.451428571428571,76.56857142857143,2024,51,,,,,,,,
二化螟,SSB,江宁区江宁街道二化螟_1_2_诱虫量,江宁区江宁街道二化螟,江苏省南京市江宁区,2024-12-29,3,0.0,5.154999999999999,67.215,2024,52,,,,,,,,
二化螟,SSB,江宁区禄口街道二化螟_1_50_诱虫量,江宁区禄口街道二化螟,江苏省南京市江宁区,2023-01-01,7,0.0,7.301428571428572,74.89857142857143,2022,52,,,,,,,,
二化螟,SSB,江宁区禄口街道二化螟_1_50_诱虫量,江宁区禄口街道二化螟,江苏省南京市江宁区,2023-01-08,7,0.0,10.054285714285713,81.91714285714285,2023,1,,,,,,,,
二化螟,SSB,江宁区禄口街道二化螟_1_50_诱虫量,江宁区禄口街道二化螟,江苏省南京市江宁区,2023-01-15,7,0.0,3.7728571428571427,74.28428571428572,2023,2,,,,,,,,
二化螟,SSB,江宁区禄口街道二化螟_1_50_诱虫量,江宁区禄口街道二化螟,江苏省南京市江宁区,2023-01-22,7,0.0,1.5514285714285714,73.07857142857144,2023,3,,,,,,,,
二化螟,SSB,江宁区禄口街道二化螟_1_50_诱虫量,江宁区禄口街道二化螟,江苏省南京市江宁区,2023-01-29,7,0.0,6.041428571428571,70.92,2023,4,,,,,,,,
二化螟,SSB,江宁区禄口街道二化螟_1_50_诱虫量,江宁区禄口街道二化螟,江苏省南京市江宁区,2023-02-05,7,1.0,7.868571428571428,95.36857142857143,2023,5,,,,,,,,
二化螟,SSB,江宁区禄口街道二化螟_1_50_诱虫量,江宁区禄口街道二化螟,江苏省南京市江宁区,2023-02-12,7,1.0,7.197142857142857,81.00428571428571,2023,6,,,,,,,,
二化螟,SSB,江宁区禄口街道二化螟_1_50_诱虫量,江宁区禄口街道二化螟,江苏省南京市江宁区,2023-02-19,7,0.0,5.6414285714285715,78.52714285714286,2023,7,,,,,,,,
二化螟,SSB,江宁区禄口街道二化螟_1_50_诱虫量,江宁区禄口街道二化螟,江苏省南京市江宁区,2023-02-26,7,1.0,10.858571428571429,66.33857142857143,2023,8,,,,,,,,
二化螟,SSB,江宁区禄口街道二化螟_1_50_诱虫量,江宁区禄口街道二化螟,江苏省南京市江宁区,2023-03-05,7,2.0,17.111428571428572,70.74857142857142,2023,9,,,,,,,,
二化螟,SSB,江宁区禄口街道二化螟_1_50_诱虫量,江宁区禄口街道二化螟,江苏省南京市江宁区,2023-03-12,7,0.0,11.375714285714285,71.31142857142858,2023,10,,,,,,,,
二化螟,SSB,江宁区禄口街道二化螟_1_50_诱虫量,江宁区禄口街道二化螟,江苏省南京市江宁区,2023-03-19,7,0.0,11.5,83.82428571428571,2023,11,,,,,,,,
二化螟,SSB,江宁区禄口街道二化螟_1_50_诱虫量,江宁区禄口街道二化螟,江苏省南京市江宁区,2023-03-26,7,0.0,14.854285714285714,75.16285714285713,2023,12,,,,,,,,
二化螟,SSB,江宁区禄口街道二化螟_1_50_诱虫量,江宁区禄口街道二化螟,江苏省南京市江宁区,2023-04-02,7,4.0,14.241428571428571,80.89714285714285,2023,13,,,,,,,,
二化螟,SSB,江宁区禄口街道二化螟_1_50_诱虫量,江宁区禄口街道二化螟,江苏省南京市江宁区,2023-04-09,7,0.0,19.90142857142857,67.19857142857143,2023,14,,,,,,,,
二化螟,SSB,江宁区禄口街道二化螟_1_50_诱虫量,江宁区禄口街道二化螟,江苏省南京市江宁区,2023-04-16,7,8.0,21.24285714285714,75.4057142857143,2023,15,,,,,,,,
二化螟,SSB,江宁区禄口街道二化螟_1_50_诱虫量,江宁区禄口街道二化螟,江苏省南京市江宁区,2023-04-23,7,0.0,16.83857142857143,77.90857142857143,2023,16,,,,,,,,
二化螟,SSB,江宁区禄口街道二化螟_1_50_诱虫量,江宁区禄口街道二化螟,江苏省南京市江宁区,2023-04-30,7,11.0,22.32428571428571,77.16428571428571,2023,17,,,,,,,,
二化螟,SSB,江宁区禄口街道二化螟_1_50_诱虫量,江宁区禄口街道二化螟,江苏省南京市江宁区,2023-05-07,7,0.0,19.88714285714286,70.87857142857142,2023,18,,,,,,,,
二化螟,SSB,江宁区禄口街道二化螟_1_50_诱虫量,江宁区禄口街道二化螟,江苏省南京市江宁区,2023-05-14,7,7.0,24.55857142857143,76.18142857142857,2023,19,,,,,,,,
二化螟,SSB,江宁区禄口街道二化螟_1_50_诱虫量,江宁区禄口街道二化螟,江苏省南京市江宁区,2023-05-21,7,5.0,22.385714285714283,81.64857142857143,2023,20,,,,,,,,
二化螟,SSB,江宁区禄口街道二化螟_1_50_诱虫量,江宁区禄口街道二化螟,江苏省南京市江宁区,2023-05-28,7,89.0,27.41857142857143,77.48428571428572,2023,21,,,,,,,,
二化螟,SSB,江宁区禄口街道二化螟_1_50_诱虫量,江宁区禄口街道二化螟,江苏省南京市江宁区,2023-06-04,7,26.0,26.025714285714287,79.23571428571428,2023,22,32.3,20.1,84.14,74.14,29.6,2.38,48.59,25.72
二化螟,SSB,江宁区禄口街道二化螟_1_50_诱虫量,江宁区禄口街道二化螟,江苏省南京市江宁区,2023-06-11,7,2.0,27.21142857142857,76.68857142857144,2023,23,34.2,16.0,80.43,75.0,31.1,2.66,59.78,28.9
二化螟,SSB,江宁区禄口街道二化螟_1_50_诱虫量,江宁区禄口街道二化螟,江苏省南京市江宁区,2023-06-18,7,1.0,27.052857142857142,87.55999999999999,2023,24,32.4,19.2,80.14,65.0,8.5,2.69,57.13,31.06
二化螟,SSB,江宁区禄口街道二化螟_1_50_诱虫量,江宁区禄口街道二化螟,江苏省南京市江宁区,2023-06-25,7,2.0,29.978571428571428,84.6842857142857,2023,25,31.4,20.5,87.57,74.57,82.3,2.55,29.04,21.42
二化螟,SSB,江宁区禄口街道二化螟_1_50_诱虫量,江宁区禄口街道二化螟,江苏省南京市江宁区,2023-07-02,7,1.0,30.475714285714282,87.59285714285714,2023,26,32.8,21.5,86.29,78.86,64.0,2.94,49.98,24.98
二化螟,SSB,江宁区禄口街道二化螟_1_50_诱虫量,江宁区禄口街道二化螟,江苏省南京市江宁区,2023-07-09,7,0.0,30.782857142857146,86.82285714285715,2023,27,32.9,23.9,87.86,82.29,123.1,3.4,45.76,24.46
二化螟,SSB,江宁区禄口街道二化螟_1_50_诱虫量,江宁区禄口街道二化螟,江苏省南京市江宁区,2023-07-16,7,0.0,29.104285714285716,91.42999999999999,2023,28,34.9,24.6,84.57,77.0,27.6,3.38,49.19,28.48
二化螟,SSB,江宁区禄口街道二化螟_1_50_诱虫量,江宁区禄口街道二化螟,江苏省南京市江宁区,2023-07-23,7,0.0,29.93285714285714,89.07000000000001,2023,29,31.5,23.5,89.43,84.71,117.0,2.29,34.08,19.55
二化螟,SSB,江宁区禄口街道二化螟_1_50_诱虫量,江宁区禄口街道二化螟,江苏省南京市江宁区,2023-07-30,7,0.0,31.65,84.74142857142859,2023,30,33.2,25.1,86.86,80.86,44.3,3.98,65.75,29.7
二化螟,SSB,江宁区禄口街道二化螟_1_50_诱虫量,江宁区禄口街道二化螟,江苏省南京市江宁区,2023-08-06,7,0.0,31.238571428571426,83.43857142857142,2023,31,34.0,25.0,86.43,76.43,17.1,3.1,81.36,32.83
二化螟,SSB,江宁区禄口街道二化螟_1_50_诱虫量,江宁区禄口街道二化螟,江苏省南京市江宁区,2023-08-13,7,1.0,30.901666666666667,84.16166666666666,2023,32,35.1,24.0,83.71,75.14,10.3,2.08,79.69,33.11
二化螟,SSB,江宁区禄口街道二化螟_1_50_诱虫量,江宁区禄口街道二化螟,江苏省南京市江宁区,2023-08-20,7,0.0,30.057142857142857,81.32857142857142,2023,33,33.7,23.9,86.57,81.29,26.5,2.19,77.01,29.64
二化螟,SSB,江宁区禄口街道二化螟_1_50_诱虫量,江宁区禄口街道二化螟,江苏省南京市江宁区,2023-08-27,7,0.0,25.525714285714287,87.33714285714287,2023,34,32.0,22.4,82.71,72.0,27.1,2.8,70.93,31.5
二化螟,SSB,江宁区禄口街道二化螟_1_50_诱虫量,江宁区禄口街道二化螟,江苏省南京市江宁区,2023-09-03,7,1.0,28.28857142857143,83.6842857142857,2023,35,29.4,18.5,86.86,78.57,59.2,2.79,42.5,22.49
二化螟,SSB,江宁区禄口街道二化螟_1_50_诱虫量,江宁区禄口街道二化螟,江苏省南京市江宁区,2023-09-10,7,0.0,26.02857142857143,91.02285714285713,2023,36,31.0,21.7,88.0,73.71,2.5,2.83,74.88,29.19
二化螟,SSB,江宁区禄口街道二化螟_1_50_诱虫量,江宁区禄口街道二化螟,江苏省南京市江宁区,2023-09-17,7,2.0,24.458571428571428,91.32000000000001,2023,37,31.4,20.4,87.43,82.14,74.6,2.74,29.78,17.15
二化螟,SSB,江宁区禄口街道二化螟_1_50_诱虫量,江宁区禄口街道二化螟,江苏省南京市江宁区,2023-09-24,7,3.0,25.082857142857144,91.01428571428572,2023,38,32.0,18.8,88.57,77.57,41.3,2.51,30.18,16.82
二化螟,SSB,江宁区禄口街道二化螟_1_50_诱虫量,江宁区禄口街道二化螟,江苏省南京市江宁区,2023-10-01,7,3.0,20.860000000000003,84.04142857142857,2023,39,28.2,19.1,89.57,82.43,13.3,2.19,45.28,17.44
二化螟,SSB,江宁区禄口街道二化螟_1_50_诱虫量,江宁区禄口街道二化螟,江苏省南京市江宁区,2023-10-08,7,1.0,20.46857142857143,82.94714285714285,2023,40,25.5,15.7,80.86,71.71,21.7,3.55,38.52,19.59
二化螟,SSB,江宁区禄口街道二化螟_1_50_诱虫量,江宁区禄口街道二化螟,江苏省南京市江宁区,2023-10-15,7,1.0,19.632857142857144,75.64285714285714,2023,41,23.6,13.5,84.86,74.14,0.0,2.05,50.14,17.04
二化螟,SSB,江宁区禄口街道二化螟_1_50_诱虫量,江宁区禄口街道二化螟,江苏省南京市江宁区,2023-10-22,7,1.0,20.18,81.08285714285714,2023,42,26.1,9.6,84.43,62.0,4.0,2.46,71.43,22.45
二化螟,SSB,江宁区禄口街道二化螟_1_50_诱虫量,江宁区禄口街道二化螟,江苏省南京市江宁区,2023-10-29,7,2.0,20.867142857142856,81.41142857142857,2023,43,25.6,9.6,85.14,64.29,0.0,1.94,60.15,18.61
二化螟,SSB,江宁区禄口街道二化螟_1_50_诱虫量,江宁区禄口街道二化螟,江苏省南京市江宁区,2023-11-05,5,1.0,12.73,90.7975,2023,44,27.6,12.9,83.57,69.14,0.8,2.48,60.23,19.36
二化螟,SSB,江宁区禄口街道二化螟_1_50_诱虫量,江宁区禄口街道二化螟,江苏省南京市江宁区,2023-11-12,7,2.0,9.281428571428572,72.29857142857142,2023,45,,,,,,,,
二化螟,SSB,江宁区禄口街道二化螟_1_50_诱虫量,江宁区禄口街道二化螟,江苏省南京市江宁区,2023-11-19,7,5.0,12.31,72.65714285714286,2023,46,,,,,,,,
二化螟,SSB,江宁区禄口街道二化螟_1_50_诱虫量,江宁区禄口街道二化螟,江苏省南京市江宁区,2023-11-26,7,3.0,8.4,72.92,2023,47,,,,,,,,
二化螟,SSB,江宁区禄口街道二化螟_1_50_诱虫量,江宁区禄口街道二化螟,江苏省南京市江宁区,2023-12-03,7,3.0,11.575714285714286,71.23571428571428,2023,48,,,,,,,,
二化螟,SSB,江宁区禄口街道二化螟_1_50_诱虫量,江宁区禄口街道二化螟,江苏省南京市江宁区,2023-12-10,7,0.0,5.855714285714286,87.96000000000001,2023,49,,,,,,,,
二化螟,SSB,江宁区禄口街道二化螟_1_50_诱虫量,江宁区禄口街道二化螟,江苏省南京市江宁区,2023-12-17,7,0.0,-0.5085714285714286,76.34857142857142,2023,50,,,,,,,,
二化螟,SSB,江宁区禄口街道二化螟_1_50_诱虫量,江宁区禄口街道二化螟,江苏省南京市江宁区,2023-12-24,7,0.0,6.1414285714285715,84.34,2023,51,,,,,,,,
二化螟,SSB,江宁区禄口街道二化螟_1_50_诱虫量,江宁区禄口街道二化螟,江苏省南京市江宁区,2023-12-31,7,0.0,4.922857142857143,86.94857142857143,2023,52,,,,,,,,
二化螟,SSB,江宁区禄口街道二化螟_1_50_诱虫量,江宁区禄口街道二化螟,江苏省南京市江宁区,2024-01-07,7,0.0,6.771428571428571,81.89,2024,1,,,,,,,,
二化螟,SSB,江宁区禄口街道二化螟_1_50_诱虫量,江宁区禄口街道二化螟,江苏省南京市江宁区,2024-01-14,7,0.0,5.764285714285714,88.88714285714286,2024,2,,,,,,,,
二化螟,SSB,江宁区禄口街道二化螟_1_50_诱虫量,江宁区禄口街道二化螟,江苏省南京市江宁区,2024-01-21,7,1.0,1.0257142857142856,72.06857142857143,2024,3,,,,,,,,
二化螟,SSB,江宁区禄口街道二化螟_1_50_诱虫量,江宁区禄口街道二化螟,江苏省南京市江宁区,2024-01-28,7,0.0,5.42,90.02571428571427,2024,4,,,,,,,,
二化螟,SSB,江宁区禄口街道二化螟_1_50_诱虫量,江宁区禄口街道二化螟,江苏省南京市江宁区,2024-02-04,7,1.0,3.3614285714285717,84.82000000000001,2024,5,,,,,,,,
二化螟,SSB,江宁区禄口街道二化螟_1_50_诱虫量,江宁区禄口街道二化螟,江苏省南京市江宁区,2024-02-11,7,2.0,10.118571428571428,80.27,2024,6,,,,,,,,
二化螟,SSB,江宁区禄口街道二化螟_1_50_诱虫量,江宁区禄口街道二化螟,江苏省南京市江宁区,2024-02-18,7,1.0,4.452857142857143,94.13714285714286,2024,7,,,,,,,,
二化螟,SSB,江宁区禄口街道二化螟_1_50_诱虫量,江宁区禄口街道二化螟,江苏省南京市江宁区,2024-02-25,7,2.0,4.418571428571428,82.86285714285714,2024,8,,,,,,,,
二化螟,SSB,江宁区禄口街道二化螟_1_50_诱虫量,江宁区禄口街道二化螟,江苏省南京市江宁区,2024-03-03,7,2.0,8.798571428571428,80.16571428571429,2024,9,,,,,,,,
二化螟,SSB,江宁区禄口街道二化螟_1_50_诱虫量,江宁区禄口街道二化螟,江苏省南京市江宁区,2024-03-10,7,3.0,13.448571428571428,77.56285714285714,2024,10,,,,,,,,
二化螟,SSB,江宁区禄口街道二化螟_1_50_诱虫量,江宁区禄口街道二化螟,江苏省南京市江宁区,2024-03-17,7,0.0,13.747142857142858,77.45142857142856,2024,11,,,,,,,,
二化螟,SSB,江宁区禄口街道二化螟_1_50_诱虫量,江宁区禄口街道二化螟,江苏省南京市江宁区,2024-03-24,7,0.0,15.552857142857144,87.24571428571429,2024,12,,,,,,,,
二化螟,SSB,江宁区禄口街道二化螟_1_50_诱虫量,江宁区禄口街道二化螟,江苏省南京市江宁区,2024-03-31,7,0.0,16.97142857142857,81.52285714285713,2024,13,,,,,,,,
二化螟,SSB,江宁区禄口街道二化螟_1_50_诱虫量,江宁区禄口街道二化螟,江苏省南京市江宁区,2024-04-07,7,0.0,17.9,85.9342857142857,2024,14,,,,,,,,
二化螟,SSB,江宁区禄口街道二化螟_1_50_诱虫量,江宁区禄口街道二化螟,江苏省南京市江宁区,2024-04-14,6,0.0,19.763333333333332,86.2,2024,15,,,,,,,,
二化螟,SSB,江宁区禄口街道二化螟_1_50_诱虫量,江宁区禄口街道二化螟,江苏省南京市江宁区,2024-06-16,5,8.0,27.360000000000003,91.62,2024,24,34.2,20.7,79.71,58.71,0.7,2.43,71.14,35.09
二化螟,SSB,江宁区禄口街道二化螟_1_50_诱虫量,江宁区禄口街道二化螟,江苏省南京市江宁区,2024-06-23,7,1.0,25.497142857142858,95.37857142857142,2024,25,32.3,21.3,85.0,69.86,96.1,3.32,46.58,27.17
二化螟,SSB,江宁区禄口街道二化螟_1_50_诱虫量,江宁区禄口街道二化螟,江苏省南京市江宁区,2024-06-30,7,0.0,30.30857142857143,87.42999999999999,2024,26,30.9,20.7,88.71,85.57,179.0,2.73,26.58,17.62
二化螟,SSB,江宁区禄口街道二化螟_1_50_诱虫量,江宁区禄口街道二化螟,江苏省南京市江宁区,2024-07-07,7,0.0,28.937142857142856,90.98285714285714,2024,27,34.9,22.6,81.14,78.57,41.8,4.14,62.65,32.6
二化螟,SSB,江宁区禄口街道二化螟_1_50_诱虫量,江宁区禄口街道二化螟,江苏省南京市江宁区,2024-07-14,7,0.0,31.15142857142857,88.95,2024,28,35.0,21.4,88.57,86.0,168.8,2.44,20.72,18.18
二化螟,SSB,江宁区禄口街道二化螟_1_50_诱虫量,江宁区禄口街道二化螟,江苏省南京市江宁区,2024-07-21,7,0.0,33.152857142857144,82.85571428571428,2024,29,35.2,24.3,81.86,78.57,22.4,3.39,35.37,25.73
二化螟,SSB,江宁区禄口街道二化螟_1_50_诱虫量,江宁区禄口街道二化螟,江苏省南京市江宁区,2024-07-28,7,1.0,34.71714285714286,78.80571428571429,2024,30,36.7,27.0,80.57,71.86,6.1,4.7,71.71,37.84
二化螟,SSB,江宁区禄口街道二化螟_1_50_诱虫量,江宁区禄口街道二化螟,江苏省南京市江宁区,2024-08-04,7,2.0,34.778571428571425,77.96857142857142,2024,31,37.5,27.6,76.0,71.57,9.5,2.75,86.5,40.56
二化螟,SSB,江宁区禄口街道二化螟_1_50_诱虫量,江宁区禄口街道二化螟,江苏省南京市江宁区,2024-08-11,7,0.0,31.828571428571426,83.13285714285715,2024,32,37.8,27.1,76.86,66.71,62.0,1.88,83.96,39.02
二化螟,SSB,江宁区禄口街道二化螟_1_50_诱虫量,江宁区禄口街道二化螟,江苏省南京市江宁区,2024-08-18,7,3.0,31.17285714285714,87.80571428571429,2024,33,36.3,24.9,84.43,67.71,34.3,2.42,75.24,33.56
二化螟,SSB,江宁区禄口街道二化螟_1_50_诱虫量,江宁区禄口街道二化螟,江苏省南京市江宁区,2024-08-25,7,0.0,31.284285714285716,85.62428571428572,2024,34,34.7,25.4,84.71,77.86,50.4,1.93,64.42,27.34
二化螟,SSB,江宁区禄口街道二化螟_1_50_诱虫量,江宁区禄口街道二化螟,江苏省南京市江宁区,2024-09-01,7,2.0,31.375714285714285,84.07714285714285,2024,35,35.2,24.1,83.43,71.71,6.3,2.35,74.77,30.13
二化螟,SSB,江宁区禄口街道二化螟_1_50_诱虫量,江宁区禄口街道二化螟,江苏省南京市江宁区,2024-09-08,7,7.0,30.747142857142855,88.80428571428571,2024,36,33.8,24.2,79.29,68.43,2.9,3.23,78.8,33.31
二化螟,SSB,江宁区禄口街道二化螟_1_50_诱虫量,江宁区禄口街道二化螟,江苏省南京市江宁区,2024-09-15,7,6.0,27.694285714285712,92.85857142857142,2024,37,33.8,23.6,88.14,80.14,83.0,3.4,57.66,23.89
二化螟,SSB,江宁区禄口街道二化螟_1_50_诱虫量,江宁区禄口街道二化螟,江苏省南京市江宁区,2024-09-22,7,9.0,24.03857142857143,88.07428571428571,2024,38,31.6,17.4,81.14,76.86,124.9,5.49,54.64,24.01
二化螟,SSB,江宁区禄口街道二化螟_1_50_诱虫量,江宁区禄口街道二化螟,江苏省南京市江宁区,2024-09-29,7,1.0,21.198571428571427,85.39428571428572,2024,39,29.1,15.8,86.14,76.0,15.1,2.67,66.18,23.31
二化螟,SSB,江宁区禄口街道二化螟_1_50_诱虫量,江宁区禄口街道二化螟,江苏省南京市江宁区,2024-10-06,7,0.0,19.244285714285716,89.95,2024,40,28.6,11.9,79.0,72.14,17.2,3.38,48.16,18.62
二化螟,SSB,江宁区禄口街道二化螟_1_50_诱虫量,江宁区禄口街道二化螟,江苏省南京市江宁区,2024-10-13,7,1.0,20.881428571428568,94.97285714285714,2024,41,25.2,13.1,85.0,74.71,16.7,2.16,49.5,16.94
二化螟,SSB,江宁区禄口街道二化螟_1_50_诱虫量,江宁区禄口街道二化螟,江苏省南京市江宁区,2024-10-20,7,0.0,17.28,90.58000000000001,2024,42,27.2,11.2,86.57,77.0,49.2,3.66,31.77,14.95
二化螟,SSB,江宁区禄口街道二化螟_1_50_诱虫量,江宁区禄口街道二化螟,江苏省南京市江宁区,2024-10-27,7,0.0,16.827142857142857,90.73285714285714,2024,43,22.3,8.6,88.29,80.43,20.0,3.16,35.15,12.25
二化螟,SSB,江宁区禄口街道二化螟_1_50_诱虫量,江宁区禄口街道二化螟,江苏省南京市江宁区,2024-11-03,7,0.0,16.064285714285713,83.98714285714286,2024,44,22.0,9.3,87.57,74.57,6.8,2.95,55.84,15.81
二化螟,SSB,江宁区禄口街道二化螟_1_50_诱虫量,江宁区禄口街道二化螟,江苏省南京市江宁区,2024-11-10,7,0.0,18.834285714285716,90.07571428571428,2024,45,,,,,,,,
二化螟,SSB,江宁区禄口街道二化螟_1_50_诱虫量,江宁区禄口街道二化螟,江苏省南京市江宁区,2024-11-17,7,0.0,12.168571428571429,83.77571428571427,2024,46,,,,,,,,
二化螟,SSB,江宁区禄口街道二化螟_1_50_诱虫量,江宁区禄口街道二化螟,江苏省南京市江宁区,2024-11-24,7,0.0,9.684285714285716,73.5,2024,47,,,,,,,,
二化螟,SSB,江宁区禄口街道二化螟_1_50_诱虫量,江宁区禄口街道二化螟,江苏省南京市江宁区,2024-12-01,7,0.0,10.137142857142857,84.39999999999999,2024,48,,,,,,,,
二化螟,SSB,江宁区禄口街道二化螟_1_50_诱虫量,江宁区禄口街道二化螟,江苏省南京市江宁区,2024-12-08,7,0.0,5.734285714285714,83.44714285714285,2024,49,,,,,,,,
二化螟,SSB,江宁区禄口街道二化螟_1_50_诱虫量,江宁区禄口街道二化螟,江苏省南京市江宁区,2024-12-15,7,0.0,3.954285714285714,76.83571428571429,2024,50,,,,,,,,
二化螟,SSB,江宁区禄口街道二化螟_1_50_诱虫量,江宁区禄口街道二化螟,江苏省南京市江宁区,2024-12-22,7,0.0,5.014285714285714,75.60142857142857,2024,51,,,,,,,,
二化螟,SSB,江宁区禄口街道二化螟_1_50_诱虫量,江宁区禄口街道二化螟,江苏省南京市江宁区,2024-12-29,3,0.0,4.615,70.76499999999999,2024,52,,,,,,,,
二化螟,SSB,淳化街道二化螟_1_4_诱虫量,淳化街道二化螟,江苏省南京市江宁区,2023-01-01,7,0.0,7.097142857142857,73.08428571428571,2022,52,,,,,,,,
二化螟,SSB,淳化街道二化螟_1_4_诱虫量,淳化街道二化螟,江苏省南京市江宁区,2023-01-08,7,1.0,10.402857142857142,80.3,2023,1,,,,,,,,
二化螟,SSB,淳化街道二化螟_1_4_诱虫量,淳化街道二化螟,江苏省南京市江宁区,2023-01-15,7,1.0,3.587142857142857,71.64142857142858,2023,2,,,,,,,,
二化螟,SSB,淳化街道二化螟_1_4_诱虫量,淳化街道二化螟,江苏省南京市江宁区,2023-01-22,7,0.0,1.28,72.22428571428573,2023,3,,,,,,,,
二化螟,SSB,淳化街道二化螟_1_4_诱虫量,淳化街道二化螟,江苏省南京市江宁区,2023-01-29,7,0.0,5.791428571428571,69.35428571428572,2023,4,,,,,,,,
二化螟,SSB,淳化街道二化螟_1_4_诱虫量,淳化街道二化螟,江苏省南京市江宁区,2023-02-05,7,0.0,7.548571428571429,94.25,2023,5,,,,,,,,
二化螟,SSB,淳化街道二化螟_1_4_诱虫量,淳化街道二化螟,江苏省南京市江宁区,2023-02-12,7,0.0,6.978571428571429,79.97,2023,6,,,,,,,,
二化螟,SSB,淳化街道二化螟_1_4_诱虫量,淳化街道二化螟,江苏省南京市江宁区,2023-02-19,7,0.0,5.664285714285714,75.19714285714285,2023,7,,,,,,,,
二化螟,SSB,淳化街道二化螟_1_4_诱虫量,淳化街道二化螟,江苏省南京市江宁区,2023-02-26,7,1.0,10.552857142857144,65.24285714285715,2023,8,,,,,,,,
二化螟,SSB,淳化街道二化螟_1_4_诱虫量,淳化街道二化螟,江苏省南京市江宁区,2023-03-05,7,3.0,17.225714285714286,68.82857142857144,2023,9,,,,,,,,
二化螟,SSB,淳化街道二化螟_1_4_诱虫量,淳化街道二化螟,江苏省南京市江宁区,2023-03-12,7,0.0,10.930000000000001,69.67142857142856,2023,10,,,,,,,,
二化螟,SSB,淳化街道二化螟_1_4_诱虫量,淳化街道二化螟,江苏省南京市江宁区,2023-03-19,7,6.0,11.482857142857142,81.66857142857143,2023,11,,,,,,,,
二化螟,SSB,淳化街道二化螟_1_4_诱虫量,淳化街道二化螟,江苏省南京市江宁区,2023-03-26,7,3.0,14.321428571428571,74.44285714285715,2023,12,,,,,,,,
二化螟,SSB,淳化街道二化螟_1_4_诱虫量,淳化街道二化螟,江苏省南京市江宁区,2023-04-02,7,6.0,14.055714285714286,80.41714285714285,2023,13,,,,,,,,
二化螟,SSB,淳化街道二化螟_1_4_诱虫量,淳化街道二化螟,江苏省南京市江宁区,2023-04-09,7,0.0,19.56,65.66428571428571,2023,14,,,,,,,,
二化螟,SSB,淳化街道二化螟_1_4_诱虫量,淳化街道二化螟,江苏省南京市江宁区,2023-04-16,7,44.0,21.047142857142855,73.30428571428571,2023,15,,,,,,,,
二化螟,SSB,淳化街道二化螟_1_4_诱虫量,淳化街道二化螟,江苏省南京市江宁区,2023-04-23,7,10.0,17.00142857142857,74.86571428571429,2023,16,,,,,,,,
二化螟,SSB,淳化街道二化螟_1_4_诱虫量,淳化街道二化螟,江苏省南京市江宁区,2023-04-30,7,191.0,21.777142857142856,77.91428571428571,2023,17,,,,,,,,
二化螟,SSB,淳化街道二化螟_1_4_诱虫量,淳化街道二化螟,江苏省南京市江宁区,2023-05-07,7,39.0,19.888571428571428,67.49857142857142,2023,18,,,,,,,,
二化螟,SSB,淳化街道二化螟_1_4_诱虫量,淳化街道二化螟,江苏省南京市江宁区,2023-05-14,7,358.0,24.075714285714287,75.63571428571429,2023,19,,,,,,,,
二化螟,SSB,淳化街道二化螟_1_4_诱虫量,淳化街道二化螟,江苏省南京市江宁区,2023-05-21,7,430.0,22.517142857142858,78.71142857142857,2023,20,,,,,,,,
二化螟,SSB,淳化街道二化螟_1_4_诱虫量,淳化街道二化螟,江苏省南京市江宁区,2023-05-28,7,748.0,27.34142857142857,73.67857142857143,2023,21,,,,,,,,
二化螟,SSB,淳化街道二化螟_1_4_诱虫量,淳化街道二化螟,江苏省南京市江宁区,2023-06-04,7,247.0,26.37,74.62571428571428,2023,22,32.3,20.1,84.14,74.14,29.6,2.38,48.59,25.72
二化螟,SSB,淳化街道二化螟_1_4_诱虫量,淳化街道二化螟,江苏省南京市江宁区,2023-06-11,7,27.0,27.09857142857143,73.92714285714285,2023,23,34.2,16.0,80.43,75.0,31.1,2.66,59.78,28.9
二化螟,SSB,淳化街道二化螟_1_4_诱虫量,淳化街道二化螟,江苏省南京市江宁区,2023-06-18,7,8.0,26.41857142857143,87.08571428571429,2023,24,32.4,19.2,80.14,65.0,8.5,2.69,57.13,31.06
二化螟,SSB,淳化街道二化螟_1_4_诱虫量,淳化街道二化螟,江苏省南京市江宁区,2023-06-25,7,10.0,29.34,83.38142857142857,2023,25,31.4,20.5,87.57,74.57,82.3,2.55,29.04,21.42
二化螟,SSB,淳化街道二化螟_1_4_诱虫量,淳化街道二化螟,江苏省南京市江宁区,2023-07-02,7,6.0,30.118571428571432,87.23857142857142,2023,26,32.8,21.5,86.29,78.86,64.0,2.94,49.98,24.98
二化螟,SSB,淳化街道二化螟_1_4_诱虫量,淳化街道二化螟,江苏省南京市江宁区,2023-07-09,7,14.0,30.397142857142857,86.17857142857143,2023,27,32.9,23.9,87.86,82.29,123.1,3.4,45.76,24.46
二化螟,SSB,淳化街道二化螟_1_4_诱虫量,淳化街道二化螟,江苏省南京市江宁区,2023-07-16,7,7.0,28.922857142857143,90.11428571428571,2023,28,34.9,24.6,84.57,77.0,27.6,3.38,49.19,28.48
二化螟,SSB,淳化街道二化螟_1_4_诱虫量,淳化街道二化螟,江苏省南京市江宁区,2023-07-23,7,17.0,29.73428571428571,88.14999999999999,2023,29,31.5,23.5,89.43,84.71,117.0,2.29,34.08,19.55
二化螟,SSB,淳化街道二化螟_1_4_诱虫量,淳化街道二化螟,江苏省南京市江宁区,2023-07-30,7,13.0,31.102857142857143,84.61,2023,30,33.2,25.1,86.86,80.86,44.3,3.98,65.75,29.7
二化螟,SSB,淳化街道二化螟_1_4_诱虫量,淳化街道二化螟,江苏省南京市江宁区,2023-08-06,7,3.0,30.93857142857143,80.17,2023,31,34.0,25.0,86.43,76.43,17.1,3.1,81.36,32.83
二化螟,SSB,淳化街道二化螟_1_4_诱虫量,淳化街道二化螟,江苏省南京市江宁区,2023-08-13,6,0.0,30.46666666666667,83.49,2023,32,35.1,24.0,83.71,75.14,10.3,2.08,79.69,33.11
二化螟,SSB,淳化街道二化螟_1_4_诱虫量,淳化街道二化螟,江苏省南京市江宁区,2023-08-20,7,1.0,29.617142857142856,80.69285714285715,2023,33,33.7,23.9,86.57,81.29,26.5,2.19,77.01,29.64
二化螟,SSB,淳化街道二化螟_1_4_诱虫量,淳化街道二化螟,江苏省南京市江宁区,2023-08-27,7,0.0,25.551428571428573,85.63285714285713,2023,34,32.0,22.4,82.71,72.0,27.1,2.8,70.93,31.5
二化螟,SSB,淳化街道二化螟_1_4_诱虫量,淳化街道二化螟,江苏省南京市江宁区,2023-09-03,7,0.0,27.955714285714286,82.67142857142858,2023,35,29.4,18.5,86.86,78.57,59.2,2.79,42.5,22.49
二化螟,SSB,淳化街道二化螟_1_4_诱虫量,淳化街道二化螟,江苏省南京市江宁区,2023-09-10,7,0.0,25.53142857142857,90.41714285714285,2023,36,31.0,21.7,88.0,73.71,2.5,2.83,74.88,29.19
二化螟,SSB,淳化街道二化螟_1_4_诱虫量,淳化街道二化螟,江苏省南京市江宁区,2023-09-17,7,1.0,24.31714285714286,90.92571428571429,2023,37,31.4,20.4,87.43,82.14,74.6,2.74,29.78,17.15
二化螟,SSB,淳化街道二化螟_1_4_诱虫量,淳化街道二化螟,江苏省南京市江宁区,2023-09-24,7,2.0,24.66,90.02,2023,38,32.0,18.8,88.57,77.57,41.3,2.51,30.18,16.82
二化螟,SSB,淳化街道二化螟_1_4_诱虫量,淳化街道二化螟,江苏省南京市江宁区,2023-10-01,7,1.0,20.56714285714286,83.11428571428571,2023,39,28.2,19.1,89.57,82.43,13.3,2.19,45.28,17.44
二化螟,SSB,淳化街道二化螟_1_4_诱虫量,淳化街道二化螟,江苏省南京市江宁区,2023-10-08,7,0.0,20.627142857142854,80.46142857142857,2023,40,25.5,15.7,80.86,71.71,21.7,3.55,38.52,19.59
二化螟,SSB,淳化街道二化螟_1_4_诱虫量,淳化街道二化螟,江苏省南京市江宁区,2023-10-15,7,0.0,19.84,74.19142857142857,2023,41,23.6,13.5,84.86,74.14,0.0,2.05,50.14,17.04
二化螟,SSB,淳化街道二化螟_1_4_诱虫量,淳化街道二化螟,江苏省南京市江宁区,2023-10-22,7,0.0,19.617142857142856,79.59285714285714,2023,42,26.1,9.6,84.43,62.0,4.0,2.46,71.43,22.45
二化螟,SSB,淳化街道二化螟_1_4_诱虫量,淳化街道二化螟,江苏省南京市江宁区,2023-10-29,7,0.0,21.51142857142857,77.51857142857143,2023,43,25.6,9.6,85.14,64.29,0.0,1.94,60.15,18.61
二化螟,SSB,淳化街道二化螟_1_4_诱虫量,淳化街道二化螟,江苏省南京市江宁区,2023-11-05,4,0.0,10.715,84.86,2023,44,27.6,12.9,83.57,69.14,0.8,2.48,60.23,19.36
二化螟,SSB,淳化街道二化螟_1_4_诱虫量,淳化街道二化螟,江苏省南京市江宁区,2023-11-12,7,0.0,9.148333333333333,66.895,2023,45,,,,,,,,
二化螟,SSB,淳化街道二化螟_1_4_诱虫量,淳化街道二化螟,江苏省南京市江宁区,2023-11-19,7,0.0,12.694285714285714,68.49285714285715,2023,46,,,,,,,,
二化螟,SSB,淳化街道二化螟_1_4_诱虫量,淳化街道二化螟,江苏省南京市江宁区,2023-11-26,7,0.0,8.001666666666667,70.45666666666666,2023,47,,,,,,,,
二化螟,SSB,淳化街道二化螟_1_4_诱虫量,淳化街道二化螟,江苏省南京市江宁区,2023-12-03,7,0.0,12.863333333333335,62.15,2023,48,,,,,,,,
二化螟,SSB,淳化街道二化螟_1_4_诱虫量,淳化街道二化螟,江苏省南京市江宁区,2023-12-10,7,0.0,4.877142857142857,84.30857142857143,2023,49,,,,,,,,
二化螟,SSB,淳化街道二化螟_1_4_诱虫量,淳化街道二化螟,江苏省南京市江宁区,2023-12-17,7,0.0,-0.33285714285714285,70.09,2023,50,,,,,,,,
二化螟,SSB,淳化街道二化螟_1_4_诱虫量,淳化街道二化螟,江苏省南京市江宁区,2023-12-24,7,0.0,6.080000000000001,83.155,2023,51,,,,,,,,
二化螟,SSB,淳化街道二化螟_1_4_诱虫量,淳化街道二化螟,江苏省南京市江宁区,2023-12-31,7,0.0,6.855,77.1625,2023,52,,,,,,,,
二化螟,SSB,淳化街道二化螟_1_4_诱虫量,淳化街道二化螟,江苏省南京市江宁区,2024-01-07,7,2.0,7.855,78.78833333333334,2024,1,,,,,,,,
二化螟,SSB,淳化街道二化螟_1_4_诱虫量,淳化街道二化螟,江苏省南京市江宁区,2024-01-14,7,0.0,6.2457142857142856,86.25714285714285,2024,2,,,,,,,,
二化螟,SSB,淳化街道二化螟_1_4_诱虫量,淳化街道二化螟,江苏省南京市江宁区,2024-01-21,7,19.0,1.4114285714285713,67.38714285714285,2024,3,,,,,,,,
二化螟,SSB,淳化街道二化螟_1_4_诱虫量,淳化街道二化螟,江苏省南京市江宁区,2024-01-28,7,5.0,4.8428571428571425,90.10142857142857,2024,4,,,,,,,,
二化螟,SSB,淳化街道二化螟_1_4_诱虫量,淳化街道二化螟,江苏省南京市江宁区,2024-02-04,7,0.0,3.4857142857142853,83.01714285714286,2024,5,,,,,,,,
二化螟,SSB,淳化街道二化螟_1_4_诱虫量,淳化街道二化螟,江苏省南京市江宁区,2024-02-11,7,0.0,12.398571428571428,67.75714285714285,2024,6,,,,,,,,
二化螟,SSB,淳化街道二化螟_1_4_诱虫量,淳化街道二化螟,江苏省南京市江宁区,2024-02-18,7,0.0,4.03,91.60000000000001,2024,7,,,,,,,,
二化螟,SSB,淳化街道二化螟_1_4_诱虫量,淳化街道二化螟,江苏省南京市江宁区,2024-02-25,7,0.0,4.815714285714286,79.30142857142857,2024,8,,,,,,,,
二化螟,SSB,淳化街道二化螟_1_4_诱虫量,淳化街道二化螟,江苏省南京市江宁区,2024-03-03,7,0.0,9.065714285714286,77.57285714285715,2024,9,,,,,,,,
二化螟,SSB,淳化街道二化螟_1_4_诱虫量,淳化街道二化螟,江苏省南京市江宁区,2024-03-10,7,74.0,14.18142857142857,71.34428571428572,2024,10,,,,,,,,
二化螟,SSB,淳化街道二化螟_1_4_诱虫量,淳化街道二化螟,江苏省南京市江宁区,2024-03-17,7,49.0,14.388571428571428,70.75285714285714,2024,11,,,,,,,,
二化螟,SSB,淳化街道二化螟_1_4_诱虫量,淳化街道二化螟,江苏省南京市江宁区,2024-03-24,7,35.0,15.27,85.87428571428572,2024,12,,,,,,,,
二化螟,SSB,淳化街道二化螟_1_4_诱虫量,淳化街道二化螟,江苏省南京市江宁区,2024-03-31,7,82.0,17.642857142857142,75.17571428571429,2024,13,,,,,,,,
二化螟,SSB,淳化街道二化螟_1_4_诱虫量,淳化街道二化螟,江苏省南京市江宁区,2024-04-07,7,57.0,18.56142857142857,81.55142857142857,2024,14,,,,,,,,
二化螟,SSB,淳化街道二化螟_1_4_诱虫量,淳化街道二化螟,江苏省南京市江宁区,2024-04-14,7,27.0,19.52,84.98857142857143,2024,15,,,,,,,,
二化螟,SSB,淳化街道二化螟_1_4_诱虫量,淳化街道二化螟,江苏省南京市江宁区,2024-04-21,7,65.0,21.267142857142858,77.21571428571428,2024,16,,,,,,,,
二化螟,SSB,淳化街道二化螟_1_4_诱虫量,淳化街道二化螟,江苏省南京市江宁区,2024-04-28,7,69.0,17.708571428571428,85.02142857142857,2024,17,,,,,,,,
二化螟,SSB,淳化街道二化螟_1_4_诱虫量,淳化街道二化螟,江苏省南京市江宁区,2024-05-05,7,46.0,21.407142857142855,80.12428571428572,2024,18,,,,,,,,
二化螟,SSB,淳化街道二化螟_1_4_诱虫量,淳化街道二化螟,江苏省南京市江宁区,2024-05-12,7,101.0,24.117142857142856,67.52285714285713,2024,19,,,,,,,,
二化螟,SSB,淳化街道二化螟_1_4_诱虫量,淳化街道二化螟,江苏省南京市江宁区,2024-05-19,7,354.0,25.914285714285715,77.8,2024,20,,,,,,,,
二化螟,SSB,淳化街道二化螟_1_4_诱虫量,淳化街道二化螟,江苏省南京市江宁区,2024-05-26,7,43.0,22.728571428571428,79.0942857142857,2024,21,,,,,,,,
二化螟,SSB,淳化街道二化螟_1_4_诱虫量,淳化街道二化螟,江苏省南京市江宁区,2024-06-02,7,5.0,25.259999999999998,73.41571428571429,2024,22,26.9,14.2,77.71,68.43,42.5,2.69,50.74,25.99
二化螟,SSB,淳化街道二化螟_1_4_诱虫量,淳化街道二化螟,江苏省南京市江宁区,2024-06-09,7,57.0,29.78,71.78714285714285,2024,23,30.9,17.1,76.86,61.71,5.2,2.43,62.66,30.94
二化螟,SSB,淳化街道二化螟_1_4_诱虫量,淳化街道二化螟,江苏省南京市江宁区,2024-06-16,7,42.0,28.17571428571429,81.41285714285713,2024,24,34.2,20.7,79.71,58.71,0.7,2.43,71.14,35.09
二化螟,SSB,淳化街道二化螟_1_4_诱虫量,淳化街道二化螟,江苏省南京市江宁区,2024-06-23,7,69.0,25.987142857142857,92.15142857142857,2024,25,32.3,21.3,85.0,69.86,96.1,3.32,46.58,27.17
二化螟,SSB,淳化街道二化螟_1_4_诱虫量,淳化街道二化螟,江苏省南京市江宁区,2024-06-30,7,11.0,30.634285714285713,83.30142857142857,2024,26,30.9,20.7,88.71,85.57,179.0,2.73,26.58,17.62
二化螟,SSB,淳化街道二化螟_1_4_诱虫量,淳化街道二化螟,江苏省南京市江宁区,2024-07-07,7,0.0,28.805714285714284,88.81142857142856,2024,27,34.9,22.6,81.14,78.57,41.8,4.14,62.65,32.6
二化螟,SSB,淳化街道二化螟_1_4_诱虫量,淳化街道二化螟,江苏省南京市江宁区,2024-07-14,7,4.0,31.527142857142856,84.80428571428571,2024,28,35.0,21.4,88.57,86.0,168.8,2.44,20.72,18.18
二化螟,SSB,淳化街道二化螟_1_4_诱虫量,淳化街道二化螟,江苏省南京市江宁区,2024-07-21,7,16.0,32.63428571428572,82.87857142857142,2024,29,35.2,24.3,81.86,78.57,22.4,3.39,35.37,25.73
二化螟,SSB,淳化街道二化螟_1_4_诱虫量,淳化街道二化螟,江苏省南京市江宁区,2024-07-28,7,55.0,34.53142857142857,77.58285714285715,2024,30,36.7,27.0,80.57,71.86,6.1,4.7,71.71,37.84
二化螟,SSB,淳化街道二化螟_1_4_诱虫量,淳化街道二化螟,江苏省南京市江宁区,2024-08-04,7,49.0,34.52142857142857,77.13,2024,31,37.5,27.6,76.0,71.57,9.5,2.75,86.5,40.56
二化螟,SSB,淳化街道二化螟_1_4_诱虫量,淳化街道二化螟,江苏省南京市江宁区,2024-08-11,7,1.0,31.555714285714288,82.85857142857142,2024,32,37.8,27.1,76.86,66.71,62.0,1.88,83.96,39.02
二化螟,SSB,淳化街道二化螟_1_4_诱虫量,淳化街道二化螟,江苏省南京市江宁区,2024-08-18,7,2.0,31.285714285714285,86.85428571428572,2024,33,36.3,24.9,84.43,67.71,34.3,2.42,75.24,33.56
二化螟,SSB,淳化街道二化螟_1_4_诱虫量,淳化街道二化螟,江苏省南京市江宁区,2024-08-25,7,6.0,31.187142857142856,85.28714285714285,2024,34,34.7,25.4,84.71,77.86,50.4,1.93,64.42,27.34
二化螟,SSB,淳化街道二化螟_1_4_诱虫量,淳化街道二化螟,江苏省南京市江宁区,2024-09-01,7,10.0,30.849999999999998,85.11142857142856,2024,35,35.2,24.1,83.43,71.71,6.3,2.35,74.77,30.13
二化螟,SSB,淳化街道二化螟_1_4_诱虫量,淳化街道二化螟,江苏省南京市江宁区,2024-09-08,7,28.0,30.330000000000002,89.5457142857143,2024,36,33.8,24.2,79.29,68.43,2.9,3.23,78.8,33.31
二化螟,SSB,淳化街道二化螟_1_4_诱虫量,淳化街道二化螟,江苏省南京市江宁区,2024-09-15,7,33.0,27.22,93.11,2024,37,33.8,23.6,88.14,80.14,83.0,3.4,57.66,23.89
二化螟,SSB,淳化街道二化螟_1_4_诱虫量,淳化街道二化螟,江苏省南京市江宁区,2024-09-22,7,40.0,23.804285714285715,88.03285714285714,2024,38,31.6,17.4,81.14,76.86,124.9,5.49,54.64,24.01
二化螟,SSB,淳化街道二化螟_1_4_诱虫量,淳化街道二化螟,江苏省南京市江宁区,2024-09-29,7,10.0,20.73857142857143,86.92142857142858,2024,39,29.1,15.8,86.14,76.0,15.1,2.67,66.18,23.31
二化螟,SSB,淳化街道二化螟_1_4_诱虫量,淳化街道二化螟,江苏省南京市江宁区,2024-10-06,7,7.0,19.114285714285717,89.9542857142857,2024,40,28.6,11.9,79.0,72.14,17.2,3.38,48.16,18.62
二化螟,SSB,淳化街道二化螟_1_4_诱虫量,淳化街道二化螟,江苏省南京市江宁区,2024-10-13,7,14.0,20.824285714285715,93.67,2024,41,25.2,13.1,85.0,74.71,16.7,2.16,49.5,16.94
二化螟,SSB,淳化街道二化螟_1_4_诱虫量,淳化街道二化螟,江苏省南京市江宁区,2024-10-20,7,0.0,17.03857142857143,91.10000000000001,2024,42,27.2,11.2,86.57,77.0,49.2,3.66,31.77,14.95
二化螟,SSB,淳化街道二化螟_1_4_诱虫量,淳化街道二化螟,江苏省南京市江宁区,2024-10-27,7,0.0,16.814285714285713,89.58142857142856,2024,43,22.3,8.6,88.29,80.43,20.0,3.16,35.15,12.25
二化螟,SSB,淳化街道二化螟_1_4_诱虫量,淳化街道二化螟,江苏省南京市江宁区,2024-11-03,7,0.0,15.415714285714285,85.15142857142857,2024,44,22.0,9.3,87.57,74.57,6.8,2.95,55.84,15.81
二化螟,SSB,淳化街道二化螟_1_4_诱虫量,淳化街道二化螟,江苏省南京市江宁区,2024-11-10,7,1.0,18.237142857142857,90.72857142857143,2024,45,,,,,,,,
二化螟,SSB,淳化街道二化螟_1_4_诱虫量,淳化街道二化螟,江苏省南京市江宁区,2024-11-17,7,0.0,11.56,84.06857142857143,2024,46,,,,,,,,
二化螟,SSB,淳化街道二化螟_1_4_诱虫量,淳化街道二化螟,江苏省南京市江宁区,2024-11-24,7,0.0,9.62142857142857,70.64285714285714,2024,47,,,,,,,,
二化螟,SSB,淳化街道二化螟_1_4_诱虫量,淳化街道二化螟,江苏省南京市江宁区,2024-12-01,7,0.0,9.799999999999999,83.25999999999999,2024,48,,,,,,,,
二化螟,SSB,淳化街道二化螟_1_4_诱虫量,淳化街道二化螟,江苏省南京市江宁区,2024-12-08,7,0.0,5.771428571428571,81.01857142857143,2024,49,,,,,,,,
二化螟,SSB,淳化街道二化螟_1_4_诱虫量,淳化街道二化螟,江苏省南京市江宁区,2024-12-15,7,0.0,3.8528571428571428,74.85428571428572,2024,50,,,,,,,,
二化螟,SSB,淳化街道二化螟_1_4_诱虫量,淳化街道二化螟,江苏省南京市江宁区,2024-12-22,7,0.0,4.728571428571429,75.02428571428571,2024,51,,,,,,,,
二化螟,SSB,淳化街道二化螟_1_4_诱虫量,淳化街道二化螟,江苏省南京市江宁区,2024-12-29,3,0.0,4.935,66.755,2024,52,,,,,,,,
二化螟,SSB,溧水区 叁拾叁_1_21_诱虫量,溧水区 叁拾叁,江苏省南京市溧水区,2023-01-01,5,0.0,7.122,61.525999999999996,2022,52,,,,,,,,
二化螟,SSB,溧水区 叁拾叁_1_21_诱虫量,溧水区 叁拾叁,江苏省南京市溧水区,2023-01-08,4,0.0,10.6325,69.8725,2023,1,,,,,,,,
二化螟,SSB,溧水区 叁拾叁_1_21_诱虫量,溧水区 叁拾叁,江苏省南京市溧水区,2023-01-15,3,0.0,3.6300000000000003,70.64,2023,2,,,,,,,,
二化螟,SSB,溧水区 叁拾叁_1_21_诱虫量,溧水区 叁拾叁,江苏省南京市溧水区,2023-01-22,7,0.0,1.7100000000000002,60.87,2023,3,,,,,,,,
二化螟,SSB,溧水区 叁拾叁_1_21_诱虫量,溧水区 叁拾叁,江苏省南京市溧水区,2023-01-29,5,0.0,9.290000000000001,48.352,2023,4,,,,,,,,
二化螟,SSB,溧水区 叁拾叁_1_21_诱虫量,溧水区 叁拾叁,江苏省南京市溧水区,2023-02-05,7,0.0,7.324285714285715,91.17285714285715,2023,5,,,,,,,,
二化螟,SSB,溧水区 叁拾叁_1_21_诱虫量,溧水区 叁拾叁,江苏省南京市溧水区,2023-02-12,3,0.0,9.496666666666668,84.04,2023,6,,,,,,,,
二化螟,SSB,溧水区 叁拾叁_1_21_诱虫量,溧水区 叁拾叁,江苏省南京市溧水区,2023-02-19,5,0.0,5.754,63.727999999999994,2023,7,,,,,,,,
二化螟,SSB,溧水区 叁拾叁_1_21_诱虫量,溧水区 叁拾叁,江苏省南京市溧水区,2023-02-26,2,0.0,15.715,35.535,2023,8,,,,,,,,
二化螟,SSB,溧水区 叁拾叁_1_21_诱虫量,溧水区 叁拾叁,江苏省南京市溧水区,2023-03-05,3,0.0,19.22,56.70666666666667,2023,9,,,,,,,,
二化螟,SSB,溧水区 叁拾叁_1_21_诱虫量,溧水区 叁拾叁,江苏省南京市溧水区,2023-03-12,5,0.0,14.315999999999999,48.114,2023,10,,,,,,,,
二化螟,SSB,溧水区 叁拾叁_1_21_诱虫量,溧水区 叁拾叁,江苏省南京市溧水区,2023-03-19,5,0.0,12.326,86.03200000000001,2023,11,,,,,,,,
二化螟,SSB,溧水区 叁拾叁_1_21_诱虫量,溧水区 叁拾叁,江苏省南京市溧水区,2023-03-26,5,0.0,14.016,65.848,2023,12,,,,,,,,
二化螟,SSB,溧水区 叁拾叁_1_21_诱虫量,溧水区 叁拾叁,江苏省南京市溧水区,2023-04-02,7,4.0,12.92,72.88571428571429,2023,13,,,,,,,,
二化螟,SSB,溧水区 叁拾叁_1_21_诱虫量,溧水区 叁拾叁,江苏省南京市溧水区,2023-04-09,7,1.0,19.43285714285714,58.199999999999996,2023,14,,,,,,,,
二化螟,SSB,溧水区 叁拾叁_1_21_诱虫量,溧水区 叁拾叁,江苏省南京市溧水区,2023-04-16,7,2.0,20.884285714285713,65.44000000000001,2023,15,,,,,,,,
二化螟,SSB,溧水区 叁拾叁_1_21_诱虫量,溧水区 叁拾叁,江苏省南京市溧水区,2023-04-23,7,1.0,16.05142857142857,70.89428571428572,2023,16,,,,,,,,
二化螟,SSB,溧水区 叁拾叁_1_21_诱虫量,溧水区 叁拾叁,江苏省南京市溧水区,2023-04-30,7,16.0,21.31142857142857,71.32714285714285,2023,17,,,,,,,,
二化螟,SSB,溧水区 叁拾叁_1_21_诱虫量,溧水区 叁拾叁,江苏省南京市溧水区,2023-05-07,7,10.0,18.858571428571427,63.93571428571429,2023,18,,,,,,,,
二化螟,SSB,溧水区 叁拾叁_1_21_诱虫量,溧水区 叁拾叁,江苏省南京市溧水区,2023-05-14,7,32.0,23.518571428571427,71.30571428571429,2023,19,,,,,,,,
二化螟,SSB,溧水区 叁拾叁_1_21_诱虫量,溧水区 叁拾叁,江苏省南京市溧水区,2023-05-21,7,12.0,20.975714285714286,78.19428571428571,2023,20,,,,,,,,
二化螟,SSB,溧水区 叁拾叁_1_21_诱虫量,溧水区 叁拾叁,江苏省南京市溧水区,2023-05-28,7,18.0,26.021428571428572,75.24142857142859,2023,21,,,,,,,,
二化螟,SSB,溧水区 叁拾叁_1_21_诱虫量,溧水区 叁拾叁,江苏省南京市溧水区,2023-06-04,7,4.0,24.685714285714287,75.38857142857144,2023,22,32.3,20.1,84.14,74.14,29.6,2.38,48.59,25.72
二化螟,SSB,溧水区 叁拾叁_1_21_诱虫量,溧水区 叁拾叁,江苏省南京市溧水区,2023-06-11,7,9.0,25.692857142857143,73.68142857142857,2023,23,34.2,16.0,80.43,75.0,31.1,2.66,59.78,28.9
二化螟,SSB,溧水区 叁拾叁_1_21_诱虫量,溧水区 叁拾叁,江苏省南京市溧水区,2023-06-18,7,3.0,25.282857142857143,86.01,2023,24,32.4,19.2,80.14,65.0,8.5,2.69,57.13,31.06
二化螟,SSB,溧水区 叁拾叁_1_21_诱虫量,溧水区 叁拾叁,江苏省南京市溧水区,2023-06-25,7,1.0,27.62142857142857,82.35714285714286,2023,25,31.4,20.5,87.57,74.57,82.3,2.55,29.04,21.42
二化螟,SSB,溧水区 叁拾叁_1_21_诱虫量,溧水区 叁拾叁,江苏省南京市溧水区,2023-07-02,7,0.0,29.395714285714288,82.64571428571428,2023,26,32.8,21.5,86.29,78.86,64.0,2.94,49.98,24.98
二化螟,SSB,溧水区 叁拾叁_1_21_诱虫量,溧水区 叁拾叁,江苏省南京市溧水区,2023-07-09,7,0.0,29.614285714285717,82.39999999999999,2023,27,32.9,23.9,87.86,82.29,123.1,3.4,45.76,24.46
二化螟,SSB,溧水区 叁拾叁_1_21_诱虫量,溧水区 叁拾叁,江苏省南京市溧水区,2023-07-16,7,21.0,27.787142857142857,88.38714285714286,2023,28,34.9,24.6,84.57,77.0,27.6,3.38,49.19,28.48
二化螟,SSB,溧水区 叁拾叁_1_21_诱虫量,溧水区 叁拾叁,江苏省南京市溧水区,2023-07-23,7,0.0,28.934285714285714,83.42428571428572,2023,29,31.5,23.5,89.43,84.71,117.0,2.29,34.08,19.55
二化螟,SSB,溧水区 叁拾叁_1_21_诱虫量,溧水区 叁拾叁,江苏省南京市溧水区,2023-07-30,7,0.0,30.334285714285716,79.34571428571428,2023,30,33.2,25.1,86.86,80.86,44.3,3.98,65.75,29.7
二化螟,SSB,溧水区 叁拾叁_1_21_诱虫量,溧水区 叁拾叁,江苏省南京市溧水区,2023-08-06,7,0.0,30.208571428571428,77.53571428571429,2023,31,34.0,25.0,86.43,76.43,17.1,3.1,81.36,32.83
二化螟,SSB,溧水区 叁拾叁_1_21_诱虫量,溧水区 叁拾叁,江苏省南京市溧水区,2023-08-13,7,0.0,30.051428571428573,77.2957142857143,2023,32,35.1,24.0,83.71,75.14,10.3,2.08,79.69,33.11
二化螟,SSB,溧水区 叁拾叁_1_21_诱虫量,溧水区 叁拾叁,江苏省南京市溧水区,2023-08-20,7,0.0,29.24142857142857,76.22285714285715,2023,33,33.7,23.9,86.57,81.29,26.5,2.19,77.01,29.64
二化螟,SSB,溧水区 叁拾叁_1_21_诱虫量,溧水区 叁拾叁,江苏省南京市溧水区,2023-08-27,7,0.0,24.504285714285714,83.68714285714285,2023,34,32.0,22.4,82.71,72.0,27.1,2.8,70.93,31.5
二化螟,SSB,溧水区 叁拾叁_1_21_诱虫量,溧水区 叁拾叁,江苏省南京市溧水区,2023-09-03,7,0.0,27.607142857142858,77.92142857142858,2023,35,29.4,18.5,86.86,78.57,59.2,2.79,42.5,22.49
二化螟,SSB,溧水区 叁拾叁_1_21_诱虫量,溧水区 叁拾叁,江苏省南京市溧水区,2023-09-10,7,0.0,24.759999999999998,88.06142857142856,2023,36,31.0,21.7,88.0,73.71,2.5,2.83,74.88,29.19
二化螟,SSB,溧水区 叁拾叁_1_21_诱虫量,溧水区 叁拾叁,江苏省南京市溧水区,2023-09-17,7,0.0,24.00142857142857,87.12857142857142,2023,37,31.4,20.4,87.43,82.14,74.6,2.74,29.78,17.15
二化螟,SSB,溧水区 叁拾叁_1_21_诱虫量,溧水区 叁拾叁,江苏省南京市溧水区,2023-09-24,7,0.0,23.922857142857143,88.18714285714285,2023,38,32.0,18.8,88.57,77.57,41.3,2.51,30.18,16.82
二化螟,SSB,溧水区 叁拾叁_1_21_诱虫量,溧水区 叁拾叁,江苏省南京市溧水区,2023-10-01,7,0.0,20.259999999999998,77.52714285714286,2023,39,28.2,19.1,89.57,82.43,13.3,2.19,45.28,17.44
二化螟,SSB,溧水区 叁拾叁_1_21_诱虫量,溧水区 叁拾叁,江苏省南京市溧水区,2023-10-08,7,0.0,19.148571428571426,81.2,2023,40,25.5,15.7,80.86,71.71,21.7,3.55,38.52,19.59
二化螟,SSB,溧水区 叁拾叁_1_21_诱虫量,溧水区 叁拾叁,江苏省南京市溧水区,2023-10-15,7,0.0,18.400000000000002,71.69285714285715,2023,41,23.6,13.5,84.86,74.14,0.0,2.05,50.14,17.04
二化螟,SSB,溧水区 叁拾叁_1_21_诱虫量,溧水区 叁拾叁,江苏省南京市溧水区,2023-10-22,7,0.0,18.62857142857143,77.58571428571429,2023,42,26.1,9.6,84.43,62.0,4.0,2.46,71.43,22.45
二化螟,SSB,溧水区 叁拾叁_1_21_诱虫量,溧水区 叁拾叁,江苏省南京市溧水区,2023-10-29,7,0.0,20.41857142857143,74.89571428571428,2023,43,25.6,9.6,85.14,64.29,0.0,1.94,60.15,18.61
二化螟,SSB,溧水区 叁拾叁_1_21_诱虫量,溧水区 叁拾叁,江苏省南京市溧水区,2023-11-05,5,0.0,12.0975,86.28,2023,44,27.6,12.9,83.57,69.14,0.8,2.48,60.23,19.36
二化螟,SSB,溧水区 叁拾叁_1_21_诱虫量,溧水区 叁拾叁,江苏省南京市溧水区,2023-11-12,7,0.0,9.598571428571429,65.13571428571429,2023,45,,,,,,,,
二化螟,SSB,溧水区 叁拾叁_1_21_诱虫量,溧水区 叁拾叁,江苏省南京市溧水区,2023-11-19,7,0.0,12.12142857142857,65.76714285714286,2023,46,,,,,,,,
二化螟,SSB,溧水区 叁拾叁_1_21_诱虫量,溧水区 叁拾叁,江苏省南京市溧水区,2023-11-26,7,0.0,8.357142857142858,65.59857142857143,2023,47,,,,,,,,
二化螟,SSB,溧水区 叁拾叁_1_21_诱虫量,溧水区 叁拾叁,江苏省南京市溧水区,2023-12-03,7,0.0,11.082857142857142,65.06142857142858,2023,48,,,,,,,,
二化螟,SSB,溧水区 叁拾叁_1_21_诱虫量,溧水区 叁拾叁,江苏省南京市溧水区,2023-12-10,7,0.0,5.45,84.68714285714285,2023,49,,,,,,,,
二化螟,SSB,溧水区 叁拾叁_1_21_诱虫量,溧水区 叁拾叁,江苏省南京市溧水区,2023-12-17,7,0.0,-1.262857142857143,72.47428571428571,2023,50,,,,,,,,
二化螟,SSB,溧水区 叁拾叁_1_21_诱虫量,溧水区 叁拾叁,江苏省南京市溧水区,2023-12-24,7,0.0,5.357142857142857,79.52285714285713,2023,51,,,,,,,,
二化螟,SSB,溧水区 叁拾叁_1_21_诱虫量,溧水区 叁拾叁,江苏省南京市溧水区,2023-12-31,7,0.0,4.335714285714285,82.39428571428572,2023,52,,,,,,,,
二化螟,SSB,溧水区 叁拾叁_1_21_诱虫量,溧水区 叁拾叁,江苏省南京市溧水区,2024-01-07,7,0.0,5.825714285714286,76.70142857142856,2024,1,,,,,,,,
二化螟,SSB,溧水区 叁拾叁_1_21_诱虫量,溧水区 叁拾叁,江苏省南京市溧水区,2024-01-14,7,0.0,5.771428571428571,83.56285714285714,2024,2,,,,,,,,
二化螟,SSB,溧水区 叁拾叁_1_21_诱虫量,溧水区 叁拾叁,江苏省南京市溧水区,2024-01-21,7,0.0,-0.20857142857142857,70.23428571428572,2024,3,,,,,,,,
二化螟,SSB,溧水区 叁拾叁_1_21_诱虫量,溧水区 叁拾叁,江苏省南京市溧水区,2024-01-28,7,0.0,4.7371428571428575,87.88857142857144,2024,4,,,,,,,,
二化螟,SSB,溧水区 叁拾叁_1_21_诱虫量,溧水区 叁拾叁,江苏省南京市溧水区,2024-02-04,7,0.0,2.5357142857142856,81.7042857142857,2024,5,,,,,,,,
二化螟,SSB,溧水区 叁拾叁_1_21_诱虫量,溧水区 叁拾叁,江苏省南京市溧水区,2024-02-11,7,0.0,10.424285714285714,71.68571428571428,2024,6,,,,,,,,
二化螟,SSB,溧水区 叁拾叁_1_21_诱虫量,溧水区 叁拾叁,江苏省南京市溧水区,2024-02-18,7,0.0,3.5185714285714282,94.67142857142858,2024,7,,,,,,,,
二化螟,SSB,溧水区 叁拾叁_1_21_诱虫量,溧水区 叁拾叁,江苏省南京市溧水区,2024-02-25,7,0.0,4.0128571428571425,78.52428571428571,2024,8,,,,,,,,
二化螟,SSB,溧水区 叁拾叁_1_21_诱虫量,溧水区 叁拾叁,江苏省南京市溧水区,2024-03-03,7,0.0,8.877142857142857,73.41857142857144,2024,9,,,,,,,,
二化螟,SSB,溧水区 叁拾叁_1_21_诱虫量,溧水区 叁拾叁,江苏省南京市溧水区,2024-03-10,7,4.0,13.217142857142857,70.26571428571428,2024,10,,,,,,,,
二化螟,SSB,溧水区 叁拾叁_1_21_诱虫量,溧水区 叁拾叁,江苏省南京市溧水区,2024-03-17,7,0.0,13.549999999999999,69.47857142857143,2024,11,,,,,,,,
二化螟,SSB,溧水区 叁拾叁_1_21_诱虫量,溧水区 叁拾叁,江苏省南京市溧水区,2024-03-24,7,0.0,14.65,83.0942857142857,2024,12,,,,,,,,
二化螟,SSB,溧水区 叁拾叁_1_21_诱虫量,溧水区 叁拾叁,江苏省南京市溧水区,2024-03-31,7,0.0,16.224285714285713,78.76428571428572,2024,13,,,,,,,,
二化螟,SSB,溧水区 叁拾叁_1_21_诱虫量,溧水区 叁拾叁,江苏省南京市溧水区,2024-04-07,7,0.0,16.97142857142857,81.35857142857142,2024,14,,,,,,,,
二化螟,SSB,溧水区 叁拾叁_1_21_诱虫量,溧水区 叁拾叁,江苏省南京市溧水区,2024-04-14,7,0.0,19.18285714285714,80.33142857142857,2024,15,,,,,,,,
二化螟,SSB,溧水区 叁拾叁_1_21_诱虫量,溧水区 叁拾叁,江苏省南京市溧水区,2024-04-21,7,1.0,20.400000000000002,73.24428571428572,2024,16,,,,,,,,
二化螟,SSB,溧水区 叁拾叁_1_21_诱虫量,溧水区 叁拾叁,江苏省南京市溧水区,2024-04-28,7,1.0,17.264285714285712,81.92714285714285,2024,17,,,,,,,,
二化螟,SSB,溧水区 叁拾叁_1_21_诱虫量,溧水区 叁拾叁,江苏省南京市溧水区,2024-05-05,7,17.0,21.054285714285715,75.33857142857143,2024,18,,,,,,,,
二化螟,SSB,溧水区 叁拾叁_1_21_诱虫量,溧水区 叁拾叁,江苏省南京市溧水区,2024-05-12,7,10.0,24.437142857142856,57.075714285714284,2024,19,,,,,,,,
二化螟,SSB,溧水区 叁拾叁_1_21_诱虫量,溧水区 叁拾叁,江苏省南京市溧水区,2024-05-19,7,6.0,25.837142857142858,69.51571428571428,2024,20,,,,,,,,
二化螟,SSB,溧水区 叁拾叁_1_21_诱虫量,溧水区 叁拾叁,江苏省南京市溧水区,2024-05-26,7,0.0,22.1,74.13142857142859,2024,21,,,,,,,,
二化螟,SSB,溧水区 叁拾叁_1_21_诱虫量,溧水区 叁拾叁,江苏省南京市溧水区,2024-06-02,7,0.0,23.64428571428571,71.32714285714286,2024,22,26.9,14.2,77.71,68.43,42.5,2.69,50.74,25.99
二化螟,SSB,溧水区 叁拾叁_1_21_诱虫量,溧水区 叁拾叁,江苏省南京市溧水区,2024-06-09,7,0.0,28.175714285714285,72.12428571428572,2024,23,30.9,17.1,76.86,61.71,5.2,2.43,62.66,30.94
二化螟,SSB,溧水区 叁拾叁_1_21_诱虫量,溧水区 叁拾叁,江苏省南京市溧水区,2024-06-16,7,0.0,26.771428571428572,82.06285714285714,2024,24,34.2,20.7,79.71,58.71,0.7,2.43,71.14,35.09
二化螟,SSB,溧水区 叁拾叁_1_21_诱虫量,溧水区 叁拾叁,江苏省南京市溧水区,2024-06-23,7,0.0,24.297142857142855,93.21571428571428,2024,25,32.3,21.3,85.0,69.86,96.1,3.32,46.58,27.17
二化螟,SSB,溧水区 叁拾叁_1_21_诱虫量,溧水区 叁拾叁,江苏省南京市溧水区,2024-06-30,7,0.0,29.214285714285715,83.05714285714285,2024,26,30.9,20.7,88.71,85.57,179.0,2.73,26.58,17.62
二化螟,SSB,溧水区 叁拾叁_1_21_诱虫量,溧水区 叁拾叁,江苏省南京市溧水区,2024-07-07,7,0.0,27.93,87.42857142857143,2024,27,34.9,22.6,81.14,78.57,41.8,4.14,62.65,32.6
二化螟,SSB,溧水区 叁拾叁_1_21_诱虫量,溧水区 叁拾叁,江苏省南京市溧水区,2024-07-14,7,2.0,30.622857142857146,81.87,2024,28,35.0,21.4,88.57,86.0,168.8,2.44,20.72,18.18
二化螟,SSB,溧水区 叁拾叁_1_21_诱虫量,溧水区 叁拾叁,江苏省南京市溧水区,2024-07-21,7,0.0,32.14857142857143,76.5457142857143,2024,29,35.2,24.3,81.86,78.57,22.4,3.39,35.37,25.73
二化螟,SSB,溧水区 叁拾叁_1_21_诱虫量,溧水区 叁拾叁,江苏省南京市溧水区,2024-07-28,7,2.0,33.44857142857143,73.61,2024,30,36.7,27.0,80.57,71.86,6.1,4.7,71.71,37.84
二化螟,SSB,溧水区 叁拾叁_1_21_诱虫量,溧水区 叁拾叁,江苏省南京市溧水区,2024-08-04,7,2.0,33.45428571428572,72.58571428571429,2024,31,37.5,27.6,76.0,71.57,9.5,2.75,86.5,40.56
二化螟,SSB,溧水区 叁拾叁_1_21_诱虫量,溧水区 叁拾叁,江苏省南京市溧水区,2024-08-11,7,2.0,30.669999999999998,79.03428571428572,2024,32,37.8,27.1,76.86,66.71,62.0,1.88,83.96,39.02
二化螟,SSB,溧水区 叁拾叁_1_21_诱虫量,溧水区 叁拾叁,江苏省南京市溧水区,2024-08-18,7,2.0,30.172857142857143,82.04285714285713,2024,33,36.3,24.9,84.43,67.71,34.3,2.42,75.24,33.56
二化螟,SSB,溧水区 叁拾叁_1_21_诱虫量,溧水区 叁拾叁,江苏省南京市溧水区,2024-08-25,7,0.0,30.787142857142857,78.47285714285715,2024,34,34.7,25.4,84.71,77.86,50.4,1.93,64.42,27.34
二化螟,SSB,溧水区 叁拾叁_1_21_诱虫量,溧水区 叁拾叁,江苏省南京市溧水区,2024-09-01,7,0.0,30.798571428571428,76.00285714285714,2024,35,35.2,24.1,83.43,71.71,6.3,2.35,74.77,30.13
二化螟,SSB,溧水区 叁拾叁_1_21_诱虫量,溧水区 叁拾叁,江苏省南京市溧水区,2024-09-08,7,0.0,29.942857142857143,81.26,2024,36,33.8,24.2,79.29,68.43,2.9,3.23,78.8,33.31
二化螟,SSB,溧水区 叁拾叁_1_21_诱虫量,溧水区 叁拾叁,江苏省南京市溧水区,2024-09-15,7,1.0,26.88714285714286,85.74428571428572,2024,37,33.8,23.6,88.14,80.14,83.0,3.4,57.66,23.89
二化螟,SSB,溧水区 叁拾叁_1_21_诱虫量,溧水区 叁拾叁,江苏省南京市溧水区,2024-09-22,7,0.0,23.625714285714285,80.14571428571428,2024,38,31.6,17.4,81.14,76.86,124.9,5.49,54.64,24.01
二化螟,SSB,溧水区 叁拾叁_1_21_诱虫量,溧水区 叁拾叁,江苏省南京市溧水区,2024-09-29,7,0.0,20.818571428571428,77.63714285714286,2024,39,29.1,15.8,86.14,76.0,15.1,2.67,66.18,23.31
二化螟,SSB,溧水区 叁拾叁_1_21_诱虫量,溧水区 叁拾叁,江苏省南京市溧水区,2024-10-06,7,0.0,18.577142857142857,83.12428571428572,2024,40,28.6,11.9,79.0,72.14,17.2,3.38,48.16,18.62
二化螟,SSB,溧水区 叁拾叁_1_21_诱虫量,溧水区 叁拾叁,江苏省南京市溧水区,2024-10-13,7,0.0,20.237142857142857,89.43857142857144,2024,41,25.2,13.1,85.0,74.71,16.7,2.16,49.5,16.94
二化螟,SSB,溧水区 叁拾叁_1_21_诱虫量,溧水区 叁拾叁,江苏省南京市溧水区,2024-10-20,7,1.0,16.75857142857143,84.31142857142858,2024,42,27.2,11.2,86.57,77.0,49.2,3.66,31.77,14.95
二化螟,SSB,溧水区 叁拾叁_1_21_诱虫量,溧水区 叁拾叁,江苏省南京市溧水区,2024-10-27,7,1.0,16.66,84.14,2024,43,22.3,8.6,88.29,80.43,20.0,3.16,35.15,12.25
二化螟,SSB,溧水区 叁拾叁_1_21_诱虫量,溧水区 叁拾叁,江苏省南京市溧水区,2024-11-03,7,0.0,16.482857142857146,73.10142857142857,2024,44,22.0,9.3,87.57,74.57,6.8,2.95,55.84,15.81
二化螟,SSB,溧水区 叁拾叁_1_21_诱虫量,溧水区 叁拾叁,江苏省南京市溧水区,2024-11-10,7,0.0,18.490000000000002,83.2942857142857,2024,45,,,,,,,,
二化螟,SSB,溧水区 叁拾叁_1_21_诱虫量,溧水区 叁拾叁,江苏省南京市溧水区,2024-11-17,7,0.0,11.627142857142857,76.65857142857143,2024,46,,,,,,,,
二化螟,SSB,溧水区 叁拾叁_1_21_诱虫量,溧水区 叁拾叁,江苏省南京市溧水区,2024-11-24,7,0.0,8.688571428571429,70.32285714285715,2024,47,,,,,,,,
二化螟,SSB,溧水区 叁拾叁_1_21_诱虫量,溧水区 叁拾叁,江苏省南京市溧水区,2024-12-01,7,0.0,9.267142857142858,79.44571428571429,2024,48,,,,,,,,
二化螟,SSB,溧水区 叁拾叁_1_21_诱虫量,溧水区 叁拾叁,江苏省南京市溧水区,2024-12-08,7,0.0,5.062857142857142,77.75571428571428,2024,49,,,,,,,,
二化螟,SSB,溧水区 叁拾叁_1_21_诱虫量,溧水区 叁拾叁,江苏省南京市溧水区,2024-12-15,7,0.0,2.7885714285714287,72.7,2024,50,,,,,,,,
二化螟,SSB,溧水区 叁拾叁_1_21_诱虫量,溧水区 叁拾叁,江苏省南京市溧水区,2024-12-22,7,0.0,4.622857142857143,67.97142857142856,2024,51,,,,,,,,
二化螟,SSB,溧水区 叁拾叁_1_21_诱虫量,溧水区 叁拾叁,江苏省南京市溧水区,2024-12-29,3,0.0,3.62,68.91499999999999,2024,52,,,,,,,,
二化螟,SSB,程桥街道 二化螟_1_45_诱虫量,程桥街道 二化螟,江苏省南京市六合区,2023-01-01,7,0.0,6.63,63.791428571428575,2022,52,,,,,,,,
二化螟,SSB,程桥街道 二化螟_1_45_诱虫量,程桥街道 二化螟,江苏省南京市六合区,2023-01-08,7,0.0,9.180000000000001,75.67428571428572,2023,1,,,,,,,,
二化螟,SSB,程桥街道 二化螟_1_45_诱虫量,程桥街道 二化螟,江苏省南京市六合区,2023-01-15,7,0.0,3.402857142857143,65.25285714285714,2023,2,,,,,,,,
二化螟,SSB,程桥街道 二化螟_1_45_诱虫量,程桥街道 二化螟,江苏省南京市六合区,2023-01-22,7,0.0,0.722857142857143,63.78000000000001,2023,3,,,,,,,,
二化螟,SSB,程桥街道 二化螟_1_45_诱虫量,程桥街道 二化螟,江苏省南京市六合区,2023-01-29,7,0.0,5.6899999999999995,57.76285714285715,2023,4,,,,,,,,
二化螟,SSB,程桥街道 二化螟_1_45_诱虫量,程桥街道 二化螟,江苏省南京市六合区,2023-02-05,7,0.0,7.012857142857143,88.29142857142857,2023,5,,,,,,,,
二化螟,SSB,程桥街道 二化螟_1_45_诱虫量,程桥街道 二化螟,江苏省南京市六合区,2023-02-12,7,0.0,1.97,23.6575,2023,6,,,,,,,,
二化螟,SSB,程桥街道 二化螟_1_45_诱虫量,程桥街道 二化螟,江苏省南京市六合区,2023-02-19,7,2.0,1.3333333333333333,30.666666666666668,2023,7,,,,,,,,
二化螟,SSB,程桥街道 二化螟_1_45_诱虫量,程桥街道 二化螟,江苏省南京市六合区,2023-02-26,7,0.0,0.0,0.0,2023,8,,,,,,,,
二化螟,SSB,程桥街道 二化螟_1_45_诱虫量,程桥街道 二化螟,江苏省南京市六合区,2023-03-05,7,0.0,0.0,0.0,2023,9,,,,,,,,
二化螟,SSB,程桥街道 二化螟_1_45_诱虫量,程桥街道 二化螟,江苏省南京市六合区,2023-03-12,7,0.0,1.5,19.0,2023,10,,,,,,,,
二化螟,SSB,程桥街道 二化螟_1_45_诱虫量,程桥街道 二化螟,江苏省南京市六合区,2023-03-19,7,0.0,3.915,31.835,2023,11,,,,,,,,
二化螟,SSB,程桥街道 二化螟_1_45_诱虫量,程桥街道 二化螟,江苏省南京市六合区,2023-03-26,7,0.0,0.0,0.0,2023,12,,,,,,,,
二化螟,SSB,程桥街道 二化螟_1_45_诱虫量,程桥街道 二化螟,江苏省南京市六合区,2023-04-02,7,0.0,0.0,0.0,2023,13,,,,,,,,
二化螟,SSB,程桥街道 二化螟_1_45_诱虫量,程桥街道 二化螟,江苏省南京市六合区,2023-04-09,7,2.0,0.0,0.0,2023,14,,,,,,,,
二化螟,SSB,程桥街道 二化螟_1_45_诱虫量,程桥街道 二化螟,江苏省南京市六合区,2023-04-16,7,2.0,,,2023,15,,,,,,,,
二化螟,SSB,程桥街道 二化螟_1_45_诱虫量,程桥街道 二化螟,江苏省南京市六合区,2023-04-23,7,1.0,15.11,61.0,2023,16,,,,,,,,
二化螟,SSB,程桥街道 二化螟_1_45_诱虫量,程桥街道 二化螟,江苏省南京市六合区,2023-04-30,7,33.0,0.0,0.0,2023,17,,,,,,,,
二化螟,SSB,程桥街道 二化螟_1_45_诱虫量,程桥街道 二化螟,江苏省南京市六合区,2023-05-07,7,3.0,0.0,0.0,2023,18,,,,,,,,
二化螟,SSB,程桥街道 二化螟_1_45_诱虫量,程桥街道 二化螟,江苏省南京市六合区,2023-05-14,7,41.0,0.0,0.0,2023,19,,,,,,,,
二化螟,SSB,程桥街道 二化螟_1_45_诱虫量,程桥街道 二化螟,江苏省南京市六合区,2023-05-21,7,32.0,1.2,5.8,2023,20,,,,,,,,
二化螟,SSB,程桥街道 二化螟_1_45_诱虫量,程桥街道 二化螟,江苏省南京市六合区,2023-05-28,7,48.0,0.0,0.0,2023,21,,,,,,,,
二化螟,SSB,程桥街道 二化螟_1_45_诱虫量,程桥街道 二化螟,江苏省南京市六合区,2023-06-04,7,18.0,1.734,6.066,2023,22,32.3,20.1,84.14,74.14,29.6,2.38,48.59,25.72
二化螟,SSB,程桥街道 二化螟_1_45_诱虫量,程桥街道 二化螟,江苏省南京市六合区,2023-06-11,7,3.0,0.0,0.0,2023,23,34.2,16.0,80.43,75.0,31.1,2.66,59.78,28.9
二化螟,SSB,程桥街道 二化螟_1_45_诱虫量,程桥街道 二化螟,江苏省南京市六合区,2023-06-18,7,3.0,1.534,6.465999999999999,2023,24,32.4,19.2,80.14,65.0,8.5,2.69,57.13,31.06
二化螟,SSB,程桥街道 二化螟_1_45_诱虫量,程桥街道 二化螟,江苏省南京市六合区,2023-06-25,7,1.0,0.0,0.0,2023,25,31.4,20.5,87.57,74.57,82.3,2.55,29.04,21.42
二化螟,SSB,程桥街道 二化螟_1_45_诱虫量,程桥街道 二化螟,江苏省南京市六合区,2023-07-02,7,2.0,0.0,0.0,2023,26,32.8,21.5,86.29,78.86,64.0,2.94,49.98,24.98
二化螟,SSB,程桥街道 二化螟_1_45_诱虫量,程桥街道 二化螟,江苏省南京市六合区,2023-07-09,7,1.0,0.0,0.0,2023,27,32.9,23.9,87.86,82.29,123.1,3.4,45.76,24.46
二化螟,SSB,程桥街道 二化螟_1_45_诱虫量,程桥街道 二化螟,江苏省南京市六合区,2023-07-16,7,1.0,4.465999999999999,12.6,2023,28,34.9,24.6,84.57,77.0,27.6,3.38,49.19,28.48
二化螟,SSB,程桥街道 二化螟_1_45_诱虫量,程桥街道 二化螟,江苏省南京市六合区,2023-07-23,7,1.0,0.0,0.0,2023,29,31.5,23.5,89.43,84.71,117.0,2.29,34.08,19.55
二化螟,SSB,程桥街道 二化螟_1_45_诱虫量,程桥街道 二化螟,江苏省南京市六合区,2023-07-30,7,0.0,0.0,0.0,2023,30,33.2,25.1,86.86,80.86,44.3,3.98,65.75,29.7
二化螟,SSB,程桥街道 二化螟_1_45_诱虫量,程桥街道 二化螟,江苏省南京市六合区,2023-08-06,7,0.0,0.0,0.0,2023,31,34.0,25.0,86.43,76.43,17.1,3.1,81.36,32.83
二化螟,SSB,程桥街道 二化螟_1_45_诱虫量,程桥街道 二化螟,江苏省南京市六合区,2023-08-13,7,1.0,0.0,0.0,2023,32,35.1,24.0,83.71,75.14,10.3,2.08,79.69,33.11
二化螟,SSB,程桥街道 二化螟_1_45_诱虫量,程桥街道 二化螟,江苏省南京市六合区,2023-08-20,7,2.0,0.0,0.0,2023,33,33.7,23.9,86.57,81.29,26.5,2.19,77.01,29.64
二化螟,SSB,程桥街道 二化螟_1_45_诱虫量,程桥街道 二化螟,江苏省南京市六合区,2023-08-27,7,11.0,0.0,0.0,2023,34,32.0,22.4,82.71,72.0,27.1,2.8,70.93,31.5
二化螟,SSB,程桥街道 二化螟_1_45_诱虫量,程桥街道 二化螟,江苏省南京市六合区,2023-09-03,7,6.0,0.0,0.0,2023,35,29.4,18.5,86.86,78.57,59.2,2.79,42.5,22.49
二化螟,SSB,程桥街道 二化螟_1_45_诱虫量,程桥街道 二化螟,江苏省南京市六合区,2023-09-10,7,4.0,0.0,0.0,2023,36,31.0,21.7,88.0,73.71,2.5,2.83,74.88,29.19
二化螟,SSB,程桥街道 二化螟_1_45_诱虫量,程桥街道 二化螟,江苏省南京市六合区,2023-09-17,7,3.0,0.0,0.0,2023,37,31.4,20.4,87.43,82.14,74.6,2.74,29.78,17.15
二化螟,SSB,程桥街道 二化螟_1_45_诱虫量,程桥街道 二化螟,江苏省南京市六合区,2023-09-24,7,0.0,,,2023,38,32.0,18.8,88.57,77.57,41.3,2.51,30.18,16.82
二化螟,SSB,程桥街道 二化螟_1_45_诱虫量,程桥街道 二化螟,江苏省南京市六合区,2023-10-01,7,0.0,0.0,0.0,2023,39,28.2,19.1,89.57,82.43,13.3,2.19,45.28,17.44
二化螟,SSB,程桥街道 二化螟_1_45_诱虫量,程桥街道 二化螟,江苏省南京市六合区,2023-10-08,7,0.0,0.0,0.0,2023,40,25.5,15.7,80.86,71.71,21.7,3.55,38.52,19.59
二化螟,SSB,程桥街道 二化螟_1_45_诱虫量,程桥街道 二化螟,江苏省南京市六合区,2023-10-15,7,0.0,0.0,0.0,2023,41,23.6,13.5,84.86,74.14,0.0,2.05,50.14,17.04
二化螟,SSB,程桥街道 二化螟_1_45_诱虫量,程桥街道 二化螟,江苏省南京市六合区,2023-10-22,7,0.0,0.0,0.0,2023,42,26.1,9.6,84.43,62.0,4.0,2.46,71.43,22.45
二化螟,SSB,程桥街道 二化螟_1_45_诱虫量,程桥街道 二化螟,江苏省南京市六合区,2023-10-29,7,0.0,0.0,0.0,2023,43,25.6,9.6,85.14,64.29,0.0,1.94,60.15,18.61
二化螟,SSB,程桥街道 二化螟_1_45_诱虫量,程桥街道 二化螟,江苏省南京市六合区,2023-11-05,5,0.0,0.0,0.0,2023,44,27.6,12.9,83.57,69.14,0.8,2.48,60.23,19.36
二化螟,SSB,程桥街道 二化螟_1_45_诱虫量,程桥街道 二化螟,江苏省南京市六合区,2023-11-12,7,0.0,0.0,0.0,2023,45,,,,,,,,
二化螟,SSB,程桥街道 二化螟_1_45_诱虫量,程桥街道 二化螟,江苏省南京市六合区,2023-11-19,7,0.0,0.0,0.0,2023,46,,,,,,,,
二化螟,SSB,程桥街道 二化螟_1_45_诱虫量,程桥街道 二化螟,江苏省南京市六合区,2023-11-26,7,0.0,0.0,0.0,2023,47,,,,,,,,
二化螟,SSB,程桥街道 二化螟_1_45_诱虫量,程桥街道 二化螟,江苏省南京市六合区,2023-12-03,7,0.0,0.0,0.0,2023,48,,,,,,,,
二化螟,SSB,程桥街道 二化螟_1_45_诱虫量,程桥街道 二化螟,江苏省南京市六合区,2023-12-10,7,0.0,0.0,0.0,2023,49,,,,,,,,
二化螟,SSB,程桥街道 二化螟_1_45_诱虫量,程桥街道 二化螟,江苏省南京市六合区,2023-12-17,7,0.0,0.0,0.0,2023,50,,,,,,,,
二化螟,SSB,程桥街道 二化螟_1_45_诱虫量,程桥街道 二化螟,江苏省南京市六合区,2023-12-24,7,0.0,,,2023,51,,,,,,,,
二化螟,SSB,程桥街道 二化螟_1_45_诱虫量,程桥街道 二化螟,江苏省南京市六合区,2023-12-31,7,0.0,,,2023,52,,,,,,,,
二化螟,SSB,程桥街道 二化螟_1_45_诱虫量,程桥街道 二化螟,江苏省南京市六合区,2024-01-07,7,0.0,0.0,0.0,2024,1,,,,,,,,
二化螟,SSB,程桥街道 二化螟_1_45_诱虫量,程桥街道 二化螟,江苏省南京市六合区,2024-01-14,7,0.0,0.0,0.0,2024,2,,,,,,,,
二化螟,SSB,程桥街道 二化螟_1_45_诱虫量,程桥街道 二化螟,江苏省南京市六合区,2024-01-21,7,0.0,,,2024,3,,,,,,,,
二化螟,SSB,程桥街道 二化螟_1_45_诱虫量,程桥街道 二化螟,江苏省南京市六合区,2024-01-28,7,0.0,0.0,0.0,2024,4,,,,,,,,
二化螟,SSB,程桥街道 二化螟_1_45_诱虫量,程桥街道 二化螟,江苏省南京市六合区,2024-02-04,7,0.0,0.0,0.0,2024,5,,,,,,,,
二化螟,SSB,程桥街道 二化螟_1_45_诱虫量,程桥街道 二化螟,江苏省南京市六合区,2024-02-11,7,0.0,0.0,0.0,2024,6,,,,,,,,
二化螟,SSB,程桥街道 二化螟_1_45_诱虫量,程桥街道 二化螟,江苏省南京市六合区,2024-02-18,7,0.0,,,2024,7,,,,,,,,
二化螟,SSB,程桥街道 二化螟_1_45_诱虫量,程桥街道 二化螟,江苏省南京市六合区,2024-02-25,7,0.0,,,2024,8,,,,,,,,
二化螟,SSB,程桥街道 二化螟_1_45_诱虫量,程桥街道 二化螟,江苏省南京市六合区,2024-03-03,7,0.0,,,2024,9,,,,,,,,
二化螟,SSB,程桥街道 二化螟_1_45_诱虫量,程桥街道 二化螟,江苏省南京市六合区,2024-03-10,7,3.0,,,2024,10,,,,,,,,
二化螟,SSB,程桥街道 二化螟_1_45_诱虫量,程桥街道 二化螟,江苏省南京市六合区,2024-03-17,7,0.0,,,2024,11,,,,,,,,
二化螟,SSB,程桥街道 二化螟_1_45_诱虫量,程桥街道 二化螟,江苏省南京市六合区,2024-03-24,7,0.0,0.0,0.0,2024,12,,,,,,,,
二化螟,SSB,程桥街道 二化螟_1_45_诱虫量,程桥街道 二化螟,江苏省南京市六合区,2024-03-31,7,2.0,0.0,0.0,2024,13,,,,,,,,
二化螟,SSB,程桥街道 二化螟_1_45_诱虫量,程桥街道 二化螟,江苏省南京市六合区,2024-04-07,7,0.0,0.0,0.0,2024,14,,,,,,,,
二化螟,SSB,程桥街道 二化螟_1_45_诱虫量,程桥街道 二化螟,江苏省南京市六合区,2024-04-14,7,1.0,0.0,0.0,2024,15,,,,,,,,
二化螟,SSB,程桥街道 二化螟_1_45_诱虫量,程桥街道 二化螟,江苏省南京市六合区,2024-04-21,7,1.0,,,2024,16,,,,,,,,
二化螟,SSB,程桥街道 二化螟_1_45_诱虫量,程桥街道 二化螟,江苏省南京市六合区,2024-04-28,7,1.0,0.0,0.0,2024,17,,,,,,,,
二化螟,SSB,程桥街道 二化螟_1_45_诱虫量,程桥街道 二化螟,江苏省南京市六合区,2024-05-05,7,18.0,0.0,0.0,2024,18,,,,,,,,
二化螟,SSB,程桥街道 二化螟_1_45_诱虫量,程桥街道 二化螟,江苏省南京市六合区,2024-05-12,7,305.0,0.0,0.0,2024,19,,,,,,,,
二化螟,SSB,程桥街道 二化螟_1_45_诱虫量,程桥街道 二化螟,江苏省南京市六合区,2024-05-19,7,581.0,0.0,0.0,2024,20,,,,,,,,
二化螟,SSB,程桥街道 二化螟_1_45_诱虫量,程桥街道 二化螟,江苏省南京市六合区,2024-05-26,7,60.0,0.0,0.0,2024,21,,,,,,,,
二化螟,SSB,程桥街道 二化螟_1_45_诱虫量,程桥街道 二化螟,江苏省南京市六合区,2024-06-02,7,33.0,0.0,0.0,2024,22,26.9,14.2,77.71,68.43,42.5,2.69,50.74,25.99
二化螟,SSB,程桥街道 二化螟_1_45_诱虫量,程桥街道 二化螟,江苏省南京市六合区,2024-06-09,7,20.0,0.0,0.0,2024,23,30.9,17.1,76.86,61.71,5.2,2.43,62.66,30.94
二化螟,SSB,程桥街道 二化螟_1_45_诱虫量,程桥街道 二化螟,江苏省南京市六合区,2024-06-16,7,17.0,0.0,0.0,2024,24,34.2,20.7,79.71,58.71,0.7,2.43,71.14,35.09
二化螟,SSB,程桥街道 二化螟_1_45_诱虫量,程桥街道 二化螟,江苏省南京市六合区,2024-06-23,7,3.0,0.0,0.0,2024,25,32.3,21.3,85.0,69.86,96.1,3.32,46.58,27.17
二化螟,SSB,程桥街道 二化螟_1_45_诱虫量,程桥街道 二化螟,江苏省南京市六合区,2024-06-30,7,7.0,0.0,0.0,2024,26,30.9,20.7,88.71,85.57,179.0,2.73,26.58,17.62
二化螟,SSB,程桥街道 二化螟_1_45_诱虫量,程桥街道 二化螟,江苏省南京市六合区,2024-07-07,7,10.0,0.0,0.0,2024,27,34.9,22.6,81.14,78.57,41.8,4.14,62.65,32.6
二化螟,SSB,程桥街道 二化螟_1_45_诱虫量,程桥街道 二化螟,江苏省南京市六合区,2024-07-14,7,0.0,0.0,0.0,2024,28,35.0,21.4,88.57,86.0,168.8,2.44,20.72,18.18
二化螟,SSB,程桥街道 二化螟_1_45_诱虫量,程桥街道 二化螟,江苏省南京市六合区,2024-07-21,7,0.0,0.0,0.0,2024,29,35.2,24.3,81.86,78.57,22.4,3.39,35.37,25.73
二化螟,SSB,程桥街道 二化螟_1_45_诱虫量,程桥街道 二化螟,江苏省南京市六合区,2024-07-28,7,0.0,0.0,0.0,2024,30,36.7,27.0,80.57,71.86,6.1,4.7,71.71,37.84
二化螟,SSB,程桥街道 二化螟_1_45_诱虫量,程桥街道 二化螟,江苏省南京市六合区,2024-08-04,7,0.0,0.0,0.0,2024,31,37.5,27.6,76.0,71.57,9.5,2.75,86.5,40.56
二化螟,SSB,程桥街道 二化螟_1_45_诱虫量,程桥街道 二化螟,江苏省南京市六合区,2024-08-11,7,0.0,0.0,0.0,2024,32,37.8,27.1,76.86,66.71,62.0,1.88,83.96,39.02
二化螟,SSB,程桥街道 二化螟_1_45_诱虫量,程桥街道 二化螟,江苏省南京市六合区,2024-08-18,7,11.0,0.0,0.0,2024,33,36.3,24.9,84.43,67.71,34.3,2.42,75.24,33.56
二化螟,SSB,程桥街道 二化螟_1_45_诱虫量,程桥街道 二化螟,江苏省南京市六合区,2024-08-25,7,8.0,0.0,0.0,2024,34,34.7,25.4,84.71,77.86,50.4,1.93,64.42,27.34
二化螟,SSB,程桥街道 二化螟_1_45_诱虫量,程桥街道 二化螟,江苏省南京市六合区,2024-09-01,7,13.0,0.0,0.0,2024,35,35.2,24.1,83.43,71.71,6.3,2.35,74.77,30.13
二化螟,SSB,程桥街道 二化螟_1_45_诱虫量,程桥街道 二化螟,江苏省南京市六合区,2024-09-08,7,8.0,,,2024,36,33.8,24.2,79.29,68.43,2.9,3.23,78.8,33.31
二化螟,SSB,程桥街道 二化螟_1_45_诱虫量,程桥街道 二化螟,江苏省南京市六合区,2024-09-15,7,12.0,,,2024,37,33.8,23.6,88.14,80.14,83.0,3.4,57.66,23.89
二化螟,SSB,程桥街道 二化螟_1_45_诱虫量,程桥街道 二化螟,江苏省南京市六合区,2024-09-22,7,4.0,0.0,0.0,2024,38,31.6,17.4,81.14,76.86,124.9,5.49,54.64,24.01
二化螟,SSB,程桥街道 二化螟_1_45_诱虫量,程桥街道 二化螟,江苏省南京市六合区,2024-09-29,7,1.0,0.0,0.0,2024,39,29.1,15.8,86.14,76.0,15.1,2.67,66.18,23.31
二化螟,SSB,程桥街道 二化螟_1_45_诱虫量,程桥街道 二化螟,江苏省南京市六合区,2024-10-06,7,2.0,0.0,0.0,2024,40,28.6,11.9,79.0,72.14,17.2,3.38,48.16,18.62
二化螟,SSB,程桥街道 二化螟_1_45_诱虫量,程桥街道 二化螟,江苏省南京市六合区,2024-10-13,7,5.0,,,2024,41,25.2,13.1,85.0,74.71,16.7,2.16,49.5,16.94
二化螟,SSB,程桥街道 二化螟_1_45_诱虫量,程桥街道 二化螟,江苏省南京市六合区,2024-10-20,7,0.0,,,2024,42,27.2,11.2,86.57,77.0,49.2,3.66,31.77,14.95
二化螟,SSB,程桥街道 二化螟_1_45_诱虫量,程桥街道 二化螟,江苏省南京市六合区,2024-10-27,7,0.0,,,2024,43,22.3,8.6,88.29,80.43,20.0,3.16,35.15,12.25
二化螟,SSB,程桥街道 二化螟_1_45_诱虫量,程桥街道 二化螟,江苏省南京市六合区,2024-11-03,7,0.0,0.0,0.0,2024,44,22.0,9.3,87.57,74.57,6.8,2.95,55.84,15.81
二化螟,SSB,程桥街道 二化螟_1_45_诱虫量,程桥街道 二化螟,江苏省南京市六合区,2024-11-10,7,0.0,0.0,0.0,2024,45,,,,,,,,
二化螟,SSB,程桥街道 二化螟_1_45_诱虫量,程桥街道 二化螟,江苏省南京市六合区,2024-11-17,7,0.0,,,2024,46,,,,,,,,
二化螟,SSB,程桥街道 二化螟_1_45_诱虫量,程桥街道 二化螟,江苏省南京市六合区,2024-11-24,7,0.0,0.0,0.0,2024,47,,,,,,,,
二化螟,SSB,程桥街道 二化螟_1_45_诱虫量,程桥街道 二化螟,江苏省南京市六合区,2024-12-01,7,0.0,0.0,0.0,2024,48,,,,,,,,
二化螟,SSB,程桥街道 二化螟_1_45_诱虫量,程桥街道 二化螟,江苏省南京市六合区,2024-12-08,7,0.0,0.0,0.0,2024,49,,,,,,,,
二化螟,SSB,程桥街道 二化螟_1_45_诱虫量,程桥街道 二化螟,江苏省南京市六合区,2024-12-15,7,0.0,0.0,0.0,2024,50,,,,,,,,
二化螟,SSB,程桥街道 二化螟_1_45_诱虫量,程桥街道 二化螟,江苏省南京市六合区,2024-12-22,7,0.0,0.0,0.0,2024,51,,,,,,,,
二化螟,SSB,程桥街道 二化螟_1_45_诱虫量,程桥街道 二化螟,江苏省南京市六合区,2024-12-29,3,0.0,,,2024,52,,,,,,,,
二化螟,SSB,金牛湖二化螟新_1_3_诱虫量,金牛湖二化螟新,江苏省南京市六合区,2023-01-01,7,0.0,,,2022,52,,,,,,,,
二化螟,SSB,金牛湖二化螟新_1_3_诱虫量,金牛湖二化螟新,江苏省南京市六合区,2023-01-08,7,0.0,,,2023,1,,,,,,,,
二化螟,SSB,金牛湖二化螟新_1_3_诱虫量,金牛湖二化螟新,江苏省南京市六合区,2023-01-15,7,0.0,,,2023,2,,,,,,,,
二化螟,SSB,金牛湖二化螟新_1_3_诱虫量,金牛湖二化螟新,江苏省南京市六合区,2023-01-22,7,0.0,,,2023,3,,,,,,,,
二化螟,SSB,金牛湖二化螟新_1_3_诱虫量,金牛湖二化螟新,江苏省南京市六合区,2023-01-29,7,0.0,,,2023,4,,,,,,,,
二化螟,SSB,金牛湖二化螟新_1_3_诱虫量,金牛湖二化螟新,江苏省南京市六合区,2023-02-05,7,0.0,,,2023,5,,,,,,,,
二化螟,SSB,金牛湖二化螟新_1_3_诱虫量,金牛湖二化螟新,江苏省南京市六合区,2023-02-12,7,0.0,22.0,72.0,2023,6,,,,,,,,
二化螟,SSB,金牛湖二化螟新_1_3_诱虫量,金牛湖二化螟新,江苏省南京市六合区,2023-02-19,7,0.0,,,2023,7,,,,,,,,
二化螟,SSB,金牛湖二化螟新_1_3_诱虫量,金牛湖二化螟新,江苏省南京市六合区,2023-02-26,7,0.0,,,2023,8,,,,,,,,
二化螟,SSB,金牛湖二化螟新_1_3_诱虫量,金牛湖二化螟新,江苏省南京市六合区,2023-03-05,7,0.0,,,2023,9,,,,,,,,
二化螟,SSB,金牛湖二化螟新_1_3_诱虫量,金牛湖二化螟新,江苏省南京市六合区,2023-03-12,7,0.0,,,2023,10,,,,,,,,
二化螟,SSB,金牛湖二化螟新_1_3_诱虫量,金牛湖二化螟新,江苏省南京市六合区,2023-03-19,7,90.0,,,2023,11,,,,,,,,
二化螟,SSB,金牛湖二化螟新_1_3_诱虫量,金牛湖二化螟新,江苏省南京市六合区,2023-03-26,7,15.0,,,2023,12,,,,,,,,
二化螟,SSB,金牛湖二化螟新_1_3_诱虫量,金牛湖二化螟新,江苏省南京市六合区,2023-04-02,7,0.0,22.0,72.0,2023,13,,,,,,,,
二化螟,SSB,金牛湖二化螟新_1_3_诱虫量,金牛湖二化螟新,江苏省南京市六合区,2023-04-09,7,0.0,22.0,72.0,2023,14,,,,,,,,
二化螟,SSB,金牛湖二化螟新_1_3_诱虫量,金牛湖二化螟新,江苏省南京市六合区,2023-04-16,7,1.0,,,2023,15,,,,,,,,
二化螟,SSB,金牛湖二化螟新_1_3_诱虫量,金牛湖二化螟新,江苏省南京市六合区,2023-04-23,7,2.0,,,2023,16,,,,,,,,
二化螟,SSB,金牛湖二化螟新_1_3_诱虫量,金牛湖二化螟新,江苏省南京市六合区,2023-04-30,7,13.0,,,2023,17,,,,,,,,
二化螟,SSB,金牛湖二化螟新_1_3_诱虫量,金牛湖二化螟新,江苏省南京市六合区,2023-05-07,7,20.0,,,2023,18,,,,,,,,
二化螟,SSB,金牛湖二化螟新_1_3_诱虫量,金牛湖二化螟新,江苏省南京市六合区,2023-05-14,7,172.0,,,2023,19,,,,,,,,
二化螟,SSB,金牛湖二化螟新_1_3_诱虫量,金牛湖二化螟新,江苏省南京市六合区,2023-05-21,7,409.0,,,2023,20,,,,,,,,
二化螟,SSB,金牛湖二化螟新_1_3_诱虫量,金牛湖二化螟新,江苏省南京市六合区,2023-05-28,7,321.0,22.0,72.0,2023,21,,,,,,,,
二化螟,SSB,金牛湖二化螟新_1_3_诱虫量,金牛湖二化螟新,江苏省南京市六合区,2023-06-04,7,259.0,22.0,72.0,2023,22,32.3,20.1,84.14,74.14,29.6,2.38,48.59,25.72
二化螟,SSB,金牛湖二化螟新_1_3_诱虫量,金牛湖二化螟新,江苏省南京市六合区,2023-06-11,7,24.0,22.0,72.0,2023,23,34.2,16.0,80.43,75.0,31.1,2.66,59.78,28.9
二化螟,SSB,金牛湖二化螟新_1_3_诱虫量,金牛湖二化螟新,江苏省南京市六合区,2023-06-18,7,13.0,22.0,72.0,2023,24,32.4,19.2,80.14,65.0,8.5,2.69,57.13,31.06
二化螟,SSB,金牛湖二化螟新_1_3_诱虫量,金牛湖二化螟新,江苏省南京市六合区,2023-06-25,7,3.0,22.0,72.0,2023,25,31.4,20.5,87.57,74.57,82.3,2.55,29.04,21.42
二化螟,SSB,金牛湖二化螟新_1_3_诱虫量,金牛湖二化螟新,江苏省南京市六合区,2023-07-02,7,2.0,22.0,72.0,2023,26,32.8,21.5,86.29,78.86,64.0,2.94,49.98,24.98
二化螟,SSB,金牛湖二化螟新_1_3_诱虫量,金牛湖二化螟新,江苏省南京市六合区,2023-07-09,7,2.0,22.0,72.0,2023,27,32.9,23.9,87.86,82.29,123.1,3.4,45.76,24.46
二化螟,SSB,金牛湖二化螟新_1_3_诱虫量,金牛湖二化螟新,江苏省南京市六合区,2023-07-16,7,3.0,22.0,72.0,2023,28,34.9,24.6,84.57,77.0,27.6,3.38,49.19,28.48
二化螟,SSB,金牛湖二化螟新_1_3_诱虫量,金牛湖二化螟新,江苏省南京市六合区,2023-07-23,7,18.0,22.0,72.0,2023,29,31.5,23.5,89.43,84.71,117.0,2.29,34.08,19.55
二化螟,SSB,金牛湖二化螟新_1_3_诱虫量,金牛湖二化螟新,江苏省南京市六合区,2023-07-30,7,5.0,22.0,72.0,2023,30,33.2,25.1,86.86,80.86,44.3,3.98,65.75,29.7
二化螟,SSB,金牛湖二化螟新_1_3_诱虫量,金牛湖二化螟新,江苏省南京市六合区,2023-08-06,7,10.0,22.0,72.0,2023,31,34.0,25.0,86.43,76.43,17.1,3.1,81.36,32.83
二化螟,SSB,金牛湖二化螟新_1_3_诱虫量,金牛湖二化螟新,江苏省南京市六合区,2023-08-13,7,1.0,,,2023,32,35.1,24.0,83.71,75.14,10.3,2.08,79.69,33.11
二化螟,SSB,金牛湖二化螟新_1_3_诱虫量,金牛湖二化螟新,江苏省南京市六合区,2023-08-20,7,19.0,22.0,72.0,2023,33,33.7,23.9,86.57,81.29,26.5,2.19,77.01,29.64
二化螟,SSB,金牛湖二化螟新_1_3_诱虫量,金牛湖二化螟新,江苏省南京市六合区,2023-08-27,7,25.0,,,2023,34,32.0,22.4,82.71,72.0,27.1,2.8,70.93,31.5
二化螟,SSB,金牛湖二化螟新_1_3_诱虫量,金牛湖二化螟新,江苏省南京市六合区,2023-09-03,7,33.0,,,2023,35,29.4,18.5,86.86,78.57,59.2,2.79,42.5,22.49
二化螟,SSB,金牛湖二化螟新_1_3_诱虫量,金牛湖二化螟新,江苏省南京市六合区,2023-09-10,7,21.0,22.0,72.0,2023,36,31.0,21.7,88.0,73.71,2.5,2.83,74.88,29.19
二化螟,SSB,金牛湖二化螟新_1_3_诱虫量,金牛湖二化螟新,江苏省南京市六合区,2023-09-17,7,9.0,22.0,72.0,2023,37,31.4,20.4,87.43,82.14,74.6,2.74,29.78,17.15
二化螟,SSB,金牛湖二化螟新_1_3_诱虫量,金牛湖二化螟新,江苏省南京市六合区,2023-09-24,7,1.0,,,2023,38,32.0,18.8,88.57,77.57,41.3,2.51,30.18,16.82
二化螟,SSB,金牛湖二化螟新_1_3_诱虫量,金牛湖二化螟新,江苏省南京市六合区,2023-10-01,7,0.0,,,2023,39,28.2,19.1,89.57,82.43,13.3,2.19,45.28,17.44
二化螟,SSB,金牛湖二化螟新_1_3_诱虫量,金牛湖二化螟新,江苏省南京市六合区,2023-10-08,7,1.0,,,2023,40,25.5,15.7,80.86,71.71,21.7,3.55,38.52,19.59
二化螟,SSB,金牛湖二化螟新_1_3_诱虫量,金牛湖二化螟新,江苏省南京市六合区,2023-10-15,7,0.0,,,2023,41,23.6,13.5,84.86,74.14,0.0,2.05,50.14,17.04
二化螟,SSB,金牛湖二化螟新_1_3_诱虫量,金牛湖二化螟新,江苏省南京市六合区,2023-10-22,7,0.0,,,2023,42,26.1,9.6,84.43,62.0,4.0,2.46,71.43,22.45
二化螟,SSB,金牛湖二化螟新_1_3_诱虫量,金牛湖二化螟新,江苏省南京市六合区,2023-10-29,7,0.0,22.0,72.0,2023,43,25.6,9.6,85.14,64.29,0.0,1.94,60.15,18.61
二化螟,SSB,金牛湖二化螟新_1_3_诱虫量,金牛湖二化螟新,江苏省南京市六合区,2023-11-05,5,0.0,22.0,72.0,2023,44,27.6,12.9,83.57,69.14,0.8,2.48,60.23,19.36
二化螟,SSB,金牛湖二化螟新_1_3_诱虫量,金牛湖二化螟新,江苏省南京市六合区,2023-11-12,7,0.0,22.0,72.0,2023,45,,,,,,,,
二化螟,SSB,金牛湖二化螟新_1_3_诱虫量,金牛湖二化螟新,江苏省南京市六合区,2023-11-19,7,0.0,22.0,72.0,2023,46,,,,,,,,
二化螟,SSB,金牛湖二化螟新_1_3_诱虫量,金牛湖二化螟新,江苏省南京市六合区,2023-11-26,7,0.0,22.0,72.0,2023,47,,,,,,,,
二化螟,SSB,金牛湖二化螟新_1_3_诱虫量,金牛湖二化螟新,江苏省南京市六合区,2023-12-03,7,0.0,22.0,72.0,2023,48,,,,,,,,
二化螟,SSB,金牛湖二化螟新_1_3_诱虫量,金牛湖二化螟新,江苏省南京市六合区,2023-12-10,7,0.0,,,2023,49,,,,,,,,
二化螟,SSB,金牛湖二化螟新_1_3_诱虫量,金牛湖二化螟新,江苏省南京市六合区,2023-12-17,7,0.0,,,2023,50,,,,,,,,
二化螟,SSB,金牛湖二化螟新_1_3_诱虫量,金牛湖二化螟新,江苏省南京市六合区,2023-12-24,7,0.0,,,2023,51,,,,,,,,
二化螟,SSB,金牛湖二化螟新_1_3_诱虫量,金牛湖二化螟新,江苏省南京市六合区,2023-12-31,7,0.0,,,2023,52,,,,,,,,
二化螟,SSB,金牛湖二化螟新_1_3_诱虫量,金牛湖二化螟新,江苏省南京市六合区,2024-01-07,7,0.0,,,2024,1,,,,,,,,
二化螟,SSB,金牛湖二化螟新_1_3_诱虫量,金牛湖二化螟新,江苏省南京市六合区,2024-01-14,7,0.0,,,2024,2,,,,,,,,
二化螟,SSB,金牛湖二化螟新_1_3_诱虫量,金牛湖二化螟新,江苏省南京市六合区,2024-01-21,7,0.0,,,2024,3,,,,,,,,
二化螟,SSB,金牛湖二化螟新_1_3_诱虫量,金牛湖二化螟新,江苏省南京市六合区,2024-01-28,7,0.0,,,2024,4,,,,,,,,
二化螟,SSB,金牛湖二化螟新_1_3_诱虫量,金牛湖二化螟新,江苏省南京市六合区,2024-02-04,7,0.0,22.0,72.0,2024,5,,,,,,,,
二化螟,SSB,金牛湖二化螟新_1_3_诱虫量,金牛湖二化螟新,江苏省南京市六合区,2024-02-11,7,0.0,22.0,72.0,2024,6,,,,,,,,
二化螟,SSB,金牛湖二化螟新_1_3_诱虫量,金牛湖二化螟新,江苏省南京市六合区,2024-02-18,7,0.0,,,2024,7,,,,,,,,
二化螟,SSB,金牛湖二化螟新_1_3_诱虫量,金牛湖二化螟新,江苏省南京市六合区,2024-02-25,7,0.0,,,2024,8,,,,,,,,
二化螟,SSB,金牛湖二化螟新_1_3_诱虫量,金牛湖二化螟新,江苏省南京市六合区,2024-03-03,7,0.0,,,2024,9,,,,,,,,
二化螟,SSB,金牛湖二化螟新_1_3_诱虫量,金牛湖二化螟新,江苏省南京市六合区,2024-03-10,7,4.0,22.0,72.0,2024,10,,,,,,,,
二化螟,SSB,金牛湖二化螟新_1_3_诱虫量,金牛湖二化螟新,江苏省南京市六合区,2024-03-17,7,1.0,,,2024,11,,,,,,,,
二化螟,SSB,金牛湖二化螟新_1_3_诱虫量,金牛湖二化螟新,江苏省南京市六合区,2024-03-24,7,2.0,,,2024,12,,,,,,,,
二化螟,SSB,金牛湖二化螟新_1_3_诱虫量,金牛湖二化螟新,江苏省南京市六合区,2024-03-31,7,3.0,,,2024,13,,,,,,,,
二化螟,SSB,金牛湖二化螟新_1_3_诱虫量,金牛湖二化螟新,江苏省南京市六合区,2024-04-07,7,0.0,22.0,72.0,2024,14,,,,,,,,
二化螟,SSB,金牛湖二化螟新_1_3_诱虫量,金牛湖二化螟新,江苏省南京市六合区,2024-04-14,7,0.0,,,2024,15,,,,,,,,
二化螟,SSB,金牛湖二化螟新_1_3_诱虫量,金牛湖二化螟新,江苏省南京市六合区,2024-04-21,7,0.0,,,2024,16,,,,,,,,
二化螟,SSB,金牛湖二化螟新_1_3_诱虫量,金牛湖二化螟新,江苏省南京市六合区,2024-04-28,7,0.0,,,2024,17,,,,,,,,
二化螟,SSB,金牛湖二化螟新_1_3_诱虫量,金牛湖二化螟新,江苏省南京市六合区,2024-05-05,7,10.0,,,2024,18,,,,,,,,
二化螟,SSB,金牛湖二化螟新_1_3_诱虫量,金牛湖二化螟新,江苏省南京市六合区,2024-05-12,7,91.0,,,2024,19,,,,,,,,
二化螟,SSB,金牛湖二化螟新_1_3_诱虫量,金牛湖二化螟新,江苏省南京市六合区,2024-05-19,7,242.0,22.0,72.0,2024,20,,,,,,,,
二化螟,SSB,金牛湖二化螟新_1_3_诱虫量,金牛湖二化螟新,江苏省南京市六合区,2024-05-26,7,127.0,22.0,72.0,2024,21,,,,,,,,
二化螟,SSB,金牛湖二化螟新_1_3_诱虫量,金牛湖二化螟新,江苏省南京市六合区,2024-06-02,7,68.0,22.0,72.0,2024,22,26.9,14.2,77.71,68.43,42.5,2.69,50.74,25.99
二化螟,SSB,金牛湖二化螟新_1_3_诱虫量,金牛湖二化螟新,江苏省南京市六合区,2024-06-09,7,11.0,22.0,72.0,2024,23,30.9,17.1,76.86,61.71,5.2,2.43,62.66,30.94
二化螟,SSB,金牛湖二化螟新_1_3_诱虫量,金牛湖二化螟新,江苏省南京市六合区,2024-06-16,7,4.0,22.0,72.0,2024,24,34.2,20.7,79.71,58.71,0.7,2.43,71.14,35.09
二化螟,SSB,金牛湖二化螟新_1_3_诱虫量,金牛湖二化螟新,江苏省南京市六合区,2024-06-23,7,4.0,22.0,72.0,2024,25,32.3,21.3,85.0,69.86,96.1,3.32,46.58,27.17
二化螟,SSB,金牛湖二化螟新_1_3_诱虫量,金牛湖二化螟新,江苏省南京市六合区,2024-06-30,7,6.0,22.0,72.0,2024,26,30.9,20.7,88.71,85.57,179.0,2.73,26.58,17.62
二化螟,SSB,金牛湖二化螟新_1_3_诱虫量,金牛湖二化螟新,江苏省南京市六合区,2024-07-07,7,5.0,,,2024,27,34.9,22.6,81.14,78.57,41.8,4.14,62.65,32.6
二化螟,SSB,金牛湖二化螟新_1_3_诱虫量,金牛湖二化螟新,江苏省南京市六合区,2024-07-14,7,12.0,22.0,72.0,2024,28,35.0,21.4,88.57,86.0,168.8,2.44,20.72,18.18
二化螟,SSB,金牛湖二化螟新_1_3_诱虫量,金牛湖二化螟新,江苏省南京市六合区,2024-07-21,7,7.0,22.0,72.0,2024,29,35.2,24.3,81.86,78.57,22.4,3.39,35.37,25.73
二化螟,SSB,金牛湖二化螟新_1_3_诱虫量,金牛湖二化螟新,江苏省南京市六合区,2024-07-28,7,3.0,22.0,72.0,2024,30,36.7,27.0,80.57,71.86,6.1,4.7,71.71,37.84
二化螟,SSB,金牛湖二化螟新_1_3_诱虫量,金牛湖二化螟新,江苏省南京市六合区,2024-08-04,7,3.0,22.0,72.0,2024,31,37.5,27.6,76.0,71.57,9.5,2.75,86.5,40.56
二化螟,SSB,金牛湖二化螟新_1_3_诱虫量,金牛湖二化螟新,江苏省南京市六合区,2024-08-11,7,1.0,22.0,72.0,2024,32,37.8,27.1,76.86,66.71,62.0,1.88,83.96,39.02
二化螟,SSB,金牛湖二化螟新_1_3_诱虫量,金牛湖二化螟新,江苏省南京市六合区,2024-08-18,7,0.0,,,2024,33,36.3,24.9,84.43,67.71,34.3,2.42,75.24,33.56
二化螟,SSB,金牛湖二化螟新_1_3_诱虫量,金牛湖二化螟新,江苏省南京市六合区,2024-08-25,7,3.0,22.0,72.0,2024,34,34.7,25.4,84.71,77.86,50.4,1.93,64.42,27.34
二化螟,SSB,金牛湖二化螟新_1_3_诱虫量,金牛湖二化螟新,江苏省南京市六合区,2024-09-01,7,7.0,,,2024,35,35.2,24.1,83.43,71.71,6.3,2.35,74.77,30.13
二化螟,SSB,金牛湖二化螟新_1_3_诱虫量,金牛湖二化螟新,江苏省南京市六合区,2024-09-08,7,9.0,,,2024,36,33.8,24.2,79.29,68.43,2.9,3.23,78.8,33.31
二化螟,SSB,金牛湖二化螟新_1_3_诱虫量,金牛湖二化螟新,江苏省南京市六合区,2024-09-15,7,2.0,,,2024,37,33.8,23.6,88.14,80.14,83.0,3.4,57.66,23.89
二化螟,SSB,金牛湖二化螟新_1_3_诱虫量,金牛湖二化螟新,江苏省南京市六合区,2024-09-22,7,4.0,,,2024,38,31.6,17.4,81.14,76.86,124.9,5.49,54.64,24.01
二化螟,SSB,金牛湖二化螟新_1_3_诱虫量,金牛湖二化螟新,江苏省南京市六合区,2024-09-29,7,0.0,,,2024,39,29.1,15.8,86.14,76.0,15.1,2.67,66.18,23.31
二化螟,SSB,金牛湖二化螟新_1_3_诱虫量,金牛湖二化螟新,江苏省南京市六合区,2024-10-06,7,1.0,,,2024,40,28.6,11.9,79.0,72.14,17.2,3.38,48.16,18.62
二化螟,SSB,金牛湖二化螟新_1_3_诱虫量,金牛湖二化螟新,江苏省南京市六合区,2024-10-13,7,5.0,,,2024,41,25.2,13.1,85.0,74.71,16.7,2.16,49.5,16.94
二化螟,SSB,金牛湖二化螟新_1_3_诱虫量,金牛湖二化螟新,江苏省南京市六合区,2024-10-20,7,0.0,22.0,72.0,2024,42,27.2,11.2,86.57,77.0,49.2,3.66,31.77,14.95
二化螟,SSB,金牛湖二化螟新_1_3_诱虫量,金牛湖二化螟新,江苏省南京市六合区,2024-10-27,7,0.0,22.0,72.0,2024,43,22.3,8.6,88.29,80.43,20.0,3.16,35.15,12.25
二化螟,SSB,金牛湖二化螟新_1_3_诱虫量,金牛湖二化螟新,江苏省南京市六合区,2024-11-03,7,0.0,,,2024,44,22.0,9.3,87.57,74.57,6.8,2.95,55.84,15.81
二化螟,SSB,金牛湖二化螟新_1_3_诱虫量,金牛湖二化螟新,江苏省南京市六合区,2024-11-10,7,0.0,22.0,72.0,2024,45,,,,,,,,
二化螟,SSB,金牛湖二化螟新_1_3_诱虫量,金牛湖二化螟新,江苏省南京市六合区,2024-11-17,7,0.0,,,2024,46,,,,,,,,
二化螟,SSB,金牛湖二化螟新_1_3_诱虫量,金牛湖二化螟新,江苏省南京市六合区,2024-11-24,7,0.0,22.0,72.0,2024,47,,,,,,,,
二化螟,SSB,金牛湖二化螟新_1_3_诱虫量,金牛湖二化螟新,江苏省南京市六合区,2024-12-01,7,0.0,22.0,72.0,2024,48,,,,,,,,
二化螟,SSB,金牛湖二化螟新_1_3_诱虫量,金牛湖二化螟新,江苏省南京市六合区,2024-12-08,7,0.0,22.0,72.0,2024,49,,,,,,,,
二化螟,SSB,金牛湖二化螟新_1_3_诱虫量,金牛湖二化螟新,江苏省南京市六合区,2024-12-15,7,0.0,,,2024,50,,,,,,,,
二化螟,SSB,金牛湖二化螟新_1_3_诱虫量,金牛湖二化螟新,江苏省南京市六合区,2024-12-22,7,0.0,22.0,72.0,2024,51,,,,,,,,
二化螟,SSB,金牛湖二化螟新_1_3_诱虫量,金牛湖二化螟新,江苏省南京市六合区,2024-12-29,3,0.0,,,2024,52,,,,,,,,
二化螟,SSB,雄州钱仓二化螟_1_1_诱虫量,雄州钱仓二化螟,江苏省南京市六合区,2023-02-19,6,3.0,0.0,0.0,2023,7,,,,,,,,
二化螟,SSB,雄州钱仓二化螟_1_1_诱虫量,雄州钱仓二化螟,江苏省南京市六合区,2023-02-26,7,0.0,0.0,0.0,2023,8,,,,,,,,
二化螟,SSB,雄州钱仓二化螟_1_1_诱虫量,雄州钱仓二化螟,江苏省南京市六合区,2023-03-05,7,0.0,0.0,0.0,2023,9,,,,,,,,
二化螟,SSB,雄州钱仓二化螟_1_1_诱虫量,雄州钱仓二化螟,江苏省南京市六合区,2023-03-12,7,0.0,0.0,0.0,2023,10,,,,,,,,
二化螟,SSB,雄州钱仓二化螟_1_1_诱虫量,雄州钱仓二化螟,江苏省南京市六合区,2023-03-19,7,2.0,0.0,0.0,2023,11,,,,,,,,
二化螟,SSB,雄州钱仓二化螟_1_1_诱虫量,雄州钱仓二化螟,江苏省南京市六合区,2023-03-26,7,0.0,0.0,0.0,2023,12,,,,,,,,
二化螟,SSB,雄州钱仓二化螟_1_1_诱虫量,雄州钱仓二化螟,江苏省南京市六合区,2023-04-02,7,0.0,0.0,0.0,2023,13,,,,,,,,
二化螟,SSB,雄州钱仓二化螟_1_1_诱虫量,雄州钱仓二化螟,江苏省南京市六合区,2023-04-09,7,6.0,0.0,0.0,2023,14,,,,,,,,
二化螟,SSB,雄州钱仓二化螟_1_1_诱虫量,雄州钱仓二化螟,江苏省南京市六合区,2023-04-16,7,7.0,0.0,0.0,2023,15,,,,,,,,
二化螟,SSB,雄州钱仓二化螟_1_1_诱虫量,雄州钱仓二化螟,江苏省南京市六合区,2023-04-23,7,3.0,0.0,0.0,2023,16,,,,,,,,
二化螟,SSB,雄州钱仓二化螟_1_1_诱虫量,雄州钱仓二化螟,江苏省南京市六合区,2023-04-30,7,127.0,0.0,0.0,2023,17,,,,,,,,
二化螟,SSB,雄州钱仓二化螟_1_1_诱虫量,雄州钱仓二化螟,江苏省南京市六合区,2023-05-07,7,41.0,0.0,0.0,2023,18,,,,,,,,
二化螟,SSB,雄州钱仓二化螟_1_1_诱虫量,雄州钱仓二化螟,江苏省南京市六合区,2023-05-14,7,226.0,0.0,0.0,2023,19,,,,,,,,
二化螟,SSB,雄州钱仓二化螟_1_1_诱虫量,雄州钱仓二化螟,江苏省南京市六合区,2023-05-21,7,290.0,0.0,0.0,2023,20,,,,,,,,
二化螟,SSB,雄州钱仓二化螟_1_1_诱虫量,雄州钱仓二化螟,江苏省南京市六合区,2023-05-28,7,407.0,0.0,0.0,2023,21,,,,,,,,
二化螟,SSB,雄州钱仓二化螟_1_1_诱虫量,雄州钱仓二化螟,江苏省南京市六合区,2023-06-04,7,53.0,0.0,0.0,2023,22,32.3,20.1,84.14,74.14,29.6,2.38,48.59,25.72
二化螟,SSB,雄州钱仓二化螟_1_1_诱虫量,雄州钱仓二化螟,江苏省南京市六合区,2023-06-11,7,66.0,0.0,0.0,2023,23,34.2,16.0,80.43,75.0,31.1,2.66,59.78,28.9
二化螟,SSB,雄州钱仓二化螟_1_1_诱虫量,雄州钱仓二化螟,江苏省南京市六合区,2023-06-18,7,8.0,0.0,0.0,2023,24,32.4,19.2,80.14,65.0,8.5,2.69,57.13,31.06
二化螟,SSB,雄州钱仓二化螟_1_1_诱虫量,雄州钱仓二化螟,江苏省南京市六合区,2023-06-25,7,6.0,0.0,0.0,2023,25,31.4,20.5,87.57,74.57,82.3,2.55,29.04,21.42
二化螟,SSB,雄州钱仓二化螟_1_1_诱虫量,雄州钱仓二化螟,江苏省南京市六合区,2023-07-02,7,4.0,0.0,0.0,2023,26,32.8,21.5,86.29,78.86,64.0,2.94,49.98,24.98
二化螟,SSB,雄州钱仓二化螟_1_1_诱虫量,雄州钱仓二化螟,江苏省南京市六合区,2023-07-09,7,2.0,0.0,0.0,2023,27,32.9,23.9,87.86,82.29,123.1,3.4,45.76,24.46
二化螟,SSB,雄州钱仓二化螟_1_1_诱虫量,雄州钱仓二化螟,江苏省南京市六合区,2023-07-16,7,15.0,0.0,0.0,2023,28,34.9,24.6,84.57,77.0,27.6,3.38,49.19,28.48
二化螟,SSB,雄州钱仓二化螟_1_1_诱虫量,雄州钱仓二化螟,江苏省南京市六合区,2023-07-23,7,6.0,0.0,0.0,2023,29,31.5,23.5,89.43,84.71,117.0,2.29,34.08,19.55
二化螟,SSB,雄州钱仓二化螟_1_1_诱虫量,雄州钱仓二化螟,江苏省南京市六合区,2023-07-30,7,3.0,0.0,0.0,2023,30,33.2,25.1,86.86,80.86,44.3,3.98,65.75,29.7
二化螟,SSB,雄州钱仓二化螟_1_1_诱虫量,雄州钱仓二化螟,江苏省南京市六合区,2023-08-06,7,3.0,0.0,0.0,2023,31,34.0,25.0,86.43,76.43,17.1,3.1,81.36,32.83
二化螟,SSB,雄州钱仓二化螟_1_1_诱虫量,雄州钱仓二化螟,江苏省南京市六合区,2023-08-13,7,2.0,0.0,0.0,2023,32,35.1,24.0,83.71,75.14,10.3,2.08,79.69,33.11
二化螟,SSB,雄州钱仓二化螟_1_1_诱虫量,雄州钱仓二化螟,江苏省南京市六合区,2023-08-20,7,5.0,0.0,0.0,2023,33,33.7,23.9,86.57,81.29,26.5,2.19,77.01,29.64
二化螟,SSB,雄州钱仓二化螟_1_1_诱虫量,雄州钱仓二化螟,江苏省南京市六合区,2023-08-27,7,4.0,0.0,0.0,2023,34,32.0,22.4,82.71,72.0,27.1,2.8,70.93,31.5
二化螟,SSB,雄州钱仓二化螟_1_1_诱虫量,雄州钱仓二化螟,江苏省南京市六合区,2023-09-03,7,8.0,0.0,0.0,2023,35,29.4,18.5,86.86,78.57,59.2,2.79,42.5,22.49
二化螟,SSB,雄州钱仓二化螟_1_1_诱虫量,雄州钱仓二化螟,江苏省南京市六合区,2023-09-10,7,7.0,0.0,0.0,2023,36,31.0,21.7,88.0,73.71,2.5,2.83,74.88,29.19
二化螟,SSB,雄州钱仓二化螟_1_1_诱虫量,雄州钱仓二化螟,江苏省南京市六合区,2023-09-17,7,9.0,0.0,0.0,2023,37,31.4,20.4,87.43,82.14,74.6,2.74,29.78,17.15
二化螟,SSB,雄州钱仓二化螟_1_1_诱虫量,雄州钱仓二化螟,江苏省南京市六合区,2023-09-24,7,0.0,0.0,0.0,2023,38,32.0,18.8,88.57,77.57,41.3,2.51,30.18,16.82
二化螟,SSB,雄州钱仓二化螟_1_1_诱虫量,雄州钱仓二化螟,江苏省南京市六合区,2023-10-01,7,0.0,0.0,0.0,2023,39,28.2,19.1,89.57,82.43,13.3,2.19,45.28,17.44
二化螟,SSB,雄州钱仓二化螟_1_1_诱虫量,雄州钱仓二化螟,江苏省南京市六合区,2023-10-08,7,0.0,0.0,0.0,2023,40,25.5,15.7,80.86,71.71,21.7,3.55,38.52,19.59
二化螟,SSB,雄州钱仓二化螟_1_1_诱虫量,雄州钱仓二化螟,江苏省南京市六合区,2023-10-15,7,0.0,0.0,0.0,2023,41,23.6,13.5,84.86,74.14,0.0,2.05,50.14,17.04
二化螟,SSB,雄州钱仓二化螟_1_1_诱虫量,雄州钱仓二化螟,江苏省南京市六合区,2023-10-22,7,0.0,0.0,0.0,2023,42,26.1,9.6,84.43,62.0,4.0,2.46,71.43,22.45
二化螟,SSB,雄州钱仓二化螟_1_1_诱虫量,雄州钱仓二化螟,江苏省南京市六合区,2023-10-29,7,0.0,0.0,0.0,2023,43,25.6,9.6,85.14,64.29,0.0,1.94,60.15,18.61
二化螟,SSB,雄州钱仓二化螟_1_1_诱虫量,雄州钱仓二化螟,江苏省南京市六合区,2023-11-05,5,0.0,0.0,0.0,2023,44,27.6,12.9,83.57,69.14,0.8,2.48,60.23,19.36
二化螟,SSB,雄州钱仓二化螟_1_1_诱虫量,雄州钱仓二化螟,江苏省南京市六合区,2023-11-12,7,0.0,0.0,0.0,2023,45,,,,,,,,
二化螟,SSB,雄州钱仓二化螟_1_1_诱虫量,雄州钱仓二化螟,江苏省南京市六合区,2023-11-19,7,0.0,0.0,0.0,2023,46,,,,,,,,
二化螟,SSB,雄州钱仓二化螟_1_1_诱虫量,雄州钱仓二化螟,江苏省南京市六合区,2023-11-26,7,0.0,0.0,0.0,2023,47,,,,,,,,
二化螟,SSB,雄州钱仓二化螟_1_1_诱虫量,雄州钱仓二化螟,江苏省南京市六合区,2023-12-03,7,0.0,0.0,0.0,2023,48,,,,,,,,
二化螟,SSB,雄州钱仓二化螟_1_1_诱虫量,雄州钱仓二化螟,江苏省南京市六合区,2023-12-10,7,0.0,0.0,0.0,2023,49,,,,,,,,
二化螟,SSB,雄州钱仓二化螟_1_1_诱虫量,雄州钱仓二化螟,江苏省南京市六合区,2023-12-17,7,0.0,0.0,0.0,2023,50,,,,,,,,
二化螟,SSB,雄州钱仓二化螟_1_1_诱虫量,雄州钱仓二化螟,江苏省南京市六合区,2023-12-24,7,0.0,0.0,0.0,2023,51,,,,,,,,
二化螟,SSB,雄州钱仓二化螟_1_1_诱虫量,雄州钱仓二化螟,江苏省南京市六合区,2023-12-31,7,0.0,0.0,0.0,2023,52,,,,,,,,
二化螟,SSB,雄州钱仓二化螟_1_1_诱虫量,雄州钱仓二化螟,江苏省南京市六合区,2024-01-07,7,0.0,0.0,0.0,2024,1,,,,,,,,
二化螟,SSB,雄州钱仓二化螟_1_1_诱虫量,雄州钱仓二化螟,江苏省南京市六合区,2024-01-14,7,0.0,0.0,0.0,2024,2,,,,,,,,
二化螟,SSB,雄州钱仓二化螟_1_1_诱虫量,雄州钱仓二化螟,江苏省南京市六合区,2024-01-21,7,0.0,0.0,0.0,2024,3,,,,,,,,
二化螟,SSB,雄州钱仓二化螟_1_1_诱虫量,雄州钱仓二化螟,江苏省南京市六合区,2024-01-28,7,0.0,0.0,0.0,2024,4,,,,,,,,
二化螟,SSB,雄州钱仓二化螟_1_1_诱虫量,雄州钱仓二化螟,江苏省南京市六合区,2024-02-04,7,0.0,0.0,0.0,2024,5,,,,,,,,
二化螟,SSB,雄州钱仓二化螟_1_1_诱虫量,雄州钱仓二化螟,江苏省南京市六合区,2024-02-11,7,0.0,0.0,0.0,2024,6,,,,,,,,
二化螟,SSB,雄州钱仓二化螟_1_1_诱虫量,雄州钱仓二化螟,江苏省南京市六合区,2024-02-18,7,0.0,0.0,0.0,2024,7,,,,,,,,
二化螟,SSB,雄州钱仓二化螟_1_1_诱虫量,雄州钱仓二化螟,江苏省南京市六合区,2024-02-25,7,0.0,0.0,0.0,2024,8,,,,,,,,
二化螟,SSB,雄州钱仓二化螟_1_1_诱虫量,雄州钱仓二化螟,江苏省南京市六合区,2024-03-03,7,0.0,0.0,0.0,2024,9,,,,,,,,
二化螟,SSB,雄州钱仓二化螟_1_1_诱虫量,雄州钱仓二化螟,江苏省南京市六合区,2024-03-10,7,3.0,0.0,0.0,2024,10,,,,,,,,
二化螟,SSB,雄州钱仓二化螟_1_1_诱虫量,雄州钱仓二化螟,江苏省南京市六合区,2024-03-17,7,0.0,0.0,0.0,2024,11,,,,,,,,
二化螟,SSB,雄州钱仓二化螟_1_1_诱虫量,雄州钱仓二化螟,江苏省南京市六合区,2024-03-24,7,1.0,0.0,0.0,2024,12,,,,,,,,
二化螟,SSB,雄州钱仓二化螟_1_1_诱虫量,雄州钱仓二化螟,江苏省南京市六合区,2024-03-31,7,0.0,0.0,0.0,2024,13,,,,,,,,
二化螟,SSB,雄州钱仓二化螟_1_1_诱虫量,雄州钱仓二化螟,江苏省南京市六合区,2024-04-07,7,4.0,0.0,0.0,2024,14,,,,,,,,
二化螟,SSB,雄州钱仓二化螟_1_1_诱虫量,雄州钱仓二化螟,江苏省南京市六合区,2024-04-14,7,9.0,0.0,0.0,2024,15,,,,,,,,
二化螟,SSB,雄州钱仓二化螟_1_1_诱虫量,雄州钱仓二化螟,江苏省南京市六合区,2024-04-21,7,16.0,0.0,0.0,2024,16,,,,,,,,
二化螟,SSB,雄州钱仓二化螟_1_1_诱虫量,雄州钱仓二化螟,江苏省南京市六合区,2024-04-28,7,24.0,0.0,0.0,2024,17,,,,,,,,
二化螟,SSB,雄州钱仓二化螟_1_1_诱虫量,雄州钱仓二化螟,江苏省南京市六合区,2024-05-05,7,34.0,0.0,0.0,2024,18,,,,,,,,
二化螟,SSB,雄州钱仓二化螟_1_1_诱虫量,雄州钱仓二化螟,江苏省南京市六合区,2024-05-12,7,83.0,0.0,0.0,2024,19,,,,,,,,
二化螟,SSB,雄州钱仓二化螟_1_1_诱虫量,雄州钱仓二化螟,江苏省南京市六合区,2024-05-19,7,463.0,0.0,0.0,2024,20,,,,,,,,
二化螟,SSB,雄州钱仓二化螟_1_1_诱虫量,雄州钱仓二化螟,江苏省南京市六合区,2024-05-26,7,174.0,0.0,0.0,2024,21,,,,,,,,
二化螟,SSB,雄州钱仓二化螟_1_1_诱虫量,雄州钱仓二化螟,江苏省南京市六合区,2024-06-02,7,81.0,0.0,0.0,2024,22,26.9,14.2,77.71,68.43,42.5,2.69,50.74,25.99
二化螟,SSB,雄州钱仓二化螟_1_1_诱虫量,雄州钱仓二化螟,江苏省南京市六合区,2024-06-09,7,8.0,0.0,0.0,2024,23,30.9,17.1,76.86,61.71,5.2,2.43,62.66,30.94
二化螟,SSB,雄州钱仓二化螟_1_1_诱虫量,雄州钱仓二化螟,江苏省南京市六合区,2024-06-16,7,9.0,0.0,0.0,2024,24,34.2,20.7,79.71,58.71,0.7,2.43,71.14,35.09
二化螟,SSB,雄州钱仓二化螟_1_1_诱虫量,雄州钱仓二化螟,江苏省南京市六合区,2024-06-23,7,6.0,0.0,0.0,2024,25,32.3,21.3,85.0,69.86,96.1,3.32,46.58,27.17
二化螟,SSB,雄州钱仓二化螟_1_1_诱虫量,雄州钱仓二化螟,江苏省南京市六合区,2024-06-30,7,2.0,0.0,0.0,2024,26,30.9,20.7,88.71,85.57,179.0,2.73,26.58,17.62
二化螟,SSB,雄州钱仓二化螟_1_1_诱虫量,雄州钱仓二化螟,江苏省南京市六合区,2024-07-07,7,3.0,0.0,0.0,2024,27,34.9,22.6,81.14,78.57,41.8,4.14,62.65,32.6
二化螟,SSB,雄州钱仓二化螟_1_1_诱虫量,雄州钱仓二化螟,江苏省南京市六合区,2024-07-14,7,5.0,0.0,0.0,2024,28,35.0,21.4,88.57,86.0,168.8,2.44,20.72,18.18
二化螟,SSB,雄州钱仓二化螟_1_1_诱虫量,雄州钱仓二化螟,江苏省南京市六合区,2024-07-21,7,3.0,0.0,0.0,2024,29,35.2,24.3,81.86,78.57,22.4,3.39,35.37,25.73
二化螟,SSB,雄州钱仓二化螟_1_1_诱虫量,雄州钱仓二化螟,江苏省南京市六合区,2024-07-28,7,6.0,0.0,0.0,2024,30,36.7,27.0,80.57,71.86,6.1,4.7,71.71,37.84
二化螟,SSB,雄州钱仓二化螟_1_1_诱虫量,雄州钱仓二化螟,江苏省南京市六合区,2024-08-04,7,9.0,0.0,0.0,2024,31,37.5,27.6,76.0,71.57,9.5,2.75,86.5,40.56
二化螟,SSB,雄州钱仓二化螟_1_1_诱虫量,雄州钱仓二化螟,江苏省南京市六合区,2024-08-11,7,2.0,0.0,0.0,2024,32,37.8,27.1,76.86,66.71,62.0,1.88,83.96,39.02
二化螟,SSB,雄州钱仓二化螟_1_1_诱虫量,雄州钱仓二化螟,江苏省南京市六合区,2024-08-18,7,3.0,0.0,0.0,2024,33,36.3,24.9,84.43,67.71,34.3,2.42,75.24,33.56
二化螟,SSB,雄州钱仓二化螟_1_1_诱虫量,雄州钱仓二化螟,江苏省南京市六合区,2024-08-25,7,4.0,0.0,0.0,2024,34,34.7,25.4,84.71,77.86,50.4,1.93,64.42,27.34
二化螟,SSB,雄州钱仓二化螟_1_1_诱虫量,雄州钱仓二化螟,江苏省南京市六合区,2024-09-01,7,10.0,0.0,0.0,2024,35,35.2,24.1,83.43,71.71,6.3,2.35,74.77,30.13
二化螟,SSB,雄州钱仓二化螟_1_1_诱虫量,雄州钱仓二化螟,江苏省南京市六合区,2024-09-08,7,19.0,0.0,0.0,2024,36,33.8,24.2,79.29,68.43,2.9,3.23,78.8,33.31
二化螟,SSB,雄州钱仓二化螟_1_1_诱虫量,雄州钱仓二化螟,江苏省南京市六合区,2024-09-15,7,16.0,0.0,0.0,2024,37,33.8,23.6,88.14,80.14,83.0,3.4,57.66,23.89
二化螟,SSB,雄州钱仓二化螟_1_1_诱虫量,雄州钱仓二化螟,江苏省南京市六合区,2024-09-22,7,27.0,0.0,0.0,2024,38,31.6,17.4,81.14,76.86,124.9,5.49,54.64,24.01
二化螟,SSB,雄州钱仓二化螟_1_1_诱虫量,雄州钱仓二化螟,江苏省南京市六合区,2024-09-29,7,1.0,,,2024,39,29.1,15.8,86.14,76.0,15.1,2.67,66.18,23.31
二化螟,SSB,雄州钱仓二化螟_1_1_诱虫量,雄州钱仓二化螟,江苏省南京市六合区,2024-10-06,7,0.0,0.0,0.0,2024,40,28.6,11.9,79.0,72.14,17.2,3.38,48.16,18.62
二化螟,SSB,雄州钱仓二化螟_1_1_诱虫量,雄州钱仓二化螟,江苏省南京市六合区,2024-10-13,7,4.0,0.0,0.0,2024,41,25.2,13.1,85.0,74.71,16.7,2.16,49.5,16.94
二化螟,SSB,雄州钱仓二化螟_1_1_诱虫量,雄州钱仓二化螟,江苏省南京市六合区,2024-10-20,7,0.0,0.0,0.0,2024,42,27.2,11.2,86.57,77.0,49.2,3.66,31.77,14.95
二化螟,SSB,雄州钱仓二化螟_1_1_诱虫量,雄州钱仓二化螟,江苏省南京市六合区,2024-10-27,7,0.0,0.0,0.0,2024,43,22.3,8.6,88.29,80.43,20.0,3.16,35.15,12.25
二化螟,SSB,雄州钱仓二化螟_1_1_诱虫量,雄州钱仓二化螟,江苏省南京市六合区,2024-11-03,7,0.0,0.0,0.0,2024,44,22.0,9.3,87.57,74.57,6.8,2.95,55.84,15.81
二化螟,SSB,雄州钱仓二化螟_1_1_诱虫量,雄州钱仓二化螟,江苏省南京市六合区,2024-11-10,7,0.0,0.0,0.0,2024,45,,,,,,,,
二化螟,SSB,雄州钱仓二化螟_1_1_诱虫量,雄州钱仓二化螟,江苏省南京市六合区,2024-11-17,7,0.0,0.0,0.0,2024,46,,,,,,,,
二化螟,SSB,雄州钱仓二化螟_1_1_诱虫量,雄州钱仓二化螟,江苏省南京市六合区,2024-11-24,7,0.0,0.0,0.0,2024,47,,,,,,,,
二化螟,SSB,雄州钱仓二化螟_1_1_诱虫量,雄州钱仓二化螟,江苏省南京市六合区,2024-12-01,7,0.0,0.0,0.0,2024,48,,,,,,,,
二化螟,SSB,雄州钱仓二化螟_1_1_诱虫量,雄州钱仓二化螟,江苏省南京市六合区,2024-12-08,7,0.0,0.0,0.0,2024,49,,,,,,,,
二化螟,SSB,雄州钱仓二化螟_1_1_诱虫量,雄州钱仓二化螟,江苏省南京市六合区,2024-12-15,7,0.0,0.0,0.0,2024,50,,,,,,,,
二化螟,SSB,雄州钱仓二化螟_1_1_诱虫量,雄州钱仓二化螟,江苏省南京市六合区,2024-12-22,7,0.0,0.0,0.0,2024,51,,,,,,,,
二化螟,SSB,雄州钱仓二化螟_1_1_诱虫量,雄州钱仓二化螟,江苏省南京市六合区,2024-12-29,3,0.0,,,2024,52,,,,,,,,
二化螟,SSB,马鞍街道二化螟新_1_5_诱虫量,马鞍街道二化螟新,江苏省南京市六合区,2023-01-01,7,0.0,5.961428571428572,70.46857142857142,2022,52,,,,,,,,
二化螟,SSB,马鞍街道二化螟新_1_5_诱虫量,马鞍街道二化螟新,江苏省南京市六合区,2023-01-08,7,0.0,7.857142857142857,83.08571428571429,2023,1,,,,,,,,
二化螟,SSB,马鞍街道二化螟新_1_5_诱虫量,马鞍街道二化螟新,江苏省南京市六合区,2023-01-15,7,0.0,2.2142857142857144,70.16285714285713,2023,2,,,,,,,,
二化螟,SSB,马鞍街道二化螟新_1_5_诱虫量,马鞍街道二化螟新,江苏省南京市六合区,2023-01-22,7,0.0,-0.10428571428571429,66.74857142857142,2023,3,,,,,,,,
二化螟,SSB,马鞍街道二化螟新_1_5_诱虫量,马鞍街道二化螟新,江苏省南京市六合区,2023-01-29,7,0.0,5.130000000000001,62.74428571428571,2023,4,,,,,,,,
二化螟,SSB,马鞍街道二化螟新_1_5_诱虫量,马鞍街道二化螟新,江苏省南京市六合区,2023-02-05,7,0.0,6.238571428571428,92.83,2023,5,,,,,,,,
二化螟,SSB,马鞍街道二化螟新_1_5_诱虫量,马鞍街道二化螟新,江苏省南京市六合区,2023-02-12,7,0.0,5.894285714285714,78.38,2023,6,,,,,,,,
二化螟,SSB,马鞍街道二化螟新_1_5_诱虫量,马鞍街道二化螟新,江苏省南京市六合区,2023-02-19,7,2.0,4.314285714285714,74.04142857142857,2023,7,,,,,,,,
二化螟,SSB,马鞍街道二化螟新_1_5_诱虫量,马鞍街道二化螟新,江苏省南京市六合区,2023-02-26,7,0.0,10.814285714285715,55.57857142857143,2023,8,,,,,,,,
二化螟,SSB,马鞍街道二化螟新_1_5_诱虫量,马鞍街道二化螟新,江苏省南京市六合区,2023-03-05,7,0.0,17.655714285714286,57.660000000000004,2023,9,,,,,,,,
二化螟,SSB,马鞍街道二化螟新_1_5_诱虫量,马鞍街道二化螟新,江苏省南京市六合区,2023-03-12,7,0.0,10.607142857142858,61.645714285714284,2023,10,,,,,,,,
二化螟,SSB,马鞍街道二化螟新_1_5_诱虫量,马鞍街道二化螟新,江苏省南京市六合区,2023-03-19,7,2.0,10.434285714285712,79.47,2023,11,,,,,,,,
二化螟,SSB,马鞍街道二化螟新_1_5_诱虫量,马鞍街道二化螟新,江苏省南京市六合区,2023-03-26,6,3.0,14.548333333333332,64.05499999999999,2023,12,,,,,,,,
二化螟,SSB,马鞍街道二化螟新_1_5_诱虫量,马鞍街道二化螟新,江苏省南京市六合区,2023-04-02,7,1.0,12.844285714285714,77.14714285714285,2023,13,,,,,,,,
二化螟,SSB,马鞍街道二化螟新_1_5_诱虫量,马鞍街道二化螟新,江苏省南京市六合区,2023-04-09,7,2.0,19.52857142857143,57.470000000000006,2023,14,,,,,,,,
二化螟,SSB,马鞍街道二化螟新_1_5_诱虫量,马鞍街道二化螟新,江苏省南京市六合区,2023-04-16,7,20.0,19.495714285714286,70.36285714285715,2023,15,,,,,,,,
二化螟,SSB,马鞍街道二化螟新_1_5_诱虫量,马鞍街道二化螟新,江苏省南京市六合区,2023-04-23,7,5.0,16.21,70.99,2023,16,,,,,,,,
二化螟,SSB,马鞍街道二化螟新_1_5_诱虫量,马鞍街道二化螟新,江苏省南京市六合区,2023-04-30,7,53.0,20.81714285714286,74.61857142857143,2023,17,,,,,,,,
二化螟,SSB,马鞍街道二化螟新_1_5_诱虫量,马鞍街道二化螟新,江苏省南京市六合区,2023-05-07,7,17.0,19.24285714285714,65.77142857142857,2023,18,,,,,,,,
二化螟,SSB,马鞍街道二化螟新_1_5_诱虫量,马鞍街道二化螟新,江苏省南京市六合区,2023-05-14,7,226.0,24.162857142857145,67.20714285714286,2023,19,,,,,,,,
二化螟,SSB,马鞍街道二化螟新_1_5_诱虫量,马鞍街道二化螟新,江苏省南京市六合区,2023-05-21,7,370.0,22.38714285714286,70.74714285714286,2023,20,,,,,,,,
二化螟,SSB,马鞍街道二化螟新_1_5_诱虫量,马鞍街道二化螟新,江苏省南京市六合区,2023-05-28,7,507.0,24.928571428571427,75.49000000000001,2023,21,,,,,,,,
二化螟,SSB,马鞍街道二化螟新_1_5_诱虫量,马鞍街道二化螟新,江苏省南京市六合区,2023-06-04,7,68.0,24.504285714285714,75.53571428571429,2023,22,32.3,20.1,84.14,74.14,29.6,2.38,48.59,25.72
二化螟,SSB,马鞍街道二化螟新_1_5_诱虫量,马鞍街道二化螟新,江苏省南京市六合区,2023-06-11,7,25.0,26.82,65.52714285714286,2023,23,34.2,16.0,80.43,75.0,31.1,2.66,59.78,28.9
二化螟,SSB,马鞍街道二化螟新_1_5_诱虫量,马鞍街道二化螟新,江苏省南京市六合区,2023-06-18,7,5.0,25.722857142857144,84.21571428571428,2023,24,32.4,19.2,80.14,65.0,8.5,2.69,57.13,31.06
二化螟,SSB,马鞍街道二化螟新_1_5_诱虫量,马鞍街道二化螟新,江苏省南京市六合区,2023-06-25,7,3.0,28.608571428571427,80.53571428571429,2023,25,31.4,20.5,87.57,74.57,82.3,2.55,29.04,21.42
二化螟,SSB,马鞍街道二化螟新_1_5_诱虫量,马鞍街道二化螟新,江苏省南京市六合区,2023-07-02,7,2.0,29.428571428571427,83.07571428571428,2023,26,32.8,21.5,86.29,78.86,64.0,2.94,49.98,24.98
二化螟,SSB,马鞍街道二化螟新_1_5_诱虫量,马鞍街道二化螟新,江苏省南京市六合区,2023-07-09,7,0.0,30.12142857142857,81.27,2023,27,32.9,23.9,87.86,82.29,123.1,3.4,45.76,24.46
二化螟,SSB,马鞍街道二化螟新_1_5_诱虫量,马鞍街道二化螟新,江苏省南京市六合区,2023-07-16,7,5.0,27.132857142857144,89.35428571428572,2023,28,34.9,24.6,84.57,77.0,27.6,3.38,49.19,28.48
二化螟,SSB,马鞍街道二化螟新_1_5_诱虫量,马鞍街道二化螟新,江苏省南京市六合区,2023-07-23,7,0.0,29.00142857142857,85.14142857142858,2023,29,31.5,23.5,89.43,84.71,117.0,2.29,34.08,19.55
二化螟,SSB,马鞍街道二化螟新_1_5_诱虫量,马鞍街道二化螟新,江苏省南京市六合区,2023-07-30,7,0.0,30.274285714285718,81.69285714285715,2023,30,33.2,25.1,86.86,80.86,44.3,3.98,65.75,29.7
二化螟,SSB,马鞍街道二化螟新_1_5_诱虫量,马鞍街道二化螟新,江苏省南京市六合区,2023-08-06,7,2.0,29.150000000000002,82.68142857142857,2023,31,34.0,25.0,86.43,76.43,17.1,3.1,81.36,32.83
二化螟,SSB,马鞍街道二化螟新_1_5_诱虫量,马鞍街道二化螟新,江苏省南京市六合区,2023-08-13,7,4.0,29.069999999999997,82.135,2023,32,35.1,24.0,83.71,75.14,10.3,2.08,79.69,33.11
二化螟,SSB,马鞍街道二化螟新_1_5_诱虫量,马鞍街道二化螟新,江苏省南京市六合区,2023-08-20,7,4.0,28.349999999999998,78.63285714285713,2023,33,33.7,23.9,86.57,81.29,26.5,2.19,77.01,29.64
二化螟,SSB,马鞍街道二化螟新_1_5_诱虫量,马鞍街道二化螟新,江苏省南京市六合区,2023-08-27,7,1.0,24.504285714285714,83.57714285714285,2023,34,32.0,22.4,82.71,72.0,27.1,2.8,70.93,31.5
二化螟,SSB,马鞍街道二化螟新_1_5_诱虫量,马鞍街道二化螟新,江苏省南京市六合区,2023-09-03,7,6.0,26.49857142857143,81.91857142857144,2023,35,29.4,18.5,86.86,78.57,59.2,2.79,42.5,22.49
二化螟,SSB,马鞍街道二化螟新_1_5_诱虫量,马鞍街道二化螟新,江苏省南京市六合区,2023-09-10,7,5.0,23.715714285714284,90.10714285714286,2023,36,31.0,21.7,88.0,73.71,2.5,2.83,74.88,29.19
二化螟,SSB,马鞍街道二化螟新_1_5_诱虫量,马鞍街道二化螟新,江苏省南京市六合区,2023-09-17,7,6.0,23.85571428571429,86.73571428571428,2023,37,31.4,20.4,87.43,82.14,74.6,2.74,29.78,17.15
二化螟,SSB,马鞍街道二化螟新_1_5_诱虫量,马鞍街道二化螟新,江苏省南京市六合区,2023-09-24,7,2.0,22.617142857142856,89.48714285714286,2023,38,32.0,18.8,88.57,77.57,41.3,2.51,30.18,16.82
二化螟,SSB,马鞍街道二化螟新_1_5_诱虫量,马鞍街道二化螟新,江苏省南京市六合区,2023-10-01,7,0.0,19.194285714285716,81.76857142857143,2023,39,28.2,19.1,89.57,82.43,13.3,2.19,45.28,17.44
二化螟,SSB,马鞍街道二化螟新_1_5_诱虫量,马鞍街道二化螟新,江苏省南京市六合区,2023-10-08,7,0.0,18.631428571428568,79.88571428571429,2023,40,25.5,15.7,80.86,71.71,21.7,3.55,38.52,19.59
二化螟,SSB,马鞍街道二化螟新_1_5_诱虫量,马鞍街道二化螟新,江苏省南京市六合区,2023-10-15,7,0.0,17.904285714285713,72.96142857142857,2023,41,23.6,13.5,84.86,74.14,0.0,2.05,50.14,17.04
二化螟,SSB,马鞍街道二化螟新_1_5_诱虫量,马鞍街道二化螟新,江苏省南京市六合区,2023-10-22,7,0.0,18.174285714285713,75.93857142857144,2023,42,26.1,9.6,84.43,62.0,4.0,2.46,71.43,22.45
二化螟,SSB,马鞍街道二化螟新_1_5_诱虫量,马鞍街道二化螟新,江苏省南京市六合区,2023-10-29,7,0.0,20.98428571428571,71.93142857142857,2023,43,25.6,9.6,85.14,64.29,0.0,1.94,60.15,18.61
二化螟,SSB,马鞍街道二化螟新_1_5_诱虫量,马鞍街道二化螟新,江苏省南京市六合区,2023-11-05,5,0.0,10.9625,87.3925,2023,44,27.6,12.9,83.57,69.14,0.8,2.48,60.23,19.36
二化螟,SSB,马鞍街道二化螟新_1_5_诱虫量,马鞍街道二化螟新,江苏省南京市六合区,2023-11-12,7,0.0,8.072857142857142,66.73857142857143,2023,45,,,,,,,,
二化螟,SSB,马鞍街道二化螟新_1_5_诱虫量,马鞍街道二化螟新,江苏省南京市六合区,2023-11-19,7,0.0,10.620000000000001,67.15714285714286,2023,46,,,,,,,,
二化螟,SSB,马鞍街道二化螟新_1_5_诱虫量,马鞍街道二化螟新,江苏省南京市六合区,2023-11-26,7,0.0,6.577142857142857,67.33714285714287,2023,47,,,,,,,,
二化螟,SSB,马鞍街道二化螟新_1_5_诱虫量,马鞍街道二化螟新,江苏省南京市六合区,2023-12-03,7,0.0,11.647142857142857,61.05142857142857,2023,48,,,,,,,,
二化螟,SSB,马鞍街道二化螟新_1_5_诱虫量,马鞍街道二化螟新,江苏省南京市六合区,2023-12-10,7,0.0,3.6042857142857145,85.41571428571429,2023,49,,,,,,,,
二化螟,SSB,马鞍街道二化螟新_1_5_诱虫量,马鞍街道二化螟新,江苏省南京市六合区,2023-12-17,7,0.0,-2.462857142857143,70.89428571428572,2023,50,,,,,,,,
二化螟,SSB,马鞍街道二化螟新_1_5_诱虫量,马鞍街道二化螟新,江苏省南京市六合区,2023-12-24,7,0.0,4.4871428571428575,80.17714285714285,2023,51,,,,,,,,
二化螟,SSB,马鞍街道二化螟新_1_5_诱虫量,马鞍街道二化螟新,江苏省南京市六合区,2023-12-31,7,0.0,3.6128571428571425,84.59857142857143,2023,52,,,,,,,,
二化螟,SSB,马鞍街道二化螟新_1_5_诱虫量,马鞍街道二化螟新,江苏省南京市六合区,2024-01-07,7,0.0,5.572857142857143,75.64285714285714,2024,1,,,,,,,,
二化螟,SSB,马鞍街道二化螟新_1_5_诱虫量,马鞍街道二化螟新,江苏省南京市六合区,2024-01-14,7,0.0,3.857142857142857,87.95,2024,2,,,,,,,,
二化螟,SSB,马鞍街道二化螟新_1_5_诱虫量,马鞍街道二化螟新,江苏省南京市六合区,2024-01-21,7,0.0,-0.9400000000000001,70.56571428571428,2024,3,,,,,,,,
二化螟,SSB,马鞍街道二化螟新_1_5_诱虫量,马鞍街道二化螟新,江苏省南京市六合区,2024-01-28,7,0.0,3.5585714285714283,87.72,2024,4,,,,,,,,
二化螟,SSB,马鞍街道二化螟新_1_5_诱虫量,马鞍街道二化螟新,江苏省南京市六合区,2024-02-04,7,0.0,2.31,83.11571428571428,2024,5,,,,,,,,
二化螟,SSB,马鞍街道二化螟新_1_5_诱虫量,马鞍街道二化螟新,江苏省南京市六合区,2024-02-11,7,0.0,10.73857142857143,67.77,2024,6,,,,,,,,
二化螟,SSB,马鞍街道二化螟新_1_5_诱虫量,马鞍街道二化螟新,江苏省南京市六合区,2024-02-18,7,0.0,2.1214285714285714,92.53857142857143,2024,7,,,,,,,,
二化螟,SSB,马鞍街道二化螟新_1_5_诱虫量,马鞍街道二化螟新,江苏省南京市六合区,2024-02-25,7,0.0,3.6357142857142857,77.40285714285713,2024,8,,,,,,,,
二化螟,SSB,马鞍街道二化螟新_1_5_诱虫量,马鞍街道二化螟新,江苏省南京市六合区,2024-03-03,7,0.0,7.788571428571429,76.10428571428572,2024,9,,,,,,,,
二化螟,SSB,马鞍街道二化螟新_1_5_诱虫量,马鞍街道二化螟新,江苏省南京市六合区,2024-03-10,7,3.0,12.564285714285715,68.78285714285714,2024,10,,,,,,,,
二化螟,SSB,马鞍街道二化螟新_1_5_诱虫量,马鞍街道二化螟新,江苏省南京市六合区,2024-03-17,7,0.0,12.821428571428571,65.85857142857142,2024,11,,,,,,,,
二化螟,SSB,马鞍街道二化螟新_1_5_诱虫量,马鞍街道二化螟新,江苏省南京市六合区,2024-03-24,7,2.0,14.757142857142856,81.63857142857144,2024,12,,,,,,,,
二化螟,SSB,马鞍街道二化螟新_1_5_诱虫量,马鞍街道二化螟新,江苏省南京市六合区,2024-03-31,7,0.0,15.634285714285713,74.04857142857144,2024,13,,,,,,,,
二化螟,SSB,马鞍街道二化螟新_1_5_诱虫量,马鞍街道二化螟新,江苏省南京市六合区,2024-04-07,7,4.0,17.147142857142857,80.03,2024,14,,,,,,,,
二化螟,SSB,马鞍街道二化螟新_1_5_诱虫量,马鞍街道二化螟新,江苏省南京市六合区,2024-04-14,7,1.0,18.458571428571428,77.50142857142858,2024,15,,,,,,,,
二化螟,SSB,马鞍街道二化螟新_1_5_诱虫量,马鞍街道二化螟新,江苏省南京市六合区,2024-04-21,7,5.0,19.90142857142857,72.95571428571428,2024,16,,,,,,,,
二化螟,SSB,马鞍街道二化螟新_1_5_诱虫量,马鞍街道二化螟新,江苏省南京市六合区,2024-04-28,7,3.0,16.83142857142857,78.75428571428571,2024,17,,,,,,,,
二化螟,SSB,马鞍街道二化螟新_1_5_诱虫量,马鞍街道二化螟新,江苏省南京市六合区,2024-05-05,7,16.0,20.49857142857143,74.61857142857143,2024,18,,,,,,,,
二化螟,SSB,马鞍街道二化螟新_1_5_诱虫量,马鞍街道二化螟新,江苏省南京市六合区,2024-05-12,7,53.0,23.98428571428571,57.287142857142854,2024,19,,,,,,,,
二化螟,SSB,马鞍街道二化螟新_1_5_诱虫量,马鞍街道二化螟新,江苏省南京市六合区,2024-05-19,7,207.0,25.614285714285717,71.44571428571429,2024,20,,,,,,,,
二化螟,SSB,马鞍街道二化螟新_1_5_诱虫量,马鞍街道二化螟新,江苏省南京市六合区,2024-05-26,7,72.0,22.555714285714284,67.49571428571429,2024,21,,,,,,,,
二化螟,SSB,马鞍街道二化螟新_1_5_诱虫量,马鞍街道二化螟新,江苏省南京市六合区,2024-06-02,7,33.0,25.312857142857144,62.771428571428565,2024,22,26.9,14.2,77.71,68.43,42.5,2.69,50.74,25.99
二化螟,SSB,马鞍街道二化螟新_1_5_诱虫量,马鞍街道二化螟新,江苏省南京市六合区,2024-06-09,7,4.0,29.264285714285712,64.98714285714286,2024,23,30.9,17.1,76.86,61.71,5.2,2.43,62.66,30.94
二化螟,SSB,马鞍街道二化螟新_1_5_诱虫量,马鞍街道二化螟新,江苏省南京市六合区,2024-06-16,7,8.0,27.804285714285715,75.55714285714285,2024,24,34.2,20.7,79.71,58.71,0.7,2.43,71.14,35.09
二化螟,SSB,马鞍街道二化螟新_1_5_诱虫量,马鞍街道二化螟新,江苏省南京市六合区,2024-06-23,7,6.0,25.705714285714286,84.28999999999999,2024,25,32.3,21.3,85.0,69.86,96.1,3.32,46.58,27.17
二化螟,SSB,马鞍街道二化螟新_1_5_诱虫量,马鞍街道二化螟新,江苏省南京市六合区,2024-06-30,6,19.0,29.368333333333336,80.65833333333333,2024,26,30.9,20.7,88.71,85.57,179.0,2.73,26.58,17.62
二化螟,SSB,马鞍街道二化螟新_1_5_诱虫量,马鞍街道二化螟新,江苏省南京市六合区,2024-07-07,7,7.0,28.060000000000002,84.17714285714285,2024,27,34.9,22.6,81.14,78.57,41.8,4.14,62.65,32.6
二化螟,SSB,马鞍街道二化螟新_1_5_诱虫量,马鞍街道二化螟新,江苏省南京市六合区,2024-07-14,7,2.0,30.669999999999998,79.66571428571429,2024,28,35.0,21.4,88.57,86.0,168.8,2.44,20.72,18.18
二化螟,SSB,马鞍街道二化螟新_1_5_诱虫量,马鞍街道二化螟新,江苏省南京市六合区,2024-07-21,7,7.0,32.292857142857144,75.56285714285715,2024,29,35.2,24.3,81.86,78.57,22.4,3.39,35.37,25.73
二化螟,SSB,马鞍街道二化螟新_1_5_诱虫量,马鞍街道二化螟新,江苏省南京市六合区,2024-07-28,7,1.0,33.371428571428574,73.30571428571429,2024,30,36.7,27.0,80.57,71.86,6.1,4.7,71.71,37.84
二化螟,SSB,马鞍街道二化螟新_1_5_诱虫量,马鞍街道二化螟新,江苏省南京市六合区,2024-08-04,7,3.0,33.33428571428571,74.05571428571429,2024,31,37.5,27.6,76.0,71.57,9.5,2.75,86.5,40.56
二化螟,SSB,马鞍街道二化螟新_1_5_诱虫量,马鞍街道二化螟新,江苏省南京市六合区,2024-08-11,7,2.0,30.624285714285715,80.27,2024,32,37.8,27.1,76.86,66.71,62.0,1.88,83.96,39.02
二化螟,SSB,马鞍街道二化螟新_1_5_诱虫量,马鞍街道二化螟新,江苏省南京市六合区,2024-08-18,7,10.0,29.722857142857144,84.78571428571429,2024,33,36.3,24.9,84.43,67.71,34.3,2.42,75.24,33.56
二化螟,SSB,马鞍街道二化螟新_1_5_诱虫量,马鞍街道二化螟新,江苏省南京市六合区,2024-08-25,7,17.0,29.96857142857143,82.57571428571428,2024,34,34.7,25.4,84.71,77.86,50.4,1.93,64.42,27.34
二化螟,SSB,马鞍街道二化螟新_1_5_诱虫量,马鞍街道二化螟新,江苏省南京市六合区,2024-09-01,7,20.0,29.024285714285714,83.13857142857144,2024,35,35.2,24.1,83.43,71.71,6.3,2.35,74.77,30.13
二化螟,SSB,马鞍街道二化螟新_1_5_诱虫量,马鞍街道二化螟新,江苏省南京市六合区,2024-09-08,7,7.0,28.428571428571427,88.06142857142858,2024,36,33.8,24.2,79.29,68.43,2.9,3.23,78.8,33.31
二化螟,SSB,马鞍街道二化螟新_1_5_诱虫量,马鞍街道二化螟新,江苏省南京市六合区,2024-09-15,7,2.0,25.54,89.63285714285715,2024,37,33.8,23.6,88.14,80.14,83.0,3.4,57.66,23.89
二化螟,SSB,马鞍街道二化螟新_1_5_诱虫量,马鞍街道二化螟新,江苏省南京市六合区,2024-09-22,7,0.0,22.43857142857143,82.07571428571428,2024,38,31.6,17.4,81.14,76.86,124.9,5.49,54.64,24.01
二化螟,SSB,马鞍街道二化螟新_1_5_诱虫量,马鞍街道二化螟新,江苏省南京市六合区,2024-09-29,7,0.0,19.285714285714285,81.13857142857144,2024,39,29.1,15.8,86.14,76.0,15.1,2.67,66.18,23.31
二化螟,SSB,马鞍街道二化螟新_1_5_诱虫量,马鞍街道二化螟新,江苏省南京市六合区,2024-10-06,7,1.0,17.888571428571428,84.22285714285714,2024,40,28.6,11.9,79.0,72.14,17.2,3.38,48.16,18.62
二化螟,SSB,马鞍街道二化螟新_1_5_诱虫量,马鞍街道二化螟新,江苏省南京市六合区,2024-10-13,7,0.0,19.412857142857145,89.5942857142857,2024,41,25.2,13.1,85.0,74.71,16.7,2.16,49.5,16.94
二化螟,SSB,马鞍街道二化螟新_1_5_诱虫量,马鞍街道二化螟新,江苏省南京市六合区,2024-10-20,7,0.0,14.98857142857143,88.41,2024,42,27.2,11.2,86.57,77.0,49.2,3.66,31.77,14.95
二化螟,SSB,马鞍街道二化螟新_1_5_诱虫量,马鞍街道二化螟新,江苏省南京市六合区,2024-10-27,7,0.0,15.448571428571428,83.71428571428571,2024,43,22.3,8.6,88.29,80.43,20.0,3.16,35.15,12.25
二化螟,SSB,马鞍街道二化螟新_1_5_诱虫量,马鞍街道二化螟新,江苏省南京市六合区,2024-11-03,7,0.0,14.402857142857142,77.02428571428572,2024,44,22.0,9.3,87.57,74.57,6.8,2.95,55.84,15.81
二化螟,SSB,马鞍街道二化螟新_1_5_诱虫量,马鞍街道二化螟新,江苏省南京市六合区,2024-11-10,7,0.0,17.544285714285714,84.88285714285715,2024,45,,,,,,,,
二化螟,SSB,马鞍街道二化螟新_1_5_诱虫量,马鞍街道二化螟新,江苏省南京市六合区,2024-11-17,7,0.0,10.177142857142856,78.52,2024,46,,,,,,,,
二化螟,SSB,马鞍街道二化螟新_1_5_诱虫量,马鞍街道二化螟新,江苏省南京市六合区,2024-11-24,7,0.0,7.9957142857142856,68.27714285714286,2024,47,,,,,,,,
二化螟,SSB,马鞍街道二化螟新_1_5_诱虫量,马鞍街道二化螟新,江苏省南京市六合区,2024-12-01,7,0.0,8.278571428571428,79.65714285714286,2024,48,,,,,,,,
二化螟,SSB,马鞍街道二化螟新_1_5_诱虫量,马鞍街道二化螟新,江苏省南京市六合区,2024-12-08,7,0.0,4.064285714285714,74.45714285714287,2024,49,,,,,,,,
二化螟,SSB,马鞍街道二化螟新_1_5_诱虫量,马鞍街道二化螟新,江苏省南京市六合区,2024-12-15,7,0.0,2.0342857142857143,69.35142857142857,2024,50,,,,,,,,
二化螟,SSB,马鞍街道二化螟新_1_5_诱虫量,马鞍街道二化螟新,江苏省南京市六合区,2024-12-22,7,0.0,3.2414285714285715,66.38000000000001,2024,51,,,,,,,,
二化螟,SSB,马鞍街道二化螟新_1_5_诱虫量,马鞍街道二化螟新,江苏省南京市六合区,2024-12-29,3,0.0,4.38,58.03,2024,52,,,,,,,,
斜纹夜蛾,TCW,江宁槐湖果园测报点_2_42_诱虫量,江宁槐湖果园测报点,江苏省南京市江宁区,2023-01-01,7,0.0,11.65857142857143,59.174285714285716,2022,52,,,,,,,,
斜纹夜蛾,TCW,江宁槐湖果园测报点_2_42_诱虫量,江宁槐湖果园测报点,江苏省南京市江宁区,2023-01-08,7,0.0,13.637142857142857,72.76285714285714,2023,1,,,,,,,,
斜纹夜蛾,TCW,江宁槐湖果园测报点_2_42_诱虫量,江宁槐湖果园测报点,江苏省南京市江宁区,2023-01-15,7,0.0,7.051428571428572,62.098571428571425,2023,2,,,,,,,,
斜纹夜蛾,TCW,江宁槐湖果园测报点_2_42_诱虫量,江宁槐湖果园测报点,江苏省南京市江宁区,2023-01-22,7,0.0,4.454285714285715,60.277142857142856,2023,3,,,,,,,,
斜纹夜蛾,TCW,江宁槐湖果园测报点_2_42_诱虫量,江宁槐湖果园测报点,江苏省南京市江宁区,2023-01-29,7,0.0,9.962857142857143,55.451428571428565,2023,4,,,,,,,,
斜纹夜蛾,TCW,江宁槐湖果园测报点_2_42_诱虫量,江宁槐湖果园测报点,江苏省南京市江宁区,2023-02-05,7,0.0,8.867142857142857,91.29857142857144,2023,5,,,,,,,,
斜纹夜蛾,TCW,江宁槐湖果园测报点_2_42_诱虫量,江宁槐湖果园测报点,江苏省南京市江宁区,2023-02-12,7,0.0,10.581428571428573,69.18142857142857,2023,6,,,,,,,,
斜纹夜蛾,TCW,江宁槐湖果园测报点_2_42_诱虫量,江宁槐湖果园测报点,江苏省南京市江宁区,2023-02-19,7,0.0,8.997142857142856,64.87571428571428,2023,7,,,,,,,,
斜纹夜蛾,TCW,江宁槐湖果园测报点_2_42_诱虫量,江宁槐湖果园测报点,江苏省南京市江宁区,2023-02-26,7,5.0,16.580000000000002,48.68,2023,8,,,,,,,,
斜纹夜蛾,TCW,江宁槐湖果园测报点_2_42_诱虫量,江宁槐湖果园测报点,江苏省南京市江宁区,2023-03-05,7,0.0,22.497142857142855,55.059999999999995,2023,9,,,,,,,,
斜纹夜蛾,TCW,江宁槐湖果园测报点_2_42_诱虫量,江宁槐湖果园测报点,江苏省南京市江宁区,2023-03-12,7,0.0,15.422857142857143,57.77571428571429,2023,10,,,,,,,,
斜纹夜蛾,TCW,江宁槐湖果园测报点_2_42_诱虫量,江宁槐湖果园测报点,江苏省南京市江宁区,2023-03-19,7,12.0,13.767142857142858,77.53999999999999,2023,11,,,,,,,,
斜纹夜蛾,TCW,江宁槐湖果园测报点_2_42_诱虫量,江宁槐湖果园测报点,江苏省南京市江宁区,2023-03-26,7,24.0,19.41,59.41142857142857,2023,12,,,,,,,,
斜纹夜蛾,TCW,江宁槐湖果园测报点_2_42_诱虫量,江宁槐湖果园测报点,江苏省南京市江宁区,2023-04-02,7,11.0,17.244285714285716,71.11714285714285,2023,13,,,,,,,,
斜纹夜蛾,TCW,江宁槐湖果园测报点_2_42_诱虫量,江宁槐湖果园测报点,江苏省南京市江宁区,2023-04-09,7,0.0,24.618571428571425,52.598571428571425,2023,14,,,,,,,,
斜纹夜蛾,TCW,江宁槐湖果园测报点_2_42_诱虫量,江宁槐湖果园测报点,江苏省南京市江宁区,2023-04-16,7,2.0,25.214285714285715,61.371428571428574,2023,15,,,,,,,,
斜纹夜蛾,TCW,江宁槐湖果园测报点_2_42_诱虫量,江宁槐湖果园测报点,江苏省南京市江宁区,2023-04-23,7,4.0,19.90857142857143,66.11142857142856,2023,16,,,,,,,,
斜纹夜蛾,TCW,江宁槐湖果园测报点_2_42_诱虫量,江宁槐湖果园测报点,江苏省南京市江宁区,2023-04-30,7,34.0,24.36285714285714,70.35714285714286,2023,17,,,,,,,,
斜纹夜蛾,TCW,江宁槐湖果园测报点_2_42_诱虫量,江宁槐湖果园测报点,江苏省南京市江宁区,2023-05-07,7,1.0,23.005714285714284,59.620000000000005,2023,18,,,,,,,,
斜纹夜蛾,TCW,江宁槐湖果园测报点_2_42_诱虫量,江宁槐湖果园测报点,江苏省南京市江宁区,2023-05-14,7,0.0,28.13714285714286,64.23428571428572,2023,19,,,,,,,,
斜纹夜蛾,TCW,江宁槐湖果园测报点_2_42_诱虫量,江宁槐湖果园测报点,江苏省南京市江宁区,2023-05-21,7,11.0,24.882857142857144,73.0957142857143,2023,20,,,,,,,,
斜纹夜蛾,TCW,江宁槐湖果园测报点_2_42_诱虫量,江宁槐湖果园测报点,江苏省南京市江宁区,2023-05-28,7,94.0,30.157142857142855,68.74714285714286,2023,21,,,,,,,,
斜纹夜蛾,TCW,江宁槐湖果园测报点_2_42_诱虫量,江宁槐湖果园测报点,江苏省南京市江宁区,2023-06-04,7,88.0,28.912857142857145,70.65714285714286,2023,22,32.3,20.1,84.14,74.14,29.6,2.38,48.59,25.72
斜纹夜蛾,TCW,江宁槐湖果园测报点_2_42_诱虫量,江宁槐湖果园测报点,江苏省南京市江宁区,2023-06-11,7,21.0,29.985714285714288,67.06571428571428,2023,23,34.2,16.0,80.43,75.0,31.1,2.66,59.78,28.9
斜纹夜蛾,TCW,江宁槐湖果园测报点_2_42_诱虫量,江宁槐湖果园测报点,江苏省南京市江宁区,2023-06-18,7,7.0,29.284285714285716,80.65857142857143,2023,24,32.4,19.2,80.14,65.0,8.5,2.69,57.13,31.06
斜纹夜蛾,TCW,江宁槐湖果园测报点_2_42_诱虫量,江宁槐湖果园测报点,江苏省南京市江宁区,2023-06-25,7,1.0,32.04571428571428,76.84142857142857,2023,25,31.4,20.5,87.57,74.57,82.3,2.55,29.04,21.42
斜纹夜蛾,TCW,江宁槐湖果园测报点_2_42_诱虫量,江宁槐湖果园测报点,江苏省南京市江宁区,2023-07-02,7,34.0,32.721428571428575,78.68142857142857,2023,26,32.8,21.5,86.29,78.86,64.0,2.94,49.98,24.98
斜纹夜蛾,TCW,江宁槐湖果园测报点_2_42_诱虫量,江宁槐湖果园测报点,江苏省南京市江宁区,2023-07-09,7,25.0,33.68857142857143,74.88,2023,27,32.9,23.9,87.86,82.29,123.1,3.4,45.76,24.46
斜纹夜蛾,TCW,江宁槐湖果园测报点_2_42_诱虫量,江宁槐湖果园测报点,江苏省南京市江宁区,2023-07-16,7,26.0,31.194285714285716,82.39428571428572,2023,28,34.9,24.6,84.57,77.0,27.6,3.38,49.19,28.48
斜纹夜蛾,TCW,江宁槐湖果园测报点_2_42_诱虫量,江宁槐湖果园测报点,江苏省南京市江宁区,2023-07-23,4,3.0,32.98666666666667,78.03333333333333,2023,29,31.5,23.5,89.43,84.71,117.0,2.29,34.08,19.55
斜纹夜蛾,TCW,江宁槐湖果园测报点_2_42_诱虫量,江宁槐湖果园测报点,江苏省南京市江宁区,2023-08-20,3,125.0,32.43,69.33,2023,33,33.7,23.9,86.57,81.29,26.5,2.19,77.01,29.64
斜纹夜蛾,TCW,江宁槐湖果园测报点_2_42_诱虫量,江宁槐湖果园测报点,江苏省南京市江宁区,2023-08-27,7,37.0,29.172857142857143,73.71857142857142,2023,34,32.0,22.4,82.71,72.0,27.1,2.8,70.93,31.5
斜纹夜蛾,TCW,江宁槐湖果园测报点_2_42_诱虫量,江宁槐湖果园测报点,江苏省南京市江宁区,2023-09-03,7,39.0,31.047142857142855,73.38285714285713,2023,35,29.4,18.5,86.86,78.57,59.2,2.79,42.5,22.49
斜纹夜蛾,TCW,江宁槐湖果园测报点_2_42_诱虫量,江宁槐湖果园测报点,江苏省南京市江宁区,2023-09-10,7,80.0,27.35571428571429,84.60857142857142,2023,36,31.0,21.7,88.0,73.71,2.5,2.83,74.88,29.19
斜纹夜蛾,TCW,江宁槐湖果园测报点_2_42_诱虫量,江宁槐湖果园测报点,江苏省南京市江宁区,2023-09-17,7,50.0,25.604285714285712,86.04857142857144,2023,37,31.4,20.4,87.43,82.14,74.6,2.74,29.78,17.15
斜纹夜蛾,TCW,江宁槐湖果园测报点_2_42_诱虫量,江宁槐湖果园测报点,江苏省南京市江宁区,2023-09-24,7,10.0,27.184285714285714,81.16857142857143,2023,38,32.0,18.8,88.57,77.57,41.3,2.51,30.18,16.82
斜纹夜蛾,TCW,江宁槐湖果园测报点_2_42_诱虫量,江宁槐湖果园测报点,江苏省南京市江宁区,2023-10-01,7,57.0,23.898571428571426,73.13428571428571,2023,39,28.2,19.1,89.57,82.43,13.3,2.19,45.28,17.44
斜纹夜蛾,TCW,江宁槐湖果园测报点_2_42_诱虫量,江宁槐湖果园测报点,江苏省南京市江宁区,2023-10-08,7,108.0,23.095714285714287,73.73714285714286,2023,40,25.5,15.7,80.86,71.71,21.7,3.55,38.52,19.59
斜纹夜蛾,TCW,江宁槐湖果园测报点_2_42_诱虫量,江宁槐湖果园测报点,江苏省南京市江宁区,2023-10-15,7,196.0,23.53857142857143,64.29142857142857,2023,41,23.6,13.5,84.86,74.14,0.0,2.05,50.14,17.04
斜纹夜蛾,TCW,江宁槐湖果园测报点_2_42_诱虫量,江宁槐湖果园测报点,江苏省南京市江宁区,2023-10-22,7,122.0,22.937142857142856,69.97,2023,42,26.1,9.6,84.43,62.0,4.0,2.46,71.43,22.45
斜纹夜蛾,TCW,江宁槐湖果园测报点_2_42_诱虫量,江宁槐湖果园测报点,江苏省南京市江宁区,2023-10-29,7,150.0,24.87142857142857,68.61142857142856,2023,43,25.6,9.6,85.14,64.29,0.0,1.94,60.15,18.61
斜纹夜蛾,TCW,江宁槐湖果园测报点_2_42_诱虫量,江宁槐湖果园测报点,江苏省南京市江宁区,2023-11-05,5,115.0,12.86,85.49666666666667,2023,44,27.6,12.9,83.57,69.14,0.8,2.48,60.23,19.36
斜纹夜蛾,TCW,江宁槐湖果园测报点_2_42_诱虫量,江宁槐湖果园测报点,江苏省南京市江宁区,2023-11-12,7,7.0,13.587142857142856,57.40714285714286,2023,45,,,,,,,,
斜纹夜蛾,TCW,江宁槐湖果园测报点_2_42_诱虫量,江宁槐湖果园测报点,江苏省南京市江宁区,2023-11-19,7,13.0,16.490000000000002,58.95428571428572,2023,46,,,,,,,,
斜纹夜蛾,TCW,江宁槐湖果园测报点_2_42_诱虫量,江宁槐湖果园测报点,江苏省南京市江宁区,2023-11-26,7,2.0,15.308571428571428,51.83714285714286,2023,47,,,,,,,,
斜纹夜蛾,TCW,江宁槐湖果园测报点_2_42_诱虫量,江宁槐湖果园测报点,江苏省南京市江宁区,2023-12-03,7,0.0,18.79714285714286,50.354285714285716,2023,48,,,,,,,,
斜纹夜蛾,TCW,江宁槐湖果园测报点_2_42_诱虫量,江宁槐湖果园测报点,江苏省南京市江宁区,2023-12-10,7,0.0,9.132857142857143,77.18714285714285,2023,49,,,,,,,,
斜纹夜蛾,TCW,江宁槐湖果园测报点_2_42_诱虫量,江宁槐湖果园测报点,江苏省南京市江宁区,2023-12-17,7,2.0,5.658571428571428,53.98428571428571,2023,50,,,,,,,,
斜纹夜蛾,TCW,江宁槐湖果园测报点_2_42_诱虫量,江宁槐湖果园测报点,江苏省南京市江宁区,2023-12-24,7,0.0,13.2975,59.245,2023,51,,,,,,,,
斜纹夜蛾,TCW,江宁槐湖果园测报点_2_42_诱虫量,江宁槐湖果园测报点,江苏省南京市江宁区,2023-12-31,7,0.0,11.141666666666666,64.61,2023,52,,,,,,,,
斜纹夜蛾,TCW,江宁槐湖果园测报点_2_42_诱虫量,江宁槐湖果园测报点,江苏省南京市江宁区,2024-01-07,7,0.0,11.690000000000001,62.41142857142857,2024,1,,,,,,,,
斜纹夜蛾,TCW,江宁槐湖果园测报点_2_42_诱虫量,江宁槐湖果园测报点,江苏省南京市江宁区,2024-01-14,7,0.0,10.42,72.99333333333334,2024,2,,,,,,,,
斜纹夜蛾,TCW,江宁槐湖果园测报点_2_42_诱虫量,江宁槐湖果园测报点,江苏省南京市江宁区,2024-01-21,7,0.0,7.135,44.230000000000004,2024,3,,,,,,,,
斜纹夜蛾,TCW,江宁槐湖果园测报点_2_42_诱虫量,江宁槐湖果园测报点,江苏省南京市江宁区,2024-01-28,7,0.0,,,2024,4,,,,,,,,
斜纹夜蛾,TCW,江宁槐湖果园测报点_2_42_诱虫量,江宁槐湖果园测报点,江苏省南京市江宁区,2024-02-04,7,0.0,,,2024,5,,,,,,,,
斜纹夜蛾,TCW,江宁槐湖果园测报点_2_42_诱虫量,江宁槐湖果园测报点,江苏省南京市江宁区,2024-02-11,7,0.0,,,2024,6,,,,,,,,
斜纹夜蛾,TCW,江宁槐湖果园测报点_2_42_诱虫量,江宁槐湖果园测报点,江苏省南京市江宁区,2024-02-18,7,0.0,,,2024,7,,,,,,,,
斜纹夜蛾,TCW,江宁槐湖果园测报点_2_42_诱虫量,江宁槐湖果园测报点,江苏省南京市江宁区,2024-02-25,7,0.0,,,2024,8,,,,,,,,
斜纹夜蛾,TCW,江宁槐湖果园测报点_2_42_诱虫量,江宁槐湖果园测报点,江苏省南京市江宁区,2024-03-03,7,0.0,,,2024,9,,,,,,,,
斜纹夜蛾,TCW,江宁槐湖果园测报点_2_42_诱虫量,江宁槐湖果园测报点,江苏省南京市江宁区,2024-03-10,7,8.0,15.925999999999998,66.75,2024,10,,,,,,,,
斜纹夜蛾,TCW,江宁槐湖果园测报点_2_42_诱虫量,江宁槐湖果园测报点,江苏省南京市江宁区,2024-03-17,7,1.0,15.981428571428571,65.63571428571429,2024,11,,,,,,,,
斜纹夜蛾,TCW,江宁槐湖果园测报点_2_42_诱虫量,江宁槐湖果园测报点,江苏省南京市江宁区,2024-03-24,7,1.0,17.009999999999998,79.86,2024,12,,,,,,,,
斜纹夜蛾,TCW,江宁槐湖果园测报点_2_42_诱虫量,江宁槐湖果园测报点,江苏省南京市江宁区,2024-03-31,7,2.0,18.928571428571427,73.16142857142857,2024,13,,,,,,,,
斜纹夜蛾,TCW,江宁槐湖果园测报点_2_42_诱虫量,江宁槐湖果园测报点,江苏省南京市江宁区,2024-04-07,7,4.0,20.150000000000002,77.07571428571428,2024,14,,,,,,,,
斜纹夜蛾,TCW,江宁槐湖果园测报点_2_42_诱虫量,江宁槐湖果园测报点,江苏省南京市江宁区,2024-04-14,7,5.0,21.88714285714286,77.01285714285714,2024,15,,,,,,,,
斜纹夜蛾,TCW,江宁槐湖果园测报点_2_42_诱虫量,江宁槐湖果园测报点,江苏省南京市江宁区,2024-04-21,7,16.0,24.09714285714286,68.44142857142857,2024,16,,,,,,,,
斜纹夜蛾,TCW,江宁槐湖果园测报点_2_42_诱虫量,江宁槐湖果园测报点,江苏省南京市江宁区,2024-04-28,7,19.0,19.37142857142857,79.78428571428572,2024,17,,,,,,,,
斜纹夜蛾,TCW,江宁槐湖果园测报点_2_42_诱虫量,江宁槐湖果园测报点,江苏省南京市江宁区,2024-05-05,7,3.0,23.708571428571425,72.97285714285714,2024,18,,,,,,,,
斜纹夜蛾,TCW,江宁槐湖果园测报点_2_42_诱虫量,江宁槐湖果园测报点,江苏省南京市江宁区,2024-05-12,7,2.0,27.225714285714282,58.32571428571429,2024,19,,,,,,,,
斜纹夜蛾,TCW,江宁槐湖果园测报点_2_42_诱虫量,江宁槐湖果园测报点,江苏省南京市江宁区,2024-05-19,7,12.0,28.574285714285715,68.62285714285714,2024,20,,,,,,,,
斜纹夜蛾,TCW,江宁槐湖果园测报点_2_42_诱虫量,江宁槐湖果园测报点,江苏省南京市江宁区,2024-05-26,7,66.0,24.564285714285717,74.22571428571429,2024,21,,,,,,,,
斜纹夜蛾,TCW,江宁槐湖果园测报点_2_42_诱虫量,江宁槐湖果园测报点,江苏省南京市江宁区,2024-06-02,7,68.0,27.194285714285712,68.16428571428571,2024,22,26.9,14.2,77.71,68.43,42.5,2.69,50.74,25.99
斜纹夜蛾,TCW,江宁槐湖果园测报点_2_42_诱虫量,江宁槐湖果园测报点,江苏省南京市江宁区,2024-06-09,7,43.0,32.058571428571426,66.62857142857142,2024,23,30.9,17.1,76.86,61.71,5.2,2.43,62.66,30.94
斜纹夜蛾,TCW,江宁槐湖果园测报点_2_42_诱虫量,江宁槐湖果园测报点,江苏省南京市江宁区,2024-06-16,7,24.0,29.577142857142857,76.86,2024,24,34.2,20.7,79.71,58.71,0.7,2.43,71.14,35.09
斜纹夜蛾,TCW,江宁槐湖果园测报点_2_42_诱虫量,江宁槐湖果园测报点,江苏省南京市江宁区,2024-06-23,7,24.0,26.824285714285715,88.27142857142857,2024,25,32.3,21.3,85.0,69.86,96.1,3.32,46.58,27.17
斜纹夜蛾,TCW,江宁槐湖果园测报点_2_42_诱虫量,江宁槐湖果园测报点,江苏省南京市江宁区,2024-06-30,7,21.0,31.697142857142858,79.9057142857143,2024,26,30.9,20.7,88.71,85.57,179.0,2.73,26.58,17.62
斜纹夜蛾,TCW,江宁槐湖果园测报点_2_42_诱虫量,江宁槐湖果园测报点,江苏省南京市江宁区,2024-07-07,7,60.0,30.212857142857143,84.60285714285715,2024,27,34.9,22.6,81.14,78.57,41.8,4.14,62.65,32.6
斜纹夜蛾,TCW,江宁槐湖果园测报点_2_42_诱虫量,江宁槐湖果园测报点,江苏省南京市江宁区,2024-07-14,7,37.0,33.042857142857144,79.78428571428572,2024,28,35.0,21.4,88.57,86.0,168.8,2.44,20.72,18.18
斜纹夜蛾,TCW,江宁槐湖果园测报点_2_42_诱虫量,江宁槐湖果园测报点,江苏省南京市江宁区,2024-07-21,7,43.0,35.21714285714286,72.48428571428572,2024,29,35.2,24.3,81.86,78.57,22.4,3.39,35.37,25.73
斜纹夜蛾,TCW,江宁槐湖果园测报点_2_42_诱虫量,江宁槐湖果园测报点,江苏省南京市江宁区,2024-07-28,7,52.0,37.42714285714286,66.64714285714285,2024,30,36.7,27.0,80.57,71.86,6.1,4.7,71.71,37.84
斜纹夜蛾,TCW,江宁槐湖果园测报点_2_42_诱虫量,江宁槐湖果园测报点,江苏省南京市江宁区,2024-08-04,7,120.0,38.21999999999999,64.65285714285714,2024,31,37.5,27.6,76.0,71.57,9.5,2.75,86.5,40.56
斜纹夜蛾,TCW,江宁槐湖果园测报点_2_42_诱虫量,江宁槐湖果园测报点,江苏省南京市江宁区,2024-08-11,7,87.0,34.38,71.72,2024,32,37.8,27.1,76.86,66.71,62.0,1.88,83.96,39.02
斜纹夜蛾,TCW,江宁槐湖果园测报点_2_42_诱虫量,江宁槐湖果园测报点,江苏省南京市江宁区,2024-08-18,7,20.0,33.35,78.49142857142859,2024,33,36.3,24.9,84.43,67.71,34.3,2.42,75.24,33.56
斜纹夜蛾,TCW,江宁槐湖果园测报点_2_42_诱虫量,江宁槐湖果园测报点,江苏省南京市江宁区,2024-08-25,7,60.0,33.95857142857143,75.02,2024,34,34.7,25.4,84.71,77.86,50.4,1.93,64.42,27.34
斜纹夜蛾,TCW,江宁槐湖果园测报点_2_42_诱虫量,江宁槐湖果园测报点,江苏省南京市江宁区,2024-09-01,7,70.0,34.26428571428571,71.84285714285714,2024,35,35.2,24.1,83.43,71.71,6.3,2.35,74.77,30.13
斜纹夜蛾,TCW,江宁槐湖果园测报点_2_42_诱虫量,江宁槐湖果园测报点,江苏省南京市江宁区,2024-09-08,7,56.0,32.72571428571429,77.70857142857143,2024,36,33.8,24.2,79.29,68.43,2.9,3.23,78.8,33.31
斜纹夜蛾,TCW,江宁槐湖果园测报点_2_42_诱虫量,江宁槐湖果园测报点,江苏省南京市江宁区,2024-09-15,7,73.0,29.169999999999998,82.99428571428572,2024,37,33.8,23.6,88.14,80.14,83.0,3.4,57.66,23.89
斜纹夜蛾,TCW,江宁槐湖果园测报点_2_42_诱虫量,江宁槐湖果园测报点,江苏省南京市江宁区,2024-09-22,7,40.0,26.815714285714286,74.20285714285714,2024,38,31.6,17.4,81.14,76.86,124.9,5.49,54.64,24.01
斜纹夜蛾,TCW,江宁槐湖果园测报点_2_42_诱虫量,江宁槐湖果园测报点,江苏省南京市江宁区,2024-09-29,7,23.0,22.937142857142856,74.0,2024,39,29.1,15.8,86.14,76.0,15.1,2.67,66.18,23.31
斜纹夜蛾,TCW,江宁槐湖果园测报点_2_42_诱虫量,江宁槐湖果园测报点,江苏省南京市江宁区,2024-10-06,7,12.0,21.584285714285716,79.07714285714285,2024,40,28.6,11.9,79.0,72.14,17.2,3.38,48.16,18.62
斜纹夜蛾,TCW,江宁槐湖果园测报点_2_42_诱虫量,江宁槐湖果园测报点,江苏省南京市江宁区,2024-10-13,7,71.0,22.25857142857143,85.9342857142857,2024,41,25.2,13.1,85.0,74.71,16.7,2.16,49.5,16.94
斜纹夜蛾,TCW,江宁槐湖果园测报点_2_42_诱虫量,江宁槐湖果园测报点,江苏省南京市江宁区,2024-10-20,7,53.0,18.782857142857146,81.42571428571429,2024,42,27.2,11.2,86.57,77.0,49.2,3.66,31.77,14.95
斜纹夜蛾,TCW,江宁槐湖果园测报点_2_42_诱虫量,江宁槐湖果园测报点,江苏省南京市江宁区,2024-10-27,7,47.0,19.47714285714286,78.2057142857143,2024,43,22.3,8.6,88.29,80.43,20.0,3.16,35.15,12.25
斜纹夜蛾,TCW,江宁槐湖果园测报点_2_42_诱虫量,江宁槐湖果园测报点,江苏省南京市江宁区,2024-11-03,7,74.0,18.560000000000002,71.96857142857142,2024,44,22.0,9.3,87.57,74.57,6.8,2.95,55.84,15.81
斜纹夜蛾,TCW,江宁槐湖果园测报点_2_42_诱虫量,江宁槐湖果园测报点,江苏省南京市江宁区,2024-11-10,7,81.0,20.888571428571428,79.36142857142856,2024,45,,,,,,,,
斜纹夜蛾,TCW,江宁槐湖果园测报点_2_42_诱虫量,江宁槐湖果园测报点,江苏省南京市江宁区,2024-11-17,1,5.0,12.51,81.48,2024,46,,,,,,,,
斜纹夜蛾,TCW,雄州街道钱仓村斜纹夜蛾_1_37_诱虫量,雄州街道钱仓村斜纹夜蛾,江苏省南京市六合区,2023-10-15,1,6.0,25.7,51.3,2023,41,23.6,13.5,84.86,74.14,0.0,2.05,50.14,17.04
斜纹夜蛾,TCW,雄州街道钱仓村斜纹夜蛾_1_37_诱虫量,雄州街道钱仓村斜纹夜蛾,江苏省南京市六合区,2023-11-05,2,9.0,9.835,80.56,2023,44,27.6,12.9,83.57,69.14,0.8,2.48,60.23,19.36
斜纹夜蛾,TCW,雄州街道钱仓村斜纹夜蛾_1_37_诱虫量,雄州街道钱仓村斜纹夜蛾,江苏省南京市六合区,2023-11-12,7,0.0,10.224285714285715,61.44857142857143,2023,45,,,,,,,,
斜纹夜蛾,TCW,雄州街道钱仓村斜纹夜蛾_1_37_诱虫量,雄州街道钱仓村斜纹夜蛾,江苏省南京市六合区,2023-11-19,7,47.0,10.545714285714286,69.01571428571428,2023,46,,,,,,,,
斜纹夜蛾,TCW,雄州街道钱仓村斜纹夜蛾_1_37_诱虫量,雄州街道钱仓村斜纹夜蛾,江苏省南京市六合区,2023-11-26,7,4.0,6.892857142857143,67.32714285714286,2023,47,,,,,,,,
斜纹夜蛾,TCW,雄州街道钱仓村斜纹夜蛾_1_37_诱虫量,雄州街道钱仓村斜纹夜蛾,江苏省南京市六合区,2023-12-03,7,31.0,11.161428571428571,64.43285714285715,2023,48,,,,,,,,
斜纹夜蛾,TCW,雄州街道钱仓村斜纹夜蛾_1_37_诱虫量,雄州街道钱仓村斜纹夜蛾,江苏省南京市六合区,2023-12-10,7,0.0,3.957142857142857,85.42428571428572,2023,49,,,,,,,,
斜纹夜蛾,TCW,雄州街道钱仓村斜纹夜蛾_1_37_诱虫量,雄州街道钱仓村斜纹夜蛾,江苏省南京市六合区,2023-12-17,7,0.0,-2.2142857142857144,71.02428571428571,2023,50,,,,,,,,
斜纹夜蛾,TCW,雄州街道钱仓村斜纹夜蛾_1_37_诱虫量,雄州街道钱仓村斜纹夜蛾,江苏省南京市六合区,2023-12-24,7,0.0,4.438571428571429,80.09714285714286,2023,51,,,,,,,,
斜纹夜蛾,TCW,雄州街道钱仓村斜纹夜蛾_1_37_诱虫量,雄州街道钱仓村斜纹夜蛾,江苏省南京市六合区,2023-12-31,7,0.0,3.2971428571428567,84.46000000000001,2023,52,,,,,,,,
斜纹夜蛾,TCW,雄州街道钱仓村斜纹夜蛾_1_37_诱虫量,雄州街道钱仓村斜纹夜蛾,江苏省南京市六合区,2024-01-07,7,0.0,4.525714285714286,76.57285714285715,2024,1,,,,,,,,
斜纹夜蛾,TCW,雄州街道钱仓村斜纹夜蛾_1_37_诱虫量,雄州街道钱仓村斜纹夜蛾,江苏省南京市六合区,2024-01-14,7,0.0,3.8771428571428572,88.49428571428572,2024,2,,,,,,,,
斜纹夜蛾,TCW,雄州街道钱仓村斜纹夜蛾_1_37_诱虫量,雄州街道钱仓村斜纹夜蛾,江苏省南京市六合区,2024-01-21,7,0.0,-0.7242857142857143,68.30714285714285,2024,3,,,,,,,,
斜纹夜蛾,TCW,雄州街道钱仓村斜纹夜蛾_1_37_诱虫量,雄州街道钱仓村斜纹夜蛾,江苏省南京市六合区,2024-01-28,7,0.0,3.564285714285714,87.1842857142857,2024,4,,,,,,,,
斜纹夜蛾,TCW,雄州街道钱仓村斜纹夜蛾_1_37_诱虫量,雄州街道钱仓村斜纹夜蛾,江苏省南京市六合区,2024-02-04,7,0.0,2.0985714285714288,81.26571428571428,2024,5,,,,,,,,
斜纹夜蛾,TCW,雄州街道钱仓村斜纹夜蛾_1_37_诱虫量,雄州街道钱仓村斜纹夜蛾,江苏省南京市六合区,2024-02-11,7,0.0,9.877142857142857,69.83714285714287,2024,6,,,,,,,,
斜纹夜蛾,TCW,雄州街道钱仓村斜纹夜蛾_1_37_诱虫量,雄州街道钱仓村斜纹夜蛾,江苏省南京市六合区,2024-02-18,7,1.0,2.454285714285714,89.11857142857141,2024,7,,,,,,,,
斜纹夜蛾,TCW,雄州街道钱仓村斜纹夜蛾_1_37_诱虫量,雄州街道钱仓村斜纹夜蛾,江苏省南京市六合区,2024-02-25,7,0.0,4.145714285714286,74.07000000000001,2024,8,,,,,,,,
斜纹夜蛾,TCW,雄州街道钱仓村斜纹夜蛾_1_37_诱虫量,雄州街道钱仓村斜纹夜蛾,江苏省南京市六合区,2024-03-03,7,0.0,8.402857142857142,72.72285714285714,2024,9,,,,,,,,
斜纹夜蛾,TCW,雄州街道钱仓村斜纹夜蛾_1_37_诱虫量,雄州街道钱仓村斜纹夜蛾,江苏省南京市六合区,2024-03-10,7,0.0,12.804285714285713,66.46142857142857,2024,10,,,,,,,,
斜纹夜蛾,TCW,雄州街道钱仓村斜纹夜蛾_1_37_诱虫量,雄州街道钱仓村斜纹夜蛾,江苏省南京市六合区,2024-03-17,7,0.0,12.934285714285712,64.64142857142858,2024,11,,,,,,,,
斜纹夜蛾,TCW,雄州街道钱仓村斜纹夜蛾_1_37_诱虫量,雄州街道钱仓村斜纹夜蛾,江苏省南京市六合区,2024-03-24,7,0.0,14.982857142857142,78.37,2024,12,,,,,,,,
斜纹夜蛾,TCW,雄州街道钱仓村斜纹夜蛾_1_37_诱虫量,雄州街道钱仓村斜纹夜蛾,江苏省南京市六合区,2024-03-31,7,2.0,16.068571428571428,71.45857142857143,2024,13,,,,,,,,
斜纹夜蛾,TCW,雄州街道钱仓村斜纹夜蛾_1_37_诱虫量,雄州街道钱仓村斜纹夜蛾,江苏省南京市六合区,2024-04-07,7,19.0,17.90142857142857,76.39428571428572,2024,14,,,,,,,,
斜纹夜蛾,TCW,雄州街道钱仓村斜纹夜蛾_1_37_诱虫量,雄州街道钱仓村斜纹夜蛾,江苏省南京市六合区,2024-04-14,7,110.0,19.407142857142855,73.16142857142857,2024,15,,,,,,,,
斜纹夜蛾,TCW,雄州街道钱仓村斜纹夜蛾_1_37_诱虫量,雄州街道钱仓村斜纹夜蛾,江苏省南京市六合区,2024-04-21,7,139.0,20.994285714285716,69.42,2024,16,,,,,,,,
斜纹夜蛾,TCW,雄州街道钱仓村斜纹夜蛾_1_37_诱虫量,雄州街道钱仓村斜纹夜蛾,江苏省南京市六合区,2024-04-28,7,30.0,17.947142857142858,75.82571428571428,2024,17,,,,,,,,
斜纹夜蛾,TCW,雄州街道钱仓村斜纹夜蛾_1_37_诱虫量,雄州街道钱仓村斜纹夜蛾,江苏省南京市六合区,2024-05-05,7,8.0,21.400000000000002,71.81428571428572,2024,18,,,,,,,,
斜纹夜蛾,TCW,雄州街道钱仓村斜纹夜蛾_1_37_诱虫量,雄州街道钱仓村斜纹夜蛾,江苏省南京市六合区,2024-05-12,7,2.0,26.205714285714286,52.75714285714286,2024,19,,,,,,,,
斜纹夜蛾,TCW,雄州街道钱仓村斜纹夜蛾_1_37_诱虫量,雄州街道钱仓村斜纹夜蛾,江苏省南京市六合区,2024-05-19,7,4.0,27.03,67.23,2024,20,,,,,,,,
斜纹夜蛾,TCW,雄州街道钱仓村斜纹夜蛾_1_37_诱虫量,雄州街道钱仓村斜纹夜蛾,江苏省南京市六合区,2024-05-26,7,34.0,23.12857142857143,68.16571428571429,2024,21,,,,,,,,
斜纹夜蛾,TCW,雄州街道钱仓村斜纹夜蛾_1_37_诱虫量,雄州街道钱仓村斜纹夜蛾,江苏省南京市六合区,2024-06-02,7,110.0,25.607142857142858,64.57571428571428,2024,22,26.9,14.2,77.71,68.43,42.5,2.69,50.74,25.99
斜纹夜蛾,TCW,雄州街道钱仓村斜纹夜蛾_1_37_诱虫量,雄州街道钱仓村斜纹夜蛾,江苏省南京市六合区,2024-06-09,7,150.0,29.704285714285714,65.57285714285715,2024,23,30.9,17.1,76.86,61.71,5.2,2.43,62.66,30.94
斜纹夜蛾,TCW,雄州街道钱仓村斜纹夜蛾_1_37_诱虫量,雄州街道钱仓村斜纹夜蛾,江苏省南京市六合区,2024-06-16,7,60.0,28.217142857142857,75.02285714285713,2024,24,34.2,20.7,79.71,58.71,0.7,2.43,71.14,35.09
斜纹夜蛾,TCW,雄州街道钱仓村斜纹夜蛾_1_37_诱虫量,雄州街道钱仓村斜纹夜蛾,江苏省南京市六合区,2024-06-23,7,14.0,26.02857142857143,83.68571428571428,2024,25,32.3,21.3,85.0,69.86,96.1,3.32,46.58,27.17
斜纹夜蛾,TCW,雄州街道钱仓村斜纹夜蛾_1_37_诱虫量,雄州街道钱仓村斜纹夜蛾,江苏省南京市六合区,2024-06-30,7,43.0,29.785714285714285,79.64571428571428,2024,26,30.9,20.7,88.71,85.57,179.0,2.73,26.58,17.62
斜纹夜蛾,TCW,雄州街道钱仓村斜纹夜蛾_1_37_诱虫量,雄州街道钱仓村斜纹夜蛾,江苏省南京市六合区,2024-07-07,7,181.0,28.072857142857142,85.1857142857143,2024,27,34.9,22.6,81.14,78.57,41.8,4.14,62.65,32.6
斜纹夜蛾,TCW,雄州街道钱仓村斜纹夜蛾_1_37_诱虫量,雄州街道钱仓村斜纹夜蛾,江苏省南京市六合区,2024-07-14,7,124.0,30.31857142857143,81.17142857142858,2024,28,35.0,21.4,88.57,86.0,168.8,2.44,20.72,18.18
斜纹夜蛾,TCW,雄州街道钱仓村斜纹夜蛾_1_37_诱虫量,雄州街道钱仓村斜纹夜蛾,江苏省南京市六合区,2024-07-21,7,154.0,33.832857142857144,70.69571428571429,2024,29,35.2,24.3,81.86,78.57,22.4,3.39,35.37,25.73
斜纹夜蛾,TCW,雄州街道钱仓村斜纹夜蛾_1_37_诱虫量,雄州街道钱仓村斜纹夜蛾,江苏省南京市六合区,2024-07-28,7,219.0,34.33,69.91428571428571,2024,30,36.7,27.0,80.57,71.86,6.1,4.7,71.71,37.84
斜纹夜蛾,TCW,雄州街道钱仓村斜纹夜蛾_1_37_诱虫量,雄州街道钱仓村斜纹夜蛾,江苏省南京市六合区,2024-08-04,7,669.0,34.15714285714286,71.45714285714286,2024,31,37.5,27.6,76.0,71.57,9.5,2.75,86.5,40.56
斜纹夜蛾,TCW,雄州街道钱仓村斜纹夜蛾_1_37_诱虫量,雄州街道钱仓村斜纹夜蛾,江苏省南京市六合区,2024-08-11,7,199.0,32.864285714285714,73.29714285714286,2024,32,37.8,27.1,76.86,66.71,62.0,1.88,83.96,39.02
斜纹夜蛾,TCW,雄州街道钱仓村斜纹夜蛾_1_37_诱虫量,雄州街道钱仓村斜纹夜蛾,江苏省南京市六合区,2024-08-18,7,28.0,30.35571428571429,83.00142857142858,2024,33,36.3,24.9,84.43,67.71,34.3,2.42,75.24,33.56
斜纹夜蛾,TCW,雄州街道钱仓村斜纹夜蛾_1_37_诱虫量,雄州街道钱仓村斜纹夜蛾,江苏省南京市六合区,2024-08-25,7,78.0,31.33285714285714,77.12571428571428,2024,34,34.7,25.4,84.71,77.86,50.4,1.93,64.42,27.34
斜纹夜蛾,TCW,雄州街道钱仓村斜纹夜蛾_1_37_诱虫量,雄州街道钱仓村斜纹夜蛾,江苏省南京市六合区,2024-09-01,7,219.0,31.255714285714284,75.36,2024,35,35.2,24.1,83.43,71.71,6.3,2.35,74.77,30.13
斜纹夜蛾,TCW,雄州街道钱仓村斜纹夜蛾_1_37_诱虫量,雄州街道钱仓村斜纹夜蛾,江苏省南京市六合区,2024-09-08,7,615.0,30.132857142857144,82.79285714285716,2024,36,33.8,24.2,79.29,68.43,2.9,3.23,78.8,33.31
斜纹夜蛾,TCW,雄州街道钱仓村斜纹夜蛾_1_37_诱虫量,雄州街道钱仓村斜纹夜蛾,江苏省南京市六合区,2024-09-15,7,466.0,26.595714285714287,85.96285714285715,2024,37,33.8,23.6,88.14,80.14,83.0,3.4,57.66,23.89
斜纹夜蛾,TCW,雄州街道钱仓村斜纹夜蛾_1_37_诱虫量,雄州街道钱仓村斜纹夜蛾,江苏省南京市六合区,2024-09-22,7,490.0,23.895714285714284,77.29285714285713,2024,38,31.6,17.4,81.14,76.86,124.9,5.49,54.64,24.01
斜纹夜蛾,TCW,雄州街道钱仓村斜纹夜蛾_1_37_诱虫量,雄州街道钱仓村斜纹夜蛾,江苏省南京市六合区,2024-09-29,7,641.0,20.38714285714286,77.66142857142857,2024,39,29.1,15.8,86.14,76.0,15.1,2.67,66.18,23.31
斜纹夜蛾,TCW,雄州街道钱仓村斜纹夜蛾_1_37_诱虫量,雄州街道钱仓村斜纹夜蛾,江苏省南京市六合区,2024-10-06,7,416.0,18.815714285714286,82.20285714285714,2024,40,28.6,11.9,79.0,72.14,17.2,3.38,48.16,18.62
斜纹夜蛾,TCW,雄州街道钱仓村斜纹夜蛾_1_37_诱虫量,雄州街道钱仓村斜纹夜蛾,江苏省南京市六合区,2024-10-13,7,1208.0,19.957142857142856,86.93857142857142,2024,41,25.2,13.1,85.0,74.71,16.7,2.16,49.5,16.94
斜纹夜蛾,TCW,雄州街道钱仓村斜纹夜蛾_1_37_诱虫量,雄州街道钱仓村斜纹夜蛾,江苏省南京市六合区,2024-10-20,7,975.0,15.915714285714285,84.89857142857143,2024,42,27.2,11.2,86.57,77.0,49.2,3.66,31.77,14.95
斜纹夜蛾,TCW,雄州街道钱仓村斜纹夜蛾_1_37_诱虫量,雄州街道钱仓村斜纹夜蛾,江苏省南京市六合区,2024-10-27,7,658.0,16.20714285714286,80.9057142857143,2024,43,22.3,8.6,88.29,80.43,20.0,3.16,35.15,12.25
斜纹夜蛾,TCW,雄州街道钱仓村斜纹夜蛾_1_37_诱虫量,雄州街道钱仓村斜纹夜蛾,江苏省南京市六合区,2024-11-03,7,439.0,14.948571428571428,75.87285714285714,2024,44,22.0,9.3,87.57,74.57,6.8,2.95,55.84,15.81
斜纹夜蛾,TCW,雄州街道钱仓村斜纹夜蛾_1_37_诱虫量,雄州街道钱仓村斜纹夜蛾,江苏省南京市六合区,2024-11-10,7,1062.0,18.077142857142857,82.06428571428572,2024,45,,,,,,,,
斜纹夜蛾,TCW,雄州街道钱仓村斜纹夜蛾_1_37_诱虫量,雄州街道钱仓村斜纹夜蛾,江苏省南京市六合区,2024-11-17,7,32.0,10.257142857142856,76.91857142857144,2024,46,,,,,,,,
斜纹夜蛾,TCW,雄州街道钱仓村斜纹夜蛾_1_37_诱虫量,雄州街道钱仓村斜纹夜蛾,江苏省南京市六合区,2024-11-24,7,25.0,8.89,64.86999999999999,2024,47,,,,,,,,
斜纹夜蛾,TCW,雄州街道钱仓村斜纹夜蛾_1_37_诱虫量,雄州街道钱仓村斜纹夜蛾,江苏省南京市六合区,2024-12-01,7,3.0,8.414285714285715,78.11285714285714,2024,48,,,,,,,,
斜纹夜蛾,TCW,雄州街道钱仓村斜纹夜蛾_1_37_诱虫量,雄州街道钱仓村斜纹夜蛾,江苏省南京市六合区,2024-12-08,7,0.0,4.371428571428572,72.96857142857142,2024,49,,,,,,,,
斜纹夜蛾,TCW,雄州街道钱仓村斜纹夜蛾_1_37_诱虫量,雄州街道钱仓村斜纹夜蛾,江苏省南京市六合区,2024-12-15,7,0.0,2.2814285714285716,68.28,2024,50,,,,,,,,
斜纹夜蛾,TCW,雄州街道钱仓村斜纹夜蛾_1_37_诱虫量,雄州街道钱仓村斜纹夜蛾,江苏省南京市六合区,2024-12-22,7,0.0,3.2457142857142856,66.40714285714286,2024,51,,,,,,,,
斜纹夜蛾,TCW,雄州街道钱仓村斜纹夜蛾_1_37_诱虫量,雄州街道钱仓村斜纹夜蛾,江苏省南京市六合区,2024-12-29,3,0.0,4.154999999999999,58.915,2024,52,,,,,,,,
斜纹夜蛾,TCW,龙池街道朱营 斜纹夜蛾_1_17_诱虫量,龙池街道朱营 斜纹夜蛾,江苏省南京市六合区,2023-10-15,1,4.0,25.6,52.85,2023,41,23.6,13.5,84.86,74.14,0.0,2.05,50.14,17.04
斜纹夜蛾,TCW,龙池街道朱营 斜纹夜蛾_1_17_诱虫量,龙池街道朱营 斜纹夜蛾,江苏省南京市六合区,2023-11-05,2,5.0,9.190000000000001,84.41,2023,44,27.6,12.9,83.57,69.14,0.8,2.48,60.23,19.36
斜纹夜蛾,TCW,龙池街道朱营 斜纹夜蛾_1_17_诱虫量,龙池街道朱营 斜纹夜蛾,江苏省南京市六合区,2023-11-12,7,4.0,8.51,66.96571428571428,2023,45,,,,,,,,
斜纹夜蛾,TCW,龙池街道朱营 斜纹夜蛾_1_17_诱虫量,龙池街道朱营 斜纹夜蛾,江苏省南京市六合区,2023-11-19,7,7.0,10.028571428571428,73.43714285714285,2023,46,,,,,,,,
斜纹夜蛾,TCW,龙池街道朱营 斜纹夜蛾_1_17_诱虫量,龙池街道朱营 斜纹夜蛾,江苏省南京市六合区,2023-11-26,7,2.0,5.968571428571429,72.59,2023,47,,,,,,,,
斜纹夜蛾,TCW,龙池街道朱营 斜纹夜蛾_1_17_诱虫量,龙池街道朱营 斜纹夜蛾,江苏省南京市六合区,2023-12-03,7,1.0,9.872857142857143,71.41428571428571,2023,48,,,,,,,,
斜纹夜蛾,TCW,龙池街道朱营 斜纹夜蛾_1_17_诱虫量,龙池街道朱营 斜纹夜蛾,江苏省南京市六合区,2023-12-10,7,0.0,3.81,86.69142857142857,2023,49,,,,,,,,
斜纹夜蛾,TCW,龙池街道朱营 斜纹夜蛾_1_17_诱虫量,龙池街道朱营 斜纹夜蛾,江苏省南京市六合区,2023-12-17,7,0.0,-2.5114285714285716,74.16285714285713,2023,50,,,,,,,,
斜纹夜蛾,TCW,龙池街道朱营 斜纹夜蛾_1_17_诱虫量,龙池街道朱营 斜纹夜蛾,江苏省南京市六合区,2023-12-24,7,0.0,4.054285714285714,82.45142857142856,2023,51,,,,,,,,
斜纹夜蛾,TCW,龙池街道朱营 斜纹夜蛾_1_17_诱虫量,龙池街道朱营 斜纹夜蛾,江苏省南京市六合区,2023-12-31,7,0.0,3.0614285714285714,86.08571428571429,2023,52,,,,,,,,
斜纹夜蛾,TCW,龙池街道朱营 斜纹夜蛾_1_17_诱虫量,龙池街道朱营 斜纹夜蛾,江苏省南京市六合区,2024-01-07,7,0.0,4.565714285714286,78.63428571428571,2024,1,,,,,,,,
斜纹夜蛾,TCW,龙池街道朱营 斜纹夜蛾_1_17_诱虫量,龙池街道朱营 斜纹夜蛾,江苏省南京市六合区,2024-01-14,7,0.0,4.017142857142857,87.29142857142857,2024,2,,,,,,,,
斜纹夜蛾,TCW,龙池街道朱营 斜纹夜蛾_1_17_诱虫量,龙池街道朱营 斜纹夜蛾,江苏省南京市六合区,2024-01-21,7,0.0,-1.1928571428571428,70.95,2024,3,,,,,,,,
斜纹夜蛾,TCW,龙池街道朱营 斜纹夜蛾_1_17_诱虫量,龙池街道朱营 斜纹夜蛾,江苏省南京市六合区,2024-01-28,7,0.0,3.865714285714286,85.04285714285713,2024,4,,,,,,,,
斜纹夜蛾,TCW,龙池街道朱营 斜纹夜蛾_1_17_诱虫量,龙池街道朱营 斜纹夜蛾,江苏省南京市六合区,2024-02-04,7,0.0,1.9285714285714286,81.53142857142858,2024,5,,,,,,,,
斜纹夜蛾,TCW,龙池街道朱营 斜纹夜蛾_1_17_诱虫量,龙池街道朱营 斜纹夜蛾,江苏省南京市六合区,2024-02-11,7,0.0,9.718571428571428,71.62428571428572,2024,6,,,,,,,,
斜纹夜蛾,TCW,龙池街道朱营 斜纹夜蛾_1_17_诱虫量,龙池街道朱营 斜纹夜蛾,江苏省南京市六合区,2024-02-18,7,0.0,2.704285714285714,88.03999999999999,2024,7,,,,,,,,
斜纹夜蛾,TCW,龙池街道朱营 斜纹夜蛾_1_17_诱虫量,龙池街道朱营 斜纹夜蛾,江苏省南京市六合区,2024-02-25,7,0.0,3.812857142857143,76.65285714285713,2024,8,,,,,,,,
斜纹夜蛾,TCW,龙池街道朱营 斜纹夜蛾_1_17_诱虫量,龙池街道朱营 斜纹夜蛾,江苏省南京市六合区,2024-03-03,7,0.0,7.804285714285714,76.18571428571428,2024,9,,,,,,,,
斜纹夜蛾,TCW,龙池街道朱营 斜纹夜蛾_1_17_诱虫量,龙池街道朱营 斜纹夜蛾,江苏省南京市六合区,2024-03-10,7,0.0,12.794285714285715,68.41571428571429,2024,10,,,,,,,,
斜纹夜蛾,TCW,龙池街道朱营 斜纹夜蛾_1_17_诱虫量,龙池街道朱营 斜纹夜蛾,江苏省南京市六合区,2024-03-17,7,0.0,12.9,66.83857142857143,2024,11,,,,,,,,
斜纹夜蛾,TCW,龙池街道朱营 斜纹夜蛾_1_17_诱虫量,龙池街道朱营 斜纹夜蛾,江苏省南京市六合区,2024-03-24,7,1.0,14.735714285714286,80.33857142857143,2024,12,,,,,,,,
斜纹夜蛾,TCW,龙池街道朱营 斜纹夜蛾_1_17_诱虫量,龙池街道朱营 斜纹夜蛾,江苏省南京市六合区,2024-03-31,7,2.0,16.417142857142856,72.74428571428572,2024,13,,,,,,,,
斜纹夜蛾,TCW,龙池街道朱营 斜纹夜蛾_1_17_诱虫量,龙池街道朱营 斜纹夜蛾,江苏省南京市六合区,2024-04-07,7,3.0,18.16,76.14285714285714,2024,14,,,,,,,,
斜纹夜蛾,TCW,龙池街道朱营 斜纹夜蛾_1_17_诱虫量,龙池街道朱营 斜纹夜蛾,江苏省南京市六合区,2024-04-14,7,5.0,19.137142857142855,75.34142857142857,2024,15,,,,,,,,
斜纹夜蛾,TCW,龙池街道朱营 斜纹夜蛾_1_17_诱虫量,龙池街道朱营 斜纹夜蛾,江苏省南京市六合区,2024-04-21,7,3.0,21.015714285714285,71.23285714285714,2024,16,,,,,,,,
斜纹夜蛾,TCW,龙池街道朱营 斜纹夜蛾_1_17_诱虫量,龙池街道朱营 斜纹夜蛾,江苏省南京市六合区,2024-04-28,7,0.0,18.21142857142857,75.92285714285715,2024,17,,,,,,,,
斜纹夜蛾,TCW,龙池街道朱营 斜纹夜蛾_1_17_诱虫量,龙池街道朱营 斜纹夜蛾,江苏省南京市六合区,2024-05-05,6,2.0,21.396666666666665,75.65833333333335,2024,18,,,,,,,,
斜纹夜蛾,TCW,龙池街道朱营 斜纹夜蛾_1_17_诱虫量,龙池街道朱营 斜纹夜蛾,江苏省南京市六合区,2024-05-12,7,0.0,25.518571428571427,57.48142857142857,2024,19,,,,,,,,
斜纹夜蛾,TCW,龙池街道朱营 斜纹夜蛾_1_17_诱虫量,龙池街道朱营 斜纹夜蛾,江苏省南京市六合区,2024-05-19,7,5.0,26.235714285714288,71.99285714285715,2024,20,,,,,,,,
斜纹夜蛾,TCW,龙池街道朱营 斜纹夜蛾_1_17_诱虫量,龙池街道朱营 斜纹夜蛾,江苏省南京市六合区,2024-05-26,7,14.0,23.087142857142858,70.34857142857143,2024,21,,,,,,,,
斜纹夜蛾,TCW,龙池街道朱营 斜纹夜蛾_1_17_诱虫量,龙池街道朱营 斜纹夜蛾,江苏省南京市六合区,2024-06-02,7,8.0,25.198571428571427,68.02571428571429,2024,22,26.9,14.2,77.71,68.43,42.5,2.69,50.74,25.99
斜纹夜蛾,TCW,龙池街道朱营 斜纹夜蛾_1_17_诱虫量,龙池街道朱营 斜纹夜蛾,江苏省南京市六合区,2024-06-09,7,5.0,29.07428571428571,69.64428571428572,2024,23,30.9,17.1,76.86,61.71,5.2,2.43,62.66,30.94
斜纹夜蛾,TCW,龙池街道朱营 斜纹夜蛾_1_17_诱虫量,龙池街道朱营 斜纹夜蛾,江苏省南京市六合区,2024-06-16,7,3.0,28.335714285714285,76.24714285714286,2024,24,34.2,20.7,79.71,58.71,0.7,2.43,71.14,35.09
斜纹夜蛾,TCW,龙池街道朱营 斜纹夜蛾_1_17_诱虫量,龙池街道朱营 斜纹夜蛾,江苏省南京市六合区,2024-06-23,7,8.0,25.78142857142857,86.48714285714286,2024,25,32.3,21.3,85.0,69.86,96.1,3.32,46.58,27.17
斜纹夜蛾,TCW,龙池街道朱营 斜纹夜蛾_1_17_诱虫量,龙池街道朱营 斜纹夜蛾,江苏省南京市六合区,2024-06-30,7,6.0,29.68857142857143,82.24142857142859,2024,26,30.9,20.7,88.71,85.57,179.0,2.73,26.58,17.62
斜纹夜蛾,TCW,龙池街道朱营 斜纹夜蛾_1_17_诱虫量,龙池街道朱营 斜纹夜蛾,江苏省南京市六合区,2024-07-07,7,0.0,28.292857142857144,86.70714285714287,2024,27,34.9,22.6,81.14,78.57,41.8,4.14,62.65,32.6
斜纹夜蛾,TCW,龙池街道朱营 斜纹夜蛾_1_17_诱虫量,龙池街道朱营 斜纹夜蛾,江苏省南京市六合区,2024-07-14,7,1.0,30.345714285714287,83.50142857142858,2024,28,35.0,21.4,88.57,86.0,168.8,2.44,20.72,18.18
斜纹夜蛾,TCW,龙池街道朱营 斜纹夜蛾_1_17_诱虫量,龙池街道朱营 斜纹夜蛾,江苏省南京市六合区,2024-07-21,7,0.0,33.3,74.05714285714285,2024,29,35.2,24.3,81.86,78.57,22.4,3.39,35.37,25.73
斜纹夜蛾,TCW,龙池街道朱营 斜纹夜蛾_1_17_诱虫量,龙池街道朱营 斜纹夜蛾,江苏省南京市六合区,2024-07-28,7,0.0,33.931428571428576,74.02857142857144,2024,30,36.7,27.0,80.57,71.86,6.1,4.7,71.71,37.84
斜纹夜蛾,TCW,龙池街道朱营 斜纹夜蛾_1_17_诱虫量,龙池街道朱营 斜纹夜蛾,江苏省南京市六合区,2024-08-04,7,1.0,34.17285714285715,73.73142857142857,2024,31,37.5,27.6,76.0,71.57,9.5,2.75,86.5,40.56
斜纹夜蛾,TCW,龙池街道朱营 斜纹夜蛾_1_17_诱虫量,龙池街道朱营 斜纹夜蛾,江苏省南京市六合区,2024-08-11,7,111.0,31.791428571428572,79.07571428571428,2024,32,37.8,27.1,76.86,66.71,62.0,1.88,83.96,39.02
斜纹夜蛾,TCW,龙池街道朱营 斜纹夜蛾_1_17_诱虫量,龙池街道朱营 斜纹夜蛾,江苏省南京市六合区,2024-08-18,7,153.0,30.509999999999998,83.43571428571428,2024,33,36.3,24.9,84.43,67.71,34.3,2.42,75.24,33.56
斜纹夜蛾,TCW,龙池街道朱营 斜纹夜蛾_1_17_诱虫量,龙池街道朱营 斜纹夜蛾,江苏省南京市六合区,2024-08-25,7,409.0,30.88714285714286,80.14,2024,34,34.7,25.4,84.71,77.86,50.4,1.93,64.42,27.34
斜纹夜蛾,TCW,龙池街道朱营 斜纹夜蛾_1_17_诱虫量,龙池街道朱营 斜纹夜蛾,江苏省南京市六合区,2024-09-01,7,426.0,30.481428571428573,79.20285714285714,2024,35,35.2,24.1,83.43,71.71,6.3,2.35,74.77,30.13
斜纹夜蛾,TCW,龙池街道朱营 斜纹夜蛾_1_17_诱虫量,龙池街道朱营 斜纹夜蛾,江苏省南京市六合区,2024-09-08,7,1021.0,29.854285714285712,84.43142857142857,2024,36,33.8,24.2,79.29,68.43,2.9,3.23,78.8,33.31
斜纹夜蛾,TCW,龙池街道朱营 斜纹夜蛾_1_17_诱虫量,龙池街道朱营 斜纹夜蛾,江苏省南京市六合区,2024-09-15,7,1029.0,26.435714285714287,87.93285714285715,2024,37,33.8,23.6,88.14,80.14,83.0,3.4,57.66,23.89
斜纹夜蛾,TCW,龙池街道朱营 斜纹夜蛾_1_17_诱虫量,龙池街道朱营 斜纹夜蛾,江苏省南京市六合区,2024-09-22,7,509.0,23.392857142857142,80.52428571428571,2024,38,31.6,17.4,81.14,76.86,124.9,5.49,54.64,24.01
斜纹夜蛾,TCW,龙池街道朱营 斜纹夜蛾_1_17_诱虫量,龙池街道朱营 斜纹夜蛾,江苏省南京市六合区,2024-09-29,7,372.0,19.954285714285714,81.09714285714286,2024,39,29.1,15.8,86.14,76.0,15.1,2.67,66.18,23.31
斜纹夜蛾,TCW,龙池街道朱营 斜纹夜蛾_1_17_诱虫量,龙池街道朱营 斜纹夜蛾,江苏省南京市六合区,2024-10-06,7,244.0,18.504285714285714,85.10285714285715,2024,40,28.6,11.9,79.0,72.14,17.2,3.38,48.16,18.62
斜纹夜蛾,TCW,龙池街道朱营 斜纹夜蛾_1_17_诱虫量,龙池街道朱营 斜纹夜蛾,江苏省南京市六合区,2024-10-13,7,719.0,19.93285714285714,88.60285714285715,2024,41,25.2,13.1,85.0,74.71,16.7,2.16,49.5,16.94
斜纹夜蛾,TCW,龙池街道朱营 斜纹夜蛾_1_17_诱虫量,龙池街道朱营 斜纹夜蛾,江苏省南京市六合区,2024-10-20,7,648.0,15.724285714285713,87.37285714285714,2024,42,27.2,11.2,86.57,77.0,49.2,3.66,31.77,14.95
斜纹夜蛾,TCW,龙池街道朱营 斜纹夜蛾_1_17_诱虫量,龙池街道朱营 斜纹夜蛾,江苏省南京市六合区,2024-10-27,7,277.0,15.54857142857143,85.15428571428572,2024,43,22.3,8.6,88.29,80.43,20.0,3.16,35.15,12.25
斜纹夜蛾,TCW,龙池街道朱营 斜纹夜蛾_1_17_诱虫量,龙池街道朱营 斜纹夜蛾,江苏省南京市六合区,2024-11-03,7,118.0,14.165714285714285,80.4342857142857,2024,44,22.0,9.3,87.57,74.57,6.8,2.95,55.84,15.81
斜纹夜蛾,TCW,龙池街道朱营 斜纹夜蛾_1_17_诱虫量,龙池街道朱营 斜纹夜蛾,江苏省南京市六合区,2024-11-10,7,448.0,17.422857142857143,86.38,2024,45,,,,,,,,
斜纹夜蛾,TCW,龙池街道朱营 斜纹夜蛾_1_17_诱虫量,龙池街道朱营 斜纹夜蛾,江苏省南京市六合区,2024-11-17,7,32.0,9.781428571428572,81.58857142857143,2024,46,,,,,,,,
斜纹夜蛾,TCW,龙池街道朱营 斜纹夜蛾_1_17_诱虫量,龙池街道朱营 斜纹夜蛾,江苏省南京市六合区,2024-11-24,7,7.0,7.2942857142857145,73.22714285714287,2024,47,,,,,,,,
斜纹夜蛾,TCW,龙池街道朱营 斜纹夜蛾_1_17_诱虫量,龙池街道朱营 斜纹夜蛾,江苏省南京市六合区,2024-12-01,7,1.0,7.928571428571429,82.71857142857142,2024,48,,,,,,,,
斜纹夜蛾,TCW,龙池街道朱营 斜纹夜蛾_1_17_诱虫量,龙池街道朱营 斜纹夜蛾,江苏省南京市六合区,2024-12-08,7,0.0,3.9328571428571424,77.24142857142859,2024,49,,,,,,,,
斜纹夜蛾,TCW,龙池街道朱营 斜纹夜蛾_1_17_诱虫量,龙池街道朱营 斜纹夜蛾,江苏省南京市六合区,2024-12-15,7,0.0,1.5542857142857145,74.27,2024,50,,,,,,,,
斜纹夜蛾,TCW,龙池街道朱营 斜纹夜蛾_1_17_诱虫量,龙池街道朱营 斜纹夜蛾,江苏省南京市六合区,2024-12-22,7,0.0,2.7014285714285715,70.98857142857143,2024,51,,,,,,,,
斜纹夜蛾,TCW,龙池街道朱营 斜纹夜蛾_1_17_诱虫量,龙池街道朱营 斜纹夜蛾,江苏省南京市六合区,2024-12-29,3,0.0,3.1399999999999997,65.07499999999999,2024,52,,,,,,,,
斜纹夜蛾,TCW,龙袍街道东沟镇斜纹夜蛾_1_16_诱虫量,龙袍街道东沟镇斜纹夜蛾,江苏省南京市六合区,2023-10-15,1,4.0,25.3,52.3,2023,41,23.6,13.5,84.86,74.14,0.0,2.05,50.14,17.04
斜纹夜蛾,TCW,龙袍街道东沟镇斜纹夜蛾_1_16_诱虫量,龙袍街道东沟镇斜纹夜蛾,江苏省南京市六合区,2023-11-05,1,7.0,8.17,88.83,2023,44,27.6,12.9,83.57,69.14,0.8,2.48,60.23,19.36
斜纹夜蛾,TCW,龙袍街道东沟镇斜纹夜蛾_1_16_诱虫量,龙袍街道东沟镇斜纹夜蛾,江苏省南京市六合区,2023-11-12,7,1.0,8.24,69.90142857142857,2023,45,,,,,,,,
斜纹夜蛾,TCW,龙袍街道东沟镇斜纹夜蛾_1_16_诱虫量,龙袍街道东沟镇斜纹夜蛾,江苏省南京市六合区,2023-11-19,7,3.0,9.79857142857143,74.12,2023,46,,,,,,,,
斜纹夜蛾,TCW,龙袍街道东沟镇斜纹夜蛾_1_16_诱虫量,龙袍街道东沟镇斜纹夜蛾,江苏省南京市六合区,2023-11-26,7,4.0,6.001428571428571,72.14285714285714,2023,47,,,,,,,,
斜纹夜蛾,TCW,龙袍街道东沟镇斜纹夜蛾_1_16_诱虫量,龙袍街道东沟镇斜纹夜蛾,江苏省南京市六合区,2023-12-03,7,0.0,9.901428571428571,71.17999999999999,2023,48,,,,,,,,
斜纹夜蛾,TCW,龙袍街道东沟镇斜纹夜蛾_1_16_诱虫量,龙袍街道东沟镇斜纹夜蛾,江苏省南京市六合区,2023-12-10,7,0.0,4.182857142857143,85.63142857142857,2023,49,,,,,,,,
斜纹夜蛾,TCW,龙袍街道东沟镇斜纹夜蛾_1_16_诱虫量,龙袍街道东沟镇斜纹夜蛾,江苏省南京市六合区,2023-12-17,7,0.0,-2.665714285714286,72.46142857142857,2023,50,,,,,,,,
斜纹夜蛾,TCW,龙袍街道东沟镇斜纹夜蛾_1_16_诱虫量,龙袍街道东沟镇斜纹夜蛾,江苏省南京市六合区,2023-12-24,7,0.0,3.8957142857142855,81.69714285714285,2023,51,,,,,,,,
斜纹夜蛾,TCW,龙袍街道东沟镇斜纹夜蛾_1_16_诱虫量,龙袍街道东沟镇斜纹夜蛾,江苏省南京市六合区,2023-12-31,7,0.0,2.9842857142857144,85.50142857142858,2023,52,,,,,,,,
斜纹夜蛾,TCW,龙袍街道东沟镇斜纹夜蛾_1_16_诱虫量,龙袍街道东沟镇斜纹夜蛾,江苏省南京市六合区,2024-01-07,7,0.0,4.432857142857143,77.75714285714285,2024,1,,,,,,,,
斜纹夜蛾,TCW,龙袍街道东沟镇斜纹夜蛾_1_16_诱虫量,龙袍街道东沟镇斜纹夜蛾,江苏省南京市六合区,2024-01-14,7,0.0,4.458571428571429,87.75714285714285,2024,2,,,,,,,,
斜纹夜蛾,TCW,龙袍街道东沟镇斜纹夜蛾_1_16_诱虫量,龙袍街道东沟镇斜纹夜蛾,江苏省南京市六合区,2024-01-21,7,0.0,-1.6242857142857143,70.67999999999999,2024,3,,,,,,,,
斜纹夜蛾,TCW,龙袍街道东沟镇斜纹夜蛾_1_16_诱虫量,龙袍街道东沟镇斜纹夜蛾,江苏省南京市六合区,2024-01-28,7,0.0,4.058571428571429,88.10571428571428,2024,4,,,,,,,,
斜纹夜蛾,TCW,龙袍街道东沟镇斜纹夜蛾_1_16_诱虫量,龙袍街道东沟镇斜纹夜蛾,江苏省南京市六合区,2024-02-04,7,0.0,1.9728571428571429,82.51857142857143,2024,5,,,,,,,,
斜纹夜蛾,TCW,龙袍街道东沟镇斜纹夜蛾_1_16_诱虫量,龙袍街道东沟镇斜纹夜蛾,江苏省南京市六合区,2024-02-11,7,0.0,9.772857142857143,71.89857142857143,2024,6,,,,,,,,
斜纹夜蛾,TCW,龙袍街道东沟镇斜纹夜蛾_1_16_诱虫量,龙袍街道东沟镇斜纹夜蛾,江苏省南京市六合区,2024-02-18,7,0.0,2.6128571428571425,90.98428571428572,2024,7,,,,,,,,
斜纹夜蛾,TCW,龙袍街道东沟镇斜纹夜蛾_1_16_诱虫量,龙袍街道东沟镇斜纹夜蛾,江苏省南京市六合区,2024-02-25,7,0.0,3.8985714285714286,76.30142857142857,2024,8,,,,,,,,
斜纹夜蛾,TCW,龙袍街道东沟镇斜纹夜蛾_1_16_诱虫量,龙袍街道东沟镇斜纹夜蛾,江苏省南京市六合区,2024-03-03,7,0.0,8.081428571428571,74.60142857142857,2024,9,,,,,,,,
斜纹夜蛾,TCW,龙袍街道东沟镇斜纹夜蛾_1_16_诱虫量,龙袍街道东沟镇斜纹夜蛾,江苏省南京市六合区,2024-03-10,7,0.0,13.08,67.20857142857143,2024,10,,,,,,,,
斜纹夜蛾,TCW,龙袍街道东沟镇斜纹夜蛾_1_16_诱虫量,龙袍街道东沟镇斜纹夜蛾,江苏省南京市六合区,2024-03-17,7,0.0,13.074285714285713,65.91571428571429,2024,11,,,,,,,,
斜纹夜蛾,TCW,龙袍街道东沟镇斜纹夜蛾_1_16_诱虫量,龙袍街道东沟镇斜纹夜蛾,江苏省南京市六合区,2024-03-24,7,1.0,14.858571428571427,79.75428571428571,2024,12,,,,,,,,
斜纹夜蛾,TCW,龙袍街道东沟镇斜纹夜蛾_1_16_诱虫量,龙袍街道东沟镇斜纹夜蛾,江苏省南京市六合区,2024-03-31,7,0.0,16.538571428571426,70.55285714285715,2024,13,,,,,,,,
斜纹夜蛾,TCW,龙袍街道东沟镇斜纹夜蛾_1_16_诱虫量,龙袍街道东沟镇斜纹夜蛾,江苏省南京市六合区,2024-04-07,7,3.0,18.292857142857144,76.05999999999999,2024,14,,,,,,,,
斜纹夜蛾,TCW,龙袍街道东沟镇斜纹夜蛾_1_16_诱虫量,龙袍街道东沟镇斜纹夜蛾,江苏省南京市六合区,2024-04-14,7,4.0,19.43142857142857,75.13142857142857,2024,15,,,,,,,,
斜纹夜蛾,TCW,龙袍街道东沟镇斜纹夜蛾_1_16_诱虫量,龙袍街道东沟镇斜纹夜蛾,江苏省南京市六合区,2024-04-21,7,0.0,21.44142857142857,69.77000000000001,2024,16,,,,,,,,
斜纹夜蛾,TCW,龙袍街道东沟镇斜纹夜蛾_1_16_诱虫量,龙袍街道东沟镇斜纹夜蛾,江苏省南京市六合区,2024-04-28,7,2.0,18.56142857142857,74.2957142857143,2024,17,,,,,,,,
斜纹夜蛾,TCW,龙袍街道东沟镇斜纹夜蛾_1_16_诱虫量,龙袍街道东沟镇斜纹夜蛾,江苏省南京市六合区,2024-05-05,7,12.0,21.50857142857143,73.16857142857144,2024,18,,,,,,,,
斜纹夜蛾,TCW,龙袍街道东沟镇斜纹夜蛾_1_16_诱虫量,龙袍街道东沟镇斜纹夜蛾,江苏省南京市六合区,2024-05-12,7,5.0,26.572857142857142,54.61,2024,19,,,,,,,,
斜纹夜蛾,TCW,龙袍街道东沟镇斜纹夜蛾_1_16_诱虫量,龙袍街道东沟镇斜纹夜蛾,江苏省南京市六合区,2024-05-19,7,4.0,26.724285714285713,70.23142857142857,2024,20,,,,,,,,
斜纹夜蛾,TCW,龙袍街道东沟镇斜纹夜蛾_1_16_诱虫量,龙袍街道东沟镇斜纹夜蛾,江苏省南京市六合区,2024-05-26,7,49.0,22.62,72.69142857142857,2024,21,,,,,,,,
斜纹夜蛾,TCW,龙袍街道东沟镇斜纹夜蛾_1_16_诱虫量,龙袍街道东沟镇斜纹夜蛾,江苏省南京市六合区,2024-06-02,7,16.0,25.131428571428568,68.11285714285715,2024,22,26.9,14.2,77.71,68.43,42.5,2.69,50.74,25.99
斜纹夜蛾,TCW,龙袍街道东沟镇斜纹夜蛾_1_16_诱虫量,龙袍街道东沟镇斜纹夜蛾,江苏省南京市六合区,2024-06-09,7,13.0,29.714285714285715,67.27571428571429,2024,23,30.9,17.1,76.86,61.71,5.2,2.43,62.66,30.94
斜纹夜蛾,TCW,龙袍街道东沟镇斜纹夜蛾_1_16_诱虫量,龙袍街道东沟镇斜纹夜蛾,江苏省南京市六合区,2024-06-16,7,60.0,28.25714285714286,76.30714285714285,2024,24,34.2,20.7,79.71,58.71,0.7,2.43,71.14,35.09
斜纹夜蛾,TCW,龙袍街道东沟镇斜纹夜蛾_1_16_诱虫量,龙袍街道东沟镇斜纹夜蛾,江苏省南京市六合区,2024-06-23,7,33.0,25.87857142857143,85.04285714285713,2024,25,32.3,21.3,85.0,69.86,96.1,3.32,46.58,27.17
斜纹夜蛾,TCW,龙袍街道东沟镇斜纹夜蛾_1_16_诱虫量,龙袍街道东沟镇斜纹夜蛾,江苏省南京市六合区,2024-06-30,7,31.0,29.845714285714283,79.82000000000001,2024,26,30.9,20.7,88.71,85.57,179.0,2.73,26.58,17.62
斜纹夜蛾,TCW,龙袍街道东沟镇斜纹夜蛾_1_16_诱虫量,龙袍街道东沟镇斜纹夜蛾,江苏省南京市六合区,2024-07-07,7,61.0,28.565714285714286,84.63571428571429,2024,27,34.9,22.6,81.14,78.57,41.8,4.14,62.65,32.6
斜纹夜蛾,TCW,龙袍街道东沟镇斜纹夜蛾_1_16_诱虫量,龙袍街道东沟镇斜纹夜蛾,江苏省南京市六合区,2024-07-14,7,35.0,30.662857142857142,80.47142857142856,2024,28,35.0,21.4,88.57,86.0,168.8,2.44,20.72,18.18
斜纹夜蛾,TCW,龙袍街道东沟镇斜纹夜蛾_1_16_诱虫量,龙袍街道东沟镇斜纹夜蛾,江苏省南京市六合区,2024-07-21,7,149.0,33.63,72.72571428571429,2024,29,35.2,24.3,81.86,78.57,22.4,3.39,35.37,25.73
斜纹夜蛾,TCW,龙袍街道东沟镇斜纹夜蛾_1_16_诱虫量,龙袍街道东沟镇斜纹夜蛾,江苏省南京市六合区,2024-07-28,7,117.0,34.86714285714286,70.13285714285715,2024,30,36.7,27.0,80.57,71.86,6.1,4.7,71.71,37.84
斜纹夜蛾,TCW,龙袍街道东沟镇斜纹夜蛾_1_16_诱虫量,龙袍街道东沟镇斜纹夜蛾,江苏省南京市六合区,2024-08-04,7,235.0,35.011428571428574,69.84,2024,31,37.5,27.6,76.0,71.57,9.5,2.75,86.5,40.56
斜纹夜蛾,TCW,龙袍街道东沟镇斜纹夜蛾_1_16_诱虫量,龙袍街道东沟镇斜纹夜蛾,江苏省南京市六合区,2024-08-11,7,155.0,32.220000000000006,74.73428571428572,2024,32,37.8,27.1,76.86,66.71,62.0,1.88,83.96,39.02
斜纹夜蛾,TCW,龙袍街道东沟镇斜纹夜蛾_1_16_诱虫量,龙袍街道东沟镇斜纹夜蛾,江苏省南京市六合区,2024-08-18,7,68.0,30.895714285714284,81.83428571428571,2024,33,36.3,24.9,84.43,67.71,34.3,2.42,75.24,33.56
斜纹夜蛾,TCW,龙袍街道东沟镇斜纹夜蛾_1_16_诱虫量,龙袍街道东沟镇斜纹夜蛾,江苏省南京市六合区,2024-08-25,7,113.0,30.717142857142857,79.66142857142857,2024,34,34.7,25.4,84.71,77.86,50.4,1.93,64.42,27.34
斜纹夜蛾,TCW,龙袍街道东沟镇斜纹夜蛾_1_16_诱虫量,龙袍街道东沟镇斜纹夜蛾,江苏省南京市六合区,2024-09-01,7,160.0,30.77857142857143,77.18142857142857,2024,35,35.2,24.1,83.43,71.71,6.3,2.35,74.77,30.13
斜纹夜蛾,TCW,龙袍街道东沟镇斜纹夜蛾_1_16_诱虫量,龙袍街道东沟镇斜纹夜蛾,江苏省南京市六合区,2024-09-08,7,467.0,29.965714285714284,83.32285714285715,2024,36,33.8,24.2,79.29,68.43,2.9,3.23,78.8,33.31
斜纹夜蛾,TCW,龙袍街道东沟镇斜纹夜蛾_1_16_诱虫量,龙袍街道东沟镇斜纹夜蛾,江苏省南京市六合区,2024-09-15,7,414.0,26.41857142857143,86.92571428571429,2024,37,33.8,23.6,88.14,80.14,83.0,3.4,57.66,23.89
斜纹夜蛾,TCW,龙袍街道东沟镇斜纹夜蛾_1_16_诱虫量,龙袍街道东沟镇斜纹夜蛾,江苏省南京市六合区,2024-09-22,7,223.0,23.31142857142857,79.33142857142857,2024,38,31.6,17.4,81.14,76.86,124.9,5.49,54.64,24.01
斜纹夜蛾,TCW,龙袍街道东沟镇斜纹夜蛾_1_16_诱虫量,龙袍街道东沟镇斜纹夜蛾,江苏省南京市六合区,2024-09-29,7,155.0,20.035714285714285,79.80428571428571,2024,39,29.1,15.8,86.14,76.0,15.1,2.67,66.18,23.31
斜纹夜蛾,TCW,龙袍街道东沟镇斜纹夜蛾_1_16_诱虫量,龙袍街道东沟镇斜纹夜蛾,江苏省南京市六合区,2024-10-06,7,53.0,18.33857142857143,83.81428571428572,2024,40,28.6,11.9,79.0,72.14,17.2,3.38,48.16,18.62
斜纹夜蛾,TCW,龙袍街道东沟镇斜纹夜蛾_1_16_诱虫量,龙袍街道东沟镇斜纹夜蛾,江苏省南京市六合区,2024-10-13,7,188.0,20.045714285714286,87.68571428571428,2024,41,25.2,13.1,85.0,74.71,16.7,2.16,49.5,16.94
斜纹夜蛾,TCW,龙袍街道东沟镇斜纹夜蛾_1_16_诱虫量,龙袍街道东沟镇斜纹夜蛾,江苏省南京市六合区,2024-10-20,7,26.0,15.664285714285715,86.69857142857143,2024,42,27.2,11.2,86.57,77.0,49.2,3.66,31.77,14.95
斜纹夜蛾,TCW,龙袍街道东沟镇斜纹夜蛾_1_16_诱虫量,龙袍街道东沟镇斜纹夜蛾,江苏省南京市六合区,2024-10-27,7,19.0,15.06,84.86428571428571,2024,43,22.3,8.6,88.29,80.43,20.0,3.16,35.15,12.25
斜纹夜蛾,TCW,龙袍街道东沟镇斜纹夜蛾_1_16_诱虫量,龙袍街道东沟镇斜纹夜蛾,江苏省南京市六合区,2024-11-03,7,47.0,14.135714285714284,78.63428571428571,2024,44,22.0,9.3,87.57,74.57,6.8,2.95,55.84,15.81
斜纹夜蛾,TCW,龙袍街道东沟镇斜纹夜蛾_1_16_诱虫量,龙袍街道东沟镇斜纹夜蛾,江苏省南京市六合区,2024-11-10,7,24.0,17.607142857142858,84.29714285714286,2024,45,,,,,,,,
斜纹夜蛾,TCW,龙袍街道东沟镇斜纹夜蛾_1_16_诱虫量,龙袍街道东沟镇斜纹夜蛾,江苏省南京市六合区,2024-11-17,7,6.0,10.572857142857142,77.2057142857143,2024,46,,,,,,,,
斜纹夜蛾,TCW,龙袍街道东沟镇斜纹夜蛾_1_16_诱虫量,龙袍街道东沟镇斜纹夜蛾,江苏省南京市六合区,2024-11-24,7,2.0,7.444285714285714,70.73428571428572,2024,47,,,,,,,,
斜纹夜蛾,TCW,龙袍街道东沟镇斜纹夜蛾_1_16_诱虫量,龙袍街道东沟镇斜纹夜蛾,江苏省南京市六合区,2024-12-01,7,1.0,8.472857142857142,79.05999999999999,2024,48,,,,,,,,
斜纹夜蛾,TCW,龙袍街道东沟镇斜纹夜蛾_1_16_诱虫量,龙袍街道东沟镇斜纹夜蛾,江苏省南京市六合区,2024-12-08,7,0.0,4.26,73.20142857142856,2024,49,,,,,,,,
斜纹夜蛾,TCW,龙袍街道东沟镇斜纹夜蛾_1_16_诱虫量,龙袍街道东沟镇斜纹夜蛾,江苏省南京市六合区,2024-12-15,7,0.0,10.901666666666666,40.52166666666667,2024,50,,,,,,,,
斜纹夜蛾,TCW,龙袍街道东沟镇斜纹夜蛾_1_16_诱虫量,龙袍街道东沟镇斜纹夜蛾,江苏省南京市六合区,2024-12-22,7,0.0,10.114285714285714,43.771428571428565,2024,51,,,,,,,,
斜纹夜蛾,TCW,龙袍街道东沟镇斜纹夜蛾_1_16_诱虫量,龙袍街道东沟镇斜纹夜蛾,江苏省南京市六合区,2024-12-29,3,0.0,13.015,32.315,2024,52,,,,,,,,

