Location,Sheet,GatewayAlias,TrapID,Region,TrapAddress,PestSpecies,Year,Week,week_start,week_end,observed_days,MaxT,MinT,RH1,RH2,RF,WS,SSH,EVP,BPH,TrapCount_sum,TrapCount_mean,TrapTemperature_mean,TrapHumidity_mean,BPH_lag1,BPH_lag2,BPH_lag3,BPH_roll3_mean,BPH_roll3_max,BPH_roll6_mean,BPH_roll6_max,MaxT_lag1,MaxT_roll3_mean,MinT_lag1,MinT_roll3_mean,RH1_lag1,RH1_roll3_mean,RH2_lag1,RH2_roll3_mean,RF_lag1,RF_roll3_mean,WS_lag1,WS_roll3_mean,SSH_lag1,SSH_roll3_mean,EVP_lag1,EVP_roll3_mean,Target_next
东坝福明农场稻纵_1_31_诱虫量,东坝福明农场稻纵_1_31_诱虫量,东坝福明农场稻纵,1,江苏省南京市高淳区,00001ce0,稻纵卷叶螟,2023,22,2023-05-28,2023-06-03,3,32.3,20.1,84.14,74.14,29.6,2.38,48.59,25.72,0.0,0.0,0.0,27.343333333333334,65.85666666666667,,,,,,,,,,,,,,,,,,,,,,,,1.0
东坝福明农场稻纵_1_31_诱虫量,东坝福明农场稻纵_1_31_诱虫量,东坝福明农场稻纵,1,江苏省南京市高淳区,00001ce0,稻纵卷叶螟,2023,23,2023-06-04,2023-06-10,7,34.2,16.0,80.43,75.0,31.1,2.66,59.78,28.9,1.0,1.0,0.14285714285714285,26.004285714285714,74.51857142857143,0.0,,,0.0,0.0,0.0,0.0,32.3,32.3,20.1,20.1,84.14,84.14,74.14,74.14,29.6,29.6,2.38,2.38,48.59,48.59,25.72,25.72,0.0
东坝福明农场稻纵_1_31_诱虫量,东坝福明农场稻纵_1_31_诱虫量,东坝福明农场稻纵,1,江苏省南京市高淳区,00001ce0,稻纵卷叶螟,2023,24,2023-06-11,2023-06-17,4,32.4,19.2,80.14,65.0,8.5,2.69,57.13,31.06,0.0,0.0,0.0,26.857142857142858,72.82714285714285,1.0,0.0,,0.5,1.0,0.5,1.0,34.2,33.25,16.0,18.05,80.43,82.285,75.0,74.57,31.1,30.35,2.66,2.52,59.78,54.185,28.9,27.31,0.0
东坝福明农场稻纵_1_31_诱虫量,东坝福明农场稻纵_1_31_诱虫量,东坝福明农场稻纵,1,江苏省南京市高淳区,00001ce0,稻纵卷叶螟,2023,29,2023-07-16,2023-07-22,1,31.5,23.5,89.43,84.71,117.0,2.29,34.08,19.55,0.0,0.0,0.0,29.330000000000002,84.07428571428571,0.0,1.0,0.0,0.3333333333333333,1.0,0.3333333333333333,1.0,32.4,32.96666666666667,19.2,18.433333333333334,80.14,81.57000000000001,65.0,71.38,8.5,23.066666666666666,2.69,2.5766666666666667,57.13,55.166666666666664,31.06,28.56,7.0
东坝福明农场稻纵_1_31_诱虫量,东坝福明农场稻纵_1_31_诱虫量,东坝福明农场稻纵,1,江苏省南京市高淳区,00001ce0,稻纵卷叶螟,2023,30,2023-07-23,2023-07-29,7,33.2,25.1,86.86,80.86,44.3,3.98,65.75,29.7,7.0,7.0,1.0,30.298571428571424,80.15857142857143,0.0,0.0,1.0,0.3333333333333333,1.0,0.25,1.0,31.5,32.699999999999996,23.5,19.566666666666666,89.43,83.33333333333333,84.71,74.90333333333334,117.0,52.199999999999996,2.29,2.546666666666667,34.08,50.330000000000005,19.55,26.50333333333333,0.0
东坝福明农场稻纵_1_31_诱虫量,东坝福明农场稻纵_1_31_诱虫量,东坝福明农场稻纵,1,江苏省南京市高淳区,00001ce0,稻纵卷叶螟,2023,31,2023-07-30,2023-08-05,7,34.0,25.0,86.43,76.43,17.1,3.1,81.36,32.83,0.0,0.0,0.0,32.99285714285714,72.94714285714285,7.0,0.0,0.0,2.3333333333333335,7.0,1.6,7.0,33.2,32.36666666666667,25.1,22.599999999999998,86.86,85.47666666666667,80.86,76.85666666666667,44.3,56.6,3.98,2.986666666666667,65.75,52.32,29.7,26.77,67.0
东坝福明农场稻纵_1_31_诱虫量,东坝福明农场稻纵_1_31_诱虫量,东坝福明农场稻纵,1,江苏省南京市高淳区,00001ce0,稻纵卷叶螟,2023,32,2023-08-06,2023-08-12,7,35.1,24.0,83.71,75.14,10.3,2.08,79.69,33.11,67.0,67.0,9.571428571428571,31.404285714285717,76.36714285714287,0.0,7.0,0.0,2.3333333333333335,7.0,1.3333333333333333,7.0,34.0,32.9,25.0,24.53333333333333,86.43,87.57333333333334,76.43,80.66666666666667,17.1,59.46666666666667,3.1,3.1233333333333335,81.36,60.39666666666667,32.83,27.36,279.0
东坝福明农场稻纵_1_31_诱虫量,东坝福明农场稻纵_1_31_诱虫量,东坝福明农场稻纵,1,江苏省南京市高淳区,00001ce0,稻纵卷叶螟,2023,33,2023-08-13,2023-08-19,7,33.7,23.9,86.57,81.29,26.5,2.19,77.01,29.64,279.0,279.0,39.857142857142854,30.706666666666667,76.07666666666667,67.0,0.0,7.0,24.666666666666668,67.0,12.5,67.0,35.1,34.1,24.0,24.7,83.71,85.66666666666667,75.14,77.47666666666667,10.3,23.900000000000002,2.08,3.0533333333333332,79.69,75.60000000000001,33.11,31.88,176.0
东坝福明农场稻纵_1_31_诱虫量,东坝福明农场稻纵_1_31_诱虫量,东坝福明农场稻纵,1,江苏省南京市高淳区,00001ce0,稻纵卷叶螟,2023,34,2023-08-20,2023-08-26,7,32.0,22.4,82.71,72.0,27.1,2.8,70.93,31.5,176.0,176.0,25.142857142857142,29.073333333333334,79.13666666666667,279.0,67.0,0.0,115.33333333333333,279.0,58.833333333333336,279.0,33.7,34.266666666666666,23.9,24.3,86.57,85.57,81.29,77.62,26.5,17.96666666666667,2.19,2.4566666666666666,77.01,79.35333333333334,29.64,31.86,56.0
东坝福明农场稻纵_1_31_诱虫量,东坝福明农场稻纵_1_31_诱虫量,东坝福明农场稻纵,1,江苏省南京市高淳区,00001ce0,稻纵卷叶螟,2023,35,2023-08-27,2023-09-02,7,29.4,18.5,86.86,78.57,59.2,2.79,42.5,22.49,56.0,56.0,8.0,24.85571428571429,84.29285714285713,176.0,279.0,67.0,174.0,279.0,88.16666666666667,279.0,32.0,33.6,22.4,23.433333333333334,82.71,84.32999999999998,72.0,76.14333333333333,27.1,21.3,2.8,2.3566666666666665,70.93,75.87666666666667,31.5,31.416666666666668,9.0
东坝福明农场稻纵_1_31_诱虫量,东坝福明农场稻纵_1_31_诱虫量,东坝福明农场稻纵,1,江苏省南京市高淳区,00001ce0,稻纵卷叶螟,2023,36,2023-09-03,2023-09-09,7,31.0,21.7,88.0,73.71,2.5,2.83,74.88,29.19,9.0,9.0,1.2857142857142858,28.715714285714284,76.13571428571429,56.0,176.0,279.0,170.33333333333334,279.0,97.5,279.0,29.4,31.7,18.5,21.599999999999998,86.86,85.38,78.57,77.28666666666668,59.2,37.6,2.79,2.5933333333333333,42.5,63.48,22.49,27.876666666666665,41.0
东坝福明农场稻纵_1_31_诱虫量,东坝福明农场稻纵_1_31_诱虫量,东坝福明农场稻纵,1,江苏省南京市高淳区,00001ce0,稻纵卷叶螟,2023,37,2023-09-10,2023-09-16,7,31.4,20.4,87.43,82.14,74.6,2.74,29.78,17.15,41.0,41.0,5.857142857142857,25.91,85.87,9.0,56.0,176.0,80.33333333333333,176.0,97.83333333333333,279.0,31.0,30.8,21.7,20.866666666666664,88.0,85.85666666666667,73.71,74.75999999999999,2.5,29.600000000000005,2.83,2.8066666666666666,74.88,62.77,29.19,27.72666666666667,109.0
东坝福明农场稻纵_1_31_诱虫量,东坝福明农场稻纵_1_31_诱虫量,东坝福明农场稻纵,1,江苏省南京市高淳区,00001ce0,稻纵卷叶螟,2023,38,2023-09-17,2023-09-23,7,32.0,18.8,88.57,77.57,41.3,2.51,30.18,16.82,109.0,109.0,15.571428571428571,24.84857142857143,85.23714285714286,41.0,9.0,56.0,35.333333333333336,56.0,104.66666666666667,279.0,31.4,30.599999999999998,20.4,20.2,87.43,87.43,82.14,78.13999999999999,74.6,45.43333333333334,2.74,2.7866666666666666,29.78,49.053333333333335,17.15,22.94333333333333,48.0
东坝福明农场稻纵_1_31_诱虫量,东坝福明农场稻纵_1_31_诱虫量,东坝福明农场稻纵,1,江苏省南京市高淳区,00001ce0,稻纵卷叶螟,2023,39,2023-09-24,2023-09-30,7,28.2,19.1,89.57,82.43,13.3,2.19,45.28,17.44,48.0,48.0,6.857142857142857,25.225714285714282,85.50571428571428,109.0,41.0,9.0,53.0,109.0,111.66666666666667,279.0,32.0,31.46666666666667,18.8,20.299999999999997,88.57,88.0,77.57,77.80666666666666,41.3,39.46666666666666,2.51,2.6933333333333334,30.18,44.946666666666665,16.82,21.053333333333335,0.0
东坝福明农场稻纵_1_31_诱虫量,东坝福明农场稻纵_1_31_诱虫量,东坝福明农场稻纵,1,江苏省南京市高淳区,00001ce0,稻纵卷叶螟,2023,40,2023-10-01,2023-10-07,7,25.5,15.7,80.86,71.71,21.7,3.55,38.52,19.59,0.0,0.0,0.0,21.333333333333332,80.27666666666666,48.0,109.0,41.0,66.0,109.0,73.16666666666667,176.0,28.2,30.53333333333333,19.1,19.433333333333334,89.57,88.52333333333333,82.43,80.71333333333332,13.3,43.06666666666666,2.19,2.48,45.28,35.080000000000005,17.44,17.136666666666667,0.0
东坝福明农场稻纵_1_31_诱虫量,东坝福明农场稻纵_1_31_诱虫量,东坝福明农场稻纵,1,江苏省南京市高淳区,00001ce0,稻纵卷叶螟,2023,41,2023-10-08,2023-10-14,7,23.6,13.5,84.86,74.14,0.0,2.05,50.14,17.04,0.0,0.0,0.0,20.24142857142857,79.46142857142857,0.0,48.0,109.0,52.333333333333336,109.0,43.833333333333336,109.0,25.5,28.566666666666666,15.7,17.866666666666667,80.86,86.33333333333333,71.71,77.23666666666666,21.7,25.433333333333334,3.55,2.75,38.52,37.99333333333333,19.59,17.95,0.0
东坝福明农场稻纵_1_31_诱虫量,东坝福明农场稻纵_1_31_诱虫量,东坝福明农场稻纵,1,江苏省南京市高淳区,00001ce0,稻纵卷叶螟,2023,42,2023-10-15,2023-10-21,4,26.1,9.6,84.43,62.0,4.0,2.46,71.43,22.45,0.0,0.0,0.0,19.107142857142858,72.35571428571428,0.0,0.0,48.0,16.0,48.0,34.5,109.0,23.6,25.766666666666666,13.5,16.099999999999998,84.86,85.09666666666666,74.14,76.09333333333332,0.0,11.666666666666666,2.05,2.5966666666666662,50.14,44.64666666666667,17.04,18.023333333333333,0.0
东坝福明农场稻纵_1_31_诱虫量,东坝福明农场稻纵_1_31_诱虫量,东坝福明农场稻纵,1,江苏省南京市高淳区,00001ce0,稻纵卷叶螟,2023,43,2023-10-22,2023-10-28,4,25.6,9.6,85.14,64.29,0.0,1.94,60.15,18.61,0.0,0.0,0.0,20.584285714285716,74.26571428571428,0.0,0.0,0.0,0.0,0.0,33.0,109.0,26.1,25.066666666666666,9.6,12.933333333333332,84.43,83.38333333333334,62.0,69.28333333333332,4.0,8.566666666666666,2.46,2.686666666666667,71.43,53.363333333333344,22.45,19.69333333333333,30.0
东坝福明农场稻纵_1_31_诱虫量,东坝福明农场稻纵_1_31_诱虫量,东坝福明农场稻纵,1,江苏省南京市高淳区,00001ce0,稻纵卷叶螟,2024,24,2024-06-10,2024-06-16,2,34.2,20.7,79.71,58.71,0.7,2.43,71.14,35.09,30.0,30.0,15.0,29.75714285714286,69.59285714285714,0.0,0.0,0.0,0.0,0.0,26.166666666666668,109.0,25.6,25.099999999999998,9.6,10.9,85.14,84.81,64.29,66.81,0.0,1.3333333333333333,1.94,2.15,60.15,60.57333333333333,18.61,19.366666666666664,7.0
东坝福明农场稻纵_1_31_诱虫量,东坝福明农场稻纵_1_31_诱虫量,东坝福明农场稻纵,1,江苏省南京市高淳区,00001ce0,稻纵卷叶螟,2024,25,2024-06-17,2024-06-23,7,32.3,21.3,85.0,69.86,96.1,3.32,46.58,27.17,7.0,7.0,1.0,27.172857142857143,82.33142857142857,30.0,0.0,0.0,10.0,30.0,13.0,48.0,34.2,28.633333333333336,20.7,13.299999999999999,79.71,83.09333333333333,58.71,61.666666666666664,0.7,1.5666666666666667,2.43,2.276666666666667,71.14,67.57333333333334,35.09,25.383333333333336,0.0
东坝福明农场稻纵_1_31_诱虫量,东坝福明农场稻纵_1_31_诱虫量,东坝福明农场稻纵,1,江苏省南京市高淳区,00001ce0,稻纵卷叶螟,2024,26,2024-06-24,2024-06-30,7,30.9,20.7,88.71,85.57,179.0,2.73,26.58,17.62,0.0,0.0,0.0,25.584285714285716,89.59857142857143,7.0,30.0,0.0,12.333333333333334,30.0,6.166666666666667,30.0,32.3,30.7,21.3,17.2,85.0,83.28333333333333,69.86,64.28666666666668,96.1,32.266666666666666,3.32,2.563333333333333,46.58,59.29,27.17,26.956666666666667,0.0
东坝福明农场稻纵_1_31_诱虫量,东坝福明农场稻纵_1_31_诱虫量,东坝福明农场稻纵,1,江苏省南京市高淳区,00001ce0,稻纵卷叶螟,2024,27,2024-07-01,2024-07-07,7,34.9,22.6,81.14,78.57,41.8,4.14,62.65,32.6,0.0,0.0,0.0,31.92142857142857,75.53714285714285,0.0,7.0,30.0,12.333333333333334,30.0,6.166666666666667,30.0,30.9,32.46666666666667,20.7,20.900000000000002,88.71,84.47333333333331,85.57,71.38,179.0,91.93333333333334,2.73,2.8266666666666667,26.58,48.1,17.62,26.626666666666665,4.0
东坝福明农场稻纵_1_31_诱虫量,东坝福明农场稻纵_1_31_诱虫量,东坝福明农场稻纵,1,江苏省南京市高淳区,00001ce0,稻纵卷叶螟,2024,28,2024-07-08,2024-07-14,7,35.0,21.4,88.57,86.0,168.8,2.44,20.72,18.18,4.0,4.0,0.5714285714285714,27.889999999999997,88.30285714285715,0.0,0.0,7.0,2.3333333333333335,7.0,6.166666666666667,30.0,34.9,32.699999999999996,22.6,21.53333333333333,81.14,84.95,78.57,78.0,41.8,105.63333333333334,4.14,3.3966666666666665,62.65,45.27,32.6,25.796666666666667,1.0
东坝福明农场稻纵_1_31_诱虫量,东坝福明农场稻纵_1_31_诱虫量,东坝福明农场稻纵,1,江苏省南京市高淳区,00001ce0,稻纵卷叶螟,2024,29,2024-07-15,2024-07-21,7,35.2,24.3,81.86,78.57,22.4,3.39,35.37,25.73,1.0,1.0,0.14285714285714285,33.011428571428574,75.89714285714285,4.0,0.0,0.0,1.3333333333333333,4.0,6.833333333333333,30.0,35.0,33.6,21.4,21.566666666666666,88.57,86.13999999999999,86.0,83.38,168.8,129.86666666666667,2.44,3.103333333333333,20.72,36.65,18.18,22.8,0.0
东坝福明农场稻纵_1_31_诱虫量,东坝福明农场稻纵_1_31_诱虫量,东坝福明农场稻纵,1,江苏省南京市高淳区,00001ce0,稻纵卷叶螟,2024,30,2024-07-22,2024-07-28,7,36.7,27.0,80.57,71.86,6.1,4.7,71.71,37.84,0.0,0.0,0.0,33.17285714285715,72.32428571428572,1.0,4.0,0.0,1.6666666666666667,4.0,7.0,30.0,35.2,35.03333333333334,24.3,22.766666666666666,81.86,83.85666666666667,78.57,81.04666666666667,22.4,77.66666666666667,3.39,3.323333333333333,35.37,39.58,25.73,25.50333333333333,18.0
东坝福明农场稻纵_1_31_诱虫量,东坝福明农场稻纵_1_31_诱虫量,东坝福明农场稻纵,1,江苏省南京市高淳区,00001ce0,稻纵卷叶螟,2024,31,2024-07-29,2024-08-04,7,37.5,27.6,76.0,71.57,9.5,2.75,86.5,40.56,18.0,18.0,2.5714285714285716,35.15428571428571,70.11428571428571,0.0,1.0,4.0,1.6666666666666667,4.0,2.0,7.0,36.7,35.63333333333333,27.0,24.233333333333334,80.57,83.66666666666667,71.86,78.81,6.1,65.76666666666668,4.7,3.5100000000000002,71.71,42.599999999999994,37.84,27.25,37.0
东坝福明农场稻纵_1_31_诱虫量,东坝福明农场稻纵_1_31_诱虫量,东坝福明农场稻纵,1,江苏省南京市高淳区,00001ce0,稻纵卷叶螟,2024,32,2024-08-05,2024-08-11,7,37.8,27.1,76.86,66.71,62.0,1.88,83.96,39.02,37.0,37.0,5.285714285714286,33.9,71.79571428571428,18.0,0.0,1.0,6.333333333333333,18.0,3.8333333333333335,18.0,37.5,36.46666666666667,27.6,26.3,76.0,79.47666666666667,71.57,74.0,9.5,12.666666666666677,2.75,3.6133333333333333,86.5,64.52666666666666,40.56,34.71,45.0
东坝福明农场稻纵_1_31_诱虫量,东坝福明农场稻纵_1_31_诱虫量,东坝福明农场稻纵,1,江苏省南京市高淳区,00001ce0,稻纵卷叶螟,2024,33,2024-08-12,2024-08-18,7,36.3,24.9,84.43,67.71,34.3,2.42,75.24,33.56,45.0,45.0,6.428571428571429,31.364285714285717,76.78428571428572,37.0,18.0,0.0,18.333333333333332,37.0,10.0,37.0,37.8,37.333333333333336,27.1,27.233333333333334,76.86,77.80999999999999,66.71,70.04666666666667,62.0,25.866666666666674,1.88,3.11,83.96,80.72333333333333,39.02,39.14,49.0
东坝福明农场稻纵_1_31_诱虫量,东坝福明农场稻纵_1_31_诱虫量,东坝福明农场稻纵,1,江苏省南京市高淳区,00001ce0,稻纵卷叶螟,2024,34,2024-08-19,2024-08-25,7,34.7,25.4,84.71,77.86,50.4,1.93,64.42,27.34,49.0,49.0,7.0,30.95,81.18285714285715,45.0,37.0,18.0,33.333333333333336,45.0,17.5,45.0,36.3,37.199999999999996,24.9,26.533333333333335,84.43,79.09666666666668,67.71,68.66333333333331,34.3,35.26666666666668,2.42,2.35,75.24,81.89999999999999,33.56,37.71333333333333,73.0
东坝福明农场稻纵_1_31_诱虫量,东坝福明农场稻纵_1_31_诱虫量,东坝福明农场稻纵,1,江苏省南京市高淳区,00001ce0,稻纵卷叶螟,2024,35,2024-08-26,2024-09-01,7,35.2,24.1,83.43,71.71,6.3,2.35,74.77,30.13,73.0,73.0,10.428571428571429,31.888571428571428,76.55428571428571,49.0,45.0,37.0,43.666666666666664,49.0,25.0,49.0,34.7,36.266666666666666,25.4,25.799999999999997,84.71,82.0,77.86,70.75999999999999,50.4,48.90000000000001,1.93,2.0766666666666667,64.42,74.54,27.34,33.306666666666665,168.0
东坝福明农场稻纵_1_31_诱虫量,东坝福明农场稻纵_1_31_诱虫量,东坝福明农场稻纵,1,江苏省南京市高淳区,00001ce0,稻纵卷叶螟,2024,36,2024-09-02,2024-09-08,7,33.8,24.2,79.29,68.43,2.9,3.23,78.8,33.31,168.0,168.0,24.0,30.78142857142857,77.21857142857142,73.0,49.0,45.0,55.666666666666664,73.0,37.0,73.0,35.2,35.4,24.1,24.8,83.43,84.19,71.71,72.42666666666666,6.3,30.333333333333343,2.35,2.2333333333333334,74.77,71.47666666666667,30.13,30.343333333333334,131.0
东坝福明农场稻纵_1_31_诱虫量,东坝福明农场稻纵_1_31_诱虫量,东坝福明农场稻纵,1,江苏省南京市高淳区,00001ce0,稻纵卷叶螟,2024,37,2024-09-09,2024-09-15,7,33.8,23.6,88.14,80.14,83.0,3.4,57.66,23.89,131.0,131.0,18.714285714285715,30.115714285714287,83.58285714285714,168.0,73.0,49.0,96.66666666666667,168.0,65.0,168.0,33.8,34.56666666666667,24.2,24.566666666666663,79.29,82.47666666666667,68.43,72.66666666666667,2.9,19.866666666666678,3.23,2.5033333333333334,78.8,72.66333333333334,33.31,30.26,54.0
东坝福明农场稻纵_1_31_诱虫量,东坝福明农场稻纵_1_31_诱虫量,东坝福明农场稻纵,1,江苏省南京市高淳区,00001ce0,稻纵卷叶螟,2024,38,2024-09-16,2024-09-22,7,31.6,17.4,81.14,76.86,124.9,5.49,54.64,24.01,54.0,54.0,7.714285714285714,26.511428571428574,86.26,131.0,168.0,73.0,124.0,168.0,83.83333333333333,168.0,33.8,34.266666666666666,23.6,23.96666666666667,88.14,83.62,80.14,73.42666666666666,83.0,30.733333333333345,3.4,2.9933333333333336,57.66,70.41,23.89,29.109999999999996,18.0
东坝福明农场稻纵_1_31_诱虫量,东坝福明农场稻纵_1_31_诱虫量,东坝福明农场稻纵,1,江苏省南京市高淳区,00001ce0,稻纵卷叶螟,2024,39,2024-09-23,2024-09-29,7,29.1,15.8,86.14,76.0,15.1,2.67,66.18,23.31,18.0,18.0,2.5714285714285716,25.181428571428572,82.84857142857143,54.0,131.0,168.0,117.66666666666667,168.0,86.66666666666667,168.0,31.6,33.06666666666666,17.4,21.73333333333333,81.14,82.85666666666667,76.86,75.14333333333333,124.9,70.26666666666668,5.49,4.04,54.64,63.70000000000001,24.01,27.069999999999997,13.0
东坝福明农场稻纵_1_31_诱虫量,东坝福明农场稻纵_1_31_诱虫量,东坝福明农场稻纵,1,江苏省南京市高淳区,00001ce0,稻纵卷叶螟,2024,40,2024-09-30,2024-10-06,3,28.6,11.9,79.0,72.14,17.2,3.38,48.16,18.62,13.0,13.0,4.333333333333333,21.13,76.39333333333333,18.0,54.0,131.0,67.66666666666667,131.0,82.16666666666667,168.0,29.1,31.5,15.8,18.933333333333334,86.14,85.14,76.0,77.66666666666667,15.1,74.33333333333334,2.67,3.853333333333333,66.18,59.49333333333334,23.31,23.736666666666665,
东坝街道马家冲_1_15_诱虫量,东坝街道马家冲_1_15_诱虫量,东坝街道马家冲,1,江苏省南京市高淳区,00002609,稻纵卷叶螟,2023,32,2023-08-06,2023-08-12,1,35.1,24.0,83.71,75.14,10.3,2.08,79.69,33.11,6.0,6.0,6.0,28.1,53.2,,,,,,,,,,,,,,,,,,,,,,,,16.0
东坝街道马家冲_1_15_诱虫量,东坝街道马家冲_1_15_诱虫量,东坝街道马家冲,1,江苏省南京市高淳区,00002609,稻纵卷叶螟,2023,34,2023-08-20,2023-08-26,3,32.0,22.4,82.71,72.0,27.1,2.8,70.93,31.5,16.0,16.0,5.333333333333333,29.02333333333333,80.97,6.0,,,6.0,6.0,6.0,6.0,35.1,35.1,24.0,24.0,83.71,83.71,75.14,75.14,10.3,10.3,2.08,2.08,79.69,79.69,33.11,33.11,4.0
东坝街道马家冲_1_15_诱虫量,东坝街道马家冲_1_15_诱虫量,东坝街道马家冲,1,江苏省南京市高淳区,00002609,稻纵卷叶螟,2023,35,2023-08-27,2023-09-02,7,29.4,18.5,86.86,78.57,59.2,2.79,42.5,22.49,4.0,4.0,0.5714285714285714,23.885714285714283,89.26857142857143,16.0,6.0,,11.0,16.0,11.0,16.0,32.0,33.55,22.4,23.2,82.71,83.21,72.0,73.57,27.1,18.700000000000003,2.8,2.44,70.93,75.31,31.5,32.305,3.0
东坝街道马家冲_1_15_诱虫量,东坝街道马家冲_1_15_诱虫量,东坝街道马家冲,1,江苏省南京市高淳区,00002609,稻纵卷叶螟,2023,36,2023-09-03,2023-09-09,7,31.0,21.7,88.0,73.71,2.5,2.83,74.88,29.19,3.0,3.0,0.42857142857142855,27.944285714285716,80.54428571428572,4.0,16.0,6.0,8.666666666666666,16.0,8.666666666666666,16.0,29.4,32.166666666666664,18.5,21.633333333333336,86.86,84.42666666666666,78.57,75.23666666666666,59.2,32.2,2.79,2.5566666666666666,42.5,64.37333333333333,22.49,29.03333333333333,2.0
东坝街道马家冲_1_15_诱虫量,东坝街道马家冲_1_15_诱虫量,东坝街道马家冲,1,江苏省南京市高淳区,00002609,稻纵卷叶螟,2023,37,2023-09-10,2023-09-16,7,31.4,20.4,87.43,82.14,74.6,2.74,29.78,17.15,2.0,2.0,0.2857142857142857,25.092857142857145,89.88857142857144,3.0,4.0,16.0,7.666666666666667,16.0,7.25,16.0,31.0,30.8,21.7,20.866666666666664,88.0,85.85666666666667,73.71,74.76,2.5,29.600000000000005,2.83,2.8066666666666666,74.88,62.77,29.19,27.72666666666667,0.0
东坝街道马家冲_1_15_诱虫量,东坝街道马家冲_1_15_诱虫量,东坝街道马家冲,1,江苏省南京市高淳区,00002609,稻纵卷叶螟,2023,38,2023-09-17,2023-09-23,7,32.0,18.8,88.57,77.57,41.3,2.51,30.18,16.82,0.0,0.0,0.0,24.22,88.56714285714285,2.0,3.0,4.0,3.0,4.0,6.2,16.0,31.4,30.599999999999998,20.4,20.2,87.43,87.43,82.14,78.13999999999999,74.6,45.43333333333334,2.74,2.7866666666666666,29.78,49.053333333333335,17.15,22.94333333333333,0.0
东坝街道马家冲_1_15_诱虫量,东坝街道马家冲_1_15_诱虫量,东坝街道马家冲,1,江苏省南京市高淳区,00002609,稻纵卷叶螟,2023,39,2023-09-24,2023-09-30,7,28.2,19.1,89.57,82.43,13.3,2.19,45.28,17.44,0.0,0.0,0.0,24.068571428571428,89.0942857142857,0.0,2.0,3.0,1.6666666666666667,3.0,5.166666666666667,16.0,32.0,31.46666666666667,18.8,20.3,88.57,88.0,77.57,77.80666666666666,41.3,39.46666666666666,2.51,2.6933333333333334,30.18,44.946666666666665,16.82,21.053333333333335,0.0
东坝街道马家冲_1_15_诱虫量,东坝街道马家冲_1_15_诱虫量,东坝街道马家冲,1,江苏省南京市高淳区,00002609,稻纵卷叶螟,2023,40,2023-10-01,2023-10-07,7,25.5,15.7,80.86,71.71,21.7,3.55,38.52,19.59,0.0,0.0,0.0,20.39428571428571,80.9057142857143,0.0,0.0,2.0,0.6666666666666666,2.0,4.166666666666667,16.0,28.2,30.53333333333333,19.1,19.433333333333334,89.57,88.52333333333333,82.43,80.71333333333332,13.3,43.06666666666666,2.19,2.48,45.28,35.080000000000005,17.44,17.136666666666667,0.0
东坝街道马家冲_1_15_诱虫量,东坝街道马家冲_1_15_诱虫量,东坝街道马家冲,1,江苏省南京市高淳区,00002609,稻纵卷叶螟,2023,41,2023-10-08,2023-10-14,7,23.6,13.5,84.86,74.14,0.0,2.05,50.14,17.04,0.0,0.0,0.0,20.005714285714284,81.36714285714287,0.0,0.0,0.0,0.0,0.0,1.5,4.0,25.5,28.566666666666666,15.7,17.86666666666667,80.86,86.33333333333333,71.71,77.23666666666666,21.7,25.433333333333334,3.55,2.75,38.52,37.99333333333333,19.59,17.95,0.0
东坝街道马家冲_1_15_诱虫量,东坝街道马家冲_1_15_诱虫量,东坝街道马家冲,1,江苏省南京市高淳区,00002609,稻纵卷叶螟,2023,42,2023-10-15,2023-10-21,7,26.1,9.6,84.43,62.0,4.0,2.46,71.43,22.45,0.0,0.0,0.0,19.91142857142857,70.80857142857143,0.0,0.0,0.0,0.0,0.0,0.8333333333333334,3.0,23.6,25.766666666666666,13.5,16.099999999999998,84.86,85.09666666666665,74.14,76.09333333333332,0.0,11.666666666666666,2.05,2.5966666666666662,50.14,44.64666666666667,17.04,18.023333333333333,0.0
东坝街道马家冲_1_15_诱虫量,东坝街道马家冲_1_15_诱虫量,东坝街道马家冲,1,江苏省南京市高淳区,00002609,稻纵卷叶螟,2023,43,2023-10-22,2023-10-28,5,25.6,9.6,85.14,64.29,0.0,1.94,60.15,18.61,0.0,0.0,0.0,20.413999999999998,74.344,0.0,0.0,0.0,0.0,0.0,0.3333333333333333,2.0,26.1,25.066666666666666,9.6,12.933333333333332,84.43,83.38333333333333,62.0,69.28333333333332,4.0,8.566666666666666,2.46,2.686666666666667,71.43,53.363333333333344,22.45,19.69333333333333,0.0
东坝街道马家冲_1_15_诱虫量,东坝街道马家冲_1_15_诱虫量,东坝街道马家冲,1,江苏省南京市高淳区,00002609,稻纵卷叶螟,2024,22,2024-05-27,2024-06-02,2,26.9,14.2,77.71,68.43,42.5,2.69,50.74,25.99,0.0,0.0,0.0,24.515,66.965,0.0,0.0,0.0,0.0,0.0,0.0,0.0,25.6,25.099999999999998,9.6,10.9,85.14,84.81,64.29,66.81,0.0,1.3333333333333333,1.94,2.15,60.15,60.57333333333333,18.61,19.366666666666664,0.0
东坝街道马家冲_1_15_诱虫量,东坝街道马家冲_1_15_诱虫量,东坝街道马家冲,1,江苏省南京市高淳区,00002609,稻纵卷叶螟,2024,23,2024-06-03,2024-06-09,7,30.9,17.1,76.86,61.71,5.2,2.43,62.66,30.94,0.0,0.0,0.0,24.978571428571428,72.99714285714286,0.0,0.0,0.0,0.0,0.0,0.0,0.0,26.9,26.200000000000003,14.2,11.133333333333333,77.71,82.42666666666666,68.43,64.90666666666668,42.5,15.5,2.69,2.3633333333333333,50.74,60.77333333333333,25.99,22.349999999999998,3.0
东坝街道马家冲_1_15_诱虫量,东坝街道马家冲_1_15_诱虫量,东坝街道马家冲,1,江苏省南京市高淳区,00002609,稻纵卷叶螟,2024,24,2024-06-10,2024-06-16,7,34.2,20.7,79.71,58.71,0.7,2.43,71.14,35.09,3.0,3.0,0.42857142857142855,29.83857142857143,70.84714285714286,0.0,0.0,0.0,0.0,0.0,0.0,0.0,30.9,27.799999999999997,17.1,13.633333333333333,76.86,79.90333333333332,61.71,64.81,5.2,15.9,2.43,2.353333333333333,62.66,57.85,30.94,25.179999999999996,1.0
东坝街道马家冲_1_15_诱虫量,东坝街道马家冲_1_15_诱虫量,东坝街道马家冲,1,江苏省南京市高淳区,00002609,稻纵卷叶螟,2024,25,2024-06-17,2024-06-23,7,32.3,21.3,85.0,69.86,96.1,3.32,46.58,27.17,1.0,1.0,0.14285714285714285,26.73428571428571,86.00999999999999,3.0,0.0,0.0,1.0,3.0,0.5,3.0,34.2,30.666666666666668,20.7,17.333333333333332,79.71,78.09333333333332,58.71,62.949999999999996,0.7,16.133333333333333,2.43,2.516666666666667,71.14,61.51333333333333,35.09,30.673333333333332,3.0
东坝街道马家冲_1_15_诱虫量,东坝街道马家冲_1_15_诱虫量,东坝街道马家冲,1,江苏省南京市高淳区,00002609,稻纵卷叶螟,2024,26,2024-06-24,2024-06-30,7,30.9,20.7,88.71,85.57,179.0,2.73,26.58,17.62,3.0,3.0,0.42857142857142855,24.647142857142857,93.23142857142857,1.0,3.0,0.0,1.3333333333333333,3.0,0.6666666666666666,3.0,32.3,32.46666666666666,21.3,19.7,85.0,80.52333333333333,69.86,63.42666666666667,96.1,34.0,3.32,2.7266666666666666,46.58,60.126666666666665,27.17,31.066666666666666,7.0
东坝街道马家冲_1_15_诱虫量,东坝街道马家冲_1_15_诱虫量,东坝街道马家冲,1,江苏省南京市高淳区,00002609,稻纵卷叶螟,2024,27,2024-07-01,2024-07-07,7,34.9,22.6,81.14,78.57,41.8,4.14,62.65,32.6,7.0,7.0,1.0,31.054285714285715,79.02285714285713,3.0,1.0,3.0,2.3333333333333335,3.0,1.1666666666666667,3.0,30.9,32.46666666666667,20.7,20.900000000000002,88.71,84.47333333333333,85.57,71.38,179.0,91.93333333333334,2.73,2.8266666666666667,26.58,48.1,17.62,26.62666666666667,3.0
东坝街道马家冲_1_15_诱虫量,东坝街道马家冲_1_15_诱虫量,东坝街道马家冲,1,江苏省南京市高淳区,00002609,稻纵卷叶螟,2024,28,2024-07-08,2024-07-14,7,35.0,21.4,88.57,86.0,168.8,2.44,20.72,18.18,3.0,3.0,0.42857142857142855,27.169999999999998,91.52857142857144,7.0,3.0,1.0,3.6666666666666665,7.0,2.3333333333333335,7.0,34.9,32.699999999999996,22.6,21.53333333333333,81.14,84.94999999999999,78.57,78.0,41.8,105.63333333333334,4.14,3.3966666666666665,62.65,45.27,32.6,25.796666666666667,2.0
东坝街道马家冲_1_15_诱虫量,东坝街道马家冲_1_15_诱虫量,东坝街道马家冲,1,江苏省南京市高淳区,00002609,稻纵卷叶螟,2024,29,2024-07-15,2024-07-21,7,35.2,24.3,81.86,78.57,22.4,3.39,35.37,25.73,2.0,2.0,0.2857142857142857,32.598571428571425,78.21714285714286,3.0,7.0,3.0,4.333333333333333,7.0,2.8333333333333335,7.0,35.0,33.6,21.4,21.566666666666666,88.57,86.13999999999999,86.0,83.38,168.8,129.86666666666667,2.44,3.103333333333333,20.72,36.65,18.18,22.8,7.0
东坝街道马家冲_1_15_诱虫量,东坝街道马家冲_1_15_诱虫量,东坝街道马家冲,1,江苏省南京市高淳区,00002609,稻纵卷叶螟,2024,30,2024-07-22,2024-07-28,7,36.7,27.0,80.57,71.86,6.1,4.7,71.71,37.84,7.0,7.0,1.0,32.65714285714286,75.23,2.0,3.0,7.0,4.0,7.0,3.1666666666666665,7.0,35.2,35.03333333333334,24.3,22.766666666666666,81.86,83.85666666666667,78.57,81.04666666666667,22.4,77.66666666666667,3.39,3.323333333333333,35.37,39.58,25.73,25.50333333333333,18.0
东坝街道马家冲_1_15_诱虫量,东坝街道马家冲_1_15_诱虫量,东坝街道马家冲,1,江苏省南京市高淳区,00002609,稻纵卷叶螟,2024,31,2024-07-29,2024-08-04,7,37.5,27.6,76.0,71.57,9.5,2.75,86.5,40.56,18.0,18.0,2.5714285714285716,34.44428571428571,74.82285714285715,7.0,2.0,3.0,4.0,7.0,3.8333333333333335,7.0,36.7,35.63333333333333,27.0,24.233333333333334,80.57,83.66666666666667,71.86,78.81,6.1,65.76666666666668,4.7,3.5100000000000002,71.71,42.599999999999994,37.84,27.25,46.0
东坝街道马家冲_1_15_诱虫量,东坝街道马家冲_1_15_诱虫量,东坝街道马家冲,1,江苏省南京市高淳区,00002609,稻纵卷叶螟,2024,32,2024-08-05,2024-08-11,7,37.8,27.1,76.86,66.71,62.0,1.88,83.96,39.02,46.0,46.0,6.571428571428571,33.57714285714285,74.50142857142858,18.0,7.0,2.0,9.0,18.0,6.666666666666667,18.0,37.5,36.46666666666667,27.6,26.3,76.0,79.47666666666667,71.57,74.0,9.5,12.666666666666677,2.75,3.6133333333333333,86.5,64.52666666666666,40.56,34.71,81.0
东坝街道马家冲_1_15_诱虫量,东坝街道马家冲_1_15_诱虫量,东坝街道马家冲,1,江苏省南京市高淳区,00002609,稻纵卷叶螟,2024,33,2024-08-12,2024-08-18,7,36.3,24.9,84.43,67.71,34.3,2.42,75.24,33.56,81.0,81.0,11.571428571428571,30.84,80.02142857142857,46.0,18.0,7.0,23.666666666666668,46.0,13.833333333333334,46.0,37.8,37.333333333333336,27.1,27.233333333333334,76.86,77.81,66.71,70.04666666666667,62.0,25.866666666666674,1.88,3.11,83.96,80.72333333333333,39.02,39.14,42.0
东坝街道马家冲_1_15_诱虫量,东坝街道马家冲_1_15_诱虫量,东坝街道马家冲,1,江苏省南京市高淳区,00002609,稻纵卷叶螟,2024,34,2024-08-19,2024-08-25,7,34.7,25.4,84.71,77.86,50.4,1.93,64.42,27.34,42.0,42.0,6.0,30.485714285714288,84.04857142857144,81.0,46.0,18.0,48.333333333333336,81.0,26.166666666666668,81.0,36.3,37.199999999999996,24.9,26.533333333333335,84.43,79.09666666666668,67.71,68.66333333333331,34.3,35.26666666666668,2.42,2.35,75.24,81.89999999999999,33.56,37.71333333333333,60.0
东坝街道马家冲_1_15_诱虫量,东坝街道马家冲_1_15_诱虫量,东坝街道马家冲,1,江苏省南京市高淳区,00002609,稻纵卷叶螟,2024,35,2024-08-26,2024-09-01,7,35.2,24.1,83.43,71.71,6.3,2.35,74.77,30.13,60.0,60.0,8.571428571428571,30.91857142857143,81.78142857142858,42.0,81.0,46.0,56.333333333333336,81.0,32.666666666666664,81.0,34.7,36.266666666666666,25.4,25.799999999999997,84.71,82.0,77.86,70.75999999999999,50.4,48.90000000000001,1.93,2.0766666666666667,64.42,74.54,27.34,33.306666666666665,48.0
东坝街道马家冲_1_15_诱虫量,东坝街道马家冲_1_15_诱虫量,东坝街道马家冲,1,江苏省南京市高淳区,00002609,稻纵卷叶螟,2024,36,2024-09-02,2024-09-08,7,33.8,24.2,79.29,68.43,2.9,3.23,78.8,33.31,48.0,48.0,6.857142857142857,30.535714285714285,79.12285714285714,60.0,42.0,81.0,61.0,81.0,42.333333333333336,81.0,35.2,35.4,24.1,24.8,83.43,84.19,71.71,72.42666666666666,6.3,30.333333333333343,2.35,2.2333333333333334,74.77,71.47666666666667,30.13,30.343333333333334,291.0
东坝街道马家冲_1_15_诱虫量,东坝街道马家冲_1_15_诱虫量,东坝街道马家冲,1,江苏省南京市高淳区,00002609,稻纵卷叶螟,2024,37,2024-09-09,2024-09-15,7,33.8,23.6,88.14,80.14,83.0,3.4,57.66,23.89,291.0,291.0,41.57142857142857,29.632857142857144,84.57285714285715,48.0,60.0,42.0,50.0,60.0,49.166666666666664,81.0,33.8,34.56666666666667,24.2,24.566666666666663,79.29,82.47666666666667,68.43,72.66666666666667,2.9,19.866666666666678,3.23,2.5033333333333334,78.8,72.66333333333334,33.31,30.26,109.0
东坝街道马家冲_1_15_诱虫量,东坝街道马家冲_1_15_诱虫量,东坝街道马家冲,1,江苏省南京市高淳区,00002609,稻纵卷叶螟,2024,38,2024-09-16,2024-09-22,7,31.6,17.4,81.14,76.86,124.9,5.49,54.64,24.01,109.0,109.0,15.571428571428571,26.032857142857143,86.54142857142857,291.0,48.0,60.0,133.0,291.0,94.66666666666667,291.0,33.8,34.266666666666666,23.6,23.96666666666667,88.14,83.62,80.14,73.42666666666666,83.0,30.733333333333345,3.4,2.9933333333333336,57.66,70.41,23.89,29.109999999999996,22.0
东坝街道马家冲_1_15_诱虫量,东坝街道马家冲_1_15_诱虫量,东坝街道马家冲,1,江苏省南京市高淳区,00002609,稻纵卷叶螟,2024,39,2024-09-23,2024-09-29,7,29.1,15.8,86.14,76.0,15.1,2.67,66.18,23.31,22.0,22.0,3.142857142857143,24.47,84.52857142857144,109.0,291.0,48.0,149.33333333333334,291.0,105.16666666666667,291.0,31.6,33.06666666666666,17.4,21.73333333333333,81.14,82.85666666666667,76.86,75.14333333333333,124.9,70.26666666666668,5.49,4.04,54.64,63.70000000000001,24.01,27.069999999999997,27.0
东坝街道马家冲_1_15_诱虫量,东坝街道马家冲_1_15_诱虫量,东坝街道马家冲,1,江苏省南京市高淳区,00002609,稻纵卷叶螟,2024,40,2024-09-30,2024-10-06,7,28.6,11.9,79.0,72.14,17.2,3.38,48.16,18.62,27.0,27.0,3.857142857142857,18.737142857142857,85.83142857142857,22.0,109.0,291.0,140.66666666666666,291.0,95.33333333333333,291.0,29.1,31.5,15.8,18.933333333333334,86.14,85.14,76.0,77.66666666666667,15.1,74.33333333333334,2.67,3.853333333333333,66.18,59.49333333333334,23.31,23.736666666666665,5.0
东坝街道马家冲_1_15_诱虫量,东坝街道马家冲_1_15_诱虫量,东坝街道马家冲,1,江苏省南京市高淳区,00002609,稻纵卷叶螟,2024,41,2024-10-07,2024-10-13,7,25.2,13.1,85.0,74.71,16.7,2.16,49.5,16.94,5.0,5.0,0.7142857142857143,18.512857142857143,86.97428571428573,27.0,22.0,109.0,52.666666666666664,109.0,92.83333333333333,291.0,28.6,29.76666666666667,11.9,15.033333333333333,79.0,82.09333333333333,72.14,75.0,17.2,52.40000000000001,3.38,3.846666666666667,48.16,56.326666666666675,18.62,21.98,18.0
东坝街道马家冲_1_15_诱虫量,东坝街道马家冲_1_15_诱虫量,东坝街道马家冲,1,江苏省南京市高淳区,00002609,稻纵卷叶螟,2024,42,2024-10-14,2024-10-20,7,27.2,11.2,86.57,77.0,49.2,3.66,31.77,14.95,18.0,18.0,2.5714285714285716,19.805714285714284,89.86285714285714,5.0,27.0,22.0,18.0,27.0,83.66666666666667,291.0,25.2,27.633333333333336,13.1,13.6,85.0,83.38,74.71,74.28333333333332,16.7,16.333333333333343,2.16,2.736666666666667,49.5,54.613333333333344,16.94,19.62333333333333,25.0
东坝街道马家冲_1_15_诱虫量,东坝街道马家冲_1_15_诱虫量,东坝街道马家冲,1,江苏省南京市高淳区,00002609,稻纵卷叶螟,2024,43,2024-10-21,2024-10-27,7,22.3,8.6,88.29,80.43,20.0,3.16,35.15,12.25,25.0,25.0,3.5714285714285716,16.32857142857143,89.47142857142856,18.0,5.0,27.0,16.666666666666668,27.0,78.66666666666667,291.0,27.2,27.0,11.2,12.066666666666668,86.57,83.52333333333333,77.0,74.61666666666666,49.2,27.700000000000006,3.66,3.0666666666666664,31.77,43.14333333333334,14.95,16.836666666666662,0.0
东坝街道马家冲_1_15_诱虫量,东坝街道马家冲_1_15_诱虫量,东坝街道马家冲,1,江苏省南京市高淳区,00002609,稻纵卷叶螟,2024,44,2024-10-28,2024-11-03,3,22.0,9.3,87.57,74.57,6.8,2.95,55.84,15.81,0.0,0.0,0.0,15.185,85.27000000000001,25.0,18.0,5.0,16.0,25.0,34.333333333333336,109.0,22.3,24.900000000000002,8.6,10.966666666666667,88.29,86.62,80.43,77.38,20.0,28.633333333333344,3.16,2.9933333333333336,35.15,38.80666666666667,12.25,14.713333333333331,
六合区龙池街道朱云村一拖三水稻_1_17_诱虫量,六合区龙池街道朱云村一拖三水稻_1_17_诱虫量,六合区龙池街道朱云村一拖三水稻,1,江苏省南京市六合区,00001f6f,稻纵卷叶螟,2023,22,2023-05-28,2023-06-03,3,32.3,20.1,84.14,74.14,29.6,2.38,48.59,25.72,1.0,1.0,0.3333333333333333,26.856666666666666,56.47,,,,,,,,,,,,,,,,,,,,,,,,2.0
六合区龙池街道朱云村一拖三水稻_1_17_诱虫量,六合区龙池街道朱云村一拖三水稻_1_17_诱虫量,六合区龙池街道朱云村一拖三水稻,1,江苏省南京市六合区,00001f6f,稻纵卷叶螟,2023,23,2023-06-04,2023-06-10,7,34.2,16.0,80.43,75.0,31.1,2.66,59.78,28.9,2.0,2.0,0.2857142857142857,25.12,69.91142857142857,1.0,,,1.0,1.0,1.0,1.0,32.3,32.3,20.1,20.1,84.14,84.14,74.14,74.14,29.6,29.6,2.38,2.38,48.59,48.59,25.72,25.72,3.0
六合区龙池街道朱云村一拖三水稻_1_17_诱虫量,六合区龙池街道朱云村一拖三水稻_1_17_诱虫量,六合区龙池街道朱云村一拖三水稻,1,江苏省南京市六合区,00001f6f,稻纵卷叶螟,2023,24,2023-06-11,2023-06-17,7,32.4,19.2,80.14,65.0,8.5,2.69,57.13,31.06,3.0,3.0,0.42857142857142855,27.057142857142857,63.755714285714284,2.0,1.0,,1.5,2.0,1.5,2.0,34.2,33.25,16.0,18.05,80.43,82.285,75.0,74.57,31.1,30.35,2.66,2.52,59.78,54.185,28.9,27.31,8.0
六合区龙池街道朱云村一拖三水稻_1_17_诱虫量,六合区龙池街道朱云村一拖三水稻_1_17_诱虫量,六合区龙池街道朱云村一拖三水稻,1,江苏省南京市六合区,00001f6f,稻纵卷叶螟,2023,25,2023-06-18,2023-06-24,7,31.4,20.5,87.57,74.57,82.3,2.55,29.04,21.42,8.0,8.0,1.1428571428571428,26.554285714285715,78.28142857142858,3.0,2.0,1.0,2.0,3.0,2.0,3.0,32.4,32.96666666666667,19.2,18.433333333333334,80.14,81.57000000000001,65.0,71.38,8.5,23.066666666666666,2.69,2.5766666666666667,57.13,55.166666666666664,31.06,28.56,11.0
六合区龙池街道朱云村一拖三水稻_1_17_诱虫量,六合区龙池街道朱云村一拖三水稻_1_17_诱虫量,六合区龙池街道朱云村一拖三水稻,1,江苏省南京市六合区,00001f6f,稻纵卷叶螟,2023,26,2023-06-25,2023-07-01,7,32.8,21.5,86.29,78.86,64.0,2.94,49.98,24.98,11.0,11.0,1.5714285714285714,28.62714285714286,78.21285714285715,8.0,3.0,2.0,4.333333333333333,8.0,3.5,8.0,31.4,32.666666666666664,20.5,18.566666666666666,87.57,82.71333333333332,74.57,71.52333333333333,82.3,40.63333333333333,2.55,2.6333333333333333,29.04,48.65,21.42,27.126666666666665,1.0
六合区龙池街道朱云村一拖三水稻_1_17_诱虫量,六合区龙池街道朱云村一拖三水稻_1_17_诱虫量,六合区龙池街道朱云村一拖三水稻,1,江苏省南京市六合区,00001f6f,稻纵卷叶螟,2023,27,2023-07-02,2023-07-08,7,32.9,23.9,87.86,82.29,123.1,3.4,45.76,24.46,1.0,1.0,0.14285714285714285,29.742857142857144,82.71285714285715,11.0,8.0,3.0,7.333333333333333,11.0,5.0,11.0,32.8,32.199999999999996,21.5,20.400000000000002,86.29,84.66666666666667,78.86,72.81,64.0,51.6,2.94,2.7266666666666666,49.98,45.38333333333333,24.98,25.820000000000004,2.0
六合区龙池街道朱云村一拖三水稻_1_17_诱虫量,六合区龙池街道朱云村一拖三水稻_1_17_诱虫量,六合区龙池街道朱云村一拖三水稻,1,江苏省南京市六合区,00001f6f,稻纵卷叶螟,2023,28,2023-07-09,2023-07-15,5,34.9,24.6,84.57,77.0,27.6,3.38,49.19,28.48,2.0,2.0,0.4,29.380000000000003,83.226,1.0,11.0,8.0,6.666666666666667,11.0,4.333333333333333,11.0,32.9,32.36666666666667,23.9,21.966666666666665,87.86,87.24000000000001,82.29,78.57333333333334,123.1,89.8,3.4,2.9633333333333334,45.76,41.593333333333334,24.46,23.62,10.0
六合区龙池街道朱云村一拖三水稻_1_17_诱虫量,六合区龙池街道朱云村一拖三水稻_1_17_诱虫量,六合区龙池街道朱云村一拖三水稻,1,江苏省南京市六合区,00001f6f,稻纵卷叶螟,2023,29,2023-07-16,2023-07-22,7,31.5,23.5,89.43,84.71,117.0,2.29,34.08,19.55,10.0,10.0,1.4285714285714286,27.997142857142855,84.38,2.0,1.0,11.0,4.666666666666667,11.0,4.5,11.0,34.9,33.53333333333333,24.6,23.333333333333332,84.57,86.24000000000001,77.0,79.38333333333334,27.6,71.56666666666666,3.38,3.2399999999999998,49.19,48.31,28.48,25.973333333333333,0.0
六合区龙池街道朱云村一拖三水稻_1_17_诱虫量,六合区龙池街道朱云村一拖三水稻_1_17_诱虫量,六合区龙池街道朱云村一拖三水稻,1,江苏省南京市六合区,00001f6f,稻纵卷叶螟,2023,30,2023-07-23,2023-07-29,7,33.2,25.1,86.86,80.86,44.3,3.98,65.75,29.7,0.0,0.0,0.0,30.02,78.20857142857143,10.0,2.0,1.0,4.333333333333333,10.0,5.833333333333333,11.0,31.5,33.1,23.5,24.0,89.43,87.28666666666668,84.71,81.33333333333333,117.0,89.23333333333333,2.29,3.0233333333333334,34.08,43.01,19.55,24.163333333333338,2.0
六合区龙池街道朱云村一拖三水稻_1_17_诱虫量,六合区龙池街道朱云村一拖三水稻_1_17_诱虫量,六合区龙池街道朱云村一拖三水稻,1,江苏省南京市六合区,00001f6f,稻纵卷叶螟,2023,31,2023-07-30,2023-08-05,7,34.0,25.0,86.43,76.43,17.1,3.1,81.36,32.83,2.0,2.0,0.2857142857142857,30.83142857142857,76.99428571428572,0.0,10.0,2.0,4.0,10.0,5.333333333333333,11.0,33.2,33.2,25.1,24.400000000000002,86.86,86.95333333333333,80.86,80.85666666666667,44.3,62.96666666666666,3.98,3.2166666666666663,65.75,49.673333333333325,29.7,25.91,6.0
六合区龙池街道朱云村一拖三水稻_1_17_诱虫量,六合区龙池街道朱云村一拖三水稻_1_17_诱虫量,六合区龙池街道朱云村一拖三水稻,1,江苏省南京市六合区,00001f6f,稻纵卷叶螟,2023,32,2023-08-06,2023-08-12,7,35.1,24.0,83.71,75.14,10.3,2.08,79.69,33.11,6.0,6.0,0.8571428571428571,30.414285714285715,75.39571428571428,2.0,0.0,10.0,4.0,10.0,4.333333333333333,11.0,34.0,32.9,25.0,24.53333333333333,86.43,87.57333333333334,76.43,80.66666666666667,17.1,59.46666666666667,3.1,3.1233333333333335,81.36,60.39666666666667,32.83,27.36,9.0
六合区龙池街道朱云村一拖三水稻_1_17_诱虫量,六合区龙池街道朱云村一拖三水稻_1_17_诱虫量,六合区龙池街道朱云村一拖三水稻,1,江苏省南京市六合区,00001f6f,稻纵卷叶螟,2023,33,2023-08-13,2023-08-19,7,33.7,23.9,86.57,81.29,26.5,2.19,77.01,29.64,9.0,9.0,1.2857142857142858,30.818571428571428,73.67,6.0,2.0,0.0,2.6666666666666665,6.0,3.5,10.0,35.1,34.1,24.0,24.7,83.71,85.66666666666667,75.14,77.47666666666667,10.3,23.900000000000002,2.08,3.0533333333333332,79.69,75.60000000000001,33.11,31.88,6.0
六合区龙池街道朱云村一拖三水稻_1_17_诱虫量,六合区龙池街道朱云村一拖三水稻_1_17_诱虫量,六合区龙池街道朱云村一拖三水稻,1,江苏省南京市六合区,00001f6f,稻纵卷叶螟,2023,34,2023-08-20,2023-08-26,7,32.0,22.4,82.71,72.0,27.1,2.8,70.93,31.5,6.0,6.0,0.8571428571428571,29.03,74.38285714285713,9.0,6.0,2.0,5.666666666666667,9.0,4.833333333333333,10.0,33.7,34.26666666666667,23.9,24.3,86.57,85.57,81.29,77.62,26.5,17.96666666666667,2.19,2.4566666666666666,77.01,79.35333333333334,29.64,31.86,25.0
六合区龙池街道朱云村一拖三水稻_1_17_诱虫量,六合区龙池街道朱云村一拖三水稻_1_17_诱虫量,六合区龙池街道朱云村一拖三水稻,1,江苏省南京市六合区,00001f6f,稻纵卷叶螟,2023,35,2023-08-27,2023-09-02,7,29.4,18.5,86.86,78.57,59.2,2.79,42.5,22.49,25.0,25.0,3.5714285714285716,25.964285714285715,76.2942857142857,6.0,9.0,6.0,7.0,9.0,5.5,10.0,32.0,33.6,22.4,23.433333333333334,82.71,84.32999999999998,72.0,76.14333333333333,27.1,21.3,2.8,2.3566666666666665,70.93,75.87666666666667,31.5,31.416666666666668,6.0
六合区龙池街道朱云村一拖三水稻_1_17_诱虫量,六合区龙池街道朱云村一拖三水稻_1_17_诱虫量,六合区龙池街道朱云村一拖三水稻,1,江苏省南京市六合区,00001f6f,稻纵卷叶螟,2023,36,2023-09-03,2023-09-09,7,31.0,21.7,88.0,73.71,2.5,2.83,74.88,29.19,6.0,6.0,0.8571428571428571,27.368571428571425,75.74000000000001,25.0,6.0,9.0,13.333333333333334,25.0,8.0,25.0,29.4,31.700000000000003,18.5,21.599999999999998,86.86,85.38,78.57,77.28666666666668,59.2,37.6,2.79,2.5933333333333333,42.5,63.48,22.49,27.876666666666665,10.0
六合区龙池街道朱云村一拖三水稻_1_17_诱虫量,六合区龙池街道朱云村一拖三水稻_1_17_诱虫量,六合区龙池街道朱云村一拖三水稻,1,江苏省南京市六合区,00001f6f,稻纵卷叶螟,2023,37,2023-09-10,2023-09-16,7,31.4,20.4,87.43,82.14,74.6,2.74,29.78,17.15,10.0,10.0,1.4285714285714286,25.011428571428574,82.53571428571429,6.0,25.0,6.0,12.333333333333334,25.0,9.0,25.0,31.0,30.8,21.7,20.866666666666664,88.0,85.85666666666667,73.71,74.75999999999999,2.5,29.600000000000005,2.83,2.8066666666666666,74.88,62.77,29.19,27.72666666666667,6.0
六合区龙池街道朱云村一拖三水稻_1_17_诱虫量,六合区龙池街道朱云村一拖三水稻_1_17_诱虫量,六合区龙池街道朱云村一拖三水稻,1,江苏省南京市六合区,00001f6f,稻纵卷叶螟,2023,38,2023-09-17,2023-09-23,7,32.0,18.8,88.57,77.57,41.3,2.51,30.18,16.82,6.0,6.0,0.8571428571428571,24.747142857142855,80.69714285714285,10.0,6.0,25.0,13.666666666666666,25.0,10.333333333333334,25.0,31.4,30.599999999999998,20.4,20.2,87.43,87.43,82.14,78.13999999999999,74.6,45.43333333333334,2.74,2.7866666666666666,29.78,49.053333333333335,17.15,22.94333333333333,0.0
六合区龙池街道朱云村一拖三水稻_1_17_诱虫量,六合区龙池街道朱云村一拖三水稻_1_17_诱虫量,六合区龙池街道朱云村一拖三水稻,1,江苏省南京市六合区,00001f6f,稻纵卷叶螟,2023,39,2023-09-24,2023-09-30,7,28.2,19.1,89.57,82.43,13.3,2.19,45.28,17.44,0.0,0.0,0.0,24.254285714285714,81.52,6.0,10.0,6.0,7.333333333333333,10.0,10.333333333333334,25.0,32.0,31.46666666666667,18.8,20.299999999999997,88.57,88.0,77.57,77.80666666666666,41.3,39.46666666666666,2.51,2.6933333333333334,30.18,44.946666666666665,16.82,21.053333333333335,0.0
六合区龙池街道朱云村一拖三水稻_1_17_诱虫量,六合区龙池街道朱云村一拖三水稻_1_17_诱虫量,六合区龙池街道朱云村一拖三水稻,1,江苏省南京市六合区,00001f6f,稻纵卷叶螟,2023,40,2023-10-01,2023-10-07,7,25.5,15.7,80.86,71.71,21.7,3.55,38.52,19.59,0.0,0.0,0.0,20.44142857142857,74.37,0.0,6.0,10.0,5.333333333333333,10.0,8.833333333333334,25.0,28.2,30.53333333333333,19.1,19.433333333333334,89.57,88.52333333333333,82.43,80.71333333333332,13.3,43.06666666666666,2.19,2.48,45.28,35.080000000000005,17.44,17.136666666666667,2.0
六合区龙池街道朱云村一拖三水稻_1_17_诱虫量,六合区龙池街道朱云村一拖三水稻_1_17_诱虫量,六合区龙池街道朱云村一拖三水稻,1,江苏省南京市六合区,00001f6f,稻纵卷叶螟,2023,41,2023-10-08,2023-10-14,7,23.6,13.5,84.86,74.14,0.0,2.05,50.14,17.04,2.0,2.0,0.2857142857142857,19.41,75.36,0.0,0.0,6.0,2.0,6.0,7.833333333333333,25.0,25.5,28.566666666666666,15.7,17.866666666666667,80.86,86.33333333333333,71.71,77.23666666666666,21.7,25.433333333333334,3.55,2.75,38.52,37.99333333333333,19.59,17.95,0.0
六合区龙池街道朱云村一拖三水稻_1_17_诱虫量,六合区龙池街道朱云村一拖三水稻_1_17_诱虫量,六合区龙池街道朱云村一拖三水稻,1,江苏省南京市六合区,00001f6f,稻纵卷叶螟,2023,42,2023-10-15,2023-10-21,7,26.1,9.6,84.43,62.0,4.0,2.46,71.43,22.45,0.0,0.0,0.0,19.124285714285715,67.16285714285713,2.0,0.0,0.0,0.6666666666666666,2.0,4.0,10.0,23.6,25.766666666666666,13.5,16.099999999999998,84.86,85.09666666666666,74.14,76.09333333333332,0.0,11.666666666666666,2.05,2.5966666666666662,50.14,44.64666666666667,17.04,18.023333333333333,0.0
六合区龙池街道朱云村一拖三水稻_1_17_诱虫量,六合区龙池街道朱云村一拖三水稻_1_17_诱虫量,六合区龙池街道朱云村一拖三水稻,1,江苏省南京市六合区,00001f6f,稻纵卷叶螟,2023,43,2023-10-22,2023-10-28,7,25.6,9.6,85.14,64.29,0.0,1.94,60.15,18.61,0.0,0.0,0.0,19.48428571428571,69.14857142857143,0.0,2.0,0.0,0.6666666666666666,2.0,3.0,10.0,26.1,25.066666666666666,9.6,12.933333333333332,84.43,83.38333333333334,62.0,69.28333333333332,4.0,8.566666666666666,2.46,2.686666666666667,71.43,53.363333333333344,22.45,19.69333333333333,2.0
六合区龙池街道朱云村一拖三水稻_1_17_诱虫量,六合区龙池街道朱云村一拖三水稻_1_17_诱虫量,六合区龙池街道朱云村一拖三水稻,1,江苏省南京市六合区,00001f6f,稻纵卷叶螟,2023,44,2023-10-29,2023-11-04,2,27.6,12.9,83.57,69.14,0.8,2.48,60.23,19.36,2.0,2.0,1.0,19.43,69.22,0.0,0.0,2.0,0.6666666666666666,2.0,1.3333333333333333,6.0,25.6,25.099999999999998,9.6,10.9,85.14,84.81,64.29,66.81,0.0,1.3333333333333333,1.94,2.15,60.15,60.57333333333333,18.61,19.366666666666664,1.0
六合区龙池街道朱云村一拖三水稻_1_17_诱虫量,六合区龙池街道朱云村一拖三水稻_1_17_诱虫量,六合区龙池街道朱云村一拖三水稻,1,江苏省南京市六合区,00001f6f,稻纵卷叶螟,2024,22,2024-05-27,2024-06-02,2,26.9,14.2,77.71,68.43,42.5,2.69,50.74,25.99,1.0,1.0,0.5,25.43,49.595,2.0,0.0,0.0,0.6666666666666666,2.0,0.6666666666666666,2.0,27.6,26.433333333333337,12.9,10.700000000000001,83.57,84.38,69.14,65.14333333333333,0.8,1.5999999999999999,2.48,2.2933333333333334,60.23,63.93666666666667,19.36,20.14,3.0
六合区龙池街道朱云村一拖三水稻_1_17_诱虫量,六合区龙池街道朱云村一拖三水稻_1_17_诱虫量,六合区龙池街道朱云村一拖三水稻,1,江苏省南京市六合区,00001f6f,稻纵卷叶螟,2024,23,2024-06-03,2024-06-09,7,30.9,17.1,76.86,61.71,5.2,2.43,62.66,30.94,3.0,3.0,0.42857142857142855,25.595714285714287,62.97428571428571,1.0,2.0,0.0,1.0,2.0,0.8333333333333334,2.0,26.9,26.7,14.2,12.233333333333333,77.71,82.14,68.43,67.28666666666668,42.5,14.433333333333332,2.69,2.3699999999999997,50.74,57.04,25.99,21.319999999999997,0.0
六合区龙池街道朱云村一拖三水稻_1_17_诱虫量,六合区龙池街道朱云村一拖三水稻_1_17_诱虫量,六合区龙池街道朱云村一拖三水稻,1,江苏省南京市六合区,00001f6f,稻纵卷叶螟,2024,24,2024-06-10,2024-06-16,7,34.2,20.7,79.71,58.71,0.7,2.43,71.14,35.09,0.0,0.0,0.0,29.060000000000002,64.77142857142857,3.0,1.0,2.0,2.0,3.0,1.3333333333333333,3.0,30.9,28.46666666666667,17.1,14.733333333333334,76.86,79.38,61.71,66.42666666666666,5.2,16.166666666666668,2.43,2.533333333333333,62.66,57.876666666666665,30.94,25.429999999999996,11.0
六合区龙池街道朱云村一拖三水稻_1_17_诱虫量,六合区龙池街道朱云村一拖三水稻_1_17_诱虫量,六合区龙池街道朱云村一拖三水稻,1,江苏省南京市六合区,00001f6f,稻纵卷叶螟,2024,25,2024-06-17,2024-06-23,7,32.3,21.3,85.0,69.86,96.1,3.32,46.58,27.17,11.0,11.0,1.5714285714285714,28.074285714285715,71.66,0.0,3.0,1.0,1.3333333333333333,3.0,1.0,3.0,34.2,30.666666666666668,20.7,17.333333333333332,79.71,78.09333333333332,58.71,62.95000000000001,0.7,16.133333333333333,2.43,2.5166666666666666,71.14,61.51333333333333,35.09,30.673333333333332,2.0
六合区龙池街道朱云村一拖三水稻_1_17_诱虫量,六合区龙池街道朱云村一拖三水稻_1_17_诱虫量,六合区龙池街道朱云村一拖三水稻,1,江苏省南京市六合区,00001f6f,稻纵卷叶螟,2024,26,2024-06-24,2024-06-30,7,30.9,20.7,88.71,85.57,179.0,2.73,26.58,17.62,2.0,2.0,0.2857142857142857,26.197142857142858,82.16857142857143,11.0,0.0,3.0,4.666666666666667,11.0,2.8333333333333335,11.0,32.3,32.46666666666667,21.3,19.7,85.0,80.52333333333333,69.86,63.42666666666667,96.1,34.0,3.32,2.7266666666666666,46.58,60.126666666666665,27.17,31.066666666666666,2.0
六合区龙池街道朱云村一拖三水稻_1_17_诱虫量,六合区龙池街道朱云村一拖三水稻_1_17_诱虫量,六合区龙池街道朱云村一拖三水稻,1,江苏省南京市六合区,00001f6f,稻纵卷叶螟,2024,27,2024-07-01,2024-07-07,7,34.9,22.6,81.14,78.57,41.8,4.14,62.65,32.6,2.0,2.0,0.2857142857142857,30.141428571428573,77.24714285714286,2.0,11.0,0.0,4.333333333333333,11.0,3.1666666666666665,11.0,30.9,32.46666666666667,20.7,20.9,88.71,84.47333333333331,85.57,71.38,179.0,91.93333333333334,2.73,2.8266666666666667,26.58,48.099999999999994,17.62,26.62666666666667,1.0
六合区龙池街道朱云村一拖三水稻_1_17_诱虫量,六合区龙池街道朱云村一拖三水稻_1_17_诱虫量,六合区龙池街道朱云村一拖三水稻,1,江苏省南京市六合区,00001f6f,稻纵卷叶螟,2024,28,2024-07-08,2024-07-14,7,35.0,21.4,88.57,86.0,168.8,2.44,20.72,18.18,1.0,1.0,0.14285714285714285,27.52,84.88285714285713,2.0,2.0,11.0,5.0,11.0,3.1666666666666665,11.0,34.9,32.699999999999996,22.6,21.53333333333333,81.14,84.95,78.57,78.0,41.8,105.63333333333334,4.14,3.3966666666666665,62.65,45.27,32.6,25.796666666666667,5.0
六合区龙池街道朱云村一拖三水稻_1_17_诱虫量,六合区龙池街道朱云村一拖三水稻_1_17_诱虫量,六合区龙池街道朱云村一拖三水稻,1,江苏省南京市六合区,00001f6f,稻纵卷叶螟,2024,29,2024-07-15,2024-07-21,7,35.2,24.3,81.86,78.57,22.4,3.39,35.37,25.73,5.0,5.0,0.7142857142857143,31.048571428571428,78.39428571428572,1.0,2.0,2.0,1.6666666666666667,2.0,3.1666666666666665,11.0,35.0,33.6,21.4,21.566666666666663,88.57,86.13999999999999,86.0,83.38,168.8,129.86666666666667,2.44,3.103333333333333,20.72,36.65,18.18,22.8,0.0
六合区龙池街道朱云村一拖三水稻_1_17_诱虫量,六合区龙池街道朱云村一拖三水稻_1_17_诱虫量,六合区龙池街道朱云村一拖三水稻,1,江苏省南京市六合区,00001f6f,稻纵卷叶螟,2024,30,2024-07-22,2024-07-28,7,36.7,27.0,80.57,71.86,6.1,4.7,71.71,37.84,0.0,0.0,0.0,32.28142857142857,73.01857142857143,5.0,1.0,2.0,2.6666666666666665,5.0,3.5,11.0,35.2,35.03333333333334,24.3,22.766666666666666,81.86,83.85666666666667,78.57,81.04666666666667,22.4,77.66666666666667,3.39,3.323333333333333,35.37,39.58,25.73,25.50333333333333,4.0
六合区龙池街道朱云村一拖三水稻_1_17_诱虫量,六合区龙池街道朱云村一拖三水稻_1_17_诱虫量,六合区龙池街道朱云村一拖三水稻,1,江苏省南京市六合区,00001f6f,稻纵卷叶螟,2024,31,2024-07-29,2024-08-04,7,37.5,27.6,76.0,71.57,9.5,2.75,86.5,40.56,4.0,4.0,0.5714285714285714,33.075714285714284,75.19428571428571,0.0,5.0,1.0,2.0,5.0,3.5,11.0,36.7,35.63333333333333,27.0,24.233333333333334,80.57,83.66666666666667,71.86,78.81,6.1,65.76666666666668,4.7,3.5100000000000002,71.71,42.599999999999994,37.84,27.25,4.0
六合区龙池街道朱云村一拖三水稻_1_17_诱虫量,六合区龙池街道朱云村一拖三水稻_1_17_诱虫量,六合区龙池街道朱云村一拖三水稻,1,江苏省南京市六合区,00001f6f,稻纵卷叶螟,2024,32,2024-08-05,2024-08-11,7,37.8,27.1,76.86,66.71,62.0,1.88,83.96,39.02,4.0,4.0,0.5714285714285714,32.895714285714284,74.4342857142857,4.0,0.0,5.0,3.0,5.0,2.3333333333333335,5.0,37.5,36.46666666666667,27.6,26.299999999999997,76.0,79.47666666666667,71.57,74.0,9.5,12.666666666666677,2.75,3.6133333333333333,86.5,64.52666666666666,40.56,34.71,0.0
六合区龙池街道朱云村一拖三水稻_1_17_诱虫量,六合区龙池街道朱云村一拖三水稻_1_17_诱虫量,六合区龙池街道朱云村一拖三水稻,1,江苏省南京市六合区,00001f6f,稻纵卷叶螟,2024,33,2024-08-12,2024-08-18,7,36.3,24.9,84.43,67.71,34.3,2.42,75.24,33.56,0.0,0.0,0.0,30.40142857142857,77.81857142857143,4.0,4.0,0.0,2.6666666666666665,4.0,2.6666666666666665,5.0,37.8,37.333333333333336,27.1,27.233333333333334,76.86,77.80999999999999,66.71,70.04666666666667,62.0,25.866666666666674,1.88,3.11,83.96,80.72333333333333,39.02,39.14,7.0
六合区龙池街道朱云村一拖三水稻_1_17_诱虫量,六合区龙池街道朱云村一拖三水稻_1_17_诱虫量,六合区龙池街道朱云村一拖三水稻,1,江苏省南京市六合区,00001f6f,稻纵卷叶螟,2024,34,2024-08-19,2024-08-25,7,34.7,25.4,84.71,77.86,50.4,1.93,64.42,27.34,7.0,7.0,1.0,30.277142857142856,80.58714285714287,0.0,4.0,4.0,2.6666666666666665,4.0,2.3333333333333335,5.0,36.3,37.199999999999996,24.9,26.53333333333333,84.43,79.09666666666668,67.71,68.66333333333331,34.3,35.26666666666668,2.42,2.35,75.24,81.89999999999999,33.56,37.71333333333333,9.0
六合区龙池街道朱云村一拖三水稻_1_17_诱虫量,六合区龙池街道朱云村一拖三水稻_1_17_诱虫量,六合区龙池街道朱云村一拖三水稻,1,江苏省南京市六合区,00001f6f,稻纵卷叶螟,2024,35,2024-08-26,2024-09-01,7,35.2,24.1,83.43,71.71,6.3,2.35,74.77,30.13,9.0,9.0,1.2857142857142858,30.037142857142857,80.03857142857143,7.0,0.0,4.0,3.6666666666666665,7.0,3.3333333333333335,7.0,34.7,36.266666666666666,25.4,25.799999999999997,84.71,82.0,77.86,70.75999999999999,50.4,48.90000000000001,1.93,2.0766666666666667,64.42,74.54,27.34,33.306666666666665,4.0
六合区龙池街道朱云村一拖三水稻_1_17_诱虫量,六合区龙池街道朱云村一拖三水稻_1_17_诱虫量,六合区龙池街道朱云村一拖三水稻,1,江苏省南京市六合区,00001f6f,稻纵卷叶螟,2024,36,2024-09-02,2024-09-08,7,33.8,24.2,79.29,68.43,2.9,3.23,78.8,33.31,4.0,4.0,0.5714285714285714,29.16857142857143,78.81142857142856,9.0,7.0,0.0,5.333333333333333,9.0,4.0,9.0,35.2,35.4,24.1,24.799999999999997,83.43,84.19,71.71,72.42666666666666,6.3,30.333333333333343,2.35,2.2333333333333334,74.77,71.47666666666667,30.13,30.343333333333334,4.0
六合区龙池街道朱云村一拖三水稻_1_17_诱虫量,六合区龙池街道朱云村一拖三水稻_1_17_诱虫量,六合区龙池街道朱云村一拖三水稻,1,江苏省南京市六合区,00001f6f,稻纵卷叶螟,2024,37,2024-09-09,2024-09-15,7,33.8,23.6,88.14,80.14,83.0,3.4,57.66,23.89,4.0,4.0,0.5714285714285714,28.657142857142855,85.51714285714286,4.0,9.0,7.0,6.666666666666667,9.0,4.666666666666667,9.0,33.8,34.56666666666667,24.2,24.566666666666663,79.29,82.47666666666667,68.43,72.66666666666667,2.9,19.866666666666678,3.23,2.5033333333333334,78.8,72.66333333333334,33.31,30.26,0.0
六合区龙池街道朱云村一拖三水稻_1_17_诱虫量,六合区龙池街道朱云村一拖三水稻_1_17_诱虫量,六合区龙池街道朱云村一拖三水稻,1,江苏省南京市六合区,00001f6f,稻纵卷叶螟,2024,38,2024-09-16,2024-09-22,7,31.6,17.4,81.14,76.86,124.9,5.49,54.64,24.01,0.0,0.0,0.0,25.86285714285714,83.64142857142858,4.0,4.0,9.0,5.666666666666667,9.0,4.666666666666667,9.0,33.8,34.266666666666666,23.6,23.96666666666667,88.14,83.62,80.14,73.42666666666666,83.0,30.733333333333345,3.4,2.9933333333333336,57.66,70.41,23.89,29.109999999999996,2.0
六合区龙池街道朱云村一拖三水稻_1_17_诱虫量,六合区龙池街道朱云村一拖三水稻_1_17_诱虫量,六合区龙池街道朱云村一拖三水稻,1,江苏省南京市六合区,00001f6f,稻纵卷叶螟,2024,39,2024-09-23,2024-09-29,7,29.1,15.8,86.14,76.0,15.1,2.67,66.18,23.31,2.0,2.0,0.2857142857142857,24.26571428571429,78.96428571428571,0.0,4.0,4.0,2.6666666666666665,4.0,4.0,9.0,31.6,33.06666666666666,17.4,21.73333333333333,81.14,82.85666666666667,76.86,75.14333333333333,124.9,70.26666666666668,5.49,4.04,54.64,63.70000000000001,24.01,27.069999999999997,0.0
六合区龙池街道朱云村一拖三水稻_1_17_诱虫量,六合区龙池街道朱云村一拖三水稻_1_17_诱虫量,六合区龙池街道朱云村一拖三水稻,1,江苏省南京市六合区,00001f6f,稻纵卷叶螟,2024,40,2024-09-30,2024-10-06,7,28.6,11.9,79.0,72.14,17.2,3.38,48.16,18.62,0.0,0.0,0.0,18.928571428571427,77.63428571428572,2.0,0.0,4.0,2.0,4.0,4.333333333333333,9.0,29.1,31.5,15.8,18.933333333333334,86.14,85.14,76.0,77.66666666666667,15.1,74.33333333333334,2.67,3.853333333333333,66.18,59.49333333333334,23.31,23.736666666666665,1.0
六合区龙池街道朱云村一拖三水稻_1_17_诱虫量,六合区龙池街道朱云村一拖三水稻_1_17_诱虫量,六合区龙池街道朱云村一拖三水稻,1,江苏省南京市六合区,00001f6f,稻纵卷叶螟,2024,41,2024-10-07,2024-10-13,7,25.2,13.1,85.0,74.71,16.7,2.16,49.5,16.94,1.0,1.0,0.14285714285714285,19.807142857142857,78.1842857142857,0.0,2.0,0.0,0.6666666666666666,2.0,3.1666666666666665,9.0,28.6,29.76666666666667,11.9,15.033333333333333,79.0,82.09333333333335,72.14,75.0,17.2,52.40000000000001,3.38,3.846666666666667,48.16,56.326666666666675,18.62,21.98,4.0
六合区龙池街道朱云村一拖三水稻_1_17_诱虫量,六合区龙池街道朱云村一拖三水稻_1_17_诱虫量,六合区龙池街道朱云村一拖三水稻,1,江苏省南京市六合区,00001f6f,稻纵卷叶螟,2024,42,2024-10-14,2024-10-20,7,27.2,11.2,86.57,77.0,49.2,3.66,31.77,14.95,4.0,4.0,0.5714285714285714,20.00142857142857,82.63857142857144,1.0,0.0,2.0,1.0,2.0,1.8333333333333333,4.0,25.2,27.633333333333336,13.1,13.6,85.0,83.38,74.71,74.28333333333332,16.7,16.333333333333343,2.16,2.736666666666667,49.5,54.613333333333344,16.94,19.62333333333333,0.0
六合区龙池街道朱云村一拖三水稻_1_17_诱虫量,六合区龙池街道朱云村一拖三水稻_1_17_诱虫量,六合区龙池街道朱云村一拖三水稻,1,江苏省南京市六合区,00001f6f,稻纵卷叶螟,2024,43,2024-10-21,2024-10-27,7,22.3,8.6,88.29,80.43,20.0,3.16,35.15,12.25,0.0,0.0,0.0,16.40142857142857,83.11142857142856,4.0,1.0,0.0,1.6666666666666667,4.0,1.8333333333333333,4.0,27.2,27.0,11.2,12.066666666666665,86.57,83.52333333333333,77.0,74.61666666666666,49.2,27.700000000000006,3.66,3.0666666666666664,31.77,43.14333333333334,14.95,16.836666666666662,1.0
六合区龙池街道朱云村一拖三水稻_1_17_诱虫量,六合区龙池街道朱云村一拖三水稻_1_17_诱虫量,六合区龙池街道朱云村一拖三水稻,1,江苏省南京市六合区,00001f6f,稻纵卷叶螟,2024,44,2024-10-28,2024-11-03,3,22.0,9.3,87.57,74.57,6.8,2.95,55.84,15.81,1.0,1.0,0.3333333333333333,15.27,76.09,0.0,4.0,1.0,1.6666666666666667,4.0,1.1666666666666667,4.0,22.3,24.900000000000002,8.6,10.966666666666667,88.29,86.62,80.43,77.38,20.0,28.633333333333344,3.16,2.9933333333333336,35.15,38.80666666666667,12.25,14.713333333333331,
冶山季王稻纵_1_19_诱虫量,冶山季王稻纵_1_19_诱虫量,冶山季王稻纵,1,江苏省南京市六合区,00001d85,稻纵卷叶螟,2023,22,2023-05-28,2023-06-03,3,32.3,20.1,84.14,74.14,29.6,2.38,48.59,25.72,0.0,0.0,0.0,27.91333333333333,53.45666666666667,,,,,,,,,,,,,,,,,,,,,,,,0.0
冶山季王稻纵_1_19_诱虫量,冶山季王稻纵_1_19_诱虫量,冶山季王稻纵,1,江苏省南京市六合区,00001d85,稻纵卷叶螟,2023,23,2023-06-04,2023-06-10,7,34.2,16.0,80.43,75.0,31.1,2.66,59.78,28.9,0.0,0.0,0.0,25.381428571428575,70.51714285714286,0.0,,,0.0,0.0,0.0,0.0,32.3,32.3,20.1,20.1,84.14,84.14,74.14,74.14,29.6,29.6,2.38,2.38,48.59,48.59,25.72,25.72,0.0
冶山季王稻纵_1_19_诱虫量,冶山季王稻纵_1_19_诱虫量,冶山季王稻纵,1,江苏省南京市六合区,00001d85,稻纵卷叶螟,2023,24,2023-06-11,2023-06-17,7,32.4,19.2,80.14,65.0,8.5,2.69,57.13,31.06,0.0,0.0,0.0,27.524285714285714,63.23142857142857,0.0,0.0,,0.0,0.0,0.0,0.0,34.2,33.25,16.0,18.05,80.43,82.285,75.0,74.57,31.1,30.35,2.66,2.52,59.78,54.185,28.9,27.31,0.0
冶山季王稻纵_1_19_诱虫量,冶山季王稻纵_1_19_诱虫量,冶山季王稻纵,1,江苏省南京市六合区,00001d85,稻纵卷叶螟,2023,25,2023-06-18,2023-06-24,7,31.4,20.5,87.57,74.57,82.3,2.55,29.04,21.42,0.0,0.0,0.0,26.922857142857143,75.94428571428571,0.0,0.0,0.0,0.0,0.0,0.0,0.0,32.4,32.96666666666667,19.2,18.433333333333334,80.14,81.57000000000001,65.0,71.38,8.5,23.066666666666666,2.69,2.5766666666666667,57.13,55.166666666666664,31.06,28.56,0.0
冶山季王稻纵_1_19_诱虫量,冶山季王稻纵_1_19_诱虫量,冶山季王稻纵,1,江苏省南京市六合区,00001d85,稻纵卷叶螟,2023,26,2023-06-25,2023-07-01,7,32.8,21.5,86.29,78.86,64.0,2.94,49.98,24.98,0.0,0.0,0.0,29.360000000000003,76.57285714285715,0.0,0.0,0.0,0.0,0.0,0.0,0.0,31.4,32.666666666666664,20.5,18.566666666666666,87.57,82.71333333333332,74.57,71.52333333333333,82.3,40.63333333333333,2.55,2.6333333333333333,29.04,48.65,21.42,27.126666666666665,0.0
冶山季王稻纵_1_19_诱虫量,冶山季王稻纵_1_19_诱虫量,冶山季王稻纵,1,江苏省南京市六合区,00001d85,稻纵卷叶螟,2023,27,2023-07-02,2023-07-08,7,32.9,23.9,87.86,82.29,123.1,3.4,45.76,24.46,0.0,0.0,0.0,29.964285714285715,78.08428571428571,0.0,0.0,0.0,0.0,0.0,0.0,0.0,32.8,32.199999999999996,21.5,20.400000000000002,86.29,84.66666666666667,78.86,72.81,64.0,51.6,2.94,2.7266666666666666,49.98,45.38333333333333,24.98,25.820000000000004,2.0
冶山季王稻纵_1_19_诱虫量,冶山季王稻纵_1_19_诱虫量,冶山季王稻纵,1,江苏省南京市六合区,00001d85,稻纵卷叶螟,2023,28,2023-07-09,2023-07-15,7,34.9,24.6,84.57,77.0,27.6,3.38,49.19,28.48,2.0,2.0,0.2857142857142857,30.650000000000002,77.6842857142857,0.0,0.0,0.0,0.0,0.0,0.0,0.0,32.9,32.36666666666667,23.9,21.966666666666665,87.86,87.24000000000001,82.29,78.57333333333334,123.1,89.8,3.4,2.9633333333333334,45.76,41.593333333333334,24.46,23.62,1.0
冶山季王稻纵_1_19_诱虫量,冶山季王稻纵_1_19_诱虫量,冶山季王稻纵,1,江苏省南京市六合区,00001d85,稻纵卷叶螟,2023,29,2023-07-16,2023-07-22,7,31.5,23.5,89.43,84.71,117.0,2.29,34.08,19.55,1.0,1.0,0.14285714285714285,28.937142857142856,81.8,2.0,0.0,0.0,0.6666666666666666,2.0,0.3333333333333333,2.0,34.9,33.53333333333333,24.6,23.333333333333332,84.57,86.24000000000001,77.0,79.38333333333334,27.6,71.56666666666666,3.38,3.2399999999999998,49.19,48.31,28.48,25.973333333333333,32.0
冶山季王稻纵_1_19_诱虫量,冶山季王稻纵_1_19_诱虫量,冶山季王稻纵,1,江苏省南京市六合区,00001d85,稻纵卷叶螟,2023,30,2023-07-23,2023-07-29,7,33.2,25.1,86.86,80.86,44.3,3.98,65.75,29.7,32.0,32.0,4.571428571428571,30.554285714285715,76.85571428571428,1.0,2.0,0.0,1.0,2.0,0.5,2.0,31.5,33.1,23.5,24.0,89.43,87.28666666666668,84.71,81.33333333333333,117.0,89.23333333333333,2.29,3.0233333333333334,34.08,43.01,19.55,24.163333333333338,32.0
冶山季王稻纵_1_19_诱虫量,冶山季王稻纵_1_19_诱虫量,冶山季王稻纵,1,江苏省南京市六合区,00001d85,稻纵卷叶螟,2023,31,2023-07-30,2023-08-05,7,34.0,25.0,86.43,76.43,17.1,3.1,81.36,32.83,32.0,32.0,4.571428571428571,32.04142857142857,73.23428571428572,32.0,1.0,2.0,11.666666666666666,32.0,5.833333333333333,32.0,33.2,33.2,25.1,24.400000000000002,86.86,86.95333333333333,80.86,80.85666666666667,44.3,62.96666666666666,3.98,3.2166666666666663,65.75,49.673333333333325,29.7,25.91,351.0
冶山季王稻纵_1_19_诱虫量,冶山季王稻纵_1_19_诱虫量,冶山季王稻纵,1,江苏省南京市六合区,00001d85,稻纵卷叶螟,2023,32,2023-08-06,2023-08-12,7,35.1,24.0,83.71,75.14,10.3,2.08,79.69,33.11,351.0,351.0,50.142857142857146,30.641428571428573,75.26428571428572,32.0,32.0,1.0,21.666666666666668,32.0,11.166666666666666,32.0,34.0,32.9,25.0,24.53333333333333,86.43,87.57333333333334,76.43,80.66666666666667,17.1,59.46666666666667,3.1,3.1233333333333335,81.36,60.39666666666667,32.83,27.36,249.0
冶山季王稻纵_1_19_诱虫量,冶山季王稻纵_1_19_诱虫量,冶山季王稻纵,1,江苏省南京市六合区,00001d85,稻纵卷叶螟,2023,33,2023-08-13,2023-08-19,7,33.7,23.9,86.57,81.29,26.5,2.19,77.01,29.64,249.0,249.0,35.57142857142857,31.695000000000004,72.60333333333334,351.0,32.0,32.0,138.33333333333334,351.0,69.66666666666667,351.0,35.1,34.1,24.0,24.7,83.71,85.66666666666667,75.14,77.47666666666667,10.3,23.900000000000002,2.08,3.0533333333333332,79.69,75.60000000000001,33.11,31.88,144.0
冶山季王稻纵_1_19_诱虫量,冶山季王稻纵_1_19_诱虫量,冶山季王稻纵,1,江苏省南京市六合区,00001d85,稻纵卷叶螟,2023,34,2023-08-20,2023-08-26,7,32.0,22.4,82.71,72.0,27.1,2.8,70.93,31.5,144.0,144.0,20.571428571428573,29.774285714285714,73.09142857142857,249.0,351.0,32.0,210.66666666666666,351.0,111.16666666666667,351.0,33.7,34.26666666666667,23.9,24.3,86.57,85.57,81.29,77.62,26.5,17.96666666666667,2.19,2.4566666666666666,77.01,79.35333333333334,29.64,31.86,24.0
冶山季王稻纵_1_19_诱虫量,冶山季王稻纵_1_19_诱虫量,冶山季王稻纵,1,江苏省南京市六合区,00001d85,稻纵卷叶螟,2023,35,2023-08-27,2023-09-02,7,29.4,18.5,86.86,78.57,59.2,2.79,42.5,22.49,24.0,24.0,3.4285714285714284,26.642857142857142,71.72,144.0,249.0,351.0,248.0,351.0,134.83333333333334,351.0,32.0,33.6,22.4,23.433333333333334,82.71,84.32999999999998,72.0,76.14333333333333,27.1,21.3,2.8,2.3566666666666665,70.93,75.87666666666667,31.5,31.416666666666668,8.0
冶山季王稻纵_1_19_诱虫量,冶山季王稻纵_1_19_诱虫量,冶山季王稻纵,1,江苏省南京市六合区,00001d85,稻纵卷叶螟,2023,36,2023-09-03,2023-09-09,7,31.0,21.7,88.0,73.71,2.5,2.83,74.88,29.19,8.0,8.0,1.1428571428571428,28.301428571428573,74.03571428571429,24.0,144.0,249.0,139.0,249.0,138.66666666666666,351.0,29.4,31.700000000000003,18.5,21.599999999999998,86.86,85.38,78.57,77.28666666666668,59.2,37.6,2.79,2.5933333333333333,42.5,63.48,22.49,27.876666666666665,5.0
冶山季王稻纵_1_19_诱虫量,冶山季王稻纵_1_19_诱虫量,冶山季王稻纵,1,江苏省南京市六合区,00001d85,稻纵卷叶螟,2023,37,2023-09-10,2023-09-16,7,31.4,20.4,87.43,82.14,74.6,2.74,29.78,17.15,5.0,5.0,0.7142857142857143,25.15285714285714,80.92571428571429,8.0,24.0,144.0,58.666666666666664,144.0,134.66666666666666,351.0,31.0,30.8,21.7,20.866666666666664,88.0,85.85666666666667,73.71,74.75999999999999,2.5,29.600000000000005,2.83,2.8066666666666666,74.88,62.77,29.19,27.72666666666667,216.0
冶山季王稻纵_1_19_诱虫量,冶山季王稻纵_1_19_诱虫量,冶山季王稻纵,1,江苏省南京市六合区,00001d85,稻纵卷叶螟,2023,38,2023-09-17,2023-09-23,7,32.0,18.8,88.57,77.57,41.3,2.51,30.18,16.82,216.0,216.0,30.857142857142858,8.415,32.0,5.0,8.0,24.0,12.333333333333334,24.0,130.16666666666666,351.0,31.4,30.599999999999998,20.4,20.2,87.43,87.43,82.14,78.13999999999999,74.6,45.43333333333334,2.74,2.7866666666666666,29.78,49.053333333333335,17.15,22.94333333333333,71.0
冶山季王稻纵_1_19_诱虫量,冶山季王稻纵_1_19_诱虫量,冶山季王稻纵,1,江苏省南京市六合区,00001d85,稻纵卷叶螟,2023,39,2023-09-24,2023-09-30,7,28.2,19.1,89.57,82.43,13.3,2.19,45.28,17.44,71.0,71.0,10.142857142857142,,,216.0,5.0,8.0,76.33333333333333,216.0,107.66666666666667,249.0,32.0,31.46666666666667,18.8,20.299999999999997,88.57,88.0,77.57,77.80666666666666,41.3,39.46666666666666,2.51,2.6933333333333334,30.18,44.946666666666665,16.82,21.053333333333335,17.0
冶山季王稻纵_1_19_诱虫量,冶山季王稻纵_1_19_诱虫量,冶山季王稻纵,1,江苏省南京市六合区,00001d85,稻纵卷叶螟,2023,40,2023-10-01,2023-10-07,7,25.5,15.7,80.86,71.71,21.7,3.55,38.52,19.59,17.0,17.0,2.4285714285714284,,,71.0,216.0,5.0,97.33333333333333,216.0,78.0,216.0,28.2,30.53333333333333,19.1,19.433333333333334,89.57,88.52333333333333,82.43,80.71333333333332,13.3,43.06666666666666,2.19,2.48,45.28,35.080000000000005,17.44,17.136666666666667,0.0
冶山季王稻纵_1_19_诱虫量,冶山季王稻纵_1_19_诱虫量,冶山季王稻纵,1,江苏省南京市六合区,00001d85,稻纵卷叶螟,2023,41,2023-10-08,2023-10-14,7,23.6,13.5,84.86,74.14,0.0,2.05,50.14,17.04,0.0,0.0,0.0,,,17.0,71.0,216.0,101.33333333333333,216.0,56.833333333333336,216.0,25.5,28.566666666666666,15.7,17.866666666666667,80.86,86.33333333333333,71.71,77.23666666666666,21.7,25.433333333333334,3.55,2.75,38.52,37.99333333333333,19.59,17.95,0.0
冶山季王稻纵_1_19_诱虫量,冶山季王稻纵_1_19_诱虫量,冶山季王稻纵,1,江苏省南京市六合区,00001d85,稻纵卷叶螟,2023,42,2023-10-15,2023-10-21,7,26.1,9.6,84.43,62.0,4.0,2.46,71.43,22.45,0.0,0.0,0.0,13.530000000000001,63.833333333333336,0.0,17.0,71.0,29.333333333333332,71.0,52.833333333333336,216.0,23.6,25.766666666666666,13.5,16.099999999999998,84.86,85.09666666666666,74.14,76.09333333333332,0.0,11.666666666666666,2.05,2.5966666666666662,50.14,44.64666666666667,17.04,18.023333333333333,0.0
冶山季王稻纵_1_19_诱虫量,冶山季王稻纵_1_19_诱虫量,冶山季王稻纵,1,江苏省南京市六合区,00001d85,稻纵卷叶螟,2023,43,2023-10-22,2023-10-28,7,25.6,9.6,85.14,64.29,0.0,1.94,60.15,18.61,0.0,0.0,0.0,19.09,70.50714285714285,0.0,0.0,17.0,5.666666666666667,17.0,51.5,216.0,26.1,25.066666666666666,9.6,12.933333333333332,84.43,83.38333333333334,62.0,69.28333333333332,4.0,8.566666666666666,2.46,2.686666666666667,71.43,53.363333333333344,22.45,19.69333333333333,0.0
冶山季王稻纵_1_19_诱虫量,冶山季王稻纵_1_19_诱虫量,冶山季王稻纵,1,江苏省南京市六合区,00001d85,稻纵卷叶螟,2023,44,2023-10-29,2023-11-04,2,27.6,12.9,83.57,69.14,0.8,2.48,60.23,19.36,0.0,0.0,0.0,19.05,71.57,0.0,0.0,0.0,0.0,0.0,50.666666666666664,216.0,25.6,25.099999999999998,9.6,10.9,85.14,84.81,64.29,66.81,0.0,1.3333333333333333,1.94,2.15,60.15,60.57333333333333,18.61,19.366666666666664,0.0
冶山季王稻纵_1_19_诱虫量,冶山季王稻纵_1_19_诱虫量,冶山季王稻纵,1,江苏省南京市六合区,00001d85,稻纵卷叶螟,2024,22,2024-05-27,2024-06-02,2,26.9,14.2,77.71,68.43,42.5,2.69,50.74,25.99,0.0,0.0,0.0,,,0.0,0.0,0.0,0.0,0.0,14.666666666666666,71.0,27.6,26.433333333333337,12.9,10.700000000000001,83.57,84.38,69.14,65.14333333333333,0.8,1.5999999999999999,2.48,2.2933333333333334,60.23,63.93666666666667,19.36,20.14,0.0
冶山季王稻纵_1_19_诱虫量,冶山季王稻纵_1_19_诱虫量,冶山季王稻纵,1,江苏省南京市六合区,00001d85,稻纵卷叶螟,2024,23,2024-06-03,2024-06-09,7,30.9,17.1,76.86,61.71,5.2,2.43,62.66,30.94,0.0,0.0,0.0,,,0.0,0.0,0.0,0.0,0.0,2.8333333333333335,17.0,26.9,26.7,14.2,12.233333333333333,77.71,82.14,68.43,67.28666666666668,42.5,14.433333333333332,2.69,2.3699999999999997,50.74,57.04,25.99,21.319999999999997,0.0
冶山季王稻纵_1_19_诱虫量,冶山季王稻纵_1_19_诱虫量,冶山季王稻纵,1,江苏省南京市六合区,00001d85,稻纵卷叶螟,2024,24,2024-06-10,2024-06-16,7,34.2,20.7,79.71,58.71,0.7,2.43,71.14,35.09,0.0,0.0,0.0,,,0.0,0.0,0.0,0.0,0.0,0.0,0.0,30.9,28.46666666666667,17.1,14.733333333333334,76.86,79.38,61.71,66.42666666666666,5.2,16.166666666666668,2.43,2.533333333333333,62.66,57.876666666666665,30.94,25.429999999999996,0.0
冶山季王稻纵_1_19_诱虫量,冶山季王稻纵_1_19_诱虫量,冶山季王稻纵,1,江苏省南京市六合区,00001d85,稻纵卷叶螟,2024,25,2024-06-17,2024-06-23,7,32.3,21.3,85.0,69.86,96.1,3.32,46.58,27.17,0.0,0.0,0.0,,,0.0,0.0,0.0,0.0,0.0,0.0,0.0,34.2,30.666666666666668,20.7,17.333333333333332,79.71,78.09333333333332,58.71,62.95000000000001,0.7,16.133333333333333,2.43,2.5166666666666666,71.14,61.51333333333333,35.09,30.673333333333332,0.0
冶山季王稻纵_1_19_诱虫量,冶山季王稻纵_1_19_诱虫量,冶山季王稻纵,1,江苏省南京市六合区,00001d85,稻纵卷叶螟,2024,26,2024-06-24,2024-06-30,7,30.9,20.7,88.71,85.57,179.0,2.73,26.58,17.62,0.0,0.0,0.0,,,0.0,0.0,0.0,0.0,0.0,0.0,0.0,32.3,32.46666666666667,21.3,19.7,85.0,80.52333333333333,69.86,63.42666666666667,96.1,34.0,3.32,2.7266666666666666,46.58,60.126666666666665,27.17,31.066666666666666,1.0
冶山季王稻纵_1_19_诱虫量,冶山季王稻纵_1_19_诱虫量,冶山季王稻纵,1,江苏省南京市六合区,00001d85,稻纵卷叶螟,2024,27,2024-07-01,2024-07-07,7,34.9,22.6,81.14,78.57,41.8,4.14,62.65,32.6,1.0,1.0,0.14285714285714285,,,0.0,0.0,0.0,0.0,0.0,0.0,0.0,30.9,32.46666666666667,20.7,20.9,88.71,84.47333333333331,85.57,71.38,179.0,91.93333333333334,2.73,2.8266666666666667,26.58,48.099999999999994,17.62,26.62666666666667,1.0
冶山季王稻纵_1_19_诱虫量,冶山季王稻纵_1_19_诱虫量,冶山季王稻纵,1,江苏省南京市六合区,00001d85,稻纵卷叶螟,2024,28,2024-07-08,2024-07-14,7,35.0,21.4,88.57,86.0,168.8,2.44,20.72,18.18,1.0,1.0,0.14285714285714285,,,1.0,0.0,0.0,0.3333333333333333,1.0,0.16666666666666666,1.0,34.9,32.699999999999996,22.6,21.53333333333333,81.14,84.95,78.57,78.0,41.8,105.63333333333334,4.14,3.3966666666666665,62.65,45.27,32.6,25.796666666666667,1.0
冶山季王稻纵_1_19_诱虫量,冶山季王稻纵_1_19_诱虫量,冶山季王稻纵,1,江苏省南京市六合区,00001d85,稻纵卷叶螟,2024,29,2024-07-15,2024-07-21,7,35.2,24.3,81.86,78.57,22.4,3.39,35.37,25.73,1.0,1.0,0.14285714285714285,,,1.0,1.0,0.0,0.6666666666666666,1.0,0.3333333333333333,1.0,35.0,33.6,21.4,21.566666666666663,88.57,86.13999999999999,86.0,83.38,168.8,129.86666666666667,2.44,3.103333333333333,20.72,36.65,18.18,22.8,2.0
冶山季王稻纵_1_19_诱虫量,冶山季王稻纵_1_19_诱虫量,冶山季王稻纵,1,江苏省南京市六合区,00001d85,稻纵卷叶螟,2024,30,2024-07-22,2024-07-28,7,36.7,27.0,80.57,71.86,6.1,4.7,71.71,37.84,2.0,2.0,0.2857142857142857,,,1.0,1.0,1.0,1.0,1.0,0.5,1.0,35.2,35.03333333333334,24.3,22.766666666666666,81.86,83.85666666666667,78.57,81.04666666666667,22.4,77.66666666666667,3.39,3.323333333333333,35.37,39.58,25.73,25.50333333333333,4.0
冶山季王稻纵_1_19_诱虫量,冶山季王稻纵_1_19_诱虫量,冶山季王稻纵,1,江苏省南京市六合区,00001d85,稻纵卷叶螟,2024,31,2024-07-29,2024-08-04,7,37.5,27.6,76.0,71.57,9.5,2.75,86.5,40.56,4.0,4.0,0.5714285714285714,,,2.0,1.0,1.0,1.3333333333333333,2.0,0.8333333333333334,2.0,36.7,35.63333333333333,27.0,24.233333333333334,80.57,83.66666666666667,71.86,78.81,6.1,65.76666666666668,4.7,3.5100000000000002,71.71,42.599999999999994,37.84,27.25,12.0
冶山季王稻纵_1_19_诱虫量,冶山季王稻纵_1_19_诱虫量,冶山季王稻纵,1,江苏省南京市六合区,00001d85,稻纵卷叶螟,2024,32,2024-08-05,2024-08-11,7,37.8,27.1,76.86,66.71,62.0,1.88,83.96,39.02,12.0,12.0,1.7142857142857142,,,4.0,2.0,1.0,2.3333333333333335,4.0,1.5,4.0,37.5,36.46666666666667,27.6,26.299999999999997,76.0,79.47666666666667,71.57,74.0,9.5,12.666666666666677,2.75,3.6133333333333333,86.5,64.52666666666666,40.56,34.71,48.0
冶山季王稻纵_1_19_诱虫量,冶山季王稻纵_1_19_诱虫量,冶山季王稻纵,1,江苏省南京市六合区,00001d85,稻纵卷叶螟,2024,33,2024-08-12,2024-08-18,7,36.3,24.9,84.43,67.71,34.3,2.42,75.24,33.56,48.0,48.0,6.857142857142857,,,12.0,4.0,2.0,6.0,12.0,3.5,12.0,37.8,37.333333333333336,27.1,27.233333333333334,76.86,77.80999999999999,66.71,70.04666666666667,62.0,25.866666666666674,1.88,3.11,83.96,80.72333333333333,39.02,39.14,62.0
冶山季王稻纵_1_19_诱虫量,冶山季王稻纵_1_19_诱虫量,冶山季王稻纵,1,江苏省南京市六合区,00001d85,稻纵卷叶螟,2024,34,2024-08-19,2024-08-25,7,34.7,25.4,84.71,77.86,50.4,1.93,64.42,27.34,62.0,62.0,8.857142857142858,,,48.0,12.0,4.0,21.333333333333332,48.0,11.333333333333334,48.0,36.3,37.199999999999996,24.9,26.53333333333333,84.43,79.09666666666668,67.71,68.66333333333331,34.3,35.26666666666668,2.42,2.35,75.24,81.89999999999999,33.56,37.71333333333333,223.0
冶山季王稻纵_1_19_诱虫量,冶山季王稻纵_1_19_诱虫量,冶山季王稻纵,1,江苏省南京市六合区,00001d85,稻纵卷叶螟,2024,35,2024-08-26,2024-09-01,7,35.2,24.1,83.43,71.71,6.3,2.35,74.77,30.13,223.0,223.0,31.857142857142858,,,62.0,48.0,12.0,40.666666666666664,62.0,21.5,62.0,34.7,36.266666666666666,25.4,25.799999999999997,84.71,82.0,77.86,70.75999999999999,50.4,48.90000000000001,1.93,2.0766666666666667,64.42,74.54,27.34,33.306666666666665,230.0
冶山季王稻纵_1_19_诱虫量,冶山季王稻纵_1_19_诱虫量,冶山季王稻纵,1,江苏省南京市六合区,00001d85,稻纵卷叶螟,2024,36,2024-09-02,2024-09-08,7,33.8,24.2,79.29,68.43,2.9,3.23,78.8,33.31,230.0,230.0,32.857142857142854,,,223.0,62.0,48.0,111.0,223.0,58.5,223.0,35.2,35.4,24.1,24.799999999999997,83.43,84.19,71.71,72.42666666666666,6.3,30.333333333333343,2.35,2.2333333333333334,74.77,71.47666666666667,30.13,30.343333333333334,172.0
冶山季王稻纵_1_19_诱虫量,冶山季王稻纵_1_19_诱虫量,冶山季王稻纵,1,江苏省南京市六合区,00001d85,稻纵卷叶螟,2024,37,2024-09-09,2024-09-15,7,33.8,23.6,88.14,80.14,83.0,3.4,57.66,23.89,172.0,172.0,24.571428571428573,,,230.0,223.0,62.0,171.66666666666666,230.0,96.5,230.0,33.8,34.56666666666667,24.2,24.566666666666663,79.29,82.47666666666667,68.43,72.66666666666667,2.9,19.866666666666678,3.23,2.5033333333333334,78.8,72.66333333333334,33.31,30.26,126.0
冶山季王稻纵_1_19_诱虫量,冶山季王稻纵_1_19_诱虫量,冶山季王稻纵,1,江苏省南京市六合区,00001d85,稻纵卷叶螟,2024,38,2024-09-16,2024-09-22,7,31.6,17.4,81.14,76.86,124.9,5.49,54.64,24.01,126.0,126.0,18.0,0.0,0.0,172.0,230.0,223.0,208.33333333333334,230.0,124.5,230.0,33.8,34.266666666666666,23.6,23.96666666666667,88.14,83.62,80.14,73.42666666666666,83.0,30.733333333333345,3.4,2.9933333333333336,57.66,70.41,23.89,29.109999999999996,81.0
冶山季王稻纵_1_19_诱虫量,冶山季王稻纵_1_19_诱虫量,冶山季王稻纵,1,江苏省南京市六合区,00001d85,稻纵卷叶螟,2024,39,2024-09-23,2024-09-29,7,29.1,15.8,86.14,76.0,15.1,2.67,66.18,23.31,81.0,81.0,11.571428571428571,0.0,0.0,126.0,172.0,230.0,176.0,230.0,143.5,230.0,31.6,33.06666666666666,17.4,21.73333333333333,81.14,82.85666666666667,76.86,75.14333333333333,124.9,70.26666666666668,5.49,4.04,54.64,63.70000000000001,24.01,27.069999999999997,17.0
冶山季王稻纵_1_19_诱虫量,冶山季王稻纵_1_19_诱虫量,冶山季王稻纵,1,江苏省南京市六合区,00001d85,稻纵卷叶螟,2024,40,2024-09-30,2024-10-06,7,28.6,11.9,79.0,72.14,17.2,3.38,48.16,18.62,17.0,17.0,2.4285714285714284,,,81.0,126.0,172.0,126.33333333333333,172.0,149.0,230.0,29.1,31.5,15.8,18.933333333333334,86.14,85.14,76.0,77.66666666666667,15.1,74.33333333333334,2.67,3.853333333333333,66.18,59.49333333333334,23.31,23.736666666666665,109.0
冶山季王稻纵_1_19_诱虫量,冶山季王稻纵_1_19_诱虫量,冶山季王稻纵,1,江苏省南京市六合区,00001d85,稻纵卷叶螟,2024,41,2024-10-07,2024-10-13,7,25.2,13.1,85.0,74.71,16.7,2.16,49.5,16.94,109.0,109.0,15.571428571428571,,,17.0,81.0,126.0,74.66666666666667,126.0,141.5,230.0,28.6,29.76666666666667,11.9,15.033333333333333,79.0,82.09333333333335,72.14,75.0,17.2,52.40000000000001,3.38,3.846666666666667,48.16,56.326666666666675,18.62,21.98,92.0
冶山季王稻纵_1_19_诱虫量,冶山季王稻纵_1_19_诱虫量,冶山季王稻纵,1,江苏省南京市六合区,00001d85,稻纵卷叶螟,2024,42,2024-10-14,2024-10-20,7,27.2,11.2,86.57,77.0,49.2,3.66,31.77,14.95,92.0,92.0,13.142857142857142,,,109.0,17.0,81.0,69.0,109.0,122.5,230.0,25.2,27.633333333333336,13.1,13.6,85.0,83.38,74.71,74.28333333333332,16.7,16.333333333333343,2.16,2.736666666666667,49.5,54.613333333333344,16.94,19.62333333333333,19.0
冶山季王稻纵_1_19_诱虫量,冶山季王稻纵_1_19_诱虫量,冶山季王稻纵,1,江苏省南京市六合区,00001d85,稻纵卷叶螟,2024,43,2024-10-21,2024-10-27,7,22.3,8.6,88.29,80.43,20.0,3.16,35.15,12.25,19.0,19.0,2.7142857142857144,,,92.0,109.0,17.0,72.66666666666667,109.0,99.5,172.0,27.2,27.0,11.2,12.066666666666665,86.57,83.52333333333333,77.0,74.61666666666666,49.2,27.700000000000006,3.66,3.0666666666666664,31.77,43.14333333333334,14.95,16.836666666666662,0.0
冶山季王稻纵_1_19_诱虫量,冶山季王稻纵_1_19_诱虫量,冶山季王稻纵,1,江苏省南京市六合区,00001d85,稻纵卷叶螟,2024,44,2024-10-28,2024-11-03,3,22.0,9.3,87.57,74.57,6.8,2.95,55.84,15.81,0.0,0.0,0.0,,,19.0,92.0,109.0,73.33333333333333,109.0,74.0,126.0,22.3,24.900000000000002,8.6,10.966666666666667,88.29,86.62,80.43,77.38,20.0,28.633333333333344,3.16,2.9933333333333336,35.15,38.80666666666667,12.25,14.713333333333331,
南京农业大学白马教学科研基地稻纵_1_16_诱虫量,南京农业大学白马教学科研基地稻纵_1_16_诱虫量,南京农业大学白马教学科研基地稻纵,1,江苏省南京市溧水区,0000272f,稻纵卷叶螟,2023,26,2023-06-25,2023-07-01,2,32.8,21.5,86.29,78.86,64.0,2.94,49.98,24.98,0.0,0.0,0.0,28.975,70.38499999999999,,,,,,,,,,,,,,,,,,,,,,,,1.0
南京农业大学白马教学科研基地稻纵_1_16_诱虫量,南京农业大学白马教学科研基地稻纵_1_16_诱虫量,南京农业大学白马教学科研基地稻纵,1,江苏省南京市溧水区,0000272f,稻纵卷叶螟,2023,27,2023-07-02,2023-07-08,7,32.9,23.9,87.86,82.29,123.1,3.4,45.76,24.46,1.0,1.0,0.14285714285714285,29.259999999999998,83.62,0.0,,,0.0,0.0,0.0,0.0,32.8,32.8,21.5,21.5,86.29,86.29,78.86,78.86,64.0,64.0,2.94,2.94,49.98,49.98,24.98,24.98,1.0
南京农业大学白马教学科研基地稻纵_1_16_诱虫量,南京农业大学白马教学科研基地稻纵_1_16_诱虫量,南京农业大学白马教学科研基地稻纵,1,江苏省南京市溧水区,0000272f,稻纵卷叶螟,2023,28,2023-07-09,2023-07-15,7,34.9,24.6,84.57,77.0,27.6,3.38,49.19,28.48,1.0,1.0,0.14285714285714285,29.57,82.94571428571429,1.0,0.0,,0.5,1.0,0.5,1.0,32.9,32.849999999999994,23.9,22.7,87.86,87.075,82.29,80.575,123.1,93.55,3.4,3.17,45.76,47.87,24.46,24.72,1.0
南京农业大学白马教学科研基地稻纵_1_16_诱虫量,南京农业大学白马教学科研基地稻纵_1_16_诱虫量,南京农业大学白马教学科研基地稻纵,1,江苏省南京市溧水区,0000272f,稻纵卷叶螟,2023,29,2023-07-16,2023-07-22,7,31.5,23.5,89.43,84.71,117.0,2.29,34.08,19.55,1.0,1.0,0.14285714285714285,28.025714285714287,87.97285714285714,1.0,1.0,0.0,0.6666666666666666,1.0,0.6666666666666666,1.0,34.9,33.53333333333333,24.6,23.333333333333332,84.57,86.24000000000001,77.0,79.38333333333334,27.6,71.56666666666666,3.38,3.2399999999999998,49.19,48.31,28.48,25.973333333333333,2.0
南京农业大学白马教学科研基地稻纵_1_16_诱虫量,南京农业大学白马教学科研基地稻纵_1_16_诱虫量,南京农业大学白马教学科研基地稻纵,1,江苏省南京市溧水区,0000272f,稻纵卷叶螟,2023,30,2023-07-23,2023-07-29,7,33.2,25.1,86.86,80.86,44.3,3.98,65.75,29.7,2.0,2.0,0.2857142857142857,29.197142857142858,84.13428571428572,1.0,1.0,1.0,1.0,1.0,0.75,1.0,31.5,33.1,23.5,24.0,89.43,87.28666666666668,84.71,81.33333333333333,117.0,89.23333333333333,2.29,3.0233333333333334,34.08,43.01,19.55,24.16333333333333,0.0
南京农业大学白马教学科研基地稻纵_1_16_诱虫量,南京农业大学白马教学科研基地稻纵_1_16_诱虫量,南京农业大学白马教学科研基地稻纵,1,江苏省南京市溧水区,0000272f,稻纵卷叶螟,2023,31,2023-07-30,2023-08-05,7,34.0,25.0,86.43,76.43,17.1,3.1,81.36,32.83,0.0,0.0,0.0,31.102857142857143,78.77714285714286,2.0,1.0,1.0,1.3333333333333333,2.0,1.0,2.0,33.2,33.2,25.1,24.400000000000002,86.86,86.95333333333333,80.86,80.85666666666667,44.3,62.96666666666666,3.98,3.216666666666667,65.75,49.673333333333325,29.7,25.91,4.0
南京农业大学白马教学科研基地稻纵_1_16_诱虫量,南京农业大学白马教学科研基地稻纵_1_16_诱虫量,南京农业大学白马教学科研基地稻纵,1,江苏省南京市溧水区,0000272f,稻纵卷叶螟,2023,32,2023-08-06,2023-08-12,7,35.1,24.0,83.71,75.14,10.3,2.08,79.69,33.11,4.0,4.0,0.5714285714285714,30.66142857142857,78.03428571428572,0.0,2.0,1.0,1.0,2.0,0.8333333333333334,2.0,34.0,32.9,25.0,24.53333333333333,86.43,87.57333333333334,76.43,80.66666666666667,17.1,59.46666666666667,3.1,3.1233333333333335,81.36,60.39666666666667,32.83,27.36,51.0
南京农业大学白马教学科研基地稻纵_1_16_诱虫量,南京农业大学白马教学科研基地稻纵_1_16_诱虫量,南京农业大学白马教学科研基地稻纵,1,江苏省南京市溧水区,0000272f,稻纵卷叶螟,2023,33,2023-08-13,2023-08-19,7,33.7,23.9,86.57,81.29,26.5,2.19,77.01,29.64,51.0,51.0,7.285714285714286,30.286666666666665,77.87833333333333,4.0,0.0,2.0,2.0,4.0,1.5,4.0,35.1,34.1,24.0,24.7,83.71,85.66666666666667,75.14,77.47666666666667,10.3,23.900000000000002,2.08,3.0533333333333332,79.69,75.60000000000001,33.11,31.88,76.0
南京农业大学白马教学科研基地稻纵_1_16_诱虫量,南京农业大学白马教学科研基地稻纵_1_16_诱虫量,南京农业大学白马教学科研基地稻纵,1,江苏省南京市溧水区,0000272f,稻纵卷叶螟,2023,34,2023-08-20,2023-08-26,7,32.0,22.4,82.71,72.0,27.1,2.8,70.93,31.5,76.0,76.0,10.857142857142858,29.48857142857143,76.97571428571429,51.0,4.0,0.0,18.333333333333332,51.0,9.833333333333334,51.0,33.7,34.26666666666667,23.9,24.3,86.57,85.57,81.29,77.62,26.5,17.96666666666667,2.19,2.4566666666666666,77.01,79.35333333333334,29.64,31.86,7.0
南京农业大学白马教学科研基地稻纵_1_16_诱虫量,南京农业大学白马教学科研基地稻纵_1_16_诱虫量,南京农业大学白马教学科研基地稻纵,1,江苏省南京市溧水区,0000272f,稻纵卷叶螟,2023,35,2023-08-27,2023-09-02,7,29.4,18.5,86.86,78.57,59.2,2.79,42.5,22.49,7.0,7.0,1.0,24.24142857142857,86.36285714285714,76.0,51.0,4.0,43.666666666666664,76.0,22.333333333333332,76.0,32.0,33.6,22.4,23.433333333333334,82.71,84.32999999999998,72.0,76.14333333333333,27.1,21.3,2.8,2.356666666666667,70.93,75.87666666666667,31.5,31.416666666666668,9.0
南京农业大学白马教学科研基地稻纵_1_16_诱虫量,南京农业大学白马教学科研基地稻纵_1_16_诱虫量,南京农业大学白马教学科研基地稻纵,1,江苏省南京市溧水区,0000272f,稻纵卷叶螟,2023,36,2023-09-03,2023-09-09,7,31.0,21.7,88.0,73.71,2.5,2.83,74.88,29.19,9.0,9.0,1.2857142857142858,27.762857142857143,80.23,7.0,76.0,51.0,44.666666666666664,76.0,23.333333333333332,76.0,29.4,31.700000000000003,18.5,21.599999999999998,86.86,85.38,78.57,77.28666666666668,59.2,37.6,2.79,2.5933333333333333,42.5,63.48,22.49,27.876666666666665,16.0
南京农业大学白马教学科研基地稻纵_1_16_诱虫量,南京农业大学白马教学科研基地稻纵_1_16_诱虫量,南京农业大学白马教学科研基地稻纵,1,江苏省南京市溧水区,0000272f,稻纵卷叶螟,2023,37,2023-09-10,2023-09-16,7,31.4,20.4,87.43,82.14,74.6,2.74,29.78,17.15,16.0,16.0,2.2857142857142856,24.67142857142857,89.50571428571428,9.0,7.0,76.0,30.666666666666668,76.0,24.5,76.0,31.0,30.8,21.7,20.866666666666664,88.0,85.85666666666667,73.71,74.75999999999999,2.5,29.600000000000005,2.83,2.8066666666666666,74.88,62.77,29.19,27.72666666666667,108.0
南京农业大学白马教学科研基地稻纵_1_16_诱虫量,南京农业大学白马教学科研基地稻纵_1_16_诱虫量,南京农业大学白马教学科研基地稻纵,1,江苏省南京市溧水区,0000272f,稻纵卷叶螟,2023,38,2023-09-17,2023-09-23,7,32.0,18.8,88.57,77.57,41.3,2.51,30.18,16.82,108.0,108.0,15.428571428571429,24.367142857142856,87.11571428571428,16.0,9.0,7.0,10.666666666666666,16.0,27.166666666666668,76.0,31.4,30.599999999999998,20.4,20.2,87.43,87.43,82.14,78.14,74.6,45.43333333333334,2.74,2.7866666666666666,29.78,49.053333333333335,17.15,22.94333333333333,27.0
南京农业大学白马教学科研基地稻纵_1_16_诱虫量,南京农业大学白马教学科研基地稻纵_1_16_诱虫量,南京农业大学白马教学科研基地稻纵,1,江苏省南京市溧水区,0000272f,稻纵卷叶螟,2023,39,2023-09-24,2023-09-30,7,28.2,19.1,89.57,82.43,13.3,2.19,45.28,17.44,27.0,27.0,3.857142857142857,23.937142857142856,88.62714285714286,108.0,16.0,9.0,44.333333333333336,108.0,44.5,108.0,32.0,31.46666666666667,18.8,20.3,88.57,88.0,77.57,77.80666666666666,41.3,39.46666666666666,2.51,2.6933333333333334,30.18,44.946666666666665,16.82,21.053333333333335,5.0
南京农业大学白马教学科研基地稻纵_1_16_诱虫量,南京农业大学白马教学科研基地稻纵_1_16_诱虫量,南京农业大学白马教学科研基地稻纵,1,江苏省南京市溧水区,0000272f,稻纵卷叶螟,2023,40,2023-10-01,2023-10-07,7,25.5,15.7,80.86,71.71,21.7,3.55,38.52,19.59,5.0,5.0,0.7142857142857143,20.57857142857143,78.5942857142857,27.0,108.0,16.0,50.333333333333336,108.0,40.5,108.0,28.2,30.53333333333333,19.1,19.433333333333334,89.57,88.52333333333333,82.43,80.71333333333332,13.3,43.06666666666666,2.19,2.48,45.28,35.080000000000005,17.44,17.136666666666667,2.0
南京农业大学白马教学科研基地稻纵_1_16_诱虫量,南京农业大学白马教学科研基地稻纵_1_16_诱虫量,南京农业大学白马教学科研基地稻纵,1,江苏省南京市溧水区,0000272f,稻纵卷叶螟,2023,41,2023-10-08,2023-10-14,7,23.6,13.5,84.86,74.14,0.0,2.05,50.14,17.04,2.0,2.0,0.2857142857142857,19.244285714285716,81.39571428571428,5.0,27.0,108.0,46.666666666666664,108.0,28.666666666666668,108.0,25.5,28.566666666666666,15.7,17.86666666666667,80.86,86.33333333333333,71.71,77.23666666666666,21.7,25.433333333333334,3.55,2.75,38.52,37.99333333333333,19.59,17.95,1.0
南京农业大学白马教学科研基地稻纵_1_16_诱虫量,南京农业大学白马教学科研基地稻纵_1_16_诱虫量,南京农业大学白马教学科研基地稻纵,1,江苏省南京市溧水区,0000272f,稻纵卷叶螟,2023,42,2023-10-15,2023-10-21,7,26.1,9.6,84.43,62.0,4.0,2.46,71.43,22.45,1.0,1.0,0.14285714285714285,18.777142857142856,73.13142857142857,2.0,5.0,27.0,11.333333333333334,27.0,27.833333333333332,108.0,23.6,25.766666666666666,13.5,16.099999999999998,84.86,85.09666666666666,74.14,76.09333333333333,0.0,11.666666666666666,2.05,2.5966666666666662,50.14,44.64666666666667,17.04,18.023333333333333,0.0
南京农业大学白马教学科研基地稻纵_1_16_诱虫量,南京农业大学白马教学科研基地稻纵_1_16_诱虫量,南京农业大学白马教学科研基地稻纵,1,江苏省南京市溧水区,0000272f,稻纵卷叶螟,2023,43,2023-10-22,2023-10-28,7,25.6,9.6,85.14,64.29,0.0,1.94,60.15,18.61,0.0,0.0,0.0,18.90142857142857,77.67142857142858,1.0,2.0,5.0,2.6666666666666665,5.0,26.5,108.0,26.1,25.066666666666666,9.6,12.933333333333332,84.43,83.38333333333334,62.0,69.28333333333333,4.0,8.566666666666666,2.46,2.686666666666666,71.43,53.363333333333344,22.45,19.69333333333333,0.0
南京农业大学白马教学科研基地稻纵_1_16_诱虫量,南京农业大学白马教学科研基地稻纵_1_16_诱虫量,南京农业大学白马教学科研基地稻纵,1,江苏省南京市溧水区,0000272f,稻纵卷叶螟,2023,44,2023-10-29,2023-11-04,2,27.6,12.9,83.57,69.14,0.8,2.48,60.23,19.36,0.0,0.0,0.0,19.01,77.52,0.0,1.0,2.0,1.0,2.0,23.833333333333332,108.0,25.6,25.099999999999998,9.6,10.9,85.14,84.81,64.29,66.81,0.0,1.3333333333333333,1.94,2.15,60.15,60.57333333333333,18.61,19.366666666666664,0.0
南京农业大学白马教学科研基地稻纵_1_16_诱虫量,南京农业大学白马教学科研基地稻纵_1_16_诱虫量,南京农业大学白马教学科研基地稻纵,1,江苏省南京市溧水区,0000272f,稻纵卷叶螟,2024,22,2024-05-27,2024-06-02,2,26.9,14.2,77.71,68.43,42.5,2.69,50.74,25.99,0.0,0.0,0.0,24.490000000000002,64.25,0.0,0.0,1.0,0.3333333333333333,1.0,5.833333333333333,27.0,27.6,26.433333333333337,12.9,10.700000000000001,83.57,84.38,69.14,65.14333333333333,0.8,1.5999999999999999,2.48,2.2933333333333334,60.23,63.93666666666667,19.36,20.14,1.0
南京农业大学白马教学科研基地稻纵_1_16_诱虫量,南京农业大学白马教学科研基地稻纵_1_16_诱虫量,南京农业大学白马教学科研基地稻纵,1,江苏省南京市溧水区,0000272f,稻纵卷叶螟,2024,23,2024-06-03,2024-06-09,7,30.9,17.1,76.86,61.71,5.2,2.43,62.66,30.94,1.0,1.0,0.14285714285714285,24.759999999999998,72.57571428571428,0.0,0.0,0.0,0.0,0.0,1.3333333333333333,5.0,26.9,26.7,14.2,12.233333333333333,77.71,82.14,68.43,67.28666666666668,42.5,14.433333333333332,2.69,2.3699999999999997,50.74,57.04,25.99,21.319999999999997,2.0
南京农业大学白马教学科研基地稻纵_1_16_诱虫量,南京农业大学白马教学科研基地稻纵_1_16_诱虫量,南京农业大学白马教学科研基地稻纵,1,江苏省南京市溧水区,0000272f,稻纵卷叶螟,2024,24,2024-06-10,2024-06-16,7,34.2,20.7,79.71,58.71,0.7,2.43,71.14,35.09,2.0,2.0,0.2857142857142857,28.964285714285715,71.73857142857142,1.0,0.0,0.0,0.3333333333333333,1.0,0.6666666666666666,2.0,30.9,28.46666666666667,17.1,14.733333333333334,76.86,79.38,61.71,66.42666666666666,5.2,16.166666666666668,2.43,2.5333333333333337,62.66,57.876666666666665,30.94,25.429999999999996,2.0
南京农业大学白马教学科研基地稻纵_1_16_诱虫量,南京农业大学白马教学科研基地稻纵_1_16_诱虫量,南京农业大学白马教学科研基地稻纵,1,江苏省南京市溧水区,0000272f,稻纵卷叶螟,2024,25,2024-06-17,2024-06-23,7,32.3,21.3,85.0,69.86,96.1,3.32,46.58,27.17,2.0,2.0,0.2857142857142857,26.517142857142858,84.40142857142857,2.0,1.0,0.0,1.0,2.0,0.6666666666666666,2.0,34.2,30.666666666666668,20.7,17.333333333333332,79.71,78.09333333333332,58.71,62.95000000000001,0.7,16.133333333333333,2.43,2.516666666666667,71.14,61.51333333333333,35.09,30.673333333333332,1.0
南京农业大学白马教学科研基地稻纵_1_16_诱虫量,南京农业大学白马教学科研基地稻纵_1_16_诱虫量,南京农业大学白马教学科研基地稻纵,1,江苏省南京市溧水区,0000272f,稻纵卷叶螟,2024,26,2024-06-24,2024-06-30,7,30.9,20.7,88.71,85.57,179.0,2.73,26.58,17.62,1.0,1.0,0.14285714285714285,24.22714285714286,94.86428571428571,2.0,2.0,1.0,1.6666666666666667,2.0,0.8333333333333334,2.0,32.3,32.46666666666667,21.3,19.7,85.0,80.52333333333333,69.86,63.42666666666667,96.1,34.0,3.32,2.7266666666666666,46.58,60.126666666666665,27.17,31.066666666666666,3.0
南京农业大学白马教学科研基地稻纵_1_16_诱虫量,南京农业大学白马教学科研基地稻纵_1_16_诱虫量,南京农业大学白马教学科研基地稻纵,1,江苏省南京市溧水区,0000272f,稻纵卷叶螟,2024,27,2024-07-01,2024-07-07,7,34.9,22.6,81.14,78.57,41.8,4.14,62.65,32.6,3.0,3.0,0.42857142857142855,30.822857142857142,77.99285714285715,1.0,2.0,2.0,1.6666666666666667,2.0,1.0,2.0,30.9,32.46666666666667,20.7,20.9,88.71,84.47333333333331,85.57,71.38,179.0,91.93333333333334,2.73,2.8266666666666667,26.58,48.099999999999994,17.62,26.62666666666667,1.0
南京农业大学白马教学科研基地稻纵_1_16_诱虫量,南京农业大学白马教学科研基地稻纵_1_16_诱虫量,南京农业大学白马教学科研基地稻纵,1,江苏省南京市溧水区,0000272f,稻纵卷叶螟,2024,28,2024-07-08,2024-07-14,7,35.0,21.4,88.57,86.0,168.8,2.44,20.72,18.18,1.0,1.0,0.14285714285714285,26.759999999999998,91.68142857142857,3.0,1.0,2.0,2.0,3.0,1.5,3.0,34.9,32.699999999999996,22.6,21.53333333333333,81.14,84.95,78.57,78.0,41.8,105.63333333333334,4.14,3.3966666666666665,62.65,45.27,32.6,25.796666666666667,1.0
南京农业大学白马教学科研基地稻纵_1_16_诱虫量,南京农业大学白马教学科研基地稻纵_1_16_诱虫量,南京农业大学白马教学科研基地稻纵,1,江苏省南京市溧水区,0000272f,稻纵卷叶螟,2024,29,2024-07-15,2024-07-21,7,35.2,24.3,81.86,78.57,22.4,3.39,35.37,25.73,1.0,1.0,0.14285714285714285,31.990000000000002,78.34857142857143,1.0,3.0,1.0,1.6666666666666667,3.0,1.6666666666666667,3.0,35.0,33.6,21.4,21.566666666666663,88.57,86.13999999999999,86.0,83.38,168.8,129.86666666666667,2.44,3.103333333333333,20.72,36.65,18.18,22.8,0.0
南京农业大学白马教学科研基地稻纵_1_16_诱虫量,南京农业大学白马教学科研基地稻纵_1_16_诱虫量,南京农业大学白马教学科研基地稻纵,1,江苏省南京市溧水区,0000272f,稻纵卷叶螟,2024,30,2024-07-22,2024-07-28,7,36.7,27.0,80.57,71.86,6.1,4.7,71.71,37.84,0.0,0.0,0.0,32.92714285714286,74.26285714285714,1.0,1.0,3.0,1.6666666666666667,3.0,1.6666666666666667,3.0,35.2,35.03333333333334,24.3,22.766666666666666,81.86,83.85666666666667,78.57,81.04666666666667,22.4,77.66666666666667,3.39,3.323333333333333,35.37,39.58,25.73,25.50333333333333,1.0
南京农业大学白马教学科研基地稻纵_1_16_诱虫量,南京农业大学白马教学科研基地稻纵_1_16_诱虫量,南京农业大学白马教学科研基地稻纵,1,江苏省南京市溧水区,0000272f,稻纵卷叶螟,2024,31,2024-07-29,2024-08-04,7,37.5,27.6,76.0,71.57,9.5,2.75,86.5,40.56,1.0,1.0,0.14285714285714285,34.49142857142857,72.37857142857142,0.0,1.0,1.0,0.6666666666666666,1.0,1.3333333333333333,3.0,36.7,35.63333333333333,27.0,24.233333333333334,80.57,83.66666666666667,71.86,78.81,6.1,65.76666666666668,4.7,3.5100000000000002,71.71,42.599999999999994,37.84,27.25,10.0
南京农业大学白马教学科研基地稻纵_1_16_诱虫量,南京农业大学白马教学科研基地稻纵_1_16_诱虫量,南京农业大学白马教学科研基地稻纵,1,江苏省南京市溧水区,0000272f,稻纵卷叶螟,2024,32,2024-08-05,2024-08-11,7,37.8,27.1,76.86,66.71,62.0,1.88,83.96,39.02,10.0,10.0,1.4285714285714286,34.011428571428574,72.19571428571429,1.0,0.0,1.0,0.6666666666666666,1.0,1.1666666666666667,3.0,37.5,36.46666666666667,27.6,26.299999999999997,76.0,79.47666666666667,71.57,74.0,9.5,12.666666666666677,2.75,3.6133333333333333,86.5,64.52666666666666,40.56,34.71,4.0
南京农业大学白马教学科研基地稻纵_1_16_诱虫量,南京农业大学白马教学科研基地稻纵_1_16_诱虫量,南京农业大学白马教学科研基地稻纵,1,江苏省南京市溧水区,0000272f,稻纵卷叶螟,2024,33,2024-08-12,2024-08-18,7,36.3,24.9,84.43,67.71,34.3,2.42,75.24,33.56,4.0,4.0,0.5714285714285714,30.78142857142857,78.32285714285715,10.0,1.0,0.0,3.6666666666666665,10.0,2.6666666666666665,10.0,37.8,37.333333333333336,27.1,27.233333333333334,76.86,77.80999999999999,66.71,70.04666666666667,62.0,25.866666666666674,1.88,3.11,83.96,80.72333333333333,39.02,39.14,9.0
南京农业大学白马教学科研基地稻纵_1_16_诱虫量,南京农业大学白马教学科研基地稻纵_1_16_诱虫量,南京农业大学白马教学科研基地稻纵,1,江苏省南京市溧水区,0000272f,稻纵卷叶螟,2024,34,2024-08-19,2024-08-25,7,34.7,25.4,84.71,77.86,50.4,1.93,64.42,27.34,9.0,9.0,1.2857142857142858,30.237142857142857,83.96000000000001,4.0,10.0,1.0,5.0,10.0,2.8333333333333335,10.0,36.3,37.199999999999996,24.9,26.53333333333333,84.43,79.09666666666668,67.71,68.66333333333331,34.3,35.26666666666668,2.42,2.35,75.24,81.89999999999999,33.56,37.71333333333333,93.0
南京农业大学白马教学科研基地稻纵_1_16_诱虫量,南京农业大学白马教学科研基地稻纵_1_16_诱虫量,南京农业大学白马教学科研基地稻纵,1,江苏省南京市溧水区,0000272f,稻纵卷叶螟,2024,35,2024-08-26,2024-09-01,7,35.2,24.1,83.43,71.71,6.3,2.35,74.77,30.13,93.0,93.0,13.285714285714286,30.622857142857146,81.30428571428571,9.0,4.0,10.0,7.666666666666667,10.0,4.166666666666667,10.0,34.7,36.266666666666666,25.4,25.799999999999997,84.71,82.0,77.86,70.75999999999999,50.4,48.90000000000001,1.93,2.0766666666666667,64.42,74.54,27.34,33.306666666666665,55.0
南京农业大学白马教学科研基地稻纵_1_16_诱虫量,南京农业大学白马教学科研基地稻纵_1_16_诱虫量,南京农业大学白马教学科研基地稻纵,1,江苏省南京市溧水区,0000272f,稻纵卷叶螟,2024,36,2024-09-02,2024-09-08,7,33.8,24.2,79.29,68.43,2.9,3.23,78.8,33.31,55.0,55.0,7.857142857142857,30.34857142857143,78.10571428571428,93.0,9.0,4.0,35.333333333333336,93.0,19.5,93.0,35.2,35.4,24.1,24.799999999999997,83.43,84.19,71.71,72.42666666666666,6.3,30.333333333333343,2.35,2.2333333333333334,74.77,71.47666666666667,30.13,30.343333333333334,79.0
南京农业大学白马教学科研基地稻纵_1_16_诱虫量,南京农业大学白马教学科研基地稻纵_1_16_诱虫量,南京农业大学白马教学科研基地稻纵,1,江苏省南京市溧水区,0000272f,稻纵卷叶螟,2024,37,2024-09-09,2024-09-15,7,33.8,23.6,88.14,80.14,83.0,3.4,57.66,23.89,79.0,79.0,11.285714285714286,29.27285714285714,83.96428571428571,55.0,93.0,9.0,52.333333333333336,93.0,28.666666666666668,93.0,33.8,34.56666666666667,24.2,24.566666666666663,79.29,82.47666666666667,68.43,72.66666666666667,2.9,19.866666666666678,3.23,2.5033333333333334,78.8,72.66333333333334,33.31,30.26,36.0
南京农业大学白马教学科研基地稻纵_1_16_诱虫量,南京农业大学白马教学科研基地稻纵_1_16_诱虫量,南京农业大学白马教学科研基地稻纵,1,江苏省南京市溧水区,0000272f,稻纵卷叶螟,2024,38,2024-09-16,2024-09-22,7,31.6,17.4,81.14,76.86,124.9,5.49,54.64,24.01,36.0,36.0,5.142857142857143,25.774285714285718,86.31428571428572,79.0,55.0,93.0,75.66666666666667,93.0,41.666666666666664,93.0,33.8,34.266666666666666,23.6,23.96666666666667,88.14,83.62,80.14,73.42666666666666,83.0,30.733333333333345,3.4,2.9933333333333336,57.66,70.41,23.89,29.109999999999996,44.0
南京农业大学白马教学科研基地稻纵_1_16_诱虫量,南京农业大学白马教学科研基地稻纵_1_16_诱虫量,南京农业大学白马教学科研基地稻纵,1,江苏省南京市溧水区,0000272f,稻纵卷叶螟,2024,39,2024-09-23,2024-09-29,7,29.1,15.8,86.14,76.0,15.1,2.67,66.18,23.31,44.0,44.0,6.285714285714286,23.958571428571428,84.08285714285714,36.0,79.0,55.0,56.666666666666664,79.0,46.0,93.0,31.6,33.06666666666666,17.4,21.73333333333333,81.14,82.85666666666667,76.86,75.14333333333333,124.9,70.26666666666668,5.49,4.04,54.64,63.70000000000001,24.01,27.069999999999997,20.0
南京农业大学白马教学科研基地稻纵_1_16_诱虫量,南京农业大学白马教学科研基地稻纵_1_16_诱虫量,南京农业大学白马教学科研基地稻纵,1,江苏省南京市溧水区,0000272f,稻纵卷叶螟,2024,40,2024-09-30,2024-10-06,7,28.6,11.9,79.0,72.14,17.2,3.38,48.16,18.62,20.0,20.0,2.857142857142857,18.68857142857143,84.26,44.0,36.0,79.0,53.0,79.0,52.666666666666664,93.0,29.1,31.5,15.8,18.933333333333334,86.14,85.14,76.0,77.66666666666667,15.1,74.33333333333334,2.67,3.853333333333333,66.18,59.49333333333334,23.31,23.736666666666665,4.0
南京农业大学白马教学科研基地稻纵_1_16_诱虫量,南京农业大学白马教学科研基地稻纵_1_16_诱虫量,南京农业大学白马教学科研基地稻纵,1,江苏省南京市溧水区,0000272f,稻纵卷叶螟,2024,41,2024-10-07,2024-10-13,7,25.2,13.1,85.0,74.71,16.7,2.16,49.5,16.94,4.0,4.0,0.5714285714285714,18.798571428571428,84.18857142857144,20.0,44.0,36.0,33.333333333333336,44.0,54.5,93.0,28.6,29.76666666666667,11.9,15.033333333333333,79.0,82.09333333333335,72.14,75.0,17.2,52.40000000000001,3.38,3.846666666666667,48.16,56.326666666666675,18.62,21.98,28.0
南京农业大学白马教学科研基地稻纵_1_16_诱虫量,南京农业大学白马教学科研基地稻纵_1_16_诱虫量,南京农业大学白马教学科研基地稻纵,1,江苏省南京市溧水区,0000272f,稻纵卷叶螟,2024,42,2024-10-14,2024-10-20,7,27.2,11.2,86.57,77.0,49.2,3.66,31.77,14.95,28.0,28.0,4.0,19.62142857142857,88.43714285714285,4.0,20.0,44.0,22.666666666666668,44.0,39.666666666666664,79.0,25.2,27.633333333333336,13.1,13.6,85.0,83.38,74.71,74.28333333333332,16.7,16.333333333333343,2.16,2.736666666666667,49.5,54.613333333333344,16.94,19.62333333333333,8.0
南京农业大学白马教学科研基地稻纵_1_16_诱虫量,南京农业大学白马教学科研基地稻纵_1_16_诱虫量,南京农业大学白马教学科研基地稻纵,1,江苏省南京市溧水区,0000272f,稻纵卷叶螟,2024,43,2024-10-21,2024-10-27,7,22.3,8.6,88.29,80.43,20.0,3.16,35.15,12.25,8.0,8.0,1.1428571428571428,15.884285714285713,87.95285714285714,28.0,4.0,20.0,17.333333333333332,28.0,35.166666666666664,79.0,27.2,27.0,11.2,12.066666666666665,86.57,83.52333333333333,77.0,74.61666666666666,49.2,27.700000000000006,3.66,3.0666666666666664,31.77,43.14333333333334,14.95,16.836666666666662,0.0
南京农业大学白马教学科研基地稻纵_1_16_诱虫量,南京农业大学白马教学科研基地稻纵_1_16_诱虫量,南京农业大学白马教学科研基地稻纵,1,江苏省南京市溧水区,0000272f,稻纵卷叶螟,2024,44,2024-10-28,2024-11-03,3,22.0,9.3,87.57,74.57,6.8,2.95,55.84,15.81,0.0,0.0,0.0,14.855,81.57499999999999,8.0,28.0,4.0,13.333333333333334,28.0,23.333333333333332,44.0,22.3,24.900000000000002,8.6,10.966666666666667,88.29,86.62,80.43,77.38,20.0,28.633333333333344,3.16,2.9933333333333336,35.15,38.80666666666667,12.25,14.713333333333331,
固城街道前陇村_1_14_诱虫量,固城街道前陇村_1_14_诱虫量,固城街道前陇村,1,江苏省南京市高淳区,00002cc5,稻纵卷叶螟,2024,34,2024-08-19,2024-08-25,1,34.7,25.4,84.71,77.86,50.4,1.93,64.42,27.34,5.0,5.0,5.0,,,,,,,,,,,,,,,,,,,,,,,,,,95.0
固城街道前陇村_1_14_诱虫量,固城街道前陇村_1_14_诱虫量,固城街道前陇村,1,江苏省南京市高淳区,00002cc5,稻纵卷叶螟,2024,37,2024-09-09,2024-09-15,7,33.8,23.6,88.14,80.14,83.0,3.4,57.66,23.89,95.0,95.0,13.571428571428571,32.277142857142856,74.25571428571428,5.0,,,5.0,5.0,5.0,5.0,34.7,34.7,25.4,25.4,84.71,84.71,77.86,77.86,50.4,50.4,1.93,1.93,64.42,64.42,27.34,27.34,71.0
固城街道前陇村_1_14_诱虫量,固城街道前陇村_1_14_诱虫量,固城街道前陇村,1,江苏省南京市高淳区,00002cc5,稻纵卷叶螟,2024,38,2024-09-16,2024-09-22,7,31.6,17.4,81.14,76.86,124.9,5.49,54.64,24.01,71.0,71.0,10.142857142857142,27.68,79.67285714285715,95.0,5.0,,50.0,95.0,50.0,95.0,33.8,34.25,23.6,24.5,88.14,86.425,80.14,79.0,83.0,66.7,3.4,2.665,57.66,61.04,23.89,25.615000000000002,23.0
固城街道前陇村_1_14_诱虫量,固城街道前陇村_1_14_诱虫量,固城街道前陇村,1,江苏省南京市高淳区,00002cc5,稻纵卷叶螟,2024,39,2024-09-23,2024-09-29,7,29.1,15.8,86.14,76.0,15.1,2.67,66.18,23.31,23.0,23.0,3.2857142857142856,26.145714285714288,77.92,71.0,95.0,5.0,57.0,95.0,57.0,95.0,31.6,33.36666666666667,17.4,22.133333333333336,81.14,84.66333333333334,76.86,78.28666666666668,124.9,86.10000000000001,5.49,3.606666666666667,54.64,58.906666666666666,24.01,25.080000000000002,43.0
固城街道前陇村_1_14_诱虫量,固城街道前陇村_1_14_诱虫量,固城街道前陇村,1,江苏省南京市高淳区,00002cc5,稻纵卷叶螟,2024,40,2024-09-30,2024-10-06,7,28.6,11.9,79.0,72.14,17.2,3.38,48.16,18.62,43.0,43.0,6.142857142857143,20.557142857142857,80.11428571428571,23.0,71.0,95.0,63.0,95.0,48.5,95.0,29.1,31.5,15.8,18.933333333333334,86.14,85.14,76.0,77.66666666666667,15.1,74.33333333333333,2.67,3.8533333333333335,66.18,59.49333333333334,23.31,23.736666666666665,4.0
固城街道前陇村_1_14_诱虫量,固城街道前陇村_1_14_诱虫量,固城街道前陇村,1,江苏省南京市高淳区,00002cc5,稻纵卷叶螟,2024,41,2024-10-07,2024-10-13,7,25.2,13.1,85.0,74.71,16.7,2.16,49.5,16.94,4.0,4.0,0.5714285714285714,20.53,79.3,43.0,23.0,71.0,45.666666666666664,71.0,47.4,95.0,28.6,29.76666666666667,11.9,15.033333333333333,79.0,82.09333333333333,72.14,75.0,17.2,52.4,3.38,3.8466666666666662,48.16,56.326666666666675,18.62,21.98,26.0
固城街道前陇村_1_14_诱虫量,固城街道前陇村_1_14_诱虫量,固城街道前陇村,1,江苏省南京市高淳区,00002cc5,稻纵卷叶螟,2024,42,2024-10-14,2024-10-20,7,27.2,11.2,86.57,77.0,49.2,3.66,31.77,14.95,26.0,26.0,3.7142857142857144,20.91142857142857,82.97142857142856,4.0,43.0,23.0,23.333333333333332,43.0,40.166666666666664,95.0,25.2,27.633333333333336,13.1,13.6,85.0,83.38,74.71,74.28333333333332,16.7,16.333333333333332,2.16,2.736666666666667,49.5,54.61333333333334,16.94,19.623333333333335,42.0
固城街道前陇村_1_14_诱虫量,固城街道前陇村_1_14_诱虫量,固城街道前陇村,1,江苏省南京市高淳区,00002cc5,稻纵卷叶螟,2024,43,2024-10-21,2024-10-27,7,22.3,8.6,88.29,80.43,20.0,3.16,35.15,12.25,42.0,42.0,6.0,17.472857142857144,81.94428571428571,26.0,4.0,43.0,24.333333333333332,43.0,43.666666666666664,95.0,27.2,27.0,11.2,12.066666666666668,86.57,83.52333333333333,77.0,74.61666666666666,49.2,27.7,3.66,3.0666666666666664,31.77,43.14333333333334,14.95,16.836666666666666,1.0
固城街道前陇村_1_14_诱虫量,固城街道前陇村_1_14_诱虫量,固城街道前陇村,1,江苏省南京市高淳区,00002cc5,稻纵卷叶螟,2024,44,2024-10-28,2024-11-03,3,22.0,9.3,87.57,74.57,6.8,2.95,55.84,15.81,1.0,1.0,0.3333333333333333,16.78,75.83,42.0,26.0,4.0,24.0,42.0,34.833333333333336,71.0,22.3,24.900000000000002,8.6,10.966666666666667,88.29,86.62,80.43,77.38,20.0,28.633333333333336,3.16,2.9933333333333336,35.15,38.806666666666665,12.25,14.713333333333333,
孔镇稻纵卷叶螟_1_8_诱虫量,孔镇稻纵卷叶螟_1_8_诱虫量,孔镇稻纵卷叶螟,1,江苏省南京市溧水区,00001cee,稻纵卷叶螟,2023,22,2023-05-28,2023-06-03,3,32.3,20.1,84.14,74.14,29.6,2.38,48.59,25.72,0.0,0.0,0.0,,,,,,,,,,,,,,,,,,,,,,,,,,0.0
孔镇稻纵卷叶螟_1_8_诱虫量,孔镇稻纵卷叶螟_1_8_诱虫量,孔镇稻纵卷叶螟,1,江苏省南京市溧水区,00001cee,稻纵卷叶螟,2023,23,2023-06-04,2023-06-10,7,34.2,16.0,80.43,75.0,31.1,2.66,59.78,28.9,0.0,0.0,0.0,,,0.0,,,0.0,0.0,0.0,0.0,32.3,32.3,20.1,20.1,84.14,84.14,74.14,74.14,29.6,29.6,2.38,2.38,48.59,48.59,25.72,25.72,1.0
孔镇稻纵卷叶螟_1_8_诱虫量,孔镇稻纵卷叶螟_1_8_诱虫量,孔镇稻纵卷叶螟,1,江苏省南京市溧水区,00001cee,稻纵卷叶螟,2023,24,2023-06-11,2023-06-17,7,32.4,19.2,80.14,65.0,8.5,2.69,57.13,31.06,1.0,1.0,0.14285714285714285,,,0.0,0.0,,0.0,0.0,0.0,0.0,34.2,33.25,16.0,18.05,80.43,82.285,75.0,74.57,31.1,30.35,2.66,2.52,59.78,54.185,28.9,27.31,0.0
孔镇稻纵卷叶螟_1_8_诱虫量,孔镇稻纵卷叶螟_1_8_诱虫量,孔镇稻纵卷叶螟,1,江苏省南京市溧水区,00001cee,稻纵卷叶螟,2023,25,2023-06-18,2023-06-24,7,31.4,20.5,87.57,74.57,82.3,2.55,29.04,21.42,0.0,0.0,0.0,,,1.0,0.0,0.0,0.3333333333333333,1.0,0.3333333333333333,1.0,32.4,32.96666666666667,19.2,18.433333333333334,80.14,81.57000000000001,65.0,71.38,8.5,23.066666666666666,2.69,2.5766666666666667,57.13,55.166666666666664,31.06,28.56,1.0
孔镇稻纵卷叶螟_1_8_诱虫量,孔镇稻纵卷叶螟_1_8_诱虫量,孔镇稻纵卷叶螟,1,江苏省南京市溧水区,00001cee,稻纵卷叶螟,2023,26,2023-06-25,2023-07-01,7,32.8,21.5,86.29,78.86,64.0,2.94,49.98,24.98,1.0,1.0,0.14285714285714285,,,0.0,1.0,0.0,0.3333333333333333,1.0,0.25,1.0,31.4,32.666666666666664,20.5,18.566666666666666,87.57,82.71333333333332,74.57,71.52333333333333,82.3,40.63333333333333,2.55,2.6333333333333333,29.04,48.65,21.42,27.126666666666665,2.0
孔镇稻纵卷叶螟_1_8_诱虫量,孔镇稻纵卷叶螟_1_8_诱虫量,孔镇稻纵卷叶螟,1,江苏省南京市溧水区,00001cee,稻纵卷叶螟,2023,27,2023-07-02,2023-07-08,7,32.9,23.9,87.86,82.29,123.1,3.4,45.76,24.46,2.0,2.0,0.2857142857142857,,,1.0,0.0,1.0,0.6666666666666666,1.0,0.4,1.0,32.8,32.199999999999996,21.5,20.400000000000002,86.29,84.66666666666667,78.86,72.81,64.0,51.6,2.94,2.7266666666666666,49.98,45.38333333333333,24.98,25.820000000000004,13.0
孔镇稻纵卷叶螟_1_8_诱虫量,孔镇稻纵卷叶螟_1_8_诱虫量,孔镇稻纵卷叶螟,1,江苏省南京市溧水区,00001cee,稻纵卷叶螟,2023,28,2023-07-09,2023-07-15,7,34.9,24.6,84.57,77.0,27.6,3.38,49.19,28.48,13.0,13.0,1.8571428571428572,,,2.0,1.0,0.0,1.0,2.0,0.6666666666666666,2.0,32.9,32.36666666666667,23.9,21.966666666666665,87.86,87.24000000000001,82.29,78.57333333333334,123.1,89.8,3.4,2.9633333333333334,45.76,41.593333333333334,24.46,23.62,125.0
孔镇稻纵卷叶螟_1_8_诱虫量,孔镇稻纵卷叶螟_1_8_诱虫量,孔镇稻纵卷叶螟,1,江苏省南京市溧水区,00001cee,稻纵卷叶螟,2023,29,2023-07-16,2023-07-22,7,31.5,23.5,89.43,84.71,117.0,2.29,34.08,19.55,125.0,125.0,17.857142857142858,,,13.0,2.0,1.0,5.333333333333333,13.0,2.8333333333333335,13.0,34.9,33.53333333333333,24.6,23.333333333333332,84.57,86.24000000000001,77.0,79.38333333333334,27.6,71.56666666666666,3.38,3.2399999999999998,49.19,48.31,28.48,25.973333333333333,200.0
孔镇稻纵卷叶螟_1_8_诱虫量,孔镇稻纵卷叶螟_1_8_诱虫量,孔镇稻纵卷叶螟,1,江苏省南京市溧水区,00001cee,稻纵卷叶螟,2023,30,2023-07-23,2023-07-29,7,33.2,25.1,86.86,80.86,44.3,3.98,65.75,29.7,200.0,200.0,28.571428571428573,,,125.0,13.0,2.0,46.666666666666664,125.0,23.666666666666668,125.0,31.5,33.1,23.5,24.0,89.43,87.28666666666668,84.71,81.33333333333333,117.0,89.23333333333333,2.29,3.0233333333333334,34.08,43.01,19.55,24.163333333333338,18.0
孔镇稻纵卷叶螟_1_8_诱虫量,孔镇稻纵卷叶螟_1_8_诱虫量,孔镇稻纵卷叶螟,1,江苏省南京市溧水区,00001cee,稻纵卷叶螟,2023,31,2023-07-30,2023-08-05,2,34.0,25.0,86.43,76.43,17.1,3.1,81.36,32.83,18.0,18.0,9.0,20.0,43.0,200.0,125.0,13.0,112.66666666666667,200.0,56.833333333333336,200.0,33.2,33.2,25.1,24.400000000000002,86.86,86.95333333333333,80.86,80.85666666666667,44.3,62.96666666666666,3.98,3.2166666666666663,65.75,49.673333333333325,29.7,25.91,20.0
孔镇稻纵卷叶螟_1_8_诱虫量,孔镇稻纵卷叶螟_1_8_诱虫量,孔镇稻纵卷叶螟,1,江苏省南京市溧水区,00001cee,稻纵卷叶螟,2023,32,2023-08-06,2023-08-12,7,35.1,24.0,83.71,75.14,10.3,2.08,79.69,33.11,20.0,20.0,2.857142857142857,31.244285714285716,72.09,18.0,200.0,125.0,114.33333333333333,200.0,59.833333333333336,200.0,34.0,32.9,25.0,24.53333333333333,86.43,87.57333333333334,76.43,80.66666666666667,17.1,59.46666666666667,3.1,3.1233333333333335,81.36,60.39666666666667,32.83,27.36,29.0
孔镇稻纵卷叶螟_1_8_诱虫量,孔镇稻纵卷叶螟_1_8_诱虫量,孔镇稻纵卷叶螟,1,江苏省南京市溧水区,00001cee,稻纵卷叶螟,2023,33,2023-08-13,2023-08-19,7,33.7,23.9,86.57,81.29,26.5,2.19,77.01,29.64,29.0,29.0,4.142857142857143,30.03833333333333,76.575,20.0,18.0,200.0,79.33333333333333,200.0,63.0,200.0,35.1,34.1,24.0,24.7,83.71,85.66666666666667,75.14,77.47666666666667,10.3,23.900000000000002,2.08,3.0533333333333332,79.69,75.60000000000001,33.11,31.88,54.0
孔镇稻纵卷叶螟_1_8_诱虫量,孔镇稻纵卷叶螟_1_8_诱虫量,孔镇稻纵卷叶螟,1,江苏省南京市溧水区,00001cee,稻纵卷叶螟,2023,34,2023-08-20,2023-08-26,7,32.0,22.4,82.71,72.0,27.1,2.8,70.93,31.5,54.0,54.0,7.714285714285714,29.95,72.84428571428572,29.0,20.0,18.0,22.333333333333332,29.0,67.5,200.0,33.7,34.26666666666667,23.9,24.3,86.57,85.57,81.29,77.62,26.5,17.96666666666667,2.19,2.4566666666666666,77.01,79.35333333333334,29.64,31.86,9.0
孔镇稻纵卷叶螟_1_8_诱虫量,孔镇稻纵卷叶螟_1_8_诱虫量,孔镇稻纵卷叶螟,1,江苏省南京市溧水区,00001cee,稻纵卷叶螟,2023,35,2023-08-27,2023-09-02,7,29.4,18.5,86.86,78.57,59.2,2.79,42.5,22.49,9.0,9.0,1.2857142857142858,24.75,81.24571428571429,54.0,29.0,20.0,34.333333333333336,54.0,74.33333333333333,200.0,32.0,33.6,22.4,23.433333333333334,82.71,84.32999999999998,72.0,76.14333333333333,27.1,21.3,2.8,2.3566666666666665,70.93,75.87666666666667,31.5,31.416666666666668,15.0
孔镇稻纵卷叶螟_1_8_诱虫量,孔镇稻纵卷叶螟_1_8_诱虫量,孔镇稻纵卷叶螟,1,江苏省南京市溧水区,00001cee,稻纵卷叶螟,2023,36,2023-09-03,2023-09-09,7,31.0,21.7,88.0,73.71,2.5,2.83,74.88,29.19,15.0,15.0,2.142857142857143,28.247142857142855,74.79714285714286,9.0,54.0,29.0,30.666666666666668,54.0,55.0,200.0,29.4,31.700000000000003,18.5,21.599999999999998,86.86,85.38,78.57,77.28666666666668,59.2,37.6,2.79,2.5933333333333333,42.5,63.48,22.49,27.876666666666665,11.0
孔镇稻纵卷叶螟_1_8_诱虫量,孔镇稻纵卷叶螟_1_8_诱虫量,孔镇稻纵卷叶螟,1,江苏省南京市溧水区,00001cee,稻纵卷叶螟,2023,37,2023-09-10,2023-09-16,7,31.4,20.4,87.43,82.14,74.6,2.74,29.78,17.15,11.0,11.0,1.5714285714285714,25.414285714285715,83.95,15.0,9.0,54.0,26.0,54.0,24.166666666666668,54.0,31.0,30.8,21.7,20.866666666666664,88.0,85.85666666666667,73.71,74.75999999999999,2.5,29.600000000000005,2.83,2.8066666666666666,74.88,62.77,29.19,27.72666666666667,105.0
孔镇稻纵卷叶螟_1_8_诱虫量,孔镇稻纵卷叶螟_1_8_诱虫量,孔镇稻纵卷叶螟,1,江苏省南京市溧水区,00001cee,稻纵卷叶螟,2023,38,2023-09-17,2023-09-23,7,32.0,18.8,88.57,77.57,41.3,2.51,30.18,16.82,105.0,105.0,15.0,24.618571428571425,83.23428571428572,11.0,15.0,9.0,11.666666666666666,15.0,23.0,54.0,31.4,30.599999999999998,20.4,20.2,87.43,87.43,82.14,78.13999999999999,74.6,45.43333333333334,2.74,2.7866666666666666,29.78,49.053333333333335,17.15,22.94333333333333,38.0
孔镇稻纵卷叶螟_1_8_诱虫量,孔镇稻纵卷叶螟_1_8_诱虫量,孔镇稻纵卷叶螟,1,江苏省南京市溧水区,00001cee,稻纵卷叶螟,2023,39,2023-09-24,2023-09-30,7,28.2,19.1,89.57,82.43,13.3,2.19,45.28,17.44,38.0,38.0,5.428571428571429,25.021428571428572,82.31000000000002,105.0,11.0,15.0,43.666666666666664,105.0,37.166666666666664,105.0,32.0,31.46666666666667,18.8,20.299999999999997,88.57,88.0,77.57,77.80666666666666,41.3,39.46666666666666,2.51,2.6933333333333334,30.18,44.946666666666665,16.82,21.053333333333335,0.0
孔镇稻纵卷叶螟_1_8_诱虫量,孔镇稻纵卷叶螟_1_8_诱虫量,孔镇稻纵卷叶螟,1,江苏省南京市溧水区,00001cee,稻纵卷叶螟,2023,40,2023-10-01,2023-10-07,7,25.5,15.7,80.86,71.71,21.7,3.55,38.52,19.59,0.0,0.0,0.0,20.351428571428574,76.9557142857143,38.0,105.0,11.0,51.333333333333336,105.0,38.666666666666664,105.0,28.2,30.53333333333333,19.1,19.433333333333334,89.57,88.52333333333333,82.43,80.71333333333332,13.3,43.06666666666666,2.19,2.48,45.28,35.080000000000005,17.44,17.136666666666667,2.0
孔镇稻纵卷叶螟_1_8_诱虫量,孔镇稻纵卷叶螟_1_8_诱虫量,孔镇稻纵卷叶螟,1,江苏省南京市溧水区,00001cee,稻纵卷叶螟,2023,41,2023-10-08,2023-10-14,7,23.6,13.5,84.86,74.14,0.0,2.05,50.14,17.04,2.0,2.0,0.2857142857142857,20.457142857142856,75.28285714285714,0.0,38.0,105.0,47.666666666666664,105.0,29.666666666666668,105.0,25.5,28.566666666666666,15.7,17.866666666666667,80.86,86.33333333333333,71.71,77.23666666666666,21.7,25.433333333333334,3.55,2.75,38.52,37.99333333333333,19.59,17.95,0.0
孔镇稻纵卷叶螟_1_8_诱虫量,孔镇稻纵卷叶螟_1_8_诱虫量,孔镇稻纵卷叶螟,1,江苏省南京市溧水区,00001cee,稻纵卷叶螟,2023,42,2023-10-15,2023-10-21,7,26.1,9.6,84.43,62.0,4.0,2.46,71.43,22.45,0.0,0.0,0.0,19.245714285714286,68.61142857142856,2.0,0.0,38.0,13.333333333333334,38.0,28.5,105.0,23.6,25.766666666666666,13.5,16.099999999999998,84.86,85.09666666666666,74.14,76.09333333333332,0.0,11.666666666666666,2.05,2.5966666666666662,50.14,44.64666666666667,17.04,18.023333333333333,0.0
孔镇稻纵卷叶螟_1_8_诱虫量,孔镇稻纵卷叶螟_1_8_诱虫量,孔镇稻纵卷叶螟,1,江苏省南京市溧水区,00001cee,稻纵卷叶螟,2023,43,2023-10-22,2023-10-28,7,25.6,9.6,85.14,64.29,0.0,1.94,60.15,18.61,0.0,0.0,0.0,20.032857142857143,72.47714285714287,0.0,2.0,0.0,0.6666666666666666,2.0,26.0,105.0,26.1,25.066666666666666,9.6,12.933333333333332,84.43,83.38333333333334,62.0,69.28333333333332,4.0,8.566666666666666,2.46,2.686666666666667,71.43,53.363333333333344,22.45,19.69333333333333,0.0
孔镇稻纵卷叶螟_1_8_诱虫量,孔镇稻纵卷叶螟_1_8_诱虫量,孔镇稻纵卷叶螟,1,江苏省南京市溧水区,00001cee,稻纵卷叶螟,2023,44,2023-10-29,2023-11-04,2,27.6,12.9,83.57,69.14,0.8,2.48,60.23,19.36,0.0,0.0,0.0,20.76,69.48,0.0,0.0,2.0,0.6666666666666666,2.0,24.166666666666668,105.0,25.6,25.099999999999998,9.6,10.9,85.14,84.81,64.29,66.81,0.0,1.3333333333333333,1.94,2.15,60.15,60.57333333333333,18.61,19.366666666666664,1.0
孔镇稻纵卷叶螟_1_8_诱虫量,孔镇稻纵卷叶螟_1_8_诱虫量,孔镇稻纵卷叶螟,1,江苏省南京市溧水区,00001cee,稻纵卷叶螟,2024,22,2024-05-27,2024-06-02,2,26.9,14.2,77.71,68.43,42.5,2.69,50.74,25.99,1.0,1.0,0.5,24.5,60.69,0.0,0.0,0.0,0.0,0.0,6.666666666666667,38.0,27.6,26.433333333333337,12.9,10.700000000000001,83.57,84.38,69.14,65.14333333333333,0.8,1.5999999999999999,2.48,2.2933333333333334,60.23,63.93666666666667,19.36,20.14,15.0
孔镇稻纵卷叶螟_1_8_诱虫量,孔镇稻纵卷叶螟_1_8_诱虫量,孔镇稻纵卷叶螟,1,江苏省南京市溧水区,00001cee,稻纵卷叶螟,2024,23,2024-06-03,2024-06-09,7,30.9,17.1,76.86,61.71,5.2,2.43,62.66,30.94,15.0,15.0,2.142857142857143,24.975714285714282,67.96857142857144,1.0,0.0,0.0,0.3333333333333333,1.0,0.5,2.0,26.9,26.7,14.2,12.233333333333333,77.71,82.14,68.43,67.28666666666668,42.5,14.433333333333332,2.69,2.3699999999999997,50.74,57.04,25.99,21.319999999999997,7.0
孔镇稻纵卷叶螟_1_8_诱虫量,孔镇稻纵卷叶螟_1_8_诱虫量,孔镇稻纵卷叶螟,1,江苏省南京市溧水区,00001cee,稻纵卷叶螟,2024,24,2024-06-10,2024-06-16,7,34.2,20.7,79.71,58.71,0.7,2.43,71.14,35.09,7.0,7.0,1.0,29.12857142857143,67.58714285714287,15.0,1.0,0.0,5.333333333333333,15.0,3.0,15.0,30.9,28.46666666666667,17.1,14.733333333333334,76.86,79.38,61.71,66.42666666666666,5.2,16.166666666666668,2.43,2.533333333333333,62.66,57.876666666666665,30.94,25.429999999999996,0.0
孔镇稻纵卷叶螟_1_8_诱虫量,孔镇稻纵卷叶螟_1_8_诱虫量,孔镇稻纵卷叶螟,1,江苏省南京市溧水区,00001cee,稻纵卷叶螟,2024,25,2024-06-17,2024-06-23,7,32.3,21.3,85.0,69.86,96.1,3.32,46.58,27.17,0.0,0.0,0.0,26.970000000000002,80.73,7.0,15.0,1.0,7.666666666666667,15.0,3.8333333333333335,15.0,34.2,30.666666666666668,20.7,17.333333333333332,79.71,78.09333333333332,58.71,62.95000000000001,0.7,16.133333333333333,2.43,2.5166666666666666,71.14,61.51333333333333,35.09,30.673333333333332,5.0
孔镇稻纵卷叶螟_1_8_诱虫量,孔镇稻纵卷叶螟_1_8_诱虫量,孔镇稻纵卷叶螟,1,江苏省南京市溧水区,00001cee,稻纵卷叶螟,2024,26,2024-06-24,2024-06-30,7,30.9,20.7,88.71,85.57,179.0,2.73,26.58,17.62,5.0,5.0,0.7142857142857143,24.90142857142857,90.82857142857142,0.0,7.0,15.0,7.333333333333333,15.0,3.8333333333333335,15.0,32.3,32.46666666666667,21.3,19.7,85.0,80.52333333333333,69.86,63.42666666666667,96.1,34.0,3.32,2.7266666666666666,46.58,60.126666666666665,27.17,31.066666666666666,0.0
孔镇稻纵卷叶螟_1_8_诱虫量,孔镇稻纵卷叶螟_1_8_诱虫量,孔镇稻纵卷叶螟,1,江苏省南京市溧水区,00001cee,稻纵卷叶螟,2024,27,2024-07-01,2024-07-07,7,34.9,22.6,81.14,78.57,41.8,4.14,62.65,32.6,0.0,0.0,0.0,30.788571428571426,74.62571428571428,5.0,0.0,7.0,4.0,7.0,4.666666666666667,15.0,30.9,32.46666666666667,20.7,20.9,88.71,84.47333333333331,85.57,71.38,179.0,91.93333333333334,2.73,2.8266666666666667,26.58,48.099999999999994,17.62,26.62666666666667,0.0
孔镇稻纵卷叶螟_1_8_诱虫量,孔镇稻纵卷叶螟_1_8_诱虫量,孔镇稻纵卷叶螟,1,江苏省南京市溧水区,00001cee,稻纵卷叶螟,2024,28,2024-07-08,2024-07-14,7,35.0,21.4,88.57,86.0,168.8,2.44,20.72,18.18,0.0,0.0,0.0,27.56714285714286,87.62571428571428,0.0,5.0,0.0,1.6666666666666667,5.0,4.666666666666667,15.0,34.9,32.699999999999996,22.6,21.53333333333333,81.14,84.95,78.57,78.0,41.8,105.63333333333334,4.14,3.3966666666666665,62.65,45.27,32.6,25.796666666666667,2.0
孔镇稻纵卷叶螟_1_8_诱虫量,孔镇稻纵卷叶螟_1_8_诱虫量,孔镇稻纵卷叶螟,1,江苏省南京市溧水区,00001cee,稻纵卷叶螟,2024,29,2024-07-15,2024-07-21,7,35.2,24.3,81.86,78.57,22.4,3.39,35.37,25.73,2.0,2.0,0.2857142857142857,32.82142857142857,72.92714285714285,0.0,0.0,5.0,1.6666666666666667,5.0,4.5,15.0,35.0,33.6,21.4,21.566666666666663,88.57,86.13999999999999,86.0,83.38,168.8,129.86666666666667,2.44,3.103333333333333,20.72,36.65,18.18,22.8,0.0
孔镇稻纵卷叶螟_1_8_诱虫量,孔镇稻纵卷叶螟_1_8_诱虫量,孔镇稻纵卷叶螟,1,江苏省南京市溧水区,00001cee,稻纵卷叶螟,2024,30,2024-07-22,2024-07-28,7,36.7,27.0,80.57,71.86,6.1,4.7,71.71,37.84,0.0,0.0,0.0,32.38857142857143,72.08428571428571,2.0,0.0,0.0,0.6666666666666666,2.0,2.3333333333333335,7.0,35.2,35.03333333333334,24.3,22.766666666666666,81.86,83.85666666666667,78.57,81.04666666666667,22.4,77.66666666666667,3.39,3.323333333333333,35.37,39.58,25.73,25.50333333333333,68.0
孔镇稻纵卷叶螟_1_8_诱虫量,孔镇稻纵卷叶螟_1_8_诱虫量,孔镇稻纵卷叶螟,1,江苏省南京市溧水区,00001cee,稻纵卷叶螟,2024,31,2024-07-29,2024-08-04,7,37.5,27.6,76.0,71.57,9.5,2.75,86.5,40.56,68.0,68.0,9.714285714285714,34.91571428571429,67.53142857142856,0.0,2.0,0.0,0.6666666666666666,2.0,1.1666666666666667,5.0,36.7,35.63333333333333,27.0,24.233333333333334,80.57,83.66666666666667,71.86,78.81,6.1,65.76666666666668,4.7,3.5100000000000002,71.71,42.599999999999994,37.84,27.25,149.0
孔镇稻纵卷叶螟_1_8_诱虫量,孔镇稻纵卷叶螟_1_8_诱虫量,孔镇稻纵卷叶螟,1,江苏省南京市溧水区,00001cee,稻纵卷叶螟,2024,32,2024-08-05,2024-08-11,7,37.8,27.1,76.86,66.71,62.0,1.88,83.96,39.02,149.0,149.0,21.285714285714285,34.26142857142857,67.35857142857142,68.0,0.0,2.0,23.333333333333332,68.0,12.5,68.0,37.5,36.46666666666667,27.6,26.299999999999997,76.0,79.47666666666667,71.57,74.0,9.5,12.666666666666677,2.75,3.6133333333333333,86.5,64.52666666666666,40.56,34.71,358.0
孔镇稻纵卷叶螟_1_8_诱虫量,孔镇稻纵卷叶螟_1_8_诱虫量,孔镇稻纵卷叶螟,1,江苏省南京市溧水区,00001cee,稻纵卷叶螟,2024,33,2024-08-12,2024-08-18,7,36.3,24.9,84.43,67.71,34.3,2.42,75.24,33.56,358.0,358.0,51.142857142857146,31.118571428571425,74.99428571428572,149.0,68.0,0.0,72.33333333333333,149.0,36.5,149.0,37.8,37.333333333333336,27.1,27.233333333333334,76.86,77.80999999999999,66.71,70.04666666666667,62.0,25.866666666666674,1.88,3.11,83.96,80.72333333333333,39.02,39.14,99.0
孔镇稻纵卷叶螟_1_8_诱虫量,孔镇稻纵卷叶螟_1_8_诱虫量,孔镇稻纵卷叶螟,1,江苏省南京市溧水区,00001cee,稻纵卷叶螟,2024,34,2024-08-19,2024-08-25,7,34.7,25.4,84.71,77.86,50.4,1.93,64.42,27.34,99.0,99.0,14.142857142857142,31.19142857142857,77.63857142857144,358.0,149.0,68.0,191.66666666666666,358.0,96.16666666666667,358.0,36.3,37.199999999999996,24.9,26.53333333333333,84.43,79.09666666666668,67.71,68.66333333333331,34.3,35.26666666666668,2.42,2.35,75.24,81.89999999999999,33.56,37.71333333333333,145.0
孔镇稻纵卷叶螟_1_8_诱虫量,孔镇稻纵卷叶螟_1_8_诱虫量,孔镇稻纵卷叶螟,1,江苏省南京市溧水区,00001cee,稻纵卷叶螟,2024,35,2024-08-26,2024-09-01,7,35.2,24.1,83.43,71.71,6.3,2.35,74.77,30.13,145.0,145.0,20.714285714285715,31.90142857142857,73.68142857142857,99.0,358.0,149.0,202.0,358.0,112.66666666666667,358.0,34.7,36.266666666666666,25.4,25.799999999999997,84.71,82.0,77.86,70.75999999999999,50.4,48.90000000000001,1.93,2.0766666666666667,64.42,74.54,27.34,33.306666666666665,471.0
孔镇稻纵卷叶螟_1_8_诱虫量,孔镇稻纵卷叶螟_1_8_诱虫量,孔镇稻纵卷叶螟,1,江苏省南京市溧水区,00001cee,稻纵卷叶螟,2024,36,2024-09-02,2024-09-08,7,33.8,24.2,79.29,68.43,2.9,3.23,78.8,33.31,471.0,471.0,67.28571428571429,30.759999999999998,74.25857142857141,145.0,99.0,358.0,200.66666666666666,358.0,136.5,358.0,35.2,35.4,24.1,24.799999999999997,83.43,84.19,71.71,72.42666666666666,6.3,30.333333333333343,2.35,2.2333333333333334,74.77,71.47666666666667,30.13,30.343333333333334,422.0
孔镇稻纵卷叶螟_1_8_诱虫量,孔镇稻纵卷叶螟_1_8_诱虫量,孔镇稻纵卷叶螟,1,江苏省南京市溧水区,00001cee,稻纵卷叶螟,2024,37,2024-09-09,2024-09-15,7,33.8,23.6,88.14,80.14,83.0,3.4,57.66,23.89,422.0,422.0,60.285714285714285,29.88714285714286,79.82142857142857,471.0,145.0,99.0,238.33333333333334,471.0,215.0,471.0,33.8,34.56666666666667,24.2,24.566666666666663,79.29,82.47666666666667,68.43,72.66666666666667,2.9,19.866666666666678,3.23,2.5033333333333334,78.8,72.66333333333334,33.31,30.26,97.0
孔镇稻纵卷叶螟_1_8_诱虫量,孔镇稻纵卷叶螟_1_8_诱虫量,孔镇稻纵卷叶螟,1,江苏省南京市溧水区,00001cee,稻纵卷叶螟,2024,38,2024-09-16,2024-09-22,7,31.6,17.4,81.14,76.86,124.9,5.49,54.64,24.01,97.0,97.0,13.857142857142858,26.52,83.04714285714286,422.0,471.0,145.0,346.0,471.0,274.0,471.0,33.8,34.266666666666666,23.6,23.96666666666667,88.14,83.62,80.14,73.42666666666666,83.0,30.733333333333345,3.4,2.9933333333333336,57.66,70.41,23.89,29.109999999999996,33.0
孔镇稻纵卷叶螟_1_8_诱虫量,孔镇稻纵卷叶螟_1_8_诱虫量,孔镇稻纵卷叶螟,1,江苏省南京市溧水区,00001cee,稻纵卷叶螟,2024,39,2024-09-23,2024-09-29,7,29.1,15.8,86.14,76.0,15.1,2.67,66.18,23.31,33.0,33.0,4.714285714285714,24.98428571428571,80.58,97.0,422.0,471.0,330.0,471.0,265.3333333333333,471.0,31.6,33.06666666666666,17.4,21.73333333333333,81.14,82.85666666666667,76.86,75.14333333333333,124.9,70.26666666666668,5.49,4.04,54.64,63.70000000000001,24.01,27.069999999999997,27.0
孔镇稻纵卷叶螟_1_8_诱虫量,孔镇稻纵卷叶螟_1_8_诱虫量,孔镇稻纵卷叶螟,1,江苏省南京市溧水区,00001cee,稻纵卷叶螟,2024,40,2024-09-30,2024-10-06,7,28.6,11.9,79.0,72.14,17.2,3.38,48.16,18.62,27.0,27.0,3.857142857142857,19.762857142857143,80.05714285714285,33.0,97.0,422.0,184.0,422.0,211.16666666666666,471.0,29.1,31.5,15.8,18.933333333333334,86.14,85.14,76.0,77.66666666666667,15.1,74.33333333333334,2.67,3.853333333333333,66.18,59.49333333333334,23.31,23.736666666666665,26.0
孔镇稻纵卷叶螟_1_8_诱虫量,孔镇稻纵卷叶螟_1_8_诱虫量,孔镇稻纵卷叶螟,1,江苏省南京市溧水区,00001cee,稻纵卷叶螟,2024,41,2024-10-07,2024-10-13,7,25.2,13.1,85.0,74.71,16.7,2.16,49.5,16.94,26.0,26.0,3.7142857142857144,20.16,80.53857142857143,27.0,33.0,97.0,52.333333333333336,97.0,199.16666666666666,471.0,28.6,29.76666666666667,11.9,15.033333333333333,79.0,82.09333333333335,72.14,75.0,17.2,52.40000000000001,3.38,3.846666666666667,48.16,56.326666666666675,18.62,21.98,21.0
孔镇稻纵卷叶螟_1_8_诱虫量,孔镇稻纵卷叶螟_1_8_诱虫量,孔镇稻纵卷叶螟,1,江苏省南京市溧水区,00001cee,稻纵卷叶螟,2024,42,2024-10-14,2024-10-20,7,27.2,11.2,86.57,77.0,49.2,3.66,31.77,14.95,21.0,21.0,3.0,20.595714285714283,85.12714285714286,26.0,27.0,33.0,28.666666666666668,33.0,179.33333333333334,471.0,25.2,27.633333333333336,13.1,13.6,85.0,83.38,74.71,74.28333333333332,16.7,16.333333333333343,2.16,2.736666666666667,49.5,54.613333333333344,16.94,19.62333333333333,21.0
孔镇稻纵卷叶螟_1_8_诱虫量,孔镇稻纵卷叶螟_1_8_诱虫量,孔镇稻纵卷叶螟,1,江苏省南京市溧水区,00001cee,稻纵卷叶螟,2024,43,2024-10-21,2024-10-27,7,22.3,8.6,88.29,80.43,20.0,3.16,35.15,12.25,21.0,21.0,3.0,17.324285714285715,83.43142857142857,21.0,26.0,27.0,24.666666666666668,27.0,104.33333333333333,422.0,27.2,27.0,11.2,12.066666666666665,86.57,83.52333333333333,77.0,74.61666666666666,49.2,27.700000000000006,3.66,3.0666666666666664,31.77,43.14333333333334,14.95,16.836666666666662,4.0
孔镇稻纵卷叶螟_1_8_诱虫量,孔镇稻纵卷叶螟_1_8_诱虫量,孔镇稻纵卷叶螟,1,江苏省南京市溧水区,00001cee,稻纵卷叶螟,2024,44,2024-10-28,2024-11-03,3,22.0,9.3,87.57,74.57,6.8,2.95,55.84,15.81,4.0,4.0,1.3333333333333333,16.745,77.46000000000001,21.0,21.0,26.0,22.666666666666668,26.0,37.5,97.0,22.3,24.900000000000002,8.6,10.966666666666667,88.29,86.62,80.43,77.38,20.0,28.633333333333344,3.16,2.9933333333333336,35.15,38.80666666666667,12.25,14.713333333333331,
桠溪街道6月前粘虫后稻纵_1_6_诱虫量,桠溪街道6月前粘虫后稻纵_1_6_诱虫量,桠溪街道6月前粘虫后稻纵,1,江苏省南京市高淳区,00002605,稻纵卷叶螟,2023,32,2023-08-06,2023-08-12,1,35.1,24.0,83.71,75.14,10.3,2.08,79.69,33.11,5.0,5.0,5.0,25.2,48.2,,,,,,,,,,,,,,,,,,,,,,,,7.0
桠溪街道6月前粘虫后稻纵_1_6_诱虫量,桠溪街道6月前粘虫后稻纵_1_6_诱虫量,桠溪街道6月前粘虫后稻纵,1,江苏省南京市高淳区,00002605,稻纵卷叶螟,2023,34,2023-08-20,2023-08-26,2,32.0,22.4,82.71,72.0,27.1,2.8,70.93,31.5,7.0,7.0,3.5,36.224999999999994,57.165,5.0,,,5.0,5.0,5.0,5.0,35.1,35.1,24.0,24.0,83.71,83.71,75.14,75.14,10.3,10.3,2.08,2.08,79.69,79.69,33.11,33.11,9.0
桠溪街道6月前粘虫后稻纵_1_6_诱虫量,桠溪街道6月前粘虫后稻纵_1_6_诱虫量,桠溪街道6月前粘虫后稻纵,1,江苏省南京市高淳区,00002605,稻纵卷叶螟,2023,35,2023-08-27,2023-09-02,7,29.4,18.5,86.86,78.57,59.2,2.79,42.5,22.49,9.0,9.0,1.2857142857142858,24.889999999999997,84.18142857142857,7.0,5.0,,6.0,7.0,6.0,7.0,32.0,33.55,22.4,23.2,82.71,83.21,72.0,73.57,27.1,18.700000000000003,2.8,2.44,70.93,75.31,31.5,32.305,6.0
桠溪街道6月前粘虫后稻纵_1_6_诱虫量,桠溪街道6月前粘虫后稻纵_1_6_诱虫量,桠溪街道6月前粘虫后稻纵,1,江苏省南京市高淳区,00002605,稻纵卷叶螟,2023,36,2023-09-03,2023-09-09,7,31.0,21.7,88.0,73.71,2.5,2.83,74.88,29.19,6.0,6.0,0.8571428571428571,27.72142857142857,80.51571428571428,9.0,7.0,5.0,7.0,9.0,7.0,9.0,29.4,32.166666666666664,18.5,21.633333333333336,86.86,84.42666666666666,78.57,75.23666666666666,59.2,32.2,2.79,2.5566666666666666,42.5,64.37333333333333,22.49,29.03333333333333,45.0
桠溪街道6月前粘虫后稻纵_1_6_诱虫量,桠溪街道6月前粘虫后稻纵_1_6_诱虫量,桠溪街道6月前粘虫后稻纵,1,江苏省南京市高淳区,00002605,稻纵卷叶螟,2023,37,2023-09-10,2023-09-16,7,31.4,20.4,87.43,82.14,74.6,2.74,29.78,17.15,45.0,45.0,6.428571428571429,25.03142857142857,89.40285714285713,6.0,9.0,7.0,7.333333333333333,9.0,6.75,9.0,31.0,30.8,21.7,20.866666666666664,88.0,85.85666666666667,73.71,74.76,2.5,29.600000000000005,2.83,2.8066666666666666,74.88,62.77,29.19,27.72666666666667,112.0
桠溪街道6月前粘虫后稻纵_1_6_诱虫量,桠溪街道6月前粘虫后稻纵_1_6_诱虫量,桠溪街道6月前粘虫后稻纵,1,江苏省南京市高淳区,00002605,稻纵卷叶螟,2023,38,2023-09-17,2023-09-23,6,32.0,18.8,88.57,77.57,41.3,2.51,30.18,16.82,112.0,112.0,18.666666666666668,24.40285714285714,88.51714285714286,45.0,6.0,9.0,20.0,45.0,14.4,45.0,31.4,30.599999999999998,20.4,20.2,87.43,87.43,82.14,78.13999999999999,74.6,45.43333333333334,2.74,2.7866666666666666,29.78,49.053333333333335,17.15,22.94333333333333,48.0
桠溪街道6月前粘虫后稻纵_1_6_诱虫量,桠溪街道6月前粘虫后稻纵_1_6_诱虫量,桠溪街道6月前粘虫后稻纵,1,江苏省南京市高淳区,00002605,稻纵卷叶螟,2023,39,2023-09-24,2023-09-30,7,28.2,19.1,89.57,82.43,13.3,2.19,45.28,17.44,48.0,48.0,6.857142857142857,24.44,88.16571428571429,112.0,45.0,6.0,54.333333333333336,112.0,30.666666666666668,112.0,32.0,31.46666666666667,18.8,20.3,88.57,88.0,77.57,77.80666666666666,41.3,39.46666666666666,2.51,2.6933333333333334,30.18,44.946666666666665,16.82,21.053333333333335,16.0
桠溪街道6月前粘虫后稻纵_1_6_诱虫量,桠溪街道6月前粘虫后稻纵_1_6_诱虫量,桠溪街道6月前粘虫后稻纵,1,江苏省南京市高淳区,00002605,稻纵卷叶螟,2023,40,2023-10-01,2023-10-07,7,25.5,15.7,80.86,71.71,21.7,3.55,38.52,19.59,16.0,16.0,2.2857142857142856,19.957142857142856,81.83,48.0,112.0,45.0,68.33333333333333,112.0,37.833333333333336,112.0,28.2,30.53333333333333,19.1,19.433333333333334,89.57,88.52333333333333,82.43,80.71333333333332,13.3,43.06666666666666,2.19,2.48,45.28,35.080000000000005,17.44,17.136666666666667,2.0
桠溪街道6月前粘虫后稻纵_1_6_诱虫量,桠溪街道6月前粘虫后稻纵_1_6_诱虫量,桠溪街道6月前粘虫后稻纵,1,江苏省南京市高淳区,00002605,稻纵卷叶螟,2023,41,2023-10-08,2023-10-14,7,23.6,13.5,84.86,74.14,0.0,2.05,50.14,17.04,2.0,2.0,0.2857142857142857,18.801428571428573,83.22857142857143,16.0,48.0,112.0,58.666666666666664,112.0,39.333333333333336,112.0,25.5,28.566666666666666,15.7,17.86666666666667,80.86,86.33333333333333,71.71,77.23666666666666,21.7,25.433333333333334,3.55,2.75,38.52,37.99333333333333,19.59,17.95,0.0
桠溪街道6月前粘虫后稻纵_1_6_诱虫量,桠溪街道6月前粘虫后稻纵_1_6_诱虫量,桠溪街道6月前粘虫后稻纵,1,江苏省南京市高淳区,00002605,稻纵卷叶螟,2023,42,2023-10-15,2023-10-21,7,26.1,9.6,84.43,62.0,4.0,2.46,71.43,22.45,0.0,0.0,0.0,17.69857142857143,75.58142857142857,2.0,16.0,48.0,22.0,48.0,38.166666666666664,112.0,23.6,25.766666666666666,13.5,16.099999999999998,84.86,85.09666666666665,74.14,76.09333333333332,0.0,11.666666666666666,2.05,2.5966666666666662,50.14,44.64666666666667,17.04,18.023333333333333,0.0
桠溪街道6月前粘虫后稻纵_1_6_诱虫量,桠溪街道6月前粘虫后稻纵_1_6_诱虫量,桠溪街道6月前粘虫后稻纵,1,江苏省南京市高淳区,00002605,稻纵卷叶螟,2023,43,2023-10-22,2023-10-28,7,25.6,9.6,85.14,64.29,0.0,1.94,60.15,18.61,0.0,0.0,0.0,18.71857142857143,78.73428571428572,0.0,2.0,16.0,6.0,16.0,37.166666666666664,112.0,26.1,25.066666666666666,9.6,12.933333333333332,84.43,83.38333333333333,62.0,69.28333333333332,4.0,8.566666666666666,2.46,2.686666666666667,71.43,53.363333333333344,22.45,19.69333333333333,0.0
桠溪街道6月前粘虫后稻纵_1_6_诱虫量,桠溪街道6月前粘虫后稻纵_1_6_诱虫量,桠溪街道6月前粘虫后稻纵,1,江苏省南京市高淳区,00002605,稻纵卷叶螟,2023,44,2023-10-29,2023-11-04,2,27.6,12.9,83.57,69.14,0.8,2.48,60.23,19.36,0.0,0.0,0.0,18.53,78.7,0.0,0.0,2.0,0.6666666666666666,2.0,29.666666666666668,112.0,25.6,25.099999999999998,9.6,10.9,85.14,84.81,64.29,66.81,0.0,1.3333333333333333,1.94,2.15,60.15,60.57333333333333,18.61,19.366666666666664,2.0
桠溪街道6月前粘虫后稻纵_1_6_诱虫量,桠溪街道6月前粘虫后稻纵_1_6_诱虫量,桠溪街道6月前粘虫后稻纵,1,江苏省南京市高淳区,00002605,稻纵卷叶螟,2024,22,2024-05-27,2024-06-02,2,26.9,14.2,77.71,68.43,42.5,2.69,50.74,25.99,2.0,2.0,1.0,24.765,64.91499999999999,0.0,0.0,0.0,0.0,0.0,11.0,48.0,27.6,26.433333333333337,12.9,10.700000000000001,83.57,84.38,69.14,65.14333333333333,0.8,1.5999999999999999,2.48,2.2933333333333334,60.23,63.93666666666667,19.36,20.14,1.0
桠溪街道6月前粘虫后稻纵_1_6_诱虫量,桠溪街道6月前粘虫后稻纵_1_6_诱虫量,桠溪街道6月前粘虫后稻纵,1,江苏省南京市高淳区,00002605,稻纵卷叶螟,2024,23,2024-06-03,2024-06-09,7,30.9,17.1,76.86,61.71,5.2,2.43,62.66,30.94,1.0,1.0,0.14285714285714285,24.822857142857142,72.88285714285713,2.0,0.0,0.0,0.6666666666666666,2.0,3.3333333333333335,16.0,26.9,26.7,14.2,12.233333333333333,77.71,82.13999999999999,68.43,67.28666666666668,42.5,14.433333333333332,2.69,2.3699999999999997,50.74,57.04,25.99,21.319999999999997,1.0
桠溪街道6月前粘虫后稻纵_1_6_诱虫量,桠溪街道6月前粘虫后稻纵_1_6_诱虫量,桠溪街道6月前粘虫后稻纵,1,江苏省南京市高淳区,00002605,稻纵卷叶螟,2024,24,2024-06-10,2024-06-16,7,34.2,20.7,79.71,58.71,0.7,2.43,71.14,35.09,1.0,1.0,0.14285714285714285,29.07,72.12857142857142,1.0,2.0,0.0,1.0,2.0,0.8333333333333334,2.0,30.9,28.46666666666667,17.1,14.733333333333334,76.86,79.38,61.71,66.42666666666666,5.2,16.166666666666668,2.43,2.533333333333333,62.66,57.876666666666665,30.94,25.429999999999996,3.0
桠溪街道6月前粘虫后稻纵_1_6_诱虫量,桠溪街道6月前粘虫后稻纵_1_6_诱虫量,桠溪街道6月前粘虫后稻纵,1,江苏省南京市高淳区,00002605,稻纵卷叶螟,2024,25,2024-06-17,2024-06-23,6,32.3,21.3,85.0,69.86,96.1,3.32,46.58,27.17,3.0,3.0,0.5,26.497142857142855,85.87571428571428,1.0,1.0,2.0,1.3333333333333333,2.0,0.6666666666666666,2.0,34.2,30.666666666666668,20.7,17.333333333333332,79.71,78.09333333333332,58.71,62.95000000000001,0.7,16.133333333333333,2.43,2.5166666666666666,71.14,61.51333333333333,35.09,30.673333333333332,3.0
桠溪街道6月前粘虫后稻纵_1_6_诱虫量,桠溪街道6月前粘虫后稻纵_1_6_诱虫量,桠溪街道6月前粘虫后稻纵,1,江苏省南京市高淳区,00002605,稻纵卷叶螟,2024,26,2024-06-24,2024-06-30,7,30.9,20.7,88.71,85.57,179.0,2.73,26.58,17.62,3.0,3.0,0.42857142857142855,24.59142857142857,94.46285714285715,3.0,1.0,1.0,1.6666666666666667,3.0,1.1666666666666667,3.0,32.3,32.46666666666667,21.3,19.7,85.0,80.52333333333333,69.86,63.42666666666667,96.1,34.0,3.32,2.7266666666666666,46.58,60.126666666666665,27.17,31.066666666666666,2.0
桠溪街道6月前粘虫后稻纵_1_6_诱虫量,桠溪街道6月前粘虫后稻纵_1_6_诱虫量,桠溪街道6月前粘虫后稻纵,1,江苏省南京市高淳区,00002605,稻纵卷叶螟,2024,27,2024-07-01,2024-07-07,7,34.9,22.6,81.14,78.57,41.8,4.14,62.65,32.6,2.0,2.0,0.2857142857142857,31.777142857142856,77.61,3.0,3.0,1.0,2.3333333333333335,3.0,1.6666666666666667,3.0,30.9,32.46666666666667,20.7,20.9,88.71,84.47333333333333,85.57,71.38,179.0,91.93333333333334,2.73,2.8266666666666667,26.58,48.099999999999994,17.62,26.62666666666667,1.0
桠溪街道6月前粘虫后稻纵_1_6_诱虫量,桠溪街道6月前粘虫后稻纵_1_6_诱虫量,桠溪街道6月前粘虫后稻纵,1,江苏省南京市高淳区,00002605,稻纵卷叶螟,2024,28,2024-07-08,2024-07-14,6,35.0,21.4,88.57,86.0,168.8,2.44,20.72,18.18,1.0,1.0,0.16666666666666666,27.277142857142856,91.72285714285714,2.0,3.0,3.0,2.6666666666666665,3.0,2.0,3.0,34.9,32.699999999999996,22.6,21.53333333333333,81.14,84.94999999999999,78.57,78.0,41.8,105.63333333333334,4.14,3.3966666666666665,62.65,45.27,32.6,25.796666666666667,2.0
桠溪街道6月前粘虫后稻纵_1_6_诱虫量,桠溪街道6月前粘虫后稻纵_1_6_诱虫量,桠溪街道6月前粘虫后稻纵,1,江苏省南京市高淳区,00002605,稻纵卷叶螟,2024,29,2024-07-15,2024-07-21,7,35.2,24.3,81.86,78.57,22.4,3.39,35.37,25.73,2.0,2.0,0.2857142857142857,33.74142857142857,75.39571428571428,1.0,2.0,3.0,2.0,3.0,1.8333333333333333,3.0,35.0,33.6,21.4,21.566666666666663,88.57,86.13999999999999,86.0,83.38,168.8,129.86666666666667,2.44,3.103333333333333,20.72,36.65,18.18,22.8,0.0
桠溪街道6月前粘虫后稻纵_1_6_诱虫量,桠溪街道6月前粘虫后稻纵_1_6_诱虫量,桠溪街道6月前粘虫后稻纵,1,江苏省南京市高淳区,00002605,稻纵卷叶螟,2024,30,2024-07-22,2024-07-28,7,36.7,27.0,80.57,71.86,6.1,4.7,71.71,37.84,0.0,0.0,0.0,33.13857142857143,73.75285714285714,2.0,1.0,2.0,1.6666666666666667,2.0,2.0,3.0,35.2,35.03333333333334,24.3,22.766666666666666,81.86,83.85666666666667,78.57,81.04666666666667,22.4,77.66666666666667,3.39,3.323333333333333,35.37,39.58,25.73,25.50333333333333,27.0
桠溪街道6月前粘虫后稻纵_1_6_诱虫量,桠溪街道6月前粘虫后稻纵_1_6_诱虫量,桠溪街道6月前粘虫后稻纵,1,江苏省南京市高淳区,00002605,稻纵卷叶螟,2024,31,2024-07-29,2024-08-04,7,37.5,27.6,76.0,71.57,9.5,2.75,86.5,40.56,27.0,27.0,3.857142857142857,36.09142857142857,68.70142857142858,0.0,2.0,1.0,1.0,2.0,1.8333333333333333,3.0,36.7,35.63333333333333,27.0,24.233333333333334,80.57,83.66666666666667,71.86,78.81,6.1,65.76666666666668,4.7,3.5100000000000002,71.71,42.599999999999994,37.84,27.25,37.0
桠溪街道6月前粘虫后稻纵_1_6_诱虫量,桠溪街道6月前粘虫后稻纵_1_6_诱虫量,桠溪街道6月前粘虫后稻纵,1,江苏省南京市高淳区,00002605,稻纵卷叶螟,2024,32,2024-08-05,2024-08-11,7,37.8,27.1,76.86,66.71,62.0,1.88,83.96,39.02,37.0,37.0,5.285714285714286,35.082857142857144,68.28142857142856,27.0,0.0,2.0,9.666666666666666,27.0,5.833333333333333,27.0,37.5,36.46666666666667,27.6,26.299999999999997,76.0,79.47666666666667,71.57,74.0,9.5,12.666666666666677,2.75,3.6133333333333333,86.5,64.52666666666666,40.56,34.71,107.0
桠溪街道6月前粘虫后稻纵_1_6_诱虫量,桠溪街道6月前粘虫后稻纵_1_6_诱虫量,桠溪街道6月前粘虫后稻纵,1,江苏省南京市高淳区,00002605,稻纵卷叶螟,2024,33,2024-08-12,2024-08-18,7,36.3,24.9,84.43,67.71,34.3,2.42,75.24,33.56,107.0,107.0,15.285714285714286,30.964285714285715,78.48285714285714,37.0,27.0,0.0,21.333333333333332,37.0,11.5,37.0,37.8,37.333333333333336,27.1,27.233333333333334,76.86,77.81,66.71,70.04666666666667,62.0,25.866666666666674,1.88,3.11,83.96,80.72333333333333,39.02,39.14,121.0
桠溪街道6月前粘虫后稻纵_1_6_诱虫量,桠溪街道6月前粘虫后稻纵_1_6_诱虫量,桠溪街道6月前粘虫后稻纵,1,江苏省南京市高淳区,00002605,稻纵卷叶螟,2024,34,2024-08-19,2024-08-25,7,34.7,25.4,84.71,77.86,50.4,1.93,64.42,27.34,121.0,121.0,17.285714285714285,31.071428571428573,82.07571428571428,107.0,37.0,27.0,57.0,107.0,29.0,107.0,36.3,37.199999999999996,24.9,26.53333333333333,84.43,79.09666666666668,67.71,68.66333333333331,34.3,35.26666666666668,2.42,2.35,75.24,81.89999999999999,33.56,37.71333333333333,159.0
桠溪街道6月前粘虫后稻纵_1_6_诱虫量,桠溪街道6月前粘虫后稻纵_1_6_诱虫量,桠溪街道6月前粘虫后稻纵,1,江苏省南京市高淳区,00002605,稻纵卷叶螟,2024,35,2024-08-26,2024-09-01,7,35.2,24.1,83.43,71.71,6.3,2.35,74.77,30.13,159.0,159.0,22.714285714285715,31.447142857142858,78.8442857142857,121.0,107.0,37.0,88.33333333333333,121.0,49.0,121.0,34.7,36.266666666666666,25.4,25.799999999999997,84.71,82.0,77.86,70.75999999999999,50.4,48.90000000000001,1.93,2.0766666666666667,64.42,74.54,27.34,33.306666666666665,238.0
桠溪街道6月前粘虫后稻纵_1_6_诱虫量,桠溪街道6月前粘虫后稻纵_1_6_诱虫量,桠溪街道6月前粘虫后稻纵,1,江苏省南京市高淳区,00002605,稻纵卷叶螟,2024,36,2024-09-02,2024-09-08,7,33.8,24.2,79.29,68.43,2.9,3.23,78.8,33.31,238.0,238.0,34.0,30.244285714285716,78.70285714285714,159.0,121.0,107.0,129.0,159.0,75.16666666666667,159.0,35.2,35.4,24.1,24.799999999999997,83.43,84.19,71.71,72.42666666666666,6.3,30.333333333333343,2.35,2.2333333333333334,74.77,71.47666666666667,30.13,30.343333333333334,334.0
桠溪街道6月前粘虫后稻纵_1_6_诱虫量,桠溪街道6月前粘虫后稻纵_1_6_诱虫量,桠溪街道6月前粘虫后稻纵,1,江苏省南京市高淳区,00002605,稻纵卷叶螟,2024,37,2024-09-09,2024-09-15,7,33.8,23.6,88.14,80.14,83.0,3.4,57.66,23.89,334.0,334.0,47.714285714285715,29.517142857142858,83.84857142857143,238.0,159.0,121.0,172.66666666666666,238.0,114.83333333333333,238.0,33.8,34.56666666666667,24.2,24.566666666666663,79.29,82.47666666666667,68.43,72.66666666666667,2.9,19.866666666666678,3.23,2.5033333333333334,78.8,72.66333333333334,33.31,30.26,136.0
桠溪街道6月前粘虫后稻纵_1_6_诱虫量,桠溪街道6月前粘虫后稻纵_1_6_诱虫量,桠溪街道6月前粘虫后稻纵,1,江苏省南京市高淳区,00002605,稻纵卷叶螟,2024,38,2024-09-16,2024-09-22,7,31.6,17.4,81.14,76.86,124.9,5.49,54.64,24.01,136.0,136.0,19.428571428571427,26.139999999999997,86.38571428571429,334.0,238.0,159.0,243.66666666666666,334.0,166.0,334.0,33.8,34.266666666666666,23.6,23.96666666666667,88.14,83.62,80.14,73.42666666666666,83.0,30.733333333333345,3.4,2.9933333333333336,57.66,70.41,23.89,29.109999999999996,66.0
桠溪街道6月前粘虫后稻纵_1_6_诱虫量,桠溪街道6月前粘虫后稻纵_1_6_诱虫量,桠溪街道6月前粘虫后稻纵,1,江苏省南京市高淳区,00002605,稻纵卷叶螟,2024,39,2024-09-23,2024-09-29,7,29.1,15.8,86.14,76.0,15.1,2.67,66.18,23.31,66.0,66.0,9.428571428571429,23.985714285714288,85.3442857142857,136.0,334.0,238.0,236.0,334.0,182.5,334.0,31.6,33.06666666666666,17.4,21.73333333333333,81.14,82.85666666666667,76.86,75.14333333333333,124.9,70.26666666666668,5.49,4.04,54.64,63.70000000000001,24.01,27.069999999999997,42.0
桠溪街道6月前粘虫后稻纵_1_6_诱虫量,桠溪街道6月前粘虫后稻纵_1_6_诱虫量,桠溪街道6月前粘虫后稻纵,1,江苏省南京市高淳区,00002605,稻纵卷叶螟,2024,40,2024-09-30,2024-10-06,7,28.6,11.9,79.0,72.14,17.2,3.38,48.16,18.62,42.0,42.0,6.0,18.919999999999998,84.78571428571429,66.0,136.0,334.0,178.66666666666666,334.0,175.66666666666666,334.0,29.1,31.5,15.8,18.933333333333334,86.14,85.14,76.0,77.66666666666667,15.1,74.33333333333334,2.67,3.853333333333333,66.18,59.49333333333334,23.31,23.736666666666665,58.0
桠溪街道6月前粘虫后稻纵_1_6_诱虫量,桠溪街道6月前粘虫后稻纵_1_6_诱虫量,桠溪街道6月前粘虫后稻纵,1,江苏省南京市高淳区,00002605,稻纵卷叶螟,2024,41,2024-10-07,2024-10-13,7,25.2,13.1,85.0,74.71,16.7,2.16,49.5,16.94,58.0,58.0,8.285714285714286,18.812857142857144,85.69428571428571,42.0,66.0,136.0,81.33333333333333,136.0,162.5,334.0,28.6,29.76666666666667,11.9,15.033333333333333,79.0,82.09333333333333,72.14,75.0,17.2,52.40000000000001,3.38,3.846666666666667,48.16,56.326666666666675,18.62,21.98,132.0
桠溪街道6月前粘虫后稻纵_1_6_诱虫量,桠溪街道6月前粘虫后稻纵_1_6_诱虫量,桠溪街道6月前粘虫后稻纵,1,江苏省南京市高淳区,00002605,稻纵卷叶螟,2024,42,2024-10-14,2024-10-20,7,27.2,11.2,86.57,77.0,49.2,3.66,31.77,14.95,132.0,132.0,18.857142857142858,19.798571428571428,89.54857142857144,58.0,42.0,66.0,55.333333333333336,66.0,145.66666666666666,334.0,25.2,27.633333333333336,13.1,13.6,85.0,83.38,74.71,74.28333333333332,16.7,16.333333333333343,2.16,2.736666666666667,49.5,54.613333333333344,16.94,19.62333333333333,2.0
桠溪街道6月前粘虫后稻纵_1_6_诱虫量,桠溪街道6月前粘虫后稻纵_1_6_诱虫量,桠溪街道6月前粘虫后稻纵,1,江苏省南京市高淳区,00002605,稻纵卷叶螟,2024,43,2024-10-21,2024-10-27,7,22.3,8.6,88.29,80.43,20.0,3.16,35.15,12.25,2.0,2.0,0.2857142857142857,16.021428571428572,90.05428571428571,132.0,58.0,42.0,77.33333333333333,132.0,128.0,334.0,27.2,27.0,11.2,12.066666666666665,86.57,83.52333333333333,77.0,74.61666666666666,49.2,27.700000000000006,3.66,3.0666666666666664,31.77,43.14333333333334,14.95,16.836666666666662,1.0
桠溪街道6月前粘虫后稻纵_1_6_诱虫量,桠溪街道6月前粘虫后稻纵_1_6_诱虫量,桠溪街道6月前粘虫后稻纵,1,江苏省南京市高淳区,00002605,稻纵卷叶螟,2024,44,2024-10-28,2024-11-03,3,22.0,9.3,87.57,74.57,6.8,2.95,55.84,15.81,1.0,1.0,0.3333333333333333,14.515,86.3,2.0,132.0,58.0,64.0,132.0,72.66666666666667,136.0,22.3,24.900000000000002,8.6,10.966666666666667,88.29,86.62,80.43,77.38,20.0,28.633333333333344,3.16,2.9933333333333336,35.15,38.80666666666667,12.25,14.713333333333331,
桠溪街道顾陇村_1_4_诱虫量,桠溪街道顾陇村_1_4_诱虫量,桠溪街道顾陇村,1,江苏省南京市高淳区,00002cb7,稻纵卷叶螟,2024,35,2024-08-26,2024-09-01,1,35.2,24.1,83.43,71.71,6.3,2.35,74.77,30.13,5.0,5.0,5.0,,,,,,,,,,,,,,,,,,,,,,,,,,87.0
桠溪街道顾陇村_1_4_诱虫量,桠溪街道顾陇村_1_4_诱虫量,桠溪街道顾陇村,1,江苏省南京市高淳区,00002cb7,稻纵卷叶螟,2024,37,2024-09-09,2024-09-15,7,33.8,23.6,88.14,80.14,83.0,3.4,57.66,23.89,87.0,87.0,12.428571428571429,31.44142857142857,75.5442857142857,5.0,,,5.0,5.0,5.0,5.0,35.2,35.2,24.1,24.1,83.43,83.43,71.71,71.71,6.3,6.3,2.35,2.35,74.77,74.77,30.13,30.13,36.0
桠溪街道顾陇村_1_4_诱虫量,桠溪街道顾陇村_1_4_诱虫量,桠溪街道顾陇村,1,江苏省南京市高淳区,00002cb7,稻纵卷叶螟,2024,38,2024-09-16,2024-09-22,7,31.6,17.4,81.14,76.86,124.9,5.49,54.64,24.01,36.0,36.0,5.142857142857143,27.05857142857143,81.69428571428571,87.0,5.0,,46.0,87.0,46.0,87.0,33.8,34.5,23.6,23.85,88.14,85.785,80.14,75.925,83.0,44.65,3.4,2.875,57.66,66.215,23.89,27.009999999999998,20.0
桠溪街道顾陇村_1_4_诱虫量,桠溪街道顾陇村_1_4_诱虫量,桠溪街道顾陇村,1,江苏省南京市高淳区,00002cb7,稻纵卷叶螟,2024,39,2024-09-23,2024-09-29,7,29.1,15.8,86.14,76.0,15.1,2.67,66.18,23.31,20.0,20.0,2.857142857142857,25.174285714285713,80.17142857142858,36.0,87.0,5.0,42.666666666666664,87.0,42.666666666666664,87.0,31.6,33.53333333333333,17.4,21.7,81.14,84.23666666666666,76.86,76.23666666666666,124.9,71.39999999999999,5.49,3.7466666666666666,54.64,62.35666666666666,24.01,26.01,20.0
桠溪街道顾陇村_1_4_诱虫量,桠溪街道顾陇村_1_4_诱虫量,桠溪街道顾陇村,1,江苏省南京市高淳区,00002cb7,稻纵卷叶螟,2024,40,2024-09-30,2024-10-06,7,28.6,11.9,79.0,72.14,17.2,3.38,48.16,18.62,20.0,20.0,2.857142857142857,19.78,81.21714285714286,20.0,36.0,87.0,47.666666666666664,87.0,37.0,87.0,29.1,31.5,15.8,18.933333333333334,86.14,85.14,76.0,77.66666666666667,15.1,74.33333333333333,2.67,3.8533333333333335,66.18,59.49333333333334,23.31,23.736666666666668,51.0
桠溪街道顾陇村_1_4_诱虫量,桠溪街道顾陇村_1_4_诱虫量,桠溪街道顾陇村,1,江苏省南京市高淳区,00002cb7,稻纵卷叶螟,2024,41,2024-10-07,2024-10-13,7,25.2,13.1,85.0,74.71,16.7,2.16,49.5,16.94,51.0,51.0,7.285714285714286,19.821428571428573,81.53714285714285,20.0,20.0,36.0,25.333333333333332,36.0,33.6,87.0,28.6,29.76666666666667,11.9,15.033333333333333,79.0,82.09333333333335,72.14,75.0,17.2,52.4,3.38,3.8466666666666662,48.16,56.326666666666675,18.62,21.98,35.0
桠溪街道顾陇村_1_4_诱虫量,桠溪街道顾陇村_1_4_诱虫量,桠溪街道顾陇村,1,江苏省南京市高淳区,00002cb7,稻纵卷叶螟,2024,42,2024-10-14,2024-10-20,7,27.2,11.2,86.57,77.0,49.2,3.66,31.77,14.95,35.0,35.0,5.0,20.611428571428572,84.76571428571428,51.0,20.0,20.0,30.333333333333332,51.0,36.5,87.0,25.2,27.633333333333336,13.1,13.6,85.0,83.38,74.71,74.28333333333332,16.7,16.333333333333332,2.16,2.736666666666667,49.5,54.61333333333334,16.94,19.623333333333335,3.0
桠溪街道顾陇村_1_4_诱虫量,桠溪街道顾陇村_1_4_诱虫量,桠溪街道顾陇村,1,江苏省南京市高淳区,00002cb7,稻纵卷叶螟,2024,43,2024-10-21,2024-10-27,7,22.3,8.6,88.29,80.43,20.0,3.16,35.15,12.25,3.0,3.0,0.42857142857142855,16.885714285714286,85.64428571428572,35.0,51.0,20.0,35.333333333333336,51.0,41.5,87.0,27.2,27.0,11.2,12.066666666666668,86.57,83.52333333333333,77.0,74.61666666666666,49.2,27.7,3.66,3.0666666666666664,31.77,43.14333333333334,14.95,16.836666666666666,0.0
桠溪街道顾陇村_1_4_诱虫量,桠溪街道顾陇村_1_4_诱虫量,桠溪街道顾陇村,1,江苏省南京市高淳区,00002cb7,稻纵卷叶螟,2024,44,2024-10-28,2024-11-03,3,22.0,9.3,87.57,74.57,6.8,2.95,55.84,15.81,0.0,0.0,0.0,15.565000000000001,81.74,3.0,35.0,51.0,29.666666666666668,51.0,27.5,51.0,22.3,24.900000000000002,8.6,10.966666666666667,88.29,86.62,80.43,77.38,20.0,28.633333333333336,3.16,2.9933333333333336,35.15,38.806666666666665,12.25,14.713333333333333,
桥林街道马骡圩村_1_7_诱虫量,桥林街道马骡圩村_1_7_诱虫量,桥林街道马骡圩村,1,江苏省南京市浦口区,000025c1,稻纵卷叶螟,2023,22,2023-05-28,2023-06-03,3,32.3,20.1,84.14,74.14,29.6,2.38,48.59,25.72,78.0,78.0,26.0,27.713333333333335,55.126666666666665,,,,,,,,,,,,,,,,,,,,,,,,65.0
桥林街道马骡圩村_1_7_诱虫量,桥林街道马骡圩村_1_7_诱虫量,桥林街道马骡圩村,1,江苏省南京市浦口区,000025c1,稻纵卷叶螟,2023,23,2023-06-04,2023-06-10,7,34.2,16.0,80.43,75.0,31.1,2.66,59.78,28.9,65.0,65.0,9.285714285714286,25.192857142857143,75.53714285714285,78.0,,,78.0,78.0,78.0,78.0,32.3,32.3,20.1,20.1,84.14,84.14,74.14,74.14,29.6,29.6,2.38,2.38,48.59,48.59,25.72,25.72,32.0
桥林街道马骡圩村_1_7_诱虫量,桥林街道马骡圩村_1_7_诱虫量,桥林街道马骡圩村,1,江苏省南京市浦口区,000025c1,稻纵卷叶螟,2023,24,2023-06-11,2023-06-17,7,32.4,19.2,80.14,65.0,8.5,2.69,57.13,31.06,32.0,32.0,4.571428571428571,26.90142857142857,69.43142857142857,65.0,78.0,,71.5,78.0,71.5,78.0,34.2,33.25,16.0,18.05,80.43,82.285,75.0,74.57,31.1,30.35,2.66,2.52,59.78,54.185,28.9,27.31,9.0
桥林街道马骡圩村_1_7_诱虫量,桥林街道马骡圩村_1_7_诱虫量,桥林街道马骡圩村,1,江苏省南京市浦口区,000025c1,稻纵卷叶螟,2023,25,2023-06-18,2023-06-24,7,31.4,20.5,87.57,74.57,82.3,2.55,29.04,21.42,9.0,9.0,1.2857142857142858,26.138571428571428,82.95714285714287,32.0,65.0,78.0,58.333333333333336,78.0,58.333333333333336,78.0,32.4,32.96666666666667,19.2,18.433333333333334,80.14,81.57000000000001,65.0,71.38,8.5,23.066666666666666,2.69,2.5766666666666667,57.13,55.166666666666664,31.06,28.56,4.0
桥林街道马骡圩村_1_7_诱虫量,桥林街道马骡圩村_1_7_诱虫量,桥林街道马骡圩村,1,江苏省南京市浦口区,000025c1,稻纵卷叶螟,2023,26,2023-06-25,2023-07-01,7,32.8,21.5,86.29,78.86,64.0,2.94,49.98,24.98,4.0,4.0,0.5714285714285714,28.764285714285712,79.71571428571428,9.0,32.0,65.0,35.333333333333336,65.0,46.0,78.0,31.4,32.666666666666664,20.5,18.566666666666666,87.57,82.71333333333332,74.57,71.52333333333333,82.3,40.63333333333333,2.55,2.6333333333333333,29.04,48.65,21.42,27.126666666666665,9.0
桥林街道马骡圩村_1_7_诱虫量,桥林街道马骡圩村_1_7_诱虫量,桥林街道马骡圩村,1,江苏省南京市浦口区,000025c1,稻纵卷叶螟,2023,27,2023-07-02,2023-07-08,7,32.9,23.9,87.86,82.29,123.1,3.4,45.76,24.46,9.0,9.0,1.2857142857142858,29.697142857142858,81.85428571428572,4.0,9.0,32.0,15.0,32.0,37.6,78.0,32.8,32.199999999999996,21.5,20.400000000000002,86.29,84.66666666666667,78.86,72.81,64.0,51.6,2.94,2.7266666666666666,49.98,45.38333333333333,24.98,25.820000000000004,33.0
桥林街道马骡圩村_1_7_诱虫量,桥林街道马骡圩村_1_7_诱虫量,桥林街道马骡圩村,1,江苏省南京市浦口区,000025c1,稻纵卷叶螟,2023,28,2023-07-09,2023-07-15,7,34.9,24.6,84.57,77.0,27.6,3.38,49.19,28.48,33.0,33.0,4.714285714285714,30.548571428571428,78.50142857142858,9.0,4.0,9.0,7.333333333333333,9.0,32.833333333333336,78.0,32.9,32.36666666666667,23.9,21.966666666666665,87.86,87.24000000000001,82.29,78.57333333333334,123.1,89.8,3.4,2.9633333333333334,45.76,41.593333333333334,24.46,23.62,40.0
桥林街道马骡圩村_1_7_诱虫量,桥林街道马骡圩村_1_7_诱虫量,桥林街道马骡圩村,1,江苏省南京市浦口区,000025c1,稻纵卷叶螟,2023,29,2023-07-16,2023-07-22,7,31.5,23.5,89.43,84.71,117.0,2.29,34.08,19.55,40.0,40.0,5.714285714285714,27.934285714285714,87.0442857142857,33.0,9.0,4.0,15.333333333333334,33.0,25.333333333333332,65.0,34.9,33.53333333333333,24.6,23.333333333333332,84.57,86.24000000000001,77.0,79.38333333333334,27.6,71.56666666666666,3.38,3.2399999999999998,49.19,48.31,28.48,25.973333333333333,127.0
桥林街道马骡圩村_1_7_诱虫量,桥林街道马骡圩村_1_7_诱虫量,桥林街道马骡圩村,1,江苏省南京市浦口区,000025c1,稻纵卷叶螟,2023,30,2023-07-23,2023-07-29,7,33.2,25.1,86.86,80.86,44.3,3.98,65.75,29.7,127.0,127.0,18.142857142857142,29.821428571428573,80.92428571428572,40.0,33.0,9.0,27.333333333333332,40.0,21.166666666666668,40.0,31.5,33.1,23.5,24.0,89.43,87.28666666666668,84.71,81.33333333333333,117.0,89.23333333333333,2.29,3.0233333333333334,34.08,43.01,19.55,24.163333333333338,68.0
桥林街道马骡圩村_1_7_诱虫量,桥林街道马骡圩村_1_7_诱虫量,桥林街道马骡圩村,1,江苏省南京市浦口区,000025c1,稻纵卷叶螟,2023,31,2023-07-30,2023-08-05,7,34.0,25.0,86.43,76.43,17.1,3.1,81.36,32.83,68.0,68.0,9.714285714285714,31.76142857142857,76.13,127.0,40.0,33.0,66.66666666666667,127.0,37.0,127.0,33.2,33.2,25.1,24.400000000000002,86.86,86.95333333333333,80.86,80.85666666666667,44.3,62.96666666666666,3.98,3.2166666666666663,65.75,49.673333333333325,29.7,25.91,516.0
桥林街道马骡圩村_1_7_诱虫量,桥林街道马骡圩村_1_7_诱虫量,桥林街道马骡圩村,1,江苏省南京市浦口区,000025c1,稻纵卷叶螟,2023,32,2023-08-06,2023-08-12,7,35.1,24.0,83.71,75.14,10.3,2.08,79.69,33.11,516.0,516.0,73.71428571428571,31.142857142857142,75.06285714285715,68.0,127.0,40.0,78.33333333333333,127.0,46.833333333333336,127.0,34.0,32.9,25.0,24.53333333333333,86.43,87.57333333333334,76.43,80.66666666666667,17.1,59.46666666666667,3.1,3.1233333333333335,81.36,60.39666666666667,32.83,27.36,756.0
桥林街道马骡圩村_1_7_诱虫量,桥林街道马骡圩村_1_7_诱虫量,桥林街道马骡圩村,1,江苏省南京市浦口区,000025c1,稻纵卷叶螟,2023,33,2023-08-13,2023-08-19,7,33.7,23.9,86.57,81.29,26.5,2.19,77.01,29.64,756.0,756.0,108.0,31.88,72.97571428571429,516.0,68.0,127.0,237.0,516.0,132.16666666666666,516.0,35.1,34.1,24.0,24.7,83.71,85.66666666666667,75.14,77.47666666666667,10.3,23.900000000000002,2.08,3.0533333333333332,79.69,75.60000000000001,33.11,31.88,3.0
桥林街道马骡圩村_1_7_诱虫量,桥林街道马骡圩村_1_7_诱虫量,桥林街道马骡圩村,1,江苏省南京市浦口区,000025c1,稻纵卷叶螟,2023,34,2023-08-20,2023-08-26,7,32.0,22.4,82.71,72.0,27.1,2.8,70.93,31.5,3.0,3.0,0.42857142857142855,29.874285714285715,73.79571428571428,756.0,516.0,68.0,446.6666666666667,756.0,256.6666666666667,756.0,33.7,34.26666666666667,23.9,24.3,86.57,85.57,81.29,77.62,26.5,17.96666666666667,2.19,2.4566666666666666,77.01,79.35333333333334,29.64,31.86,14.0
桥林街道马骡圩村_1_7_诱虫量,桥林街道马骡圩村_1_7_诱虫量,桥林街道马骡圩村,1,江苏省南京市浦口区,000025c1,稻纵卷叶螟,2023,35,2023-08-27,2023-09-02,7,29.4,18.5,86.86,78.57,59.2,2.79,42.5,22.49,14.0,14.0,2.0,25.669999999999998,80.13714285714286,3.0,756.0,516.0,425.0,756.0,251.66666666666666,756.0,32.0,33.6,22.4,23.433333333333334,82.71,84.32999999999998,72.0,76.14333333333333,27.1,21.3,2.8,2.3566666666666665,70.93,75.87666666666667,31.5,31.416666666666668,4.0
桥林街道马骡圩村_1_7_诱虫量,桥林街道马骡圩村_1_7_诱虫量,桥林街道马骡圩村,1,江苏省南京市浦口区,000025c1,稻纵卷叶螟,2023,36,2023-09-03,2023-09-09,7,31.0,21.7,88.0,73.71,2.5,2.83,74.88,29.19,4.0,4.0,0.5714285714285714,28.215714285714284,76.49714285714286,14.0,3.0,756.0,257.6666666666667,756.0,247.33333333333334,756.0,29.4,31.700000000000003,18.5,21.599999999999998,86.86,85.38,78.57,77.28666666666668,59.2,37.6,2.79,2.5933333333333333,42.5,63.48,22.49,27.876666666666665,330.0
桥林街道马骡圩村_1_7_诱虫量,桥林街道马骡圩村_1_7_诱虫量,桥林街道马骡圩村,1,江苏省南京市浦口区,000025c1,稻纵卷叶螟,2023,37,2023-09-10,2023-09-16,7,31.4,20.4,87.43,82.14,74.6,2.74,29.78,17.15,330.0,330.0,47.142857142857146,24.58142857142857,87.78285714285714,4.0,14.0,3.0,7.0,14.0,226.83333333333334,756.0,31.0,30.8,21.7,20.866666666666664,88.0,85.85666666666667,73.71,74.75999999999999,2.5,29.600000000000005,2.83,2.8066666666666666,74.88,62.77,29.19,27.72666666666667,175.0
桥林街道马骡圩村_1_7_诱虫量,桥林街道马骡圩村_1_7_诱虫量,桥林街道马骡圩村,1,江苏省南京市浦口区,000025c1,稻纵卷叶螟,2023,38,2023-09-17,2023-09-23,7,32.0,18.8,88.57,77.57,41.3,2.51,30.18,16.82,175.0,175.0,25.0,24.28142857142857,84.95285714285716,330.0,4.0,14.0,116.0,330.0,270.5,756.0,31.4,30.599999999999998,20.4,20.2,87.43,87.43,82.14,78.13999999999999,74.6,45.43333333333334,2.74,2.7866666666666666,29.78,49.053333333333335,17.15,22.94333333333333,26.0
桥林街道马骡圩村_1_7_诱虫量,桥林街道马骡圩村_1_7_诱虫量,桥林街道马骡圩村,1,江苏省南京市浦口区,000025c1,稻纵卷叶螟,2023,39,2023-09-24,2023-09-30,7,28.2,19.1,89.57,82.43,13.3,2.19,45.28,17.44,26.0,26.0,3.7142857142857144,23.774285714285718,86.87571428571428,175.0,330.0,4.0,169.66666666666666,330.0,213.66666666666666,756.0,32.0,31.46666666666667,18.8,20.299999999999997,88.57,88.0,77.57,77.80666666666666,41.3,39.46666666666666,2.51,2.6933333333333334,30.18,44.946666666666665,16.82,21.053333333333335,0.0
桥林街道马骡圩村_1_7_诱虫量,桥林街道马骡圩村_1_7_诱虫量,桥林街道马骡圩村,1,江苏省南京市浦口区,000025c1,稻纵卷叶螟,2023,40,2023-10-01,2023-10-07,7,25.5,15.7,80.86,71.71,21.7,3.55,38.52,19.59,0.0,0.0,0.0,19.981428571428573,79.61,26.0,175.0,330.0,177.0,330.0,92.0,330.0,28.2,30.53333333333333,19.1,19.433333333333334,89.57,88.52333333333333,82.43,80.71333333333332,13.3,43.06666666666666,2.19,2.48,45.28,35.080000000000005,17.44,17.136666666666667,0.0
桥林街道马骡圩村_1_7_诱虫量,桥林街道马骡圩村_1_7_诱虫量,桥林街道马骡圩村,1,江苏省南京市浦口区,000025c1,稻纵卷叶螟,2023,41,2023-10-08,2023-10-14,7,23.6,13.5,84.86,74.14,0.0,2.05,50.14,17.04,0.0,0.0,0.0,19.00714285714286,79.84285714285714,0.0,26.0,175.0,67.0,175.0,91.5,330.0,25.5,28.566666666666666,15.7,17.866666666666667,80.86,86.33333333333333,71.71,77.23666666666666,21.7,25.433333333333334,3.55,2.75,38.52,37.99333333333333,19.59,17.95,0.0
桥林街道马骡圩村_1_7_诱虫量,桥林街道马骡圩村_1_7_诱虫量,桥林街道马骡圩村,1,江苏省南京市浦口区,000025c1,稻纵卷叶螟,2023,42,2023-10-15,2023-10-21,7,26.1,9.6,84.43,62.0,4.0,2.46,71.43,22.45,0.0,0.0,0.0,18.3,72.3,0.0,0.0,26.0,8.666666666666666,26.0,89.16666666666667,330.0,23.6,25.766666666666666,13.5,16.099999999999998,84.86,85.09666666666666,74.14,76.09333333333332,0.0,11.666666666666666,2.05,2.5966666666666662,50.14,44.64666666666667,17.04,18.023333333333333,0.0
桥林街道马骡圩村_1_7_诱虫量,桥林街道马骡圩村_1_7_诱虫量,桥林街道马骡圩村,1,江苏省南京市浦口区,000025c1,稻纵卷叶螟,2023,43,2023-10-22,2023-10-28,7,25.6,9.6,85.14,64.29,0.0,1.94,60.15,18.61,0.0,0.0,0.0,18.205714285714286,77.65142857142857,0.0,0.0,0.0,0.0,0.0,88.5,330.0,26.1,25.066666666666666,9.6,12.933333333333332,84.43,83.38333333333334,62.0,69.28333333333332,4.0,8.566666666666666,2.46,2.686666666666667,71.43,53.363333333333344,22.45,19.69333333333333,0.0
桥林街道马骡圩村_1_7_诱虫量,桥林街道马骡圩村_1_7_诱虫量,桥林街道马骡圩村,1,江苏省南京市浦口区,000025c1,稻纵卷叶螟,2023,44,2023-10-29,2023-11-04,2,27.6,12.9,83.57,69.14,0.8,2.48,60.23,19.36,0.0,0.0,0.0,18.24,77.16,0.0,0.0,0.0,0.0,0.0,33.5,175.0,25.6,25.099999999999998,9.6,10.9,85.14,84.81,64.29,66.81,0.0,1.3333333333333333,1.94,2.15,60.15,60.57333333333333,18.61,19.366666666666664,1.0
桥林街道马骡圩村_1_7_诱虫量,桥林街道马骡圩村_1_7_诱虫量,桥林街道马骡圩村,1,江苏省南京市浦口区,000025c1,稻纵卷叶螟,2024,22,2024-05-27,2024-06-02,2,26.9,14.2,77.71,68.43,42.5,2.69,50.74,25.99,1.0,1.0,0.5,25.045,56.72,0.0,0.0,0.0,0.0,0.0,4.333333333333333,26.0,27.6,26.433333333333337,12.9,10.700000000000001,83.57,84.38,69.14,65.14333333333333,0.8,1.5999999999999999,2.48,2.2933333333333334,60.23,63.93666666666667,19.36,20.14,1.0
桥林街道马骡圩村_1_7_诱虫量,桥林街道马骡圩村_1_7_诱虫量,桥林街道马骡圩村,1,江苏省南京市浦口区,000025c1,稻纵卷叶螟,2024,23,2024-06-03,2024-06-09,7,30.9,17.1,76.86,61.71,5.2,2.43,62.66,30.94,1.0,1.0,0.14285714285714285,25.795714285714286,66.14285714285714,1.0,0.0,0.0,0.3333333333333333,1.0,0.16666666666666666,1.0,26.9,26.7,14.2,12.233333333333333,77.71,82.14,68.43,67.28666666666668,42.5,14.433333333333332,2.69,2.3699999999999997,50.74,57.04,25.99,21.319999999999997,7.0
桥林街道马骡圩村_1_7_诱虫量,桥林街道马骡圩村_1_7_诱虫量,桥林街道马骡圩村,1,江苏省南京市浦口区,000025c1,稻纵卷叶螟,2024,24,2024-06-10,2024-06-16,7,34.2,20.7,79.71,58.71,0.7,2.43,71.14,35.09,7.0,7.0,1.0,29.815714285714286,64.55857142857143,1.0,1.0,0.0,0.6666666666666666,1.0,0.3333333333333333,1.0,30.9,28.46666666666667,17.1,14.733333333333334,76.86,79.38,61.71,66.42666666666666,5.2,16.166666666666668,2.43,2.533333333333333,62.66,57.876666666666665,30.94,25.429999999999996,0.0
桥林街道马骡圩村_1_7_诱虫量,桥林街道马骡圩村_1_7_诱虫量,桥林街道马骡圩村,1,江苏省南京市浦口区,000025c1,稻纵卷叶螟,2024,25,2024-06-17,2024-06-23,7,32.3,21.3,85.0,69.86,96.1,3.32,46.58,27.17,0.0,0.0,0.0,27.29,78.94857142857143,7.0,1.0,1.0,3.0,7.0,1.5,7.0,34.2,30.666666666666668,20.7,17.333333333333332,79.71,78.09333333333332,58.71,62.95000000000001,0.7,16.133333333333333,2.43,2.5166666666666666,71.14,61.51333333333333,35.09,30.673333333333332,5.0
桥林街道马骡圩村_1_7_诱虫量,桥林街道马骡圩村_1_7_诱虫量,桥林街道马骡圩村,1,江苏省南京市浦口区,000025c1,稻纵卷叶螟,2024,26,2024-06-24,2024-06-30,7,30.9,20.7,88.71,85.57,179.0,2.73,26.58,17.62,5.0,5.0,0.7142857142857143,25.62285714285714,87.75428571428571,0.0,7.0,1.0,2.6666666666666665,7.0,1.5,7.0,32.3,32.46666666666667,21.3,19.7,85.0,80.52333333333333,69.86,63.42666666666667,96.1,34.0,3.32,2.7266666666666666,46.58,60.126666666666665,27.17,31.066666666666666,2.0
桥林街道马骡圩村_1_7_诱虫量,桥林街道马骡圩村_1_7_诱虫量,桥林街道马骡圩村,1,江苏省南京市浦口区,000025c1,稻纵卷叶螟,2024,27,2024-07-01,2024-07-07,7,34.9,22.6,81.14,78.57,41.8,4.14,62.65,32.6,2.0,2.0,0.2857142857142857,30.87857142857143,75.44714285714285,5.0,0.0,7.0,4.0,7.0,2.3333333333333335,7.0,30.9,32.46666666666667,20.7,20.9,88.71,84.47333333333331,85.57,71.38,179.0,91.93333333333334,2.73,2.8266666666666667,26.58,48.099999999999994,17.62,26.62666666666667,2.0
桥林街道马骡圩村_1_7_诱虫量,桥林街道马骡圩村_1_7_诱虫量,桥林街道马骡圩村,1,江苏省南京市浦口区,000025c1,稻纵卷叶螟,2024,28,2024-07-08,2024-07-14,7,35.0,21.4,88.57,86.0,168.8,2.44,20.72,18.18,2.0,2.0,0.2857142857142857,27.16857142857143,87.17857142857143,2.0,5.0,0.0,2.3333333333333335,5.0,2.6666666666666665,7.0,34.9,32.699999999999996,22.6,21.53333333333333,81.14,84.95,78.57,78.0,41.8,105.63333333333334,4.14,3.3966666666666665,62.65,45.27,32.6,25.796666666666667,0.0
桥林街道马骡圩村_1_7_诱虫量,桥林街道马骡圩村_1_7_诱虫量,桥林街道马骡圩村,1,江苏省南京市浦口区,000025c1,稻纵卷叶螟,2024,29,2024-07-15,2024-07-21,7,35.2,24.3,81.86,78.57,22.4,3.39,35.37,25.73,0.0,0.0,0.0,31.76285714285714,76.17285714285715,2.0,2.0,5.0,3.0,5.0,2.8333333333333335,7.0,35.0,33.6,21.4,21.566666666666663,88.57,86.13999999999999,86.0,83.38,168.8,129.86666666666667,2.44,3.103333333333333,20.72,36.65,18.18,22.8,1.0
桥林街道马骡圩村_1_7_诱虫量,桥林街道马骡圩村_1_7_诱虫量,桥林街道马骡圩村,1,江苏省南京市浦口区,000025c1,稻纵卷叶螟,2024,30,2024-07-22,2024-07-28,7,36.7,27.0,80.57,71.86,6.1,4.7,71.71,37.84,1.0,1.0,0.14285714285714285,33.27142857142857,70.55571428571429,0.0,2.0,2.0,1.3333333333333333,2.0,2.6666666666666665,7.0,35.2,35.03333333333334,24.3,22.766666666666666,81.86,83.85666666666667,78.57,81.04666666666667,22.4,77.66666666666667,3.39,3.323333333333333,35.37,39.58,25.73,25.50333333333333,11.0
桥林街道马骡圩村_1_7_诱虫量,桥林街道马骡圩村_1_7_诱虫量,桥林街道马骡圩村,1,江苏省南京市浦口区,000025c1,稻纵卷叶螟,2024,31,2024-07-29,2024-08-04,7,37.5,27.6,76.0,71.57,9.5,2.75,86.5,40.56,11.0,11.0,1.5714285714285714,35.097142857142856,68.20714285714287,1.0,0.0,2.0,1.0,2.0,1.6666666666666667,5.0,36.7,35.63333333333333,27.0,24.233333333333334,80.57,83.66666666666667,71.86,78.81,6.1,65.76666666666668,4.7,3.5100000000000002,71.71,42.599999999999994,37.84,27.25,61.0
桥林街道马骡圩村_1_7_诱虫量,桥林街道马骡圩村_1_7_诱虫量,桥林街道马骡圩村,1,江苏省南京市浦口区,000025c1,稻纵卷叶螟,2024,32,2024-08-05,2024-08-11,7,37.8,27.1,76.86,66.71,62.0,1.88,83.96,39.02,61.0,61.0,8.714285714285714,34.455714285714286,70.03142857142858,11.0,1.0,0.0,4.0,11.0,3.5,11.0,37.5,36.46666666666667,27.6,26.299999999999997,76.0,79.47666666666667,71.57,74.0,9.5,12.666666666666677,2.75,3.6133333333333333,86.5,64.52666666666666,40.56,34.71,52.0
桥林街道马骡圩村_1_7_诱虫量,桥林街道马骡圩村_1_7_诱虫量,桥林街道马骡圩村,1,江苏省南京市浦口区,000025c1,稻纵卷叶螟,2024,33,2024-08-12,2024-08-18,7,36.3,24.9,84.43,67.71,34.3,2.42,75.24,33.56,52.0,52.0,7.428571428571429,31.66,73.98428571428572,61.0,11.0,1.0,24.333333333333332,61.0,12.833333333333334,61.0,37.8,37.333333333333336,27.1,27.233333333333334,76.86,77.80999999999999,66.71,70.04666666666667,62.0,25.866666666666674,1.88,3.11,83.96,80.72333333333333,39.02,39.14,80.0
桥林街道马骡圩村_1_7_诱虫量,桥林街道马骡圩村_1_7_诱虫量,桥林街道马骡圩村,1,江苏省南京市浦口区,000025c1,稻纵卷叶螟,2024,34,2024-08-19,2024-08-25,7,34.7,25.4,84.71,77.86,50.4,1.93,64.42,27.34,80.0,80.0,11.428571428571429,31.321428571428573,79.46000000000001,52.0,61.0,11.0,41.333333333333336,61.0,21.166666666666668,61.0,36.3,37.199999999999996,24.9,26.53333333333333,84.43,79.09666666666668,67.71,68.66333333333331,34.3,35.26666666666668,2.42,2.35,75.24,81.89999999999999,33.56,37.71333333333333,190.0
桥林街道马骡圩村_1_7_诱虫量,桥林街道马骡圩村_1_7_诱虫量,桥林街道马骡圩村,1,江苏省南京市浦口区,000025c1,稻纵卷叶螟,2024,35,2024-08-26,2024-09-01,7,35.2,24.1,83.43,71.71,6.3,2.35,74.77,30.13,190.0,190.0,27.142857142857142,31.297142857142855,77.0942857142857,80.0,52.0,61.0,64.33333333333333,80.0,34.166666666666664,80.0,34.7,36.266666666666666,25.4,25.799999999999997,84.71,82.0,77.86,70.75999999999999,50.4,48.90000000000001,1.93,2.0766666666666667,64.42,74.54,27.34,33.306666666666665,275.0
桥林街道马骡圩村_1_7_诱虫量,桥林街道马骡圩村_1_7_诱虫量,桥林街道马骡圩村,1,江苏省南京市浦口区,000025c1,稻纵卷叶螟,2024,36,2024-09-02,2024-09-08,7,33.8,24.2,79.29,68.43,2.9,3.23,78.8,33.31,275.0,275.0,39.285714285714285,30.43857142857143,75.68142857142857,190.0,80.0,52.0,107.33333333333333,190.0,65.83333333333333,190.0,35.2,35.4,24.1,24.799999999999997,83.43,84.19,71.71,72.42666666666666,6.3,30.333333333333343,2.35,2.2333333333333334,74.77,71.47666666666667,30.13,30.343333333333334,136.0
桥林街道马骡圩村_1_7_诱虫量,桥林街道马骡圩村_1_7_诱虫量,桥林街道马骡圩村,1,江苏省南京市浦口区,000025c1,稻纵卷叶螟,2024,37,2024-09-09,2024-09-15,7,33.8,23.6,88.14,80.14,83.0,3.4,57.66,23.89,136.0,136.0,19.428571428571427,29.084285714285716,82.06142857142858,275.0,190.0,80.0,181.66666666666666,275.0,111.5,275.0,33.8,34.56666666666667,24.2,24.566666666666663,79.29,82.47666666666667,68.43,72.66666666666667,2.9,19.866666666666678,3.23,2.5033333333333334,78.8,72.66333333333334,33.31,30.26,57.0
桥林街道马骡圩村_1_7_诱虫量,桥林街道马骡圩村_1_7_诱虫量,桥林街道马骡圩村,1,江苏省南京市浦口区,000025c1,稻纵卷叶螟,2024,38,2024-09-16,2024-09-22,7,31.6,17.4,81.14,76.86,124.9,5.49,54.64,24.01,57.0,57.0,8.142857142857142,25.388571428571428,84.11,136.0,275.0,190.0,200.33333333333334,275.0,132.33333333333334,275.0,33.8,34.266666666666666,23.6,23.96666666666667,88.14,83.62,80.14,73.42666666666666,83.0,30.733333333333345,3.4,2.9933333333333336,57.66,70.41,23.89,29.109999999999996,46.0
桥林街道马骡圩村_1_7_诱虫量,桥林街道马骡圩村_1_7_诱虫量,桥林街道马骡圩村,1,江苏省南京市浦口区,000025c1,稻纵卷叶螟,2024,39,2024-09-23,2024-09-29,7,29.1,15.8,86.14,76.0,15.1,2.67,66.18,23.31,46.0,46.0,6.571428571428571,23.997142857142858,80.26714285714286,57.0,136.0,275.0,156.0,275.0,131.66666666666666,275.0,31.6,33.06666666666666,17.4,21.73333333333333,81.14,82.85666666666667,76.86,75.14333333333333,124.9,70.26666666666668,5.49,4.04,54.64,63.70000000000001,24.01,27.069999999999997,1.0
桥林街道马骡圩村_1_7_诱虫量,桥林街道马骡圩村_1_7_诱虫量,桥林街道马骡圩村,1,江苏省南京市浦口区,000025c1,稻纵卷叶螟,2024,40,2024-09-30,2024-10-06,7,28.6,11.9,79.0,72.14,17.2,3.38,48.16,18.62,1.0,1.0,0.14285714285714285,18.490000000000002,79.02285714285713,46.0,57.0,136.0,79.66666666666667,136.0,130.66666666666666,275.0,29.1,31.5,15.8,18.933333333333334,86.14,85.14,76.0,77.66666666666667,15.1,74.33333333333334,2.67,3.853333333333333,66.18,59.49333333333334,23.31,23.736666666666665,10.0
桥林街道马骡圩村_1_7_诱虫量,桥林街道马骡圩村_1_7_诱虫量,桥林街道马骡圩村,1,江苏省南京市浦口区,000025c1,稻纵卷叶螟,2024,41,2024-10-07,2024-10-13,7,25.2,13.1,85.0,74.71,16.7,2.16,49.5,16.94,10.0,10.0,1.4285714285714286,19.084285714285716,80.71428571428571,1.0,46.0,57.0,34.666666666666664,57.0,117.5,275.0,28.6,29.76666666666667,11.9,15.033333333333333,79.0,82.09333333333335,72.14,75.0,17.2,52.40000000000001,3.38,3.846666666666667,48.16,56.326666666666675,18.62,21.98,8.0
桥林街道马骡圩村_1_7_诱虫量,桥林街道马骡圩村_1_7_诱虫量,桥林街道马骡圩村,1,江苏省南京市浦口区,000025c1,稻纵卷叶螟,2024,42,2024-10-14,2024-10-20,7,27.2,11.2,86.57,77.0,49.2,3.66,31.77,14.95,8.0,8.0,1.1428571428571428,19.535714285714285,85.0942857142857,10.0,1.0,46.0,19.0,46.0,87.5,275.0,25.2,27.633333333333336,13.1,13.6,85.0,83.38,74.71,74.28333333333332,16.7,16.333333333333343,2.16,2.736666666666667,49.5,54.613333333333344,16.94,19.62333333333333,0.0
桥林街道马骡圩村_1_7_诱虫量,桥林街道马骡圩村_1_7_诱虫量,桥林街道马骡圩村,1,江苏省南京市浦口区,000025c1,稻纵卷叶螟,2024,43,2024-10-21,2024-10-27,7,22.3,8.6,88.29,80.43,20.0,3.16,35.15,12.25,0.0,0.0,0.0,15.794285714285715,84.77,8.0,10.0,1.0,6.333333333333333,10.0,43.0,136.0,27.2,27.0,11.2,12.066666666666665,86.57,83.52333333333333,77.0,74.61666666666666,49.2,27.700000000000006,3.66,3.0666666666666664,31.77,43.14333333333334,14.95,16.836666666666662,0.0
桥林街道马骡圩村_1_7_诱虫量,桥林街道马骡圩村_1_7_诱虫量,桥林街道马骡圩村,1,江苏省南京市浦口区,000025c1,稻纵卷叶螟,2024,44,2024-10-28,2024-11-03,3,22.0,9.3,87.57,74.57,6.8,2.95,55.84,15.81,0.0,0.0,0.0,14.455,79.66,0.0,8.0,10.0,6.0,10.0,20.333333333333332,57.0,22.3,24.900000000000002,8.6,10.966666666666667,88.29,86.62,80.43,77.38,20.0,28.633333333333344,3.16,2.9933333333333336,35.15,38.80666666666667,12.25,14.713333333333331,
横梁艾津稻纵_1_28_诱虫量,横梁艾津稻纵_1_28_诱虫量,横梁艾津稻纵,1,江苏省南京市六合区,00001d90,稻纵卷叶螟,2023,22,2023-05-28,2023-06-03,3,32.3,20.1,84.14,74.14,29.6,2.38,48.59,25.72,0.0,0.0,0.0,0.0,0.0,,,,,,,,,,,,,,,,,,,,,,,,0.0
横梁艾津稻纵_1_28_诱虫量,横梁艾津稻纵_1_28_诱虫量,横梁艾津稻纵,1,江苏省南京市六合区,00001d90,稻纵卷叶螟,2023,23,2023-06-04,2023-06-10,7,34.2,16.0,80.43,75.0,31.1,2.66,59.78,28.9,0.0,0.0,0.0,0.0,0.0,0.0,,,0.0,0.0,0.0,0.0,32.3,32.3,20.1,20.1,84.14,84.14,74.14,74.14,29.6,29.6,2.38,2.38,48.59,48.59,25.72,25.72,0.0
横梁艾津稻纵_1_28_诱虫量,横梁艾津稻纵_1_28_诱虫量,横梁艾津稻纵,1,江苏省南京市六合区,00001d90,稻纵卷叶螟,2023,24,2023-06-11,2023-06-17,7,32.4,19.2,80.14,65.0,8.5,2.69,57.13,31.06,0.0,0.0,0.0,0.0,0.0,0.0,0.0,,0.0,0.0,0.0,0.0,34.2,33.25,16.0,18.05,80.43,82.285,75.0,74.57,31.1,30.35,2.66,2.52,59.78,54.185,28.9,27.31,4.0
横梁艾津稻纵_1_28_诱虫量,横梁艾津稻纵_1_28_诱虫量,横梁艾津稻纵,1,江苏省南京市六合区,00001d90,稻纵卷叶螟,2023,25,2023-06-18,2023-06-24,7,31.4,20.5,87.57,74.57,82.3,2.55,29.04,21.42,4.0,4.0,0.5714285714285714,0.0,0.0,0.0,0.0,0.0,0.0,0.0,0.0,0.0,32.4,32.96666666666667,19.2,18.433333333333334,80.14,81.57000000000001,65.0,71.38,8.5,23.066666666666666,2.69,2.5766666666666667,57.13,55.166666666666664,31.06,28.56,2.0
横梁艾津稻纵_1_28_诱虫量,横梁艾津稻纵_1_28_诱虫量,横梁艾津稻纵,1,江苏省南京市六合区,00001d90,稻纵卷叶螟,2023,26,2023-06-25,2023-07-01,7,32.8,21.5,86.29,78.86,64.0,2.94,49.98,24.98,2.0,2.0,0.2857142857142857,0.0,0.0,4.0,0.0,0.0,1.3333333333333333,4.0,1.0,4.0,31.4,32.666666666666664,20.5,18.566666666666666,87.57,82.71333333333332,74.57,71.52333333333333,82.3,40.63333333333333,2.55,2.6333333333333333,29.04,48.65,21.42,27.126666666666665,1.0
横梁艾津稻纵_1_28_诱虫量,横梁艾津稻纵_1_28_诱虫量,横梁艾津稻纵,1,江苏省南京市六合区,00001d90,稻纵卷叶螟,2023,27,2023-07-02,2023-07-08,7,32.9,23.9,87.86,82.29,123.1,3.4,45.76,24.46,1.0,1.0,0.14285714285714285,0.0,0.0,2.0,4.0,0.0,2.0,4.0,1.2,4.0,32.8,32.199999999999996,21.5,20.400000000000002,86.29,84.66666666666667,78.86,72.81,64.0,51.6,2.94,2.7266666666666666,49.98,45.38333333333333,24.98,25.820000000000004,7.0
横梁艾津稻纵_1_28_诱虫量,横梁艾津稻纵_1_28_诱虫量,横梁艾津稻纵,1,江苏省南京市六合区,00001d90,稻纵卷叶螟,2023,28,2023-07-09,2023-07-15,7,34.9,24.6,84.57,77.0,27.6,3.38,49.19,28.48,7.0,7.0,1.0,0.0,0.0,1.0,2.0,4.0,2.3333333333333335,4.0,1.1666666666666667,4.0,32.9,32.36666666666667,23.9,21.966666666666665,87.86,87.24000000000001,82.29,78.57333333333334,123.1,89.8,3.4,2.9633333333333334,45.76,41.593333333333334,24.46,23.62,1.0
横梁艾津稻纵_1_28_诱虫量,横梁艾津稻纵_1_28_诱虫量,横梁艾津稻纵,1,江苏省南京市六合区,00001d90,稻纵卷叶螟,2023,29,2023-07-16,2023-07-22,7,31.5,23.5,89.43,84.71,117.0,2.29,34.08,19.55,1.0,1.0,0.14285714285714285,0.0,0.0,7.0,1.0,2.0,3.3333333333333335,7.0,2.3333333333333335,7.0,34.9,33.53333333333333,24.6,23.333333333333332,84.57,86.24000000000001,77.0,79.38333333333334,27.6,71.56666666666666,3.38,3.2399999999999998,49.19,48.31,28.48,25.973333333333333,62.0
横梁艾津稻纵_1_28_诱虫量,横梁艾津稻纵_1_28_诱虫量,横梁艾津稻纵,1,江苏省南京市六合区,00001d90,稻纵卷叶螟,2023,30,2023-07-23,2023-07-29,7,33.2,25.1,86.86,80.86,44.3,3.98,65.75,29.7,62.0,62.0,8.857142857142858,0.0,0.0,1.0,7.0,1.0,3.0,7.0,2.5,7.0,31.5,33.1,23.5,24.0,89.43,87.28666666666668,84.71,81.33333333333333,117.0,89.23333333333333,2.29,3.0233333333333334,34.08,43.01,19.55,24.163333333333338,44.0
横梁艾津稻纵_1_28_诱虫量,横梁艾津稻纵_1_28_诱虫量,横梁艾津稻纵,1,江苏省南京市六合区,00001d90,稻纵卷叶螟,2023,31,2023-07-30,2023-08-05,7,34.0,25.0,86.43,76.43,17.1,3.1,81.36,32.83,44.0,44.0,6.285714285714286,0.0,0.0,62.0,1.0,7.0,23.333333333333332,62.0,12.833333333333334,62.0,33.2,33.2,25.1,24.400000000000002,86.86,86.95333333333333,80.86,80.85666666666667,44.3,62.96666666666666,3.98,3.2166666666666663,65.75,49.673333333333325,29.7,25.91,46.0
横梁艾津稻纵_1_28_诱虫量,横梁艾津稻纵_1_28_诱虫量,横梁艾津稻纵,1,江苏省南京市六合区,00001d90,稻纵卷叶螟,2023,32,2023-08-06,2023-08-12,7,35.1,24.0,83.71,75.14,10.3,2.08,79.69,33.11,46.0,46.0,6.571428571428571,0.0,0.0,44.0,62.0,1.0,35.666666666666664,62.0,19.5,62.0,34.0,32.9,25.0,24.53333333333333,86.43,87.57333333333334,76.43,80.66666666666667,17.1,59.46666666666667,3.1,3.1233333333333335,81.36,60.39666666666667,32.83,27.36,1.0
横梁艾津稻纵_1_28_诱虫量,横梁艾津稻纵_1_28_诱虫量,横梁艾津稻纵,1,江苏省南京市六合区,00001d90,稻纵卷叶螟,2023,33,2023-08-13,2023-08-19,7,33.7,23.9,86.57,81.29,26.5,2.19,77.01,29.64,1.0,1.0,0.14285714285714285,0.0,0.0,46.0,44.0,62.0,50.666666666666664,62.0,26.833333333333332,62.0,35.1,34.1,24.0,24.7,83.71,85.66666666666667,75.14,77.47666666666667,10.3,23.900000000000002,2.08,3.0533333333333332,79.69,75.60000000000001,33.11,31.88,4.0
横梁艾津稻纵_1_28_诱虫量,横梁艾津稻纵_1_28_诱虫量,横梁艾津稻纵,1,江苏省南京市六合区,00001d90,稻纵卷叶螟,2023,34,2023-08-20,2023-08-26,7,32.0,22.4,82.71,72.0,27.1,2.8,70.93,31.5,4.0,4.0,0.5714285714285714,0.0,0.0,1.0,46.0,44.0,30.333333333333332,46.0,26.833333333333332,62.0,33.7,34.26666666666667,23.9,24.3,86.57,85.57,81.29,77.62,26.5,17.96666666666667,2.19,2.4566666666666666,77.01,79.35333333333334,29.64,31.86,0.0
横梁艾津稻纵_1_28_诱虫量,横梁艾津稻纵_1_28_诱虫量,横梁艾津稻纵,1,江苏省南京市六合区,00001d90,稻纵卷叶螟,2023,35,2023-08-27,2023-09-02,7,29.4,18.5,86.86,78.57,59.2,2.79,42.5,22.49,0.0,0.0,0.0,0.0,0.0,4.0,1.0,46.0,17.0,46.0,26.333333333333332,62.0,32.0,33.6,22.4,23.433333333333334,82.71,84.32999999999998,72.0,76.14333333333333,27.1,21.3,2.8,2.3566666666666665,70.93,75.87666666666667,31.5,31.416666666666668,0.0
横梁艾津稻纵_1_28_诱虫量,横梁艾津稻纵_1_28_诱虫量,横梁艾津稻纵,1,江苏省南京市六合区,00001d90,稻纵卷叶螟,2023,36,2023-09-03,2023-09-09,7,31.0,21.7,88.0,73.71,2.5,2.83,74.88,29.19,0.0,0.0,0.0,0.0,0.0,0.0,4.0,1.0,1.6666666666666667,4.0,26.166666666666668,62.0,29.4,31.700000000000003,18.5,21.599999999999998,86.86,85.38,78.57,77.28666666666668,59.2,37.6,2.79,2.5933333333333333,42.5,63.48,22.49,27.876666666666665,3.0
横梁艾津稻纵_1_28_诱虫量,横梁艾津稻纵_1_28_诱虫量,横梁艾津稻纵,1,江苏省南京市六合区,00001d90,稻纵卷叶螟,2023,37,2023-09-10,2023-09-16,7,31.4,20.4,87.43,82.14,74.6,2.74,29.78,17.15,3.0,3.0,0.42857142857142855,0.0,0.0,0.0,0.0,4.0,1.3333333333333333,4.0,15.833333333333334,46.0,31.0,30.8,21.7,20.866666666666664,88.0,85.85666666666667,73.71,74.75999999999999,2.5,29.600000000000005,2.83,2.8066666666666666,74.88,62.77,29.19,27.72666666666667,114.0
横梁艾津稻纵_1_28_诱虫量,横梁艾津稻纵_1_28_诱虫量,横梁艾津稻纵,1,江苏省南京市六合区,00001d90,稻纵卷叶螟,2023,38,2023-09-17,2023-09-23,7,32.0,18.8,88.57,77.57,41.3,2.51,30.18,16.82,114.0,114.0,16.285714285714285,0.0,0.0,3.0,0.0,0.0,1.0,3.0,9.0,46.0,31.4,30.599999999999998,20.4,20.2,87.43,87.43,82.14,78.13999999999999,74.6,45.43333333333334,2.74,2.7866666666666666,29.78,49.053333333333335,17.15,22.94333333333333,18.0
横梁艾津稻纵_1_28_诱虫量,横梁艾津稻纵_1_28_诱虫量,横梁艾津稻纵,1,江苏省南京市六合区,00001d90,稻纵卷叶螟,2023,39,2023-09-24,2023-09-30,7,28.2,19.1,89.57,82.43,13.3,2.19,45.28,17.44,18.0,18.0,2.5714285714285716,0.0,0.0,114.0,3.0,0.0,39.0,114.0,20.333333333333332,114.0,32.0,31.46666666666667,18.8,20.299999999999997,88.57,88.0,77.57,77.80666666666666,41.3,39.46666666666666,2.51,2.6933333333333334,30.18,44.946666666666665,16.82,21.053333333333335,3.0
横梁艾津稻纵_1_28_诱虫量,横梁艾津稻纵_1_28_诱虫量,横梁艾津稻纵,1,江苏省南京市六合区,00001d90,稻纵卷叶螟,2023,40,2023-10-01,2023-10-07,7,25.5,15.7,80.86,71.71,21.7,3.55,38.52,19.59,3.0,3.0,0.42857142857142855,0.0,0.0,18.0,114.0,3.0,45.0,114.0,23.166666666666668,114.0,28.2,30.53333333333333,19.1,19.433333333333334,89.57,88.52333333333333,82.43,80.71333333333332,13.3,43.06666666666666,2.19,2.48,45.28,35.080000000000005,17.44,17.136666666666667,1.0
横梁艾津稻纵_1_28_诱虫量,横梁艾津稻纵_1_28_诱虫量,横梁艾津稻纵,1,江苏省南京市六合区,00001d90,稻纵卷叶螟,2023,41,2023-10-08,2023-10-14,7,23.6,13.5,84.86,74.14,0.0,2.05,50.14,17.04,1.0,1.0,0.14285714285714285,0.0,0.0,3.0,18.0,114.0,45.0,114.0,23.0,114.0,25.5,28.566666666666666,15.7,17.866666666666667,80.86,86.33333333333333,71.71,77.23666666666666,21.7,25.433333333333334,3.55,2.75,38.52,37.99333333333333,19.59,17.95,0.0
横梁艾津稻纵_1_28_诱虫量,横梁艾津稻纵_1_28_诱虫量,横梁艾津稻纵,1,江苏省南京市六合区,00001d90,稻纵卷叶螟,2023,42,2023-10-15,2023-10-21,7,26.1,9.6,84.43,62.0,4.0,2.46,71.43,22.45,0.0,0.0,0.0,0.0,0.0,1.0,3.0,18.0,7.333333333333333,18.0,23.166666666666668,114.0,23.6,25.766666666666666,13.5,16.099999999999998,84.86,85.09666666666666,74.14,76.09333333333332,0.0,11.666666666666666,2.05,2.5966666666666662,50.14,44.64666666666667,17.04,18.023333333333333,0.0
横梁艾津稻纵_1_28_诱虫量,横梁艾津稻纵_1_28_诱虫量,横梁艾津稻纵,1,江苏省南京市六合区,00001d90,稻纵卷叶螟,2023,43,2023-10-22,2023-10-28,7,25.6,9.6,85.14,64.29,0.0,1.94,60.15,18.61,0.0,0.0,0.0,0.0,0.0,0.0,1.0,3.0,1.3333333333333333,3.0,23.166666666666668,114.0,26.1,25.066666666666666,9.6,12.933333333333332,84.43,83.38333333333334,62.0,69.28333333333332,4.0,8.566666666666666,2.46,2.686666666666667,71.43,53.363333333333344,22.45,19.69333333333333,0.0
横梁艾津稻纵_1_28_诱虫量,横梁艾津稻纵_1_28_诱虫量,横梁艾津稻纵,1,江苏省南京市六合区,00001d90,稻纵卷叶螟,2023,44,2023-10-29,2023-11-04,2,27.6,12.9,83.57,69.14,0.8,2.48,60.23,19.36,0.0,0.0,0.0,0.0,0.0,0.0,0.0,1.0,0.3333333333333333,1.0,22.666666666666668,114.0,25.6,25.099999999999998,9.6,10.9,85.14,84.81,64.29,66.81,0.0,1.3333333333333333,1.94,2.15,60.15,60.57333333333333,18.61,19.366666666666664,1.0
横梁艾津稻纵_1_28_诱虫量,横梁艾津稻纵_1_28_诱虫量,横梁艾津稻纵,1,江苏省南京市六合区,00001d90,稻纵卷叶螟,2024,22,2024-05-27,2024-06-02,2,26.9,14.2,77.71,68.43,42.5,2.69,50.74,25.99,1.0,1.0,0.5,0.0,0.0,0.0,0.0,0.0,0.0,0.0,3.6666666666666665,18.0,27.6,26.433333333333337,12.9,10.700000000000001,83.57,84.38,69.14,65.14333333333333,0.8,1.5999999999999999,2.48,2.2933333333333334,60.23,63.93666666666667,19.36,20.14,1.0
横梁艾津稻纵_1_28_诱虫量,横梁艾津稻纵_1_28_诱虫量,横梁艾津稻纵,1,江苏省南京市六合区,00001d90,稻纵卷叶螟,2024,23,2024-06-03,2024-06-09,7,30.9,17.1,76.86,61.71,5.2,2.43,62.66,30.94,1.0,1.0,0.14285714285714285,0.0,0.0,1.0,0.0,0.0,0.3333333333333333,1.0,0.8333333333333334,3.0,26.9,26.7,14.2,12.233333333333333,77.71,82.14,68.43,67.28666666666668,42.5,14.433333333333332,2.69,2.3699999999999997,50.74,57.04,25.99,21.319999999999997,2.0
横梁艾津稻纵_1_28_诱虫量,横梁艾津稻纵_1_28_诱虫量,横梁艾津稻纵,1,江苏省南京市六合区,00001d90,稻纵卷叶螟,2024,24,2024-06-10,2024-06-16,7,34.2,20.7,79.71,58.71,0.7,2.43,71.14,35.09,2.0,2.0,0.2857142857142857,0.0,0.0,1.0,1.0,0.0,0.6666666666666666,1.0,0.5,1.0,30.9,28.46666666666667,17.1,14.733333333333334,76.86,79.38,61.71,66.42666666666666,5.2,16.166666666666668,2.43,2.533333333333333,62.66,57.876666666666665,30.94,25.429999999999996,16.0
横梁艾津稻纵_1_28_诱虫量,横梁艾津稻纵_1_28_诱虫量,横梁艾津稻纵,1,江苏省南京市六合区,00001d90,稻纵卷叶螟,2024,25,2024-06-17,2024-06-23,7,32.3,21.3,85.0,69.86,96.1,3.32,46.58,27.17,16.0,16.0,2.2857142857142856,0.0,0.0,2.0,1.0,1.0,1.3333333333333333,2.0,0.6666666666666666,2.0,34.2,30.666666666666668,20.7,17.333333333333332,79.71,78.09333333333332,58.71,62.95000000000001,0.7,16.133333333333333,2.43,2.5166666666666666,71.14,61.51333333333333,35.09,30.673333333333332,1.0
横梁艾津稻纵_1_28_诱虫量,横梁艾津稻纵_1_28_诱虫量,横梁艾津稻纵,1,江苏省南京市六合区,00001d90,稻纵卷叶螟,2024,26,2024-06-24,2024-06-30,7,30.9,20.7,88.71,85.57,179.0,2.73,26.58,17.62,1.0,1.0,0.14285714285714285,0.0,0.0,16.0,2.0,1.0,6.333333333333333,16.0,3.3333333333333335,16.0,32.3,32.46666666666667,21.3,19.7,85.0,80.52333333333333,69.86,63.42666666666667,96.1,34.0,3.32,2.7266666666666666,46.58,60.126666666666665,27.17,31.066666666666666,13.0
横梁艾津稻纵_1_28_诱虫量,横梁艾津稻纵_1_28_诱虫量,横梁艾津稻纵,1,江苏省南京市六合区,00001d90,稻纵卷叶螟,2024,27,2024-07-01,2024-07-07,7,34.9,22.6,81.14,78.57,41.8,4.14,62.65,32.6,13.0,13.0,1.8571428571428572,0.0,0.0,1.0,16.0,2.0,6.333333333333333,16.0,3.5,16.0,30.9,32.46666666666667,20.7,20.9,88.71,84.47333333333331,85.57,71.38,179.0,91.93333333333334,2.73,2.8266666666666667,26.58,48.099999999999994,17.62,26.62666666666667,2.0
横梁艾津稻纵_1_28_诱虫量,横梁艾津稻纵_1_28_诱虫量,横梁艾津稻纵,1,江苏省南京市六合区,00001d90,稻纵卷叶螟,2024,28,2024-07-08,2024-07-14,7,35.0,21.4,88.57,86.0,168.8,2.44,20.72,18.18,2.0,2.0,0.2857142857142857,0.0,0.0,13.0,1.0,16.0,10.0,16.0,5.666666666666667,16.0,34.9,32.699999999999996,22.6,21.53333333333333,81.14,84.95,78.57,78.0,41.8,105.63333333333334,4.14,3.3966666666666665,62.65,45.27,32.6,25.796666666666667,2.0
横梁艾津稻纵_1_28_诱虫量,横梁艾津稻纵_1_28_诱虫量,横梁艾津稻纵,1,江苏省南京市六合区,00001d90,稻纵卷叶螟,2024,29,2024-07-15,2024-07-21,7,35.2,24.3,81.86,78.57,22.4,3.39,35.37,25.73,2.0,2.0,0.2857142857142857,0.0,0.0,2.0,13.0,1.0,5.333333333333333,13.0,5.833333333333333,16.0,35.0,33.6,21.4,21.566666666666663,88.57,86.13999999999999,86.0,83.38,168.8,129.86666666666667,2.44,3.103333333333333,20.72,36.65,18.18,22.8,6.0
横梁艾津稻纵_1_28_诱虫量,横梁艾津稻纵_1_28_诱虫量,横梁艾津稻纵,1,江苏省南京市六合区,00001d90,稻纵卷叶螟,2024,30,2024-07-22,2024-07-28,7,36.7,27.0,80.57,71.86,6.1,4.7,71.71,37.84,6.0,6.0,0.8571428571428571,0.0,0.0,2.0,2.0,13.0,5.666666666666667,13.0,6.0,16.0,35.2,35.03333333333334,24.3,22.766666666666666,81.86,83.85666666666667,78.57,81.04666666666667,22.4,77.66666666666667,3.39,3.323333333333333,35.37,39.58,25.73,25.50333333333333,4.0
横梁艾津稻纵_1_28_诱虫量,横梁艾津稻纵_1_28_诱虫量,横梁艾津稻纵,1,江苏省南京市六合区,00001d90,稻纵卷叶螟,2024,31,2024-07-29,2024-08-04,7,37.5,27.6,76.0,71.57,9.5,2.75,86.5,40.56,4.0,4.0,0.5714285714285714,0.0,0.0,6.0,2.0,2.0,3.3333333333333335,6.0,6.666666666666667,16.0,36.7,35.63333333333333,27.0,24.233333333333334,80.57,83.66666666666667,71.86,78.81,6.1,65.76666666666668,4.7,3.5100000000000002,71.71,42.599999999999994,37.84,27.25,8.0
横梁艾津稻纵_1_28_诱虫量,横梁艾津稻纵_1_28_诱虫量,横梁艾津稻纵,1,江苏省南京市六合区,00001d90,稻纵卷叶螟,2024,32,2024-08-05,2024-08-11,7,37.8,27.1,76.86,66.71,62.0,1.88,83.96,39.02,8.0,8.0,1.1428571428571428,0.0,0.0,4.0,6.0,2.0,4.0,6.0,4.666666666666667,13.0,37.5,36.46666666666667,27.6,26.299999999999997,76.0,79.47666666666667,71.57,74.0,9.5,12.666666666666677,2.75,3.6133333333333333,86.5,64.52666666666666,40.56,34.71,9.0
横梁艾津稻纵_1_28_诱虫量,横梁艾津稻纵_1_28_诱虫量,横梁艾津稻纵,1,江苏省南京市六合区,00001d90,稻纵卷叶螟,2024,33,2024-08-12,2024-08-18,7,36.3,24.9,84.43,67.71,34.3,2.42,75.24,33.56,9.0,9.0,1.2857142857142858,0.0,0.0,8.0,4.0,6.0,6.0,8.0,5.833333333333333,13.0,37.8,37.333333333333336,27.1,27.233333333333334,76.86,77.80999999999999,66.71,70.04666666666667,62.0,25.866666666666674,1.88,3.11,83.96,80.72333333333333,39.02,39.14,8.0
横梁艾津稻纵_1_28_诱虫量,横梁艾津稻纵_1_28_诱虫量,横梁艾津稻纵,1,江苏省南京市六合区,00001d90,稻纵卷叶螟,2024,34,2024-08-19,2024-08-25,7,34.7,25.4,84.71,77.86,50.4,1.93,64.42,27.34,8.0,8.0,1.1428571428571428,0.0,0.0,9.0,8.0,4.0,7.0,9.0,5.166666666666667,9.0,36.3,37.199999999999996,24.9,26.53333333333333,84.43,79.09666666666668,67.71,68.66333333333331,34.3,35.26666666666668,2.42,2.35,75.24,81.89999999999999,33.56,37.71333333333333,64.0
横梁艾津稻纵_1_28_诱虫量,横梁艾津稻纵_1_28_诱虫量,横梁艾津稻纵,1,江苏省南京市六合区,00001d90,稻纵卷叶螟,2024,35,2024-08-26,2024-09-01,7,35.2,24.1,83.43,71.71,6.3,2.35,74.77,30.13,64.0,64.0,9.142857142857142,0.0,0.0,8.0,9.0,8.0,8.333333333333334,9.0,6.166666666666667,9.0,34.7,36.266666666666666,25.4,25.799999999999997,84.71,82.0,77.86,70.75999999999999,50.4,48.90000000000001,1.93,2.0766666666666667,64.42,74.54,27.34,33.306666666666665,62.0
横梁艾津稻纵_1_28_诱虫量,横梁艾津稻纵_1_28_诱虫量,横梁艾津稻纵,1,江苏省南京市六合区,00001d90,稻纵卷叶螟,2024,36,2024-09-02,2024-09-08,7,33.8,24.2,79.29,68.43,2.9,3.23,78.8,33.31,62.0,62.0,8.857142857142858,,,64.0,8.0,9.0,27.0,64.0,16.5,64.0,35.2,35.4,24.1,24.799999999999997,83.43,84.19,71.71,72.42666666666666,6.3,30.333333333333343,2.35,2.2333333333333334,74.77,71.47666666666667,30.13,30.343333333333334,5.0
横梁艾津稻纵_1_28_诱虫量,横梁艾津稻纵_1_28_诱虫量,横梁艾津稻纵,1,江苏省南京市六合区,00001d90,稻纵卷叶螟,2024,37,2024-09-09,2024-09-15,7,33.8,23.6,88.14,80.14,83.0,3.4,57.66,23.89,5.0,5.0,0.7142857142857143,,,62.0,64.0,8.0,44.666666666666664,64.0,25.833333333333332,64.0,33.8,34.56666666666667,24.2,24.566666666666663,79.29,82.47666666666667,68.43,72.66666666666667,2.9,19.866666666666678,3.23,2.5033333333333334,78.8,72.66333333333334,33.31,30.26,3.0
横梁艾津稻纵_1_28_诱虫量,横梁艾津稻纵_1_28_诱虫量,横梁艾津稻纵,1,江苏省南京市六合区,00001d90,稻纵卷叶螟,2024,38,2024-09-16,2024-09-22,7,31.6,17.4,81.14,76.86,124.9,5.49,54.64,24.01,3.0,3.0,0.42857142857142855,0.0,0.0,5.0,62.0,64.0,43.666666666666664,64.0,26.0,64.0,33.8,34.266666666666666,23.6,23.96666666666667,88.14,83.62,80.14,73.42666666666666,83.0,30.733333333333345,3.4,2.9933333333333336,57.66,70.41,23.89,29.109999999999996,8.0
横梁艾津稻纵_1_28_诱虫量,横梁艾津稻纵_1_28_诱虫量,横梁艾津稻纵,1,江苏省南京市六合区,00001d90,稻纵卷叶螟,2024,39,2024-09-23,2024-09-29,7,29.1,15.8,86.14,76.0,15.1,2.67,66.18,23.31,8.0,8.0,1.1428571428571428,0.0,0.0,3.0,5.0,62.0,23.333333333333332,62.0,25.166666666666668,64.0,31.6,33.06666666666666,17.4,21.73333333333333,81.14,82.85666666666667,76.86,75.14333333333333,124.9,70.26666666666668,5.49,4.04,54.64,63.70000000000001,24.01,27.069999999999997,7.0
横梁艾津稻纵_1_28_诱虫量,横梁艾津稻纵_1_28_诱虫量,横梁艾津稻纵,1,江苏省南京市六合区,00001d90,稻纵卷叶螟,2024,40,2024-09-30,2024-10-06,7,28.6,11.9,79.0,72.14,17.2,3.38,48.16,18.62,7.0,7.0,1.0,0.0,0.0,8.0,3.0,5.0,5.333333333333333,8.0,25.0,64.0,29.1,31.5,15.8,18.933333333333334,86.14,85.14,76.0,77.66666666666667,15.1,74.33333333333334,2.67,3.853333333333333,66.18,59.49333333333334,23.31,23.736666666666665,14.0
横梁艾津稻纵_1_28_诱虫量,横梁艾津稻纵_1_28_诱虫量,横梁艾津稻纵,1,江苏省南京市六合区,00001d90,稻纵卷叶螟,2024,41,2024-10-07,2024-10-13,7,25.2,13.1,85.0,74.71,16.7,2.16,49.5,16.94,14.0,14.0,2.0,0.0,0.0,7.0,8.0,3.0,6.0,8.0,24.833333333333332,64.0,28.6,29.76666666666667,11.9,15.033333333333333,79.0,82.09333333333335,72.14,75.0,17.2,52.40000000000001,3.38,3.846666666666667,48.16,56.326666666666675,18.62,21.98,14.0
横梁艾津稻纵_1_28_诱虫量,横梁艾津稻纵_1_28_诱虫量,横梁艾津稻纵,1,江苏省南京市六合区,00001d90,稻纵卷叶螟,2024,42,2024-10-14,2024-10-20,7,27.2,11.2,86.57,77.0,49.2,3.66,31.77,14.95,14.0,14.0,2.0,0.0,0.0,14.0,7.0,8.0,9.666666666666666,14.0,16.5,62.0,25.2,27.633333333333336,13.1,13.6,85.0,83.38,74.71,74.28333333333332,16.7,16.333333333333343,2.16,2.736666666666667,49.5,54.613333333333344,16.94,19.62333333333333,4.0
横梁艾津稻纵_1_28_诱虫量,横梁艾津稻纵_1_28_诱虫量,横梁艾津稻纵,1,江苏省南京市六合区,00001d90,稻纵卷叶螟,2024,43,2024-10-21,2024-10-27,7,22.3,8.6,88.29,80.43,20.0,3.16,35.15,12.25,4.0,4.0,0.5714285714285714,0.0,0.0,14.0,14.0,7.0,11.666666666666666,14.0,8.5,14.0,27.2,27.0,11.2,12.066666666666665,86.57,83.52333333333333,77.0,74.61666666666666,49.2,27.700000000000006,3.66,3.0666666666666664,31.77,43.14333333333334,14.95,16.836666666666662,0.0
横梁艾津稻纵_1_28_诱虫量,横梁艾津稻纵_1_28_诱虫量,横梁艾津稻纵,1,江苏省南京市六合区,00001d90,稻纵卷叶螟,2024,44,2024-10-28,2024-11-03,3,22.0,9.3,87.57,74.57,6.8,2.95,55.84,15.81,0.0,0.0,0.0,,,4.0,14.0,14.0,10.666666666666666,14.0,8.333333333333334,14.0,22.3,24.900000000000002,8.6,10.966666666666667,88.29,86.62,80.43,77.38,20.0,28.633333333333344,3.16,2.9933333333333336,35.15,38.80666666666667,12.25,14.713333333333331,
横溪街道稻纵_1_2_诱虫量,横溪街道稻纵_1_2_诱虫量,横溪街道稻纵,1,江苏省南京市江宁区,00001975,稻纵卷叶螟,2023,22,2023-05-28,2023-06-03,3,32.3,20.1,84.14,74.14,29.6,2.38,48.59,25.72,0.0,0.0,0.0,26.886666666666667,67.40333333333334,,,,,,,,,,,,,,,,,,,,,,,,0.0
横溪街道稻纵_1_2_诱虫量,横溪街道稻纵_1_2_诱虫量,横溪街道稻纵,1,江苏省南京市江宁区,00001975,稻纵卷叶螟,2023,23,2023-06-04,2023-06-10,7,34.2,16.0,80.43,75.0,31.1,2.66,59.78,28.9,0.0,0.0,0.0,24.82857142857143,79.91285714285713,0.0,,,0.0,0.0,0.0,0.0,32.3,32.3,20.1,20.1,84.14,84.14,74.14,74.14,29.6,29.6,2.38,2.38,48.59,48.59,25.72,25.72,0.0
横溪街道稻纵_1_2_诱虫量,横溪街道稻纵_1_2_诱虫量,横溪街道稻纵,1,江苏省南京市江宁区,00001975,稻纵卷叶螟,2023,24,2023-06-11,2023-06-17,7,32.4,19.2,80.14,65.0,8.5,2.69,57.13,31.06,0.0,0.0,0.0,26.297142857142855,77.12571428571428,0.0,0.0,,0.0,0.0,0.0,0.0,34.2,33.25,16.0,18.05,80.43,82.285,75.0,74.57,31.1,30.35,2.66,2.52,59.78,54.185,28.9,27.31,4.0
横溪街道稻纵_1_2_诱虫量,横溪街道稻纵_1_2_诱虫量,横溪街道稻纵,1,江苏省南京市江宁区,00001975,稻纵卷叶螟,2023,25,2023-06-18,2023-06-24,7,31.4,20.5,87.57,74.57,82.3,2.55,29.04,21.42,4.0,4.0,0.5714285714285714,26.07857142857143,88.17999999999999,0.0,0.0,0.0,0.0,0.0,0.0,0.0,32.4,32.96666666666667,19.2,18.433333333333334,80.14,81.57000000000001,65.0,71.38,8.5,23.066666666666666,2.69,2.5766666666666667,57.13,55.166666666666664,31.06,28.56,8.0
横溪街道稻纵_1_2_诱虫量,横溪街道稻纵_1_2_诱虫量,横溪街道稻纵,1,江苏省南京市江宁区,00001975,稻纵卷叶螟,2023,26,2023-06-25,2023-07-01,7,32.8,21.5,86.29,78.86,64.0,2.94,49.98,24.98,8.0,8.0,1.1428571428571428,28.505714285714284,86.53571428571429,4.0,0.0,0.0,1.3333333333333333,4.0,1.0,4.0,31.4,32.666666666666664,20.5,18.566666666666666,87.57,82.71333333333332,74.57,71.52333333333333,82.3,40.63333333333333,2.55,2.6333333333333333,29.04,48.65,21.42,27.126666666666665,9.0
横溪街道稻纵_1_2_诱虫量,横溪街道稻纵_1_2_诱虫量,横溪街道稻纵,1,江苏省南京市江宁区,00001975,稻纵卷叶螟,2023,27,2023-07-02,2023-07-08,7,32.9,23.9,87.86,82.29,123.1,3.4,45.76,24.46,9.0,9.0,1.2857142857142858,29.677142857142858,86.96285714285715,8.0,4.0,0.0,4.0,8.0,2.4,8.0,32.8,32.199999999999996,21.5,20.400000000000002,86.29,84.66666666666667,78.86,72.81,64.0,51.6,2.94,2.7266666666666666,49.98,45.38333333333333,24.98,25.820000000000004,13.0
横溪街道稻纵_1_2_诱虫量,横溪街道稻纵_1_2_诱虫量,横溪街道稻纵,1,江苏省南京市江宁区,00001975,稻纵卷叶螟,2023,28,2023-07-09,2023-07-15,7,34.9,24.6,84.57,77.0,27.6,3.38,49.19,28.48,13.0,13.0,1.8571428571428572,29.905714285714286,86.60714285714286,9.0,8.0,4.0,7.0,9.0,3.5,9.0,32.9,32.36666666666667,23.9,21.966666666666665,87.86,87.24000000000001,82.29,78.57333333333334,123.1,89.8,3.4,2.9633333333333334,45.76,41.593333333333334,24.46,23.62,10.0
横溪街道稻纵_1_2_诱虫量,横溪街道稻纵_1_2_诱虫量,横溪街道稻纵,1,江苏省南京市江宁区,00001975,稻纵卷叶螟,2023,29,2023-07-16,2023-07-22,7,31.5,23.5,89.43,84.71,117.0,2.29,34.08,19.55,10.0,10.0,1.4285714285714286,28.274285714285714,91.26714285714286,13.0,9.0,8.0,10.0,13.0,5.666666666666667,13.0,34.9,33.53333333333333,24.6,23.333333333333332,84.57,86.24000000000001,77.0,79.38333333333334,27.6,71.56666666666666,3.38,3.2399999999999998,49.19,48.31,28.48,25.973333333333333,6.0
横溪街道稻纵_1_2_诱虫量,横溪街道稻纵_1_2_诱虫量,横溪街道稻纵,1,江苏省南京市江宁区,00001975,稻纵卷叶螟,2023,30,2023-07-23,2023-07-29,7,33.2,25.1,86.86,80.86,44.3,3.98,65.75,29.7,6.0,6.0,0.8571428571428571,29.41,85.95428571428572,10.0,13.0,9.0,10.666666666666666,13.0,7.333333333333333,13.0,31.5,33.1,23.5,24.0,89.43,87.28666666666668,84.71,81.33333333333333,117.0,89.23333333333333,2.29,3.0233333333333334,34.08,43.01,19.55,24.163333333333338,4.0
横溪街道稻纵_1_2_诱虫量,横溪街道稻纵_1_2_诱虫量,横溪街道稻纵,1,江苏省南京市江宁区,00001975,稻纵卷叶螟,2023,31,2023-07-30,2023-08-05,7,34.0,25.0,86.43,76.43,17.1,3.1,81.36,32.83,4.0,4.0,0.5714285714285714,30.868571428571432,83.35571428571428,6.0,10.0,13.0,9.666666666666666,13.0,8.333333333333334,13.0,33.2,33.2,25.1,24.400000000000002,86.86,86.95333333333333,80.86,80.85666666666667,44.3,62.96666666666666,3.98,3.2166666666666663,65.75,49.673333333333325,29.7,25.91,8.0
横溪街道稻纵_1_2_诱虫量,横溪街道稻纵_1_2_诱虫量,横溪街道稻纵,1,江苏省南京市江宁区,00001975,稻纵卷叶螟,2023,32,2023-08-06,2023-08-12,7,35.1,24.0,83.71,75.14,10.3,2.08,79.69,33.11,8.0,8.0,1.1428571428571428,30.837142857142858,79.66142857142857,4.0,6.0,10.0,6.666666666666667,10.0,8.333333333333334,13.0,34.0,32.9,25.0,24.53333333333333,86.43,87.57333333333334,76.43,80.66666666666667,17.1,59.46666666666667,3.1,3.1233333333333335,81.36,60.39666666666667,32.83,27.36,1.0
横溪街道稻纵_1_2_诱虫量,横溪街道稻纵_1_2_诱虫量,横溪街道稻纵,1,江苏省南京市江宁区,00001975,稻纵卷叶螟,2023,33,2023-08-13,2023-08-19,6,33.7,23.9,86.57,81.29,26.5,2.19,77.01,29.64,1.0,1.0,0.16666666666666666,30.111666666666668,82.94833333333334,8.0,4.0,6.0,6.0,8.0,8.333333333333334,13.0,35.1,34.1,24.0,24.7,83.71,85.66666666666667,75.14,77.47666666666667,10.3,23.900000000000002,2.08,3.0533333333333332,79.69,75.60000000000001,33.11,31.88,2.0
横溪街道稻纵_1_2_诱虫量,横溪街道稻纵_1_2_诱虫量,横溪街道稻纵,1,江苏省南京市江宁区,00001975,稻纵卷叶螟,2023,34,2023-08-20,2023-08-26,7,32.0,22.4,82.71,72.0,27.1,2.8,70.93,31.5,2.0,2.0,0.2857142857142857,29.40285714285714,80.85142857142857,1.0,8.0,4.0,4.333333333333333,8.0,7.0,13.0,33.7,34.26666666666667,23.9,24.3,86.57,85.57,81.29,77.62,26.5,17.96666666666667,2.19,2.4566666666666666,77.01,79.35333333333334,29.64,31.86,0.0
横溪街道稻纵_1_2_诱虫量,横溪街道稻纵_1_2_诱虫量,横溪街道稻纵,1,江苏省南京市江宁区,00001975,稻纵卷叶螟,2023,35,2023-08-27,2023-09-02,7,29.4,18.5,86.86,78.57,59.2,2.79,42.5,22.49,0.0,0.0,0.0,24.954285714285714,86.12,2.0,1.0,8.0,3.6666666666666665,8.0,5.166666666666667,10.0,32.0,33.6,22.4,23.433333333333334,82.71,84.32999999999998,72.0,76.14333333333333,27.1,21.3,2.8,2.3566666666666665,70.93,75.87666666666667,31.5,31.416666666666668,2.0
横溪街道稻纵_1_2_诱虫量,横溪街道稻纵_1_2_诱虫量,横溪街道稻纵,1,江苏省南京市江宁区,00001975,稻纵卷叶螟,2023,36,2023-09-03,2023-09-09,7,31.0,21.7,88.0,73.71,2.5,2.83,74.88,29.19,2.0,2.0,0.2857142857142857,27.80857142857143,81.79857142857144,0.0,2.0,1.0,1.0,2.0,3.5,8.0,29.4,31.700000000000003,18.5,21.599999999999998,86.86,85.38,78.57,77.28666666666668,59.2,37.6,2.79,2.5933333333333333,42.5,63.48,22.49,27.876666666666665,1.0
横溪街道稻纵_1_2_诱虫量,横溪街道稻纵_1_2_诱虫量,横溪街道稻纵,1,江苏省南京市江宁区,00001975,稻纵卷叶螟,2023,37,2023-09-10,2023-09-16,7,31.4,20.4,87.43,82.14,74.6,2.74,29.78,17.15,1.0,1.0,0.14285714285714285,25.584285714285716,88.91142857142857,2.0,0.0,2.0,1.3333333333333333,2.0,2.8333333333333335,8.0,31.0,30.8,21.7,20.866666666666664,88.0,85.85666666666667,73.71,74.75999999999999,2.5,29.600000000000005,2.83,2.8066666666666666,74.88,62.77,29.19,27.72666666666667,1.0
横溪街道稻纵_1_2_诱虫量,横溪街道稻纵_1_2_诱虫量,横溪街道稻纵,1,江苏省南京市江宁区,00001975,稻纵卷叶螟,2023,38,2023-09-17,2023-09-23,7,32.0,18.8,88.57,77.57,41.3,2.51,30.18,16.82,1.0,1.0,0.14285714285714285,24.05,89.29428571428572,1.0,2.0,0.0,1.0,2.0,2.3333333333333335,8.0,31.4,30.599999999999998,20.4,20.2,87.43,87.43,82.14,78.13999999999999,74.6,45.43333333333334,2.74,2.7866666666666666,29.78,49.053333333333335,17.15,22.94333333333333,0.0
横溪街道稻纵_1_2_诱虫量,横溪街道稻纵_1_2_诱虫量,横溪街道稻纵,1,江苏省南京市江宁区,00001975,稻纵卷叶螟,2023,39,2023-09-24,2023-09-30,7,28.2,19.1,89.57,82.43,13.3,2.19,45.28,17.44,0.0,0.0,0.0,24.330000000000002,89.17714285714285,1.0,1.0,2.0,1.3333333333333333,2.0,1.1666666666666667,2.0,32.0,31.46666666666667,18.8,20.299999999999997,88.57,88.0,77.57,77.80666666666666,41.3,39.46666666666666,2.51,2.6933333333333334,30.18,44.946666666666665,16.82,21.053333333333335,0.0
横溪街道稻纵_1_2_诱虫量,横溪街道稻纵_1_2_诱虫量,横溪街道稻纵,1,江苏省南京市江宁区,00001975,稻纵卷叶螟,2023,40,2023-10-01,2023-10-07,7,25.5,15.7,80.86,71.71,21.7,3.55,38.52,19.59,0.0,0.0,0.0,20.462857142857143,81.88,0.0,1.0,1.0,0.6666666666666666,1.0,1.0,2.0,28.2,30.53333333333333,19.1,19.433333333333334,89.57,88.52333333333333,82.43,80.71333333333332,13.3,43.06666666666666,2.19,2.48,45.28,35.080000000000005,17.44,17.136666666666667,1.0
横溪街道稻纵_1_2_诱虫量,横溪街道稻纵_1_2_诱虫量,横溪街道稻纵,1,江苏省南京市江宁区,00001975,稻纵卷叶螟,2023,41,2023-10-08,2023-10-14,7,23.6,13.5,84.86,74.14,0.0,2.05,50.14,17.04,1.0,1.0,0.14285714285714285,20.072857142857142,80.00285714285714,0.0,0.0,1.0,0.3333333333333333,1.0,0.6666666666666666,2.0,25.5,28.566666666666666,15.7,17.866666666666667,80.86,86.33333333333333,71.71,77.23666666666666,21.7,25.433333333333334,3.55,2.75,38.52,37.99333333333333,19.59,17.95,0.0
横溪街道稻纵_1_2_诱虫量,横溪街道稻纵_1_2_诱虫量,横溪街道稻纵,1,江苏省南京市江宁区,00001975,稻纵卷叶螟,2023,42,2023-10-15,2023-10-21,7,26.1,9.6,84.43,62.0,4.0,2.46,71.43,22.45,0.0,0.0,0.0,18.664285714285715,74.27,1.0,0.0,0.0,0.3333333333333333,1.0,0.8333333333333334,2.0,23.6,25.766666666666666,13.5,16.099999999999998,84.86,85.09666666666666,74.14,76.09333333333332,0.0,11.666666666666666,2.05,2.5966666666666662,50.14,44.64666666666667,17.04,18.023333333333333,0.0
横溪街道稻纵_1_2_诱虫量,横溪街道稻纵_1_2_诱虫量,横溪街道稻纵,1,江苏省南京市江宁区,00001975,稻纵卷叶螟,2023,43,2023-10-22,2023-10-28,7,25.6,9.6,85.14,64.29,0.0,1.94,60.15,18.61,0.0,0.0,0.0,19.27857142857143,78.74142857142856,0.0,1.0,0.0,0.3333333333333333,1.0,0.5,1.0,26.1,25.066666666666666,9.6,12.933333333333332,84.43,83.38333333333334,62.0,69.28333333333332,4.0,8.566666666666666,2.46,2.686666666666667,71.43,53.363333333333344,22.45,19.69333333333333,0.0
横溪街道稻纵_1_2_诱虫量,横溪街道稻纵_1_2_诱虫量,横溪街道稻纵,1,江苏省南京市江宁区,00001975,稻纵卷叶螟,2023,44,2023-10-29,2023-11-04,2,27.6,12.9,83.57,69.14,0.8,2.48,60.23,19.36,0.0,0.0,0.0,18.86,80.52,0.0,0.0,1.0,0.3333333333333333,1.0,0.3333333333333333,1.0,25.6,25.099999999999998,9.6,10.9,85.14,84.81,64.29,66.81,0.0,1.3333333333333333,1.94,2.15,60.15,60.57333333333333,18.61,19.366666666666664,0.0
横溪街道稻纵_1_2_诱虫量,横溪街道稻纵_1_2_诱虫量,横溪街道稻纵,1,江苏省南京市江宁区,00001975,稻纵卷叶螟,2024,22,2024-05-27,2024-06-02,2,26.9,14.2,77.71,68.43,42.5,2.69,50.74,25.99,0.0,0.0,0.0,23.58,69.465,0.0,0.0,0.0,0.0,0.0,0.16666666666666666,1.0,27.6,26.433333333333337,12.9,10.700000000000001,83.57,84.38,69.14,65.14333333333333,0.8,1.5999999999999999,2.48,2.2933333333333334,60.23,63.93666666666667,19.36,20.14,0.0
横溪街道稻纵_1_2_诱虫量,横溪街道稻纵_1_2_诱虫量,横溪街道稻纵,1,江苏省南京市江宁区,00001975,稻纵卷叶螟,2024,23,2024-06-03,2024-06-09,7,30.9,17.1,76.86,61.71,5.2,2.43,62.66,30.94,0.0,0.0,0.0,24.77285714285714,75.22285714285714,0.0,0.0,0.0,0.0,0.0,0.16666666666666666,1.0,26.9,26.7,14.2,12.233333333333333,77.71,82.14,68.43,67.28666666666668,42.5,14.433333333333332,2.69,2.3699999999999997,50.74,57.04,25.99,21.319999999999997,0.0
横溪街道稻纵_1_2_诱虫量,横溪街道稻纵_1_2_诱虫量,横溪街道稻纵,1,江苏省南京市江宁区,00001975,稻纵卷叶螟,2024,24,2024-06-10,2024-06-16,7,34.2,20.7,79.71,58.71,0.7,2.43,71.14,35.09,0.0,0.0,0.0,29.102857142857143,75.45,0.0,0.0,0.0,0.0,0.0,0.16666666666666666,1.0,30.9,28.46666666666667,17.1,14.733333333333334,76.86,79.38,61.71,66.42666666666666,5.2,16.166666666666668,2.43,2.533333333333333,62.66,57.876666666666665,30.94,25.429999999999996,0.0
横溪街道稻纵_1_2_诱虫量,横溪街道稻纵_1_2_诱虫量,横溪街道稻纵,1,江苏省南京市江宁区,00001975,稻纵卷叶螟,2024,25,2024-06-17,2024-06-23,7,32.3,21.3,85.0,69.86,96.1,3.32,46.58,27.17,0.0,0.0,0.0,27.198571428571427,85.83142857142856,0.0,0.0,0.0,0.0,0.0,0.0,0.0,34.2,30.666666666666668,20.7,17.333333333333332,79.71,78.09333333333332,58.71,62.95000000000001,0.7,16.133333333333333,2.43,2.5166666666666666,71.14,61.51333333333333,35.09,30.673333333333332,0.0
横溪街道稻纵_1_2_诱虫量,横溪街道稻纵_1_2_诱虫量,横溪街道稻纵,1,江苏省南京市江宁区,00001975,稻纵卷叶螟,2024,26,2024-06-24,2024-06-30,7,30.9,20.7,88.71,85.57,179.0,2.73,26.58,17.62,0.0,0.0,0.0,25.407142857142855,94.58000000000001,0.0,0.0,0.0,0.0,0.0,0.0,0.0,32.3,32.46666666666667,21.3,19.7,85.0,80.52333333333333,69.86,63.42666666666667,96.1,34.0,3.32,2.7266666666666666,46.58,60.126666666666665,27.17,31.066666666666666,0.0
横溪街道稻纵_1_2_诱虫量,横溪街道稻纵_1_2_诱虫量,横溪街道稻纵,1,江苏省南京市江宁区,00001975,稻纵卷叶螟,2024,27,2024-07-01,2024-07-07,7,34.9,22.6,81.14,78.57,41.8,4.14,62.65,32.6,0.0,0.0,0.0,30.804285714285715,81.39,0.0,0.0,0.0,0.0,0.0,0.0,0.0,30.9,32.46666666666667,20.7,20.9,88.71,84.47333333333331,85.57,71.38,179.0,91.93333333333334,2.73,2.8266666666666667,26.58,48.099999999999994,17.62,26.62666666666667,0.0
横溪街道稻纵_1_2_诱虫量,横溪街道稻纵_1_2_诱虫量,横溪街道稻纵,1,江苏省南京市江宁区,00001975,稻纵卷叶螟,2024,28,2024-07-08,2024-07-14,7,35.0,21.4,88.57,86.0,168.8,2.44,20.72,18.18,0.0,0.0,0.0,27.692857142857143,92.06285714285715,0.0,0.0,0.0,0.0,0.0,0.0,0.0,34.9,32.699999999999996,22.6,21.53333333333333,81.14,84.95,78.57,78.0,41.8,105.63333333333334,4.14,3.3966666666666665,62.65,45.27,32.6,25.796666666666667,0.0
横溪街道稻纵_1_2_诱虫量,横溪街道稻纵_1_2_诱虫量,横溪街道稻纵,1,江苏省南京市江宁区,00001975,稻纵卷叶螟,2024,29,2024-07-15,2024-07-21,7,35.2,24.3,81.86,78.57,22.4,3.39,35.37,25.73,0.0,0.0,0.0,31.452857142857145,85.41,0.0,0.0,0.0,0.0,0.0,0.0,0.0,35.0,33.6,21.4,21.566666666666663,88.57,86.13999999999999,86.0,83.38,168.8,129.86666666666667,2.44,3.103333333333333,20.72,36.65,18.18,22.8,0.0
横溪街道稻纵_1_2_诱虫量,横溪街道稻纵_1_2_诱虫量,横溪街道稻纵,1,江苏省南京市江宁区,00001975,稻纵卷叶螟,2024,30,2024-07-22,2024-07-28,7,36.7,27.0,80.57,71.86,6.1,4.7,71.71,37.84,0.0,0.0,0.0,32.08857142857143,81.7942857142857,0.0,0.0,0.0,0.0,0.0,0.0,0.0,35.2,35.03333333333334,24.3,22.766666666666666,81.86,83.85666666666667,78.57,81.04666666666667,22.4,77.66666666666667,3.39,3.323333333333333,35.37,39.58,25.73,25.50333333333333,0.0
横溪街道稻纵_1_2_诱虫量,横溪街道稻纵_1_2_诱虫量,横溪街道稻纵,1,江苏省南京市江宁区,00001975,稻纵卷叶螟,2024,31,2024-07-29,2024-08-04,7,37.5,27.6,76.0,71.57,9.5,2.75,86.5,40.56,0.0,0.0,0.0,33.08142857142857,80.48714285714286,0.0,0.0,0.0,0.0,0.0,0.0,0.0,36.7,35.63333333333333,27.0,24.233333333333334,80.57,83.66666666666667,71.86,78.81,6.1,65.76666666666668,4.7,3.5100000000000002,71.71,42.599999999999994,37.84,27.25,3.0
横溪街道稻纵_1_2_诱虫量,横溪街道稻纵_1_2_诱虫量,横溪街道稻纵,1,江苏省南京市江宁区,00001975,稻纵卷叶螟,2024,32,2024-08-05,2024-08-11,7,37.8,27.1,76.86,66.71,62.0,1.88,83.96,39.02,3.0,3.0,0.42857142857142855,33.46714285714286,77.03285714285714,0.0,0.0,0.0,0.0,0.0,0.0,0.0,37.5,36.46666666666667,27.6,26.299999999999997,76.0,79.47666666666667,71.57,74.0,9.5,12.666666666666677,2.75,3.6133333333333333,86.5,64.52666666666666,40.56,34.71,20.0
横溪街道稻纵_1_2_诱虫量,横溪街道稻纵_1_2_诱虫量,横溪街道稻纵,1,江苏省南京市江宁区,00001975,稻纵卷叶螟,2024,33,2024-08-12,2024-08-18,7,36.3,24.9,84.43,67.71,34.3,2.42,75.24,33.56,20.0,20.0,2.857142857142857,30.475714285714282,83.86857142857143,3.0,0.0,0.0,1.0,3.0,0.5,3.0,37.8,37.333333333333336,27.1,27.233333333333334,76.86,77.80999999999999,66.71,70.04666666666667,62.0,25.866666666666674,1.88,3.11,83.96,80.72333333333333,39.02,39.14,30.0
横溪街道稻纵_1_2_诱虫量,横溪街道稻纵_1_2_诱虫量,横溪街道稻纵,1,江苏省南京市江宁区,00001975,稻纵卷叶螟,2024,34,2024-08-19,2024-08-25,7,34.7,25.4,84.71,77.86,50.4,1.93,64.42,27.34,30.0,30.0,4.285714285714286,30.82,86.57428571428571,20.0,3.0,0.0,7.666666666666667,20.0,3.8333333333333335,20.0,36.3,37.199999999999996,24.9,26.53333333333333,84.43,79.09666666666668,67.71,68.66333333333331,34.3,35.26666666666668,2.42,2.35,75.24,81.89999999999999,33.56,37.71333333333333,100.0
横溪街道稻纵_1_2_诱虫量,横溪街道稻纵_1_2_诱虫量,横溪街道稻纵,1,江苏省南京市江宁区,00001975,稻纵卷叶螟,2024,35,2024-08-26,2024-09-01,7,35.2,24.1,83.43,71.71,6.3,2.35,74.77,30.13,100.0,100.0,14.285714285714286,30.625714285714285,85.67714285714285,30.0,20.0,3.0,17.666666666666668,30.0,8.833333333333334,30.0,34.7,36.266666666666666,25.4,25.799999999999997,84.71,82.0,77.86,70.75999999999999,50.4,48.90000000000001,1.93,2.0766666666666667,64.42,74.54,27.34,33.306666666666665,261.0
横溪街道稻纵_1_2_诱虫量,横溪街道稻纵_1_2_诱虫量,横溪街道稻纵,1,江苏省南京市江宁区,00001975,稻纵卷叶螟,2024,36,2024-09-02,2024-09-08,7,33.8,24.2,79.29,68.43,2.9,3.23,78.8,33.31,261.0,261.0,37.285714285714285,30.452857142857145,83.02,100.0,30.0,20.0,50.0,100.0,25.5,100.0,35.2,35.4,24.1,24.799999999999997,83.43,84.19,71.71,72.42666666666666,6.3,30.333333333333343,2.35,2.2333333333333334,74.77,71.47666666666667,30.13,30.343333333333334,118.0
横溪街道稻纵_1_2_诱虫量,横溪街道稻纵_1_2_诱虫量,横溪街道稻纵,1,江苏省南京市江宁区,00001975,稻纵卷叶螟,2024,37,2024-09-09,2024-09-15,7,33.8,23.6,88.14,80.14,83.0,3.4,57.66,23.89,118.0,118.0,16.857142857142858,29.45,89.01571428571428,261.0,100.0,30.0,130.33333333333334,261.0,69.0,261.0,33.8,34.56666666666667,24.2,24.566666666666663,79.29,82.47666666666667,68.43,72.66666666666667,2.9,19.866666666666678,3.23,2.5033333333333334,78.8,72.66333333333334,33.31,30.26,186.0
横溪街道稻纵_1_2_诱虫量,横溪街道稻纵_1_2_诱虫量,横溪街道稻纵,1,江苏省南京市江宁区,00001975,稻纵卷叶螟,2024,38,2024-09-16,2024-09-22,7,31.6,17.4,81.14,76.86,124.9,5.49,54.64,24.01,186.0,186.0,26.571428571428573,26.307142857142857,89.53285714285714,118.0,261.0,100.0,159.66666666666666,261.0,88.66666666666667,261.0,33.8,34.266666666666666,23.6,23.96666666666667,88.14,83.62,80.14,73.42666666666666,83.0,30.733333333333345,3.4,2.9933333333333336,57.66,70.41,23.89,29.109999999999996,42.0
横溪街道稻纵_1_2_诱虫量,横溪街道稻纵_1_2_诱虫量,横溪街道稻纵,1,江苏省南京市江宁区,00001975,稻纵卷叶螟,2024,39,2024-09-23,2024-09-29,7,29.1,15.8,86.14,76.0,15.1,2.67,66.18,23.31,42.0,42.0,6.0,24.214285714285715,87.99142857142859,186.0,118.0,261.0,188.33333333333334,261.0,119.16666666666667,261.0,31.6,33.06666666666666,17.4,21.73333333333333,81.14,82.85666666666667,76.86,75.14333333333333,124.9,70.26666666666668,5.49,4.04,54.64,63.70000000000001,24.01,27.069999999999997,10.0
横溪街道稻纵_1_2_诱虫量,横溪街道稻纵_1_2_诱虫量,横溪街道稻纵,1,江苏省南京市江宁区,00001975,稻纵卷叶螟,2024,40,2024-09-30,2024-10-06,7,28.6,11.9,79.0,72.14,17.2,3.38,48.16,18.62,10.0,10.0,1.4285714285714286,19.334285714285716,86.17,42.0,186.0,118.0,115.33333333333333,186.0,122.83333333333333,261.0,29.1,31.5,15.8,18.933333333333334,86.14,85.14,76.0,77.66666666666667,15.1,74.33333333333334,2.67,3.853333333333333,66.18,59.49333333333334,23.31,23.736666666666665,20.0
横溪街道稻纵_1_2_诱虫量,横溪街道稻纵_1_2_诱虫量,横溪街道稻纵,1,江苏省南京市江宁区,00001975,稻纵卷叶螟,2024,41,2024-10-07,2024-10-13,7,25.2,13.1,85.0,74.71,16.7,2.16,49.5,16.94,20.0,20.0,2.857142857142857,19.26571428571429,88.18142857142857,10.0,42.0,186.0,79.33333333333333,186.0,119.5,261.0,28.6,29.76666666666667,11.9,15.033333333333333,79.0,82.09333333333335,72.14,75.0,17.2,52.40000000000001,3.38,3.846666666666667,48.16,56.326666666666675,18.62,21.98,55.0
横溪街道稻纵_1_2_诱虫量,横溪街道稻纵_1_2_诱虫量,横溪街道稻纵,1,江苏省南京市江宁区,00001975,稻纵卷叶螟,2024,42,2024-10-14,2024-10-20,7,27.2,11.2,86.57,77.0,49.2,3.66,31.77,14.95,55.0,55.0,7.857142857142857,20.048571428571428,92.04571428571428,20.0,10.0,42.0,24.0,42.0,106.16666666666667,261.0,25.2,27.633333333333336,13.1,13.6,85.0,83.38,74.71,74.28333333333332,16.7,16.333333333333343,2.16,2.736666666666667,49.5,54.613333333333344,16.94,19.62333333333333,25.0
横溪街道稻纵_1_2_诱虫量,横溪街道稻纵_1_2_诱虫量,横溪街道稻纵,1,江苏省南京市江宁区,00001975,稻纵卷叶螟,2024,43,2024-10-21,2024-10-27,7,22.3,8.6,88.29,80.43,20.0,3.16,35.15,12.25,25.0,25.0,3.5714285714285716,16.802857142857142,89.93714285714285,55.0,20.0,10.0,28.333333333333332,55.0,71.83333333333333,186.0,27.2,27.0,11.2,12.066666666666665,86.57,83.52333333333333,77.0,74.61666666666666,49.2,27.700000000000006,3.66,3.0666666666666664,31.77,43.14333333333334,14.95,16.836666666666662,1.0
横溪街道稻纵_1_2_诱虫量,横溪街道稻纵_1_2_诱虫量,横溪街道稻纵,1,江苏省南京市江宁区,00001975,稻纵卷叶螟,2024,44,2024-10-28,2024-11-03,3,22.0,9.3,87.57,74.57,6.8,2.95,55.84,15.81,1.0,1.0,0.3333333333333333,15.0,87.47,25.0,55.0,20.0,33.333333333333336,55.0,56.333333333333336,186.0,22.3,24.900000000000002,8.6,10.966666666666667,88.29,86.62,80.43,77.38,20.0,28.633333333333344,3.16,2.9933333333333336,35.15,38.80666666666667,12.25,14.713333333333331,
永宁街道青山村_1_24_诱虫量,永宁街道青山村_1_24_诱虫量,永宁街道青山村,1,江苏省南京市浦口区,000025b1,稻纵卷叶螟,2023,22,2023-05-28,2023-06-03,3,32.3,20.1,84.14,74.14,29.6,2.38,48.59,25.72,3.0,3.0,1.0,27.55666666666667,54.81333333333333,,,,,,,,,,,,,,,,,,,,,,,,0.0
永宁街道青山村_1_24_诱虫量,永宁街道青山村_1_24_诱虫量,永宁街道青山村,1,江苏省南京市浦口区,000025b1,稻纵卷叶螟,2023,23,2023-06-04,2023-06-10,7,34.2,16.0,80.43,75.0,31.1,2.66,59.78,28.9,0.0,0.0,0.0,24.75857142857143,74.68142857142857,3.0,,,3.0,3.0,3.0,3.0,32.3,32.3,20.1,20.1,84.14,84.14,74.14,74.14,29.6,29.6,2.38,2.38,48.59,48.59,25.72,25.72,1.0
永宁街道青山村_1_24_诱虫量,永宁街道青山村_1_24_诱虫量,永宁街道青山村,1,江苏省南京市浦口区,000025b1,稻纵卷叶螟,2023,24,2023-06-11,2023-06-17,7,32.4,19.2,80.14,65.0,8.5,2.69,57.13,31.06,1.0,1.0,0.14285714285714285,27.181428571428572,66.34142857142857,0.0,3.0,,1.5,3.0,1.5,3.0,34.2,33.25,16.0,18.05,80.43,82.285,75.0,74.57,31.1,30.35,2.66,2.52,59.78,54.185,28.9,27.31,0.0
永宁街道青山村_1_24_诱虫量,永宁街道青山村_1_24_诱虫量,永宁街道青山村,1,江苏省南京市浦口区,000025b1,稻纵卷叶螟,2023,25,2023-06-18,2023-06-24,7,31.4,20.5,87.57,74.57,82.3,2.55,29.04,21.42,0.0,0.0,0.0,26.32857142857143,80.44714285714285,1.0,0.0,3.0,1.3333333333333333,3.0,1.3333333333333333,3.0,32.4,32.96666666666667,19.2,18.433333333333334,80.14,81.57000000000001,65.0,71.38,8.5,23.066666666666666,2.69,2.5766666666666667,57.13,55.166666666666664,31.06,28.56,0.0
永宁街道青山村_1_24_诱虫量,永宁街道青山村_1_24_诱虫量,永宁街道青山村,1,江苏省南京市浦口区,000025b1,稻纵卷叶螟,2023,26,2023-06-25,2023-07-01,7,32.8,21.5,86.29,78.86,64.0,2.94,49.98,24.98,0.0,0.0,0.0,28.517142857142858,79.48142857142857,0.0,1.0,0.0,0.3333333333333333,1.0,1.0,3.0,31.4,32.666666666666664,20.5,18.566666666666666,87.57,82.71333333333332,74.57,71.52333333333333,82.3,40.63333333333333,2.55,2.6333333333333333,29.04,48.65,21.42,27.126666666666665,0.0
永宁街道青山村_1_24_诱虫量,永宁街道青山村_1_24_诱虫量,永宁街道青山村,1,江苏省南京市浦口区,000025b1,稻纵卷叶螟,2023,27,2023-07-02,2023-07-08,7,32.9,23.9,87.86,82.29,123.1,3.4,45.76,24.46,0.0,0.0,0.0,29.25714285714286,82.14999999999999,0.0,0.0,1.0,0.3333333333333333,1.0,0.8,3.0,32.8,32.199999999999996,21.5,20.400000000000002,86.29,84.66666666666667,78.86,72.81,64.0,51.6,2.94,2.7266666666666666,49.98,45.38333333333333,24.98,25.820000000000004,0.0
永宁街道青山村_1_24_诱虫量,永宁街道青山村_1_24_诱虫量,永宁街道青山村,1,江苏省南京市浦口区,000025b1,稻纵卷叶螟,2023,28,2023-07-09,2023-07-15,7,34.9,24.6,84.57,77.0,27.6,3.38,49.19,28.48,0.0,0.0,0.0,30.359999999999996,78.67571428571429,0.0,0.0,0.0,0.0,0.0,0.6666666666666666,3.0,32.9,32.36666666666667,23.9,21.966666666666665,87.86,87.24000000000001,82.29,78.57333333333334,123.1,89.8,3.4,2.9633333333333334,45.76,41.593333333333334,24.46,23.62,16.0
永宁街道青山村_1_24_诱虫量,永宁街道青山村_1_24_诱虫量,永宁街道青山村,1,江苏省南京市浦口区,000025b1,稻纵卷叶螟,2023,29,2023-07-16,2023-07-22,7,31.5,23.5,89.43,84.71,117.0,2.29,34.08,19.55,16.0,16.0,2.2857142857142856,27.834285714285716,85.93571428571428,0.0,0.0,0.0,0.0,0.0,0.16666666666666666,1.0,34.9,33.53333333333333,24.6,23.333333333333332,84.57,86.24000000000001,77.0,79.38333333333334,27.6,71.56666666666666,3.38,3.2399999999999998,49.19,48.31,28.48,25.973333333333333,167.0
永宁街道青山村_1_24_诱虫量,永宁街道青山村_1_24_诱虫量,永宁街道青山村,1,江苏省南京市浦口区,000025b1,稻纵卷叶螟,2023,30,2023-07-23,2023-07-29,7,33.2,25.1,86.86,80.86,44.3,3.98,65.75,29.7,167.0,167.0,23.857142857142858,30.075714285714287,78.74,16.0,0.0,0.0,5.333333333333333,16.0,2.8333333333333335,16.0,31.5,33.1,23.5,24.0,89.43,87.28666666666668,84.71,81.33333333333333,117.0,89.23333333333333,2.29,3.0233333333333334,34.08,43.01,19.55,24.163333333333338,233.0
永宁街道青山村_1_24_诱虫量,永宁街道青山村_1_24_诱虫量,永宁街道青山村,1,江苏省南京市浦口区,000025b1,稻纵卷叶螟,2023,31,2023-07-30,2023-08-05,7,34.0,25.0,86.43,76.43,17.1,3.1,81.36,32.83,233.0,233.0,33.285714285714285,31.548571428571428,75.95714285714287,167.0,16.0,0.0,61.0,167.0,30.5,167.0,33.2,33.2,25.1,24.400000000000002,86.86,86.95333333333333,80.86,80.85666666666667,44.3,62.96666666666666,3.98,3.2166666666666663,65.75,49.673333333333325,29.7,25.91,153.0
永宁街道青山村_1_24_诱虫量,永宁街道青山村_1_24_诱虫量,永宁街道青山村,1,江苏省南京市浦口区,000025b1,稻纵卷叶螟,2023,32,2023-08-06,2023-08-12,7,35.1,24.0,83.71,75.14,10.3,2.08,79.69,33.11,153.0,153.0,21.857142857142858,30.337142857142858,77.40428571428572,233.0,167.0,16.0,138.66666666666666,233.0,69.33333333333333,233.0,34.0,32.9,25.0,24.53333333333333,86.43,87.57333333333334,76.43,80.66666666666667,17.1,59.46666666666667,3.1,3.1233333333333335,81.36,60.39666666666667,32.83,27.36,229.0
永宁街道青山村_1_24_诱虫量,永宁街道青山村_1_24_诱虫量,永宁街道青山村,1,江苏省南京市浦口区,000025b1,稻纵卷叶螟,2023,33,2023-08-13,2023-08-19,7,33.7,23.9,86.57,81.29,26.5,2.19,77.01,29.64,229.0,229.0,32.714285714285715,30.67833333333333,77.31833333333333,153.0,233.0,167.0,184.33333333333334,233.0,94.83333333333333,233.0,35.1,34.1,24.0,24.7,83.71,85.66666666666667,75.14,77.47666666666667,10.3,23.900000000000002,2.08,3.0533333333333332,79.69,75.60000000000001,33.11,31.88,110.0
永宁街道青山村_1_24_诱虫量,永宁街道青山村_1_24_诱虫量,永宁街道青山村,1,江苏省南京市浦口区,000025b1,稻纵卷叶螟,2023,34,2023-08-20,2023-08-26,7,32.0,22.4,82.71,72.0,27.1,2.8,70.93,31.5,110.0,110.0,15.714285714285714,29.381428571428575,75.76428571428572,229.0,153.0,233.0,205.0,233.0,133.0,233.0,33.7,34.26666666666667,23.9,24.3,86.57,85.57,81.29,77.62,26.5,17.96666666666667,2.19,2.4566666666666666,77.01,79.35333333333334,29.64,31.86,35.0
永宁街道青山村_1_24_诱虫量,永宁街道青山村_1_24_诱虫量,永宁街道青山村,1,江苏省南京市浦口区,000025b1,稻纵卷叶螟,2023,35,2023-08-27,2023-09-02,7,29.4,18.5,86.86,78.57,59.2,2.79,42.5,22.49,35.0,35.0,5.0,25.22,82.05714285714285,110.0,229.0,153.0,164.0,229.0,151.33333333333334,233.0,32.0,33.6,22.4,23.433333333333334,82.71,84.32999999999998,72.0,76.14333333333333,27.1,21.3,2.8,2.3566666666666665,70.93,75.87666666666667,31.5,31.416666666666668,4.0
永宁街道青山村_1_24_诱虫量,永宁街道青山村_1_24_诱虫量,永宁街道青山村,1,江苏省南京市浦口区,000025b1,稻纵卷叶螟,2023,36,2023-09-03,2023-09-09,7,31.0,21.7,88.0,73.71,2.5,2.83,74.88,29.19,4.0,4.0,0.5714285714285714,27.36285714285714,79.69142857142857,35.0,110.0,229.0,124.66666666666667,229.0,154.5,233.0,29.4,31.700000000000003,18.5,21.599999999999998,86.86,85.38,78.57,77.28666666666668,59.2,37.6,2.79,2.5933333333333333,42.5,63.48,22.49,27.876666666666665,0.0
永宁街道青山村_1_24_诱虫量,永宁街道青山村_1_24_诱虫量,永宁街道青山村,1,江苏省南京市浦口区,000025b1,稻纵卷叶螟,2023,37,2023-09-10,2023-09-16,7,31.4,20.4,87.43,82.14,74.6,2.74,29.78,17.15,0.0,0.0,0.0,24.08857142857143,88.67142857142856,4.0,35.0,110.0,49.666666666666664,110.0,127.33333333333333,233.0,31.0,30.8,21.7,20.866666666666664,88.0,85.85666666666667,73.71,74.75999999999999,2.5,29.600000000000005,2.83,2.8066666666666666,74.88,62.77,29.19,27.72666666666667,1.0
永宁街道青山村_1_24_诱虫量,永宁街道青山村_1_24_诱虫量,永宁街道青山村,1,江苏省南京市浦口区,000025b1,稻纵卷叶螟,2023,38,2023-09-17,2023-09-23,7,32.0,18.8,88.57,77.57,41.3,2.51,30.18,16.82,1.0,1.0,0.14285714285714285,23.885714285714283,86.30571428571429,0.0,4.0,35.0,13.0,35.0,88.5,229.0,31.4,30.599999999999998,20.4,20.2,87.43,87.43,82.14,78.13999999999999,74.6,45.43333333333334,2.74,2.7866666666666666,29.78,49.053333333333335,17.15,22.94333333333333,0.0
永宁街道青山村_1_24_诱虫量,永宁街道青山村_1_24_诱虫量,永宁街道青山村,1,江苏省南京市浦口区,000025b1,稻纵卷叶螟,2023,39,2023-09-24,2023-09-30,7,28.2,19.1,89.57,82.43,13.3,2.19,45.28,17.44,0.0,0.0,0.0,23.2,88.14142857142858,1.0,0.0,4.0,1.6666666666666667,4.0,63.166666666666664,229.0,32.0,31.46666666666667,18.8,20.299999999999997,88.57,88.0,77.57,77.80666666666666,41.3,39.46666666666666,2.51,2.6933333333333334,30.18,44.946666666666665,16.82,21.053333333333335,0.0
永宁街道青山村_1_24_诱虫量,永宁街道青山村_1_24_诱虫量,永宁街道青山村,1,江苏省南京市浦口区,000025b1,稻纵卷叶螟,2023,40,2023-10-01,2023-10-07,7,25.5,15.7,80.86,71.71,21.7,3.55,38.52,19.59,0.0,0.0,0.0,20.15,79.68142857142857,0.0,1.0,0.0,0.3333333333333333,1.0,25.0,110.0,28.2,30.53333333333333,19.1,19.433333333333334,89.57,88.52333333333333,82.43,80.71333333333332,13.3,43.06666666666666,2.19,2.48,45.28,35.080000000000005,17.44,17.136666666666667,0.0
永宁街道青山村_1_24_诱虫量,永宁街道青山村_1_24_诱虫量,永宁街道青山村,1,江苏省南京市浦口区,000025b1,稻纵卷叶螟,2023,41,2023-10-08,2023-10-14,7,23.6,13.5,84.86,74.14,0.0,2.05,50.14,17.04,0.0,0.0,0.0,18.972857142857144,80.88714285714286,0.0,0.0,1.0,0.3333333333333333,1.0,6.666666666666667,35.0,25.5,28.566666666666666,15.7,17.866666666666667,80.86,86.33333333333333,71.71,77.23666666666666,21.7,25.433333333333334,3.55,2.75,38.52,37.99333333333333,19.59,17.95,0.0
永宁街道青山村_1_24_诱虫量,永宁街道青山村_1_24_诱虫量,永宁街道青山村,1,江苏省南京市浦口区,000025b1,稻纵卷叶螟,2023,42,2023-10-15,2023-10-21,7,26.1,9.6,84.43,62.0,4.0,2.46,71.43,22.45,0.0,0.0,0.0,18.407142857142855,74.01142857142858,0.0,0.0,0.0,0.0,0.0,0.8333333333333334,4.0,23.6,25.766666666666666,13.5,16.099999999999998,84.86,85.09666666666666,74.14,76.09333333333332,0.0,11.666666666666666,2.05,2.5966666666666662,50.14,44.64666666666667,17.04,18.023333333333333,0.0
永宁街道青山村_1_24_诱虫量,永宁街道青山村_1_24_诱虫量,永宁街道青山村,1,江苏省南京市浦口区,000025b1,稻纵卷叶螟,2023,43,2023-10-22,2023-10-28,7,25.6,9.6,85.14,64.29,0.0,1.94,60.15,18.61,0.0,0.0,0.0,18.235714285714288,78.3442857142857,0.0,0.0,0.0,0.0,0.0,0.16666666666666666,1.0,26.1,25.066666666666666,9.6,12.933333333333332,84.43,83.38333333333334,62.0,69.28333333333332,4.0,8.566666666666666,2.46,2.686666666666667,71.43,53.363333333333344,22.45,19.69333333333333,0.0
永宁街道青山村_1_24_诱虫量,永宁街道青山村_1_24_诱虫量,永宁街道青山村,1,江苏省南京市浦口区,000025b1,稻纵卷叶螟,2023,44,2023-10-29,2023-11-04,2,27.6,12.9,83.57,69.14,0.8,2.48,60.23,19.36,0.0,0.0,0.0,18.56,77.3,0.0,0.0,0.0,0.0,0.0,0.16666666666666666,1.0,25.6,25.099999999999998,9.6,10.9,85.14,84.81,64.29,66.81,0.0,1.3333333333333333,1.94,2.15,60.15,60.57333333333333,18.61,19.366666666666664,22.0
永宁街道青山村_1_24_诱虫量,永宁街道青山村_1_24_诱虫量,永宁街道青山村,1,江苏省南京市浦口区,000025b1,稻纵卷叶螟,2024,22,2024-05-27,2024-06-02,2,26.9,14.2,77.71,68.43,42.5,2.69,50.74,25.99,22.0,22.0,11.0,25.185000000000002,55.144999999999996,0.0,0.0,0.0,0.0,0.0,0.0,0.0,27.6,26.433333333333337,12.9,10.700000000000001,83.57,84.38,69.14,65.14333333333333,0.8,1.5999999999999999,2.48,2.2933333333333334,60.23,63.93666666666667,19.36,20.14,28.0
永宁街道青山村_1_24_诱虫量,永宁街道青山村_1_24_诱虫量,永宁街道青山村,1,江苏省南京市浦口区,000025b1,稻纵卷叶螟,2024,23,2024-06-03,2024-06-09,7,30.9,17.1,76.86,61.71,5.2,2.43,62.66,30.94,28.0,28.0,4.0,26.148571428571426,63.228571428571435,22.0,0.0,0.0,7.333333333333333,22.0,3.6666666666666665,22.0,26.9,26.7,14.2,12.233333333333333,77.71,82.14,68.43,67.28666666666668,42.5,14.433333333333332,2.69,2.3699999999999997,50.74,57.04,25.99,21.319999999999997,12.0
永宁街道青山村_1_24_诱虫量,永宁街道青山村_1_24_诱虫量,永宁街道青山村,1,江苏省南京市浦口区,000025b1,稻纵卷叶螟,2024,24,2024-06-10,2024-06-16,7,34.2,20.7,79.71,58.71,0.7,2.43,71.14,35.09,12.0,12.0,1.7142857142857142,30.187142857142856,64.28571428571429,28.0,22.0,0.0,16.666666666666668,28.0,8.333333333333334,28.0,30.9,28.46666666666667,17.1,14.733333333333334,76.86,79.38,61.71,66.42666666666666,5.2,16.166666666666668,2.43,2.533333333333333,62.66,57.876666666666665,30.94,25.429999999999996,6.0
永宁街道青山村_1_24_诱虫量,永宁街道青山村_1_24_诱虫量,永宁街道青山村,1,江苏省南京市浦口区,000025b1,稻纵卷叶螟,2024,25,2024-06-17,2024-06-23,7,32.3,21.3,85.0,69.86,96.1,3.32,46.58,27.17,6.0,6.0,0.8571428571428571,27.650000000000002,77.77142857142857,12.0,28.0,22.0,20.666666666666668,28.0,10.333333333333334,28.0,34.2,30.666666666666668,20.7,17.333333333333332,79.71,78.09333333333332,58.71,62.95000000000001,0.7,16.133333333333333,2.43,2.5166666666666666,71.14,61.51333333333333,35.09,30.673333333333332,3.0
永宁街道青山村_1_24_诱虫量,永宁街道青山村_1_24_诱虫量,永宁街道青山村,1,江苏省南京市浦口区,000025b1,稻纵卷叶螟,2024,26,2024-06-24,2024-06-30,7,30.9,20.7,88.71,85.57,179.0,2.73,26.58,17.62,3.0,3.0,0.42857142857142855,25.931428571428572,87.3442857142857,6.0,12.0,28.0,15.333333333333334,28.0,11.333333333333334,28.0,32.3,32.46666666666667,21.3,19.7,85.0,80.52333333333333,69.86,63.42666666666667,96.1,34.0,3.32,2.7266666666666666,46.58,60.126666666666665,27.17,31.066666666666666,0.0
永宁街道青山村_1_24_诱虫量,永宁街道青山村_1_24_诱虫量,永宁街道青山村,1,江苏省南京市浦口区,000025b1,稻纵卷叶螟,2024,27,2024-07-01,2024-07-07,7,34.9,22.6,81.14,78.57,41.8,4.14,62.65,32.6,0.0,0.0,0.0,30.25,78.39571428571428,3.0,6.0,12.0,7.0,12.0,11.833333333333334,28.0,30.9,32.46666666666667,20.7,20.9,88.71,84.47333333333331,85.57,71.38,179.0,91.93333333333334,2.73,2.8266666666666667,26.58,48.099999999999994,17.62,26.62666666666667,1.0
永宁街道青山村_1_24_诱虫量,永宁街道青山村_1_24_诱虫量,永宁街道青山村,1,江苏省南京市浦口区,000025b1,稻纵卷叶螟,2024,28,2024-07-08,2024-07-14,7,35.0,21.4,88.57,86.0,168.8,2.44,20.72,18.18,1.0,1.0,0.14285714285714285,27.057142857142857,89.70714285714284,0.0,3.0,6.0,3.0,6.0,11.833333333333334,28.0,34.9,32.699999999999996,22.6,21.53333333333333,81.14,84.95,78.57,78.0,41.8,105.63333333333334,4.14,3.3966666666666665,62.65,45.27,32.6,25.796666666666667,1.0
永宁街道青山村_1_24_诱虫量,永宁街道青山村_1_24_诱虫量,永宁街道青山村,1,江苏省南京市浦口区,000025b1,稻纵卷叶螟,2024,29,2024-07-15,2024-07-21,7,35.2,24.3,81.86,78.57,22.4,3.39,35.37,25.73,1.0,1.0,0.14285714285714285,31.26142857142857,79.45857142857143,1.0,0.0,3.0,1.3333333333333333,3.0,8.333333333333334,28.0,35.0,33.6,21.4,21.566666666666663,88.57,86.13999999999999,86.0,83.38,168.8,129.86666666666667,2.44,3.103333333333333,20.72,36.65,18.18,22.8,7.0
永宁街道青山村_1_24_诱虫量,永宁街道青山村_1_24_诱虫量,永宁街道青山村,1,江苏省南京市浦口区,000025b1,稻纵卷叶螟,2024,30,2024-07-22,2024-07-28,7,36.7,27.0,80.57,71.86,6.1,4.7,71.71,37.84,7.0,7.0,1.0,32.98571428571428,72.52571428571429,1.0,1.0,0.0,0.6666666666666666,1.0,3.8333333333333335,12.0,35.2,35.03333333333334,24.3,22.766666666666666,81.86,83.85666666666667,78.57,81.04666666666667,22.4,77.66666666666667,3.39,3.323333333333333,35.37,39.58,25.73,25.50333333333333,4.0
永宁街道青山村_1_24_诱虫量,永宁街道青山村_1_24_诱虫量,永宁街道青山村,1,江苏省南京市浦口区,000025b1,稻纵卷叶螟,2024,31,2024-07-29,2024-08-04,7,37.5,27.6,76.0,71.57,9.5,2.75,86.5,40.56,4.0,4.0,0.5714285714285714,33.54857142857143,74.63428571428572,7.0,1.0,1.0,3.0,7.0,3.0,7.0,36.7,35.63333333333333,27.0,24.233333333333334,80.57,83.66666666666667,71.86,78.81,6.1,65.76666666666668,4.7,3.5100000000000002,71.71,42.599999999999994,37.84,27.25,68.0
永宁街道青山村_1_24_诱虫量,永宁街道青山村_1_24_诱虫量,永宁街道青山村,1,江苏省南京市浦口区,000025b1,稻纵卷叶螟,2024,32,2024-08-05,2024-08-11,7,37.8,27.1,76.86,66.71,62.0,1.88,83.96,39.02,68.0,68.0,9.714285714285714,34.042857142857144,72.87285714285714,4.0,7.0,1.0,4.0,7.0,2.6666666666666665,7.0,37.5,36.46666666666667,27.6,26.299999999999997,76.0,79.47666666666667,71.57,74.0,9.5,12.666666666666677,2.75,3.6133333333333333,86.5,64.52666666666666,40.56,34.71,105.0
永宁街道青山村_1_24_诱虫量,永宁街道青山村_1_24_诱虫量,永宁街道青山村,1,江苏省南京市浦口区,000025b1,稻纵卷叶螟,2024,33,2024-08-12,2024-08-18,7,36.3,24.9,84.43,67.71,34.3,2.42,75.24,33.56,105.0,105.0,15.0,31.330000000000002,77.47857142857143,68.0,4.0,7.0,26.333333333333332,68.0,13.5,68.0,37.8,37.333333333333336,27.1,27.233333333333334,76.86,77.80999999999999,66.71,70.04666666666667,62.0,25.866666666666674,1.88,3.11,83.96,80.72333333333333,39.02,39.14,77.0
永宁街道青山村_1_24_诱虫量,永宁街道青山村_1_24_诱虫量,永宁街道青山村,1,江苏省南京市浦口区,000025b1,稻纵卷叶螟,2024,34,2024-08-19,2024-08-25,7,34.7,25.4,84.71,77.86,50.4,1.93,64.42,27.34,77.0,77.0,11.0,30.687142857142856,83.47142857142856,105.0,68.0,4.0,59.0,105.0,31.0,105.0,36.3,37.199999999999996,24.9,26.53333333333333,84.43,79.09666666666668,67.71,68.66333333333331,34.3,35.26666666666668,2.42,2.35,75.24,81.89999999999999,33.56,37.71333333333333,876.0
永宁街道青山村_1_24_诱虫量,永宁街道青山村_1_24_诱虫量,永宁街道青山村,1,江苏省南京市浦口区,000025b1,稻纵卷叶螟,2024,35,2024-08-26,2024-09-01,7,35.2,24.1,83.43,71.71,6.3,2.35,74.77,30.13,876.0,876.0,125.14285714285714,30.35571428571428,82.82857142857144,77.0,105.0,68.0,83.33333333333333,105.0,43.666666666666664,105.0,34.7,36.266666666666666,25.4,25.799999999999997,84.71,82.0,77.86,70.75999999999999,50.4,48.90000000000001,1.93,2.0766666666666667,64.42,74.54,27.34,33.306666666666665,635.0
永宁街道青山村_1_24_诱虫量,永宁街道青山村_1_24_诱虫量,永宁街道青山村,1,江苏省南京市浦口区,000025b1,稻纵卷叶螟,2024,36,2024-09-02,2024-09-08,7,33.8,24.2,79.29,68.43,2.9,3.23,78.8,33.31,635.0,635.0,90.71428571428571,29.858571428571427,80.57571428571428,876.0,77.0,105.0,352.6666666666667,876.0,189.5,876.0,35.2,35.4,24.1,24.799999999999997,83.43,84.19,71.71,72.42666666666666,6.3,30.333333333333343,2.35,2.2333333333333334,74.77,71.47666666666667,30.13,30.343333333333334,180.0
永宁街道青山村_1_24_诱虫量,永宁街道青山村_1_24_诱虫量,永宁街道青山村,1,江苏省南京市浦口区,000025b1,稻纵卷叶螟,2024,37,2024-09-09,2024-09-15,7,33.8,23.6,88.14,80.14,83.0,3.4,57.66,23.89,180.0,180.0,25.714285714285715,28.527142857142856,87.34,635.0,876.0,77.0,529.3333333333334,876.0,294.1666666666667,876.0,33.8,34.56666666666667,24.2,24.566666666666663,79.29,82.47666666666667,68.43,72.66666666666667,2.9,19.866666666666678,3.23,2.5033333333333334,78.8,72.66333333333334,33.31,30.26,9.0
永宁街道青山村_1_24_诱虫量,永宁街道青山村_1_24_诱虫量,永宁街道青山村,1,江苏省南京市浦口区,000025b1,稻纵卷叶螟,2024,38,2024-09-16,2024-09-22,7,31.6,17.4,81.14,76.86,124.9,5.49,54.64,24.01,9.0,9.0,1.2857142857142858,24.982857142857142,88.58571428571429,180.0,635.0,876.0,563.6666666666666,876.0,323.5,876.0,33.8,34.266666666666666,23.6,23.96666666666667,88.14,83.62,80.14,73.42666666666666,83.0,30.733333333333345,3.4,2.9933333333333336,57.66,70.41,23.89,29.109999999999996,4.0
永宁街道青山村_1_24_诱虫量,永宁街道青山村_1_24_诱虫量,永宁街道青山村,1,江苏省南京市浦口区,000025b1,稻纵卷叶螟,2024,39,2024-09-23,2024-09-29,7,29.1,15.8,86.14,76.0,15.1,2.67,66.18,23.31,4.0,4.0,0.5714285714285714,23.784285714285716,83.30714285714285,9.0,180.0,635.0,274.6666666666667,635.0,313.6666666666667,876.0,31.6,33.06666666666666,17.4,21.73333333333333,81.14,82.85666666666667,76.86,75.14333333333333,124.9,70.26666666666668,5.49,4.04,54.64,63.70000000000001,24.01,27.069999999999997,1.0
永宁街道青山村_1_24_诱虫量,永宁街道青山村_1_24_诱虫量,永宁街道青山村,1,江苏省南京市浦口区,000025b1,稻纵卷叶螟,2024,40,2024-09-30,2024-10-06,7,28.6,11.9,79.0,72.14,17.2,3.38,48.16,18.62,1.0,1.0,0.14285714285714285,18.101428571428574,83.05285714285715,4.0,9.0,180.0,64.33333333333333,180.0,296.8333333333333,876.0,29.1,31.5,15.8,18.933333333333334,86.14,85.14,76.0,77.66666666666667,15.1,74.33333333333334,2.67,3.853333333333333,66.18,59.49333333333334,23.31,23.736666666666665,2.0
永宁街道青山村_1_24_诱虫量,永宁街道青山村_1_24_诱虫量,永宁街道青山村,1,江苏省南京市浦口区,000025b1,稻纵卷叶螟,2024,41,2024-10-07,2024-10-13,7,25.2,13.1,85.0,74.71,16.7,2.16,49.5,16.94,2.0,2.0,0.2857142857142857,19.11285714285714,83.98428571428572,1.0,4.0,9.0,4.666666666666667,9.0,284.1666666666667,876.0,28.6,29.76666666666667,11.9,15.033333333333333,79.0,82.09333333333335,72.14,75.0,17.2,52.40000000000001,3.38,3.846666666666667,48.16,56.326666666666675,18.62,21.98,17.0
永宁街道青山村_1_24_诱虫量,永宁街道青山村_1_24_诱虫量,永宁街道青山村,1,江苏省南京市浦口区,000025b1,稻纵卷叶螟,2024,42,2024-10-14,2024-10-20,7,27.2,11.2,86.57,77.0,49.2,3.66,31.77,14.95,17.0,17.0,2.4285714285714284,19.321428571428573,87.78142857142858,2.0,1.0,4.0,2.3333333333333335,4.0,138.5,635.0,25.2,27.633333333333336,13.1,13.6,85.0,83.38,74.71,74.28333333333332,16.7,16.333333333333343,2.16,2.736666666666667,49.5,54.613333333333344,16.94,19.62333333333333,3.0
永宁街道青山村_1_24_诱虫量,永宁街道青山村_1_24_诱虫量,永宁街道青山村,1,江苏省南京市浦口区,000025b1,稻纵卷叶螟,2024,43,2024-10-21,2024-10-27,7,22.3,8.6,88.29,80.43,20.0,3.16,35.15,12.25,3.0,3.0,0.42857142857142855,15.287142857142857,88.93714285714285,17.0,2.0,1.0,6.666666666666667,17.0,35.5,180.0,27.2,27.0,11.2,12.066666666666665,86.57,83.52333333333333,77.0,74.61666666666666,49.2,27.700000000000006,3.66,3.0666666666666664,31.77,43.14333333333334,14.95,16.836666666666662,1.0
永宁街道青山村_1_24_诱虫量,永宁街道青山村_1_24_诱虫量,永宁街道青山村,1,江苏省南京市浦口区,000025b1,稻纵卷叶螟,2024,44,2024-10-28,2024-11-03,3,22.0,9.3,87.57,74.57,6.8,2.95,55.84,15.81,1.0,1.0,0.3333333333333333,13.98,82.615,3.0,17.0,2.0,7.333333333333333,17.0,6.0,17.0,22.3,24.900000000000002,8.6,10.966666666666667,88.29,86.62,80.43,77.38,20.0,28.633333333333344,3.16,2.9933333333333336,35.15,38.80666666666667,12.25,14.713333333333331,
江宁街道稻纵_1_30_诱虫量,江宁街道稻纵_1_30_诱虫量,江宁街道稻纵,1,江苏省南京市江宁区,00001974,稻纵卷叶螟,2023,22,2023-05-28,2023-06-03,3,32.3,20.1,84.14,74.14,29.6,2.38,48.59,25.72,0.0,0.0,0.0,27.05666666666667,69.07666666666667,,,,,,,,,,,,,,,,,,,,,,,,0.0
江宁街道稻纵_1_30_诱虫量,江宁街道稻纵_1_30_诱虫量,江宁街道稻纵,1,江苏省南京市江宁区,00001974,稻纵卷叶螟,2023,23,2023-06-04,2023-06-10,7,34.2,16.0,80.43,75.0,31.1,2.66,59.78,28.9,0.0,0.0,0.0,25.914285714285715,79.37714285714286,0.0,,,0.0,0.0,0.0,0.0,32.3,32.3,20.1,20.1,84.14,84.14,74.14,74.14,29.6,29.6,2.38,2.38,48.59,48.59,25.72,25.72,0.0
江宁街道稻纵_1_30_诱虫量,江宁街道稻纵_1_30_诱虫量,江宁街道稻纵,1,江苏省南京市江宁区,00001974,稻纵卷叶螟,2023,24,2023-06-11,2023-06-17,7,32.4,19.2,80.14,65.0,8.5,2.69,57.13,31.06,0.0,0.0,0.0,26.861428571428572,79.04142857142857,0.0,0.0,,0.0,0.0,0.0,0.0,34.2,33.25,16.0,18.05,80.43,82.285,75.0,74.57,31.1,30.35,2.66,2.52,59.78,54.185,28.9,27.31,2.0
江宁街道稻纵_1_30_诱虫量,江宁街道稻纵_1_30_诱虫量,江宁街道稻纵,1,江苏省南京市江宁区,00001974,稻纵卷叶螟,2023,25,2023-06-18,2023-06-24,7,31.4,20.5,87.57,74.57,82.3,2.55,29.04,21.42,2.0,2.0,0.2857142857142857,26.737142857142857,88.36571428571428,0.0,0.0,0.0,0.0,0.0,0.0,0.0,32.4,32.96666666666667,19.2,18.433333333333334,80.14,81.57000000000001,65.0,71.38,8.5,23.066666666666666,2.69,2.5766666666666667,57.13,55.166666666666664,31.06,28.56,0.0
江宁街道稻纵_1_30_诱虫量,江宁街道稻纵_1_30_诱虫量,江宁街道稻纵,1,江苏省南京市江宁区,00001974,稻纵卷叶螟,2023,26,2023-06-25,2023-07-01,7,32.8,21.5,86.29,78.86,64.0,2.94,49.98,24.98,0.0,0.0,0.0,29.562857142857144,85.46714285714286,2.0,0.0,0.0,0.6666666666666666,2.0,0.5,2.0,31.4,32.666666666666664,20.5,18.566666666666666,87.57,82.71333333333332,74.57,71.52333333333333,82.3,40.63333333333333,2.55,2.6333333333333333,29.04,48.65,21.42,27.126666666666665,1.0
江宁街道稻纵_1_30_诱虫量,江宁街道稻纵_1_30_诱虫量,江宁街道稻纵,1,江苏省南京市江宁区,00001974,稻纵卷叶螟,2023,27,2023-07-02,2023-07-08,7,32.9,23.9,87.86,82.29,123.1,3.4,45.76,24.46,1.0,1.0,0.14285714285714285,30.55857142857143,87.67857142857143,0.0,2.0,0.0,0.6666666666666666,2.0,0.4,2.0,32.8,32.199999999999996,21.5,20.400000000000002,86.29,84.66666666666667,78.86,72.81,64.0,51.6,2.94,2.7266666666666666,49.98,45.38333333333333,24.98,25.820000000000004,1.0
江宁街道稻纵_1_30_诱虫量,江宁街道稻纵_1_30_诱虫量,江宁街道稻纵,1,江苏省南京市江宁区,00001974,稻纵卷叶螟,2023,28,2023-07-09,2023-07-15,7,34.9,24.6,84.57,77.0,27.6,3.38,49.19,28.48,1.0,1.0,0.14285714285714285,30.798571428571428,86.64571428571428,1.0,0.0,2.0,1.0,2.0,0.5,2.0,32.9,32.36666666666667,23.9,21.966666666666665,87.86,87.24000000000001,82.29,78.57333333333334,123.1,89.8,3.4,2.9633333333333334,45.76,41.593333333333334,24.46,23.62,0.0
江宁街道稻纵_1_30_诱虫量,江宁街道稻纵_1_30_诱虫量,江宁街道稻纵,1,江苏省南京市江宁区,00001974,稻纵卷叶螟,2023,29,2023-07-16,2023-07-22,7,31.5,23.5,89.43,84.71,117.0,2.29,34.08,19.55,0.0,0.0,0.0,28.97,92.24285714285715,1.0,1.0,0.0,0.6666666666666666,1.0,0.6666666666666666,2.0,34.9,33.53333333333333,24.6,23.333333333333332,84.57,86.24000000000001,77.0,79.38333333333334,27.6,71.56666666666666,3.38,3.2399999999999998,49.19,48.31,28.48,25.973333333333333,0.0
江宁街道稻纵_1_30_诱虫量,江宁街道稻纵_1_30_诱虫量,江宁街道稻纵,1,江苏省南京市江宁区,00001974,稻纵卷叶螟,2023,30,2023-07-23,2023-07-29,7,33.2,25.1,86.86,80.86,44.3,3.98,65.75,29.7,0.0,0.0,0.0,29.685714285714287,89.96571428571428,0.0,1.0,1.0,0.6666666666666666,1.0,0.6666666666666666,2.0,31.5,33.1,23.5,24.0,89.43,87.28666666666668,84.71,81.33333333333333,117.0,89.23333333333333,2.29,3.0233333333333334,34.08,43.01,19.55,24.163333333333338,0.0
江宁街道稻纵_1_30_诱虫量,江宁街道稻纵_1_30_诱虫量,江宁街道稻纵,1,江苏省南京市江宁区,00001974,稻纵卷叶螟,2023,31,2023-07-30,2023-08-05,7,34.0,25.0,86.43,76.43,17.1,3.1,81.36,32.83,0.0,0.0,0.0,31.81142857142857,84.92714285714285,0.0,0.0,1.0,0.3333333333333333,1.0,0.6666666666666666,2.0,33.2,33.2,25.1,24.400000000000002,86.86,86.95333333333333,80.86,80.85666666666667,44.3,62.96666666666666,3.98,3.2166666666666663,65.75,49.673333333333325,29.7,25.91,8.0
江宁街道稻纵_1_30_诱虫量,江宁街道稻纵_1_30_诱虫量,江宁街道稻纵,1,江苏省南京市江宁区,00001974,稻纵卷叶螟,2023,32,2023-08-06,2023-08-12,7,35.1,24.0,83.71,75.14,10.3,2.08,79.69,33.11,8.0,8.0,1.1428571428571428,32.16142857142857,81.10428571428572,0.0,0.0,0.0,0.0,0.0,0.3333333333333333,1.0,34.0,32.9,25.0,24.53333333333333,86.43,87.57333333333334,76.43,80.66666666666667,17.1,59.46666666666667,3.1,3.1233333333333335,81.36,60.39666666666667,32.83,27.36,30.0
江宁街道稻纵_1_30_诱虫量,江宁街道稻纵_1_30_诱虫量,江宁街道稻纵,1,江苏省南京市江宁区,00001974,稻纵卷叶螟,2023,33,2023-08-13,2023-08-19,7,33.7,23.9,86.57,81.29,26.5,2.19,77.01,29.64,30.0,30.0,4.285714285714286,30.905,85.375,8.0,0.0,0.0,2.6666666666666665,8.0,1.6666666666666667,8.0,35.1,34.1,24.0,24.7,83.71,85.66666666666667,75.14,77.47666666666667,10.3,23.900000000000002,2.08,3.0533333333333332,79.69,75.60000000000001,33.11,31.88,36.0
江宁街道稻纵_1_30_诱虫量,江宁街道稻纵_1_30_诱虫量,江宁街道稻纵,1,江苏省南京市江宁区,00001974,稻纵卷叶螟,2023,34,2023-08-20,2023-08-26,7,32.0,22.4,82.71,72.0,27.1,2.8,70.93,31.5,36.0,36.0,5.142857142857143,30.03142857142857,82.43571428571428,30.0,8.0,0.0,12.666666666666666,30.0,6.5,30.0,33.7,34.26666666666667,23.9,24.3,86.57,85.57,81.29,77.62,26.5,17.96666666666667,2.19,2.4566666666666666,77.01,79.35333333333334,29.64,31.86,7.0
江宁街道稻纵_1_30_诱虫量,江宁街道稻纵_1_30_诱虫量,江宁街道稻纵,1,江苏省南京市江宁区,00001974,稻纵卷叶螟,2023,35,2023-08-27,2023-09-02,7,29.4,18.5,86.86,78.57,59.2,2.79,42.5,22.49,7.0,7.0,1.0,25.400000000000002,87.41,36.0,30.0,8.0,24.666666666666668,36.0,12.333333333333334,36.0,32.0,33.6,22.4,23.433333333333334,82.71,84.32999999999998,72.0,76.14333333333333,27.1,21.3,2.8,2.3566666666666665,70.93,75.87666666666667,31.5,31.416666666666668,6.0
江宁街道稻纵_1_30_诱虫量,江宁街道稻纵_1_30_诱虫量,江宁街道稻纵,1,江苏省南京市江宁区,00001974,稻纵卷叶螟,2023,36,2023-09-03,2023-09-09,7,31.0,21.7,88.0,73.71,2.5,2.83,74.88,29.19,6.0,6.0,0.8571428571428571,27.94142857142857,85.82142857142857,7.0,36.0,30.0,24.333333333333332,36.0,13.5,36.0,29.4,31.700000000000003,18.5,21.599999999999998,86.86,85.38,78.57,77.28666666666668,59.2,37.6,2.79,2.5933333333333333,42.5,63.48,22.49,27.876666666666665,17.0
江宁街道稻纵_1_30_诱虫量,江宁街道稻纵_1_30_诱虫量,江宁街道稻纵,1,江苏省南京市江宁区,00001974,稻纵卷叶螟,2023,37,2023-09-10,2023-09-16,7,31.4,20.4,87.43,82.14,74.6,2.74,29.78,17.15,17.0,17.0,2.4285714285714284,25.422857142857143,92.53857142857143,6.0,7.0,36.0,16.333333333333332,36.0,14.5,36.0,31.0,30.8,21.7,20.866666666666664,88.0,85.85666666666667,73.71,74.75999999999999,2.5,29.600000000000005,2.83,2.8066666666666666,74.88,62.77,29.19,27.72666666666667,13.0
江宁街道稻纵_1_30_诱虫量,江宁街道稻纵_1_30_诱虫量,江宁街道稻纵,1,江苏省南京市江宁区,00001974,稻纵卷叶螟,2023,38,2023-09-17,2023-09-23,7,32.0,18.8,88.57,77.57,41.3,2.51,30.18,16.82,13.0,13.0,1.8571428571428572,24.61285714285714,90.50857142857141,17.0,6.0,7.0,10.0,17.0,17.333333333333332,36.0,31.4,30.599999999999998,20.4,20.2,87.43,87.43,82.14,78.13999999999999,74.6,45.43333333333334,2.74,2.7866666666666666,29.78,49.053333333333335,17.15,22.94333333333333,20.0
江宁街道稻纵_1_30_诱虫量,江宁街道稻纵_1_30_诱虫量,江宁街道稻纵,1,江苏省南京市江宁区,00001974,稻纵卷叶螟,2023,39,2023-09-24,2023-09-30,7,28.2,19.1,89.57,82.43,13.3,2.19,45.28,17.44,20.0,20.0,2.857142857142857,24.50857142857143,91.59571428571428,13.0,17.0,6.0,12.0,17.0,18.166666666666668,36.0,32.0,31.46666666666667,18.8,20.299999999999997,88.57,88.0,77.57,77.80666666666666,41.3,39.46666666666666,2.51,2.6933333333333334,30.18,44.946666666666665,16.82,21.053333333333335,4.0
江宁街道稻纵_1_30_诱虫量,江宁街道稻纵_1_30_诱虫量,江宁街道稻纵,1,江苏省南京市江宁区,00001974,稻纵卷叶螟,2023,40,2023-10-01,2023-10-07,7,25.5,15.7,80.86,71.71,21.7,3.55,38.52,19.59,4.0,4.0,0.5714285714285714,20.50714285714286,86.66142857142857,20.0,13.0,17.0,16.666666666666668,20.0,16.5,36.0,28.2,30.53333333333333,19.1,19.433333333333334,89.57,88.52333333333333,82.43,80.71333333333332,13.3,43.06666666666666,2.19,2.48,45.28,35.080000000000005,17.44,17.136666666666667,1.0
江宁街道稻纵_1_30_诱虫量,江宁街道稻纵_1_30_诱虫量,江宁街道稻纵,1,江苏省南京市江宁区,00001974,稻纵卷叶螟,2023,41,2023-10-08,2023-10-14,7,23.6,13.5,84.86,74.14,0.0,2.05,50.14,17.04,1.0,1.0,0.14285714285714285,20.599999999999998,83.74,4.0,20.0,13.0,12.333333333333334,20.0,11.166666666666666,20.0,25.5,28.566666666666666,15.7,17.866666666666667,80.86,86.33333333333333,71.71,77.23666666666666,21.7,25.433333333333334,3.55,2.75,38.52,37.99333333333333,19.59,17.95,0.0
江宁街道稻纵_1_30_诱虫量,江宁街道稻纵_1_30_诱虫量,江宁街道稻纵,1,江苏省南京市江宁区,00001974,稻纵卷叶螟,2023,42,2023-10-15,2023-10-21,7,26.1,9.6,84.43,62.0,4.0,2.46,71.43,22.45,0.0,0.0,0.0,19.488571428571426,75.9742857142857,1.0,4.0,20.0,8.333333333333334,20.0,10.166666666666666,20.0,23.6,25.766666666666666,13.5,16.099999999999998,84.86,85.09666666666666,74.14,76.09333333333332,0.0,11.666666666666666,2.05,2.5966666666666662,50.14,44.64666666666667,17.04,18.023333333333333,0.0
江宁街道稻纵_1_30_诱虫量,江宁街道稻纵_1_30_诱虫量,江宁街道稻纵,1,江苏省南京市江宁区,00001974,稻纵卷叶螟,2023,43,2023-10-22,2023-10-28,7,25.6,9.6,85.14,64.29,0.0,1.94,60.15,18.61,0.0,0.0,0.0,19.015714285714285,82.47285714285714,0.0,1.0,4.0,1.6666666666666667,4.0,9.166666666666666,20.0,26.1,25.066666666666666,9.6,12.933333333333332,84.43,83.38333333333334,62.0,69.28333333333332,4.0,8.566666666666666,2.46,2.686666666666667,71.43,53.363333333333344,22.45,19.69333333333333,0.0
江宁街道稻纵_1_30_诱虫量,江宁街道稻纵_1_30_诱虫量,江宁街道稻纵,1,江苏省南京市江宁区,00001974,稻纵卷叶螟,2023,44,2023-10-29,2023-11-04,2,27.6,12.9,83.57,69.14,0.8,2.48,60.23,19.36,0.0,0.0,0.0,19.63,80.16,0.0,0.0,1.0,0.3333333333333333,1.0,6.333333333333333,20.0,25.6,25.099999999999998,9.6,10.9,85.14,84.81,64.29,66.81,0.0,1.3333333333333333,1.94,2.15,60.15,60.57333333333333,18.61,19.366666666666664,0.0
江宁街道稻纵_1_30_诱虫量,江宁街道稻纵_1_30_诱虫量,江宁街道稻纵,1,江苏省南京市江宁区,00001974,稻纵卷叶螟,2024,22,2024-05-27,2024-06-02,2,26.9,14.2,77.71,68.43,42.5,2.69,50.74,25.99,0.0,0.0,0.0,24.310000000000002,71.48,0.0,0.0,0.0,0.0,0.0,4.166666666666667,20.0,27.6,26.433333333333337,12.9,10.700000000000001,83.57,84.38,69.14,65.14333333333333,0.8,1.5999999999999999,2.48,2.2933333333333334,60.23,63.93666666666667,19.36,20.14,0.0
江宁街道稻纵_1_30_诱虫量,江宁街道稻纵_1_30_诱虫量,江宁街道稻纵,1,江苏省南京市江宁区,00001974,稻纵卷叶螟,2024,23,2024-06-03,2024-06-09,7,30.9,17.1,76.86,61.71,5.2,2.43,62.66,30.94,0.0,0.0,0.0,25.318571428571428,77.51714285714286,0.0,0.0,0.0,0.0,0.0,0.8333333333333334,4.0,26.9,26.7,14.2,12.233333333333333,77.71,82.14,68.43,67.28666666666668,42.5,14.433333333333332,2.69,2.3699999999999997,50.74,57.04,25.99,21.319999999999997,0.0
江宁街道稻纵_1_30_诱虫量,江宁街道稻纵_1_30_诱虫量,江宁街道稻纵,1,江苏省南京市江宁区,00001974,稻纵卷叶螟,2024,24,2024-06-10,2024-06-16,7,34.2,20.7,79.71,58.71,0.7,2.43,71.14,35.09,0.0,0.0,0.0,29.602857142857143,75.88857142857144,0.0,0.0,0.0,0.0,0.0,0.16666666666666666,1.0,30.9,28.46666666666667,17.1,14.733333333333334,76.86,79.38,61.71,66.42666666666666,5.2,16.166666666666668,2.43,2.533333333333333,62.66,57.876666666666665,30.94,25.429999999999996,4.0
江宁街道稻纵_1_30_诱虫量,江宁街道稻纵_1_30_诱虫量,江宁街道稻纵,1,江苏省南京市江宁区,00001974,稻纵卷叶螟,2024,25,2024-06-17,2024-06-23,7,32.3,21.3,85.0,69.86,96.1,3.32,46.58,27.17,4.0,4.0,0.5714285714285714,27.62,87.24285714285715,0.0,0.0,0.0,0.0,0.0,0.0,0.0,34.2,30.666666666666668,20.7,17.333333333333332,79.71,78.09333333333332,58.71,62.95000000000001,0.7,16.133333333333333,2.43,2.5166666666666666,71.14,61.51333333333333,35.09,30.673333333333332,1.0
江宁街道稻纵_1_30_诱虫量,江宁街道稻纵_1_30_诱虫量,江宁街道稻纵,1,江苏省南京市江宁区,00001974,稻纵卷叶螟,2024,26,2024-06-24,2024-06-30,7,30.9,20.7,88.71,85.57,179.0,2.73,26.58,17.62,1.0,1.0,0.14285714285714285,25.91142857142857,94.76571428571428,4.0,0.0,0.0,1.3333333333333333,4.0,0.6666666666666666,4.0,32.3,32.46666666666667,21.3,19.7,85.0,80.52333333333333,69.86,63.42666666666667,96.1,34.0,3.32,2.7266666666666666,46.58,60.126666666666665,27.17,31.066666666666666,2.0
江宁街道稻纵_1_30_诱虫量,江宁街道稻纵_1_30_诱虫量,江宁街道稻纵,1,江苏省南京市江宁区,00001974,稻纵卷叶螟,2024,27,2024-07-01,2024-07-07,7,34.9,22.6,81.14,78.57,41.8,4.14,62.65,32.6,2.0,2.0,0.2857142857142857,31.282857142857146,83.8,1.0,4.0,0.0,1.6666666666666667,4.0,0.8333333333333334,4.0,30.9,32.46666666666667,20.7,20.9,88.71,84.47333333333331,85.57,71.38,179.0,91.93333333333334,2.73,2.8266666666666667,26.58,48.099999999999994,17.62,26.62666666666667,3.0
江宁街道稻纵_1_30_诱虫量,江宁街道稻纵_1_30_诱虫量,江宁街道稻纵,1,江苏省南京市江宁区,00001974,稻纵卷叶螟,2024,28,2024-07-08,2024-07-14,7,35.0,21.4,88.57,86.0,168.8,2.44,20.72,18.18,3.0,3.0,0.42857142857142855,27.504285714285714,94.23857142857142,2.0,1.0,4.0,2.3333333333333335,4.0,1.1666666666666667,4.0,34.9,32.699999999999996,22.6,21.53333333333333,81.14,84.95,78.57,78.0,41.8,105.63333333333334,4.14,3.3966666666666665,62.65,45.27,32.6,25.796666666666667,0.0
江宁街道稻纵_1_30_诱虫量,江宁街道稻纵_1_30_诱虫量,江宁街道稻纵,1,江苏省南京市江宁区,00001974,稻纵卷叶螟,2024,29,2024-07-15,2024-07-21,7,35.2,24.3,81.86,78.57,22.4,3.39,35.37,25.73,0.0,0.0,0.0,32.05142857142857,86.09714285714286,3.0,2.0,1.0,2.0,3.0,1.6666666666666667,4.0,35.0,33.6,21.4,21.566666666666663,88.57,86.13999999999999,86.0,83.38,168.8,129.86666666666667,2.44,3.103333333333333,20.72,36.65,18.18,22.8,0.0
江宁街道稻纵_1_30_诱虫量,江宁街道稻纵_1_30_诱虫量,江宁街道稻纵,1,江苏省南京市江宁区,00001974,稻纵卷叶螟,2024,30,2024-07-22,2024-07-28,7,36.7,27.0,80.57,71.86,6.1,4.7,71.71,37.84,0.0,0.0,0.0,32.60857142857143,84.13285714285715,0.0,3.0,2.0,1.6666666666666667,3.0,1.6666666666666667,4.0,35.2,35.03333333333334,24.3,22.766666666666666,81.86,83.85666666666667,78.57,81.04666666666667,22.4,77.66666666666667,3.39,3.323333333333333,35.37,39.58,25.73,25.50333333333333,3.0
江宁街道稻纵_1_30_诱虫量,江宁街道稻纵_1_30_诱虫量,江宁街道稻纵,1,江苏省南京市江宁区,00001974,稻纵卷叶螟,2024,31,2024-07-29,2024-08-04,7,37.5,27.6,76.0,71.57,9.5,2.75,86.5,40.56,3.0,3.0,0.42857142857142855,34.511428571428574,80.32857142857142,0.0,0.0,3.0,1.0,3.0,1.6666666666666667,4.0,36.7,35.63333333333333,27.0,24.233333333333334,80.57,83.66666666666667,71.86,78.81,6.1,65.76666666666668,4.7,3.5100000000000002,71.71,42.599999999999994,37.84,27.25,27.0
江宁街道稻纵_1_30_诱虫量,江宁街道稻纵_1_30_诱虫量,江宁街道稻纵,1,江苏省南京市江宁区,00001974,稻纵卷叶螟,2024,32,2024-08-05,2024-08-11,7,37.8,27.1,76.86,66.71,62.0,1.88,83.96,39.02,27.0,27.0,3.857142857142857,34.4,79.07571428571428,3.0,0.0,0.0,1.0,3.0,1.5,3.0,37.5,36.46666666666667,27.6,26.299999999999997,76.0,79.47666666666667,71.57,74.0,9.5,12.666666666666677,2.75,3.6133333333333333,86.5,64.52666666666666,40.56,34.71,7.0
江宁街道稻纵_1_30_诱虫量,江宁街道稻纵_1_30_诱虫量,江宁街道稻纵,1,江苏省南京市江宁区,00001974,稻纵卷叶螟,2024,33,2024-08-12,2024-08-18,7,36.3,24.9,84.43,67.71,34.3,2.42,75.24,33.56,7.0,7.0,1.0,31.375714285714285,84.3,27.0,3.0,0.0,10.0,27.0,5.833333333333333,27.0,37.8,37.333333333333336,27.1,27.233333333333334,76.86,77.80999999999999,66.71,70.04666666666667,62.0,25.866666666666674,1.88,3.11,83.96,80.72333333333333,39.02,39.14,2.0
江宁街道稻纵_1_30_诱虫量,江宁街道稻纵_1_30_诱虫量,江宁街道稻纵,1,江苏省南京市江宁区,00001974,稻纵卷叶螟,2024,34,2024-08-19,2024-08-25,7,34.7,25.4,84.71,77.86,50.4,1.93,64.42,27.34,2.0,2.0,0.2857142857142857,31.685714285714287,87.36714285714287,7.0,27.0,3.0,12.333333333333334,27.0,6.666666666666667,27.0,36.3,37.199999999999996,24.9,26.53333333333333,84.43,79.09666666666668,67.71,68.66333333333331,34.3,35.26666666666668,2.42,2.35,75.24,81.89999999999999,33.56,37.71333333333333,37.0
江宁街道稻纵_1_30_诱虫量,江宁街道稻纵_1_30_诱虫量,江宁街道稻纵,1,江苏省南京市江宁区,00001974,稻纵卷叶螟,2024,35,2024-08-26,2024-09-01,7,35.2,24.1,83.43,71.71,6.3,2.35,74.77,30.13,37.0,37.0,5.285714285714286,31.68,85.79857142857142,2.0,7.0,27.0,12.0,27.0,6.5,27.0,34.7,36.266666666666666,25.4,25.799999999999997,84.71,82.0,77.86,70.75999999999999,50.4,48.90000000000001,1.93,2.0766666666666667,64.42,74.54,27.34,33.306666666666665,88.0
江宁街道稻纵_1_30_诱虫量,江宁街道稻纵_1_30_诱虫量,江宁街道稻纵,1,江苏省南京市江宁区,00001974,稻纵卷叶螟,2024,36,2024-09-02,2024-09-08,7,33.8,24.2,79.29,68.43,2.9,3.23,78.8,33.31,88.0,88.0,12.571428571428571,30.88,85.96714285714286,37.0,2.0,7.0,15.333333333333334,37.0,12.666666666666666,37.0,35.2,35.4,24.1,24.799999999999997,83.43,84.19,71.71,72.42666666666666,6.3,30.333333333333343,2.35,2.2333333333333334,74.77,71.47666666666667,30.13,30.343333333333334,50.0
江宁街道稻纵_1_30_诱虫量,江宁街道稻纵_1_30_诱虫量,江宁街道稻纵,1,江苏省南京市江宁区,00001974,稻纵卷叶螟,2024,37,2024-09-09,2024-09-15,7,33.8,23.6,88.14,80.14,83.0,3.4,57.66,23.89,50.0,50.0,7.142857142857143,29.195714285714285,92.30714285714285,88.0,37.0,2.0,42.333333333333336,88.0,27.333333333333332,88.0,33.8,34.56666666666667,24.2,24.566666666666663,79.29,82.47666666666667,68.43,72.66666666666667,2.9,19.866666666666678,3.23,2.5033333333333334,78.8,72.66333333333334,33.31,30.26,45.0
江宁街道稻纵_1_30_诱虫量,江宁街道稻纵_1_30_诱虫量,江宁街道稻纵,1,江苏省南京市江宁区,00001974,稻纵卷叶螟,2024,38,2024-09-16,2024-09-22,7,31.6,17.4,81.14,76.86,124.9,5.49,54.64,24.01,45.0,45.0,6.428571428571429,26.018571428571427,92.72428571428573,50.0,88.0,37.0,58.333333333333336,88.0,35.166666666666664,88.0,33.8,34.266666666666666,23.6,23.96666666666667,88.14,83.62,80.14,73.42666666666666,83.0,30.733333333333345,3.4,2.9933333333333336,57.66,70.41,23.89,29.109999999999996,127.0
江宁街道稻纵_1_30_诱虫量,江宁街道稻纵_1_30_诱虫量,江宁街道稻纵,1,江苏省南京市江宁区,00001974,稻纵卷叶螟,2024,39,2024-09-23,2024-09-29,7,29.1,15.8,86.14,76.0,15.1,2.67,66.18,23.31,127.0,127.0,18.142857142857142,24.174285714285713,90.7942857142857,45.0,50.0,88.0,61.0,88.0,38.166666666666664,88.0,31.6,33.06666666666666,17.4,21.73333333333333,81.14,82.85666666666667,76.86,75.14333333333333,124.9,70.26666666666668,5.49,4.04,54.64,63.70000000000001,24.01,27.069999999999997,11.0
江宁街道稻纵_1_30_诱虫量,江宁街道稻纵_1_30_诱虫量,江宁街道稻纵,1,江苏省南京市江宁区,00001974,稻纵卷叶螟,2024,40,2024-09-30,2024-10-06,7,28.6,11.9,79.0,72.14,17.2,3.38,48.16,18.62,11.0,11.0,1.5714285714285714,19.094285714285714,89.04142857142857,127.0,45.0,50.0,74.0,127.0,58.166666666666664,127.0,29.1,31.5,15.8,18.933333333333334,86.14,85.14,76.0,77.66666666666667,15.1,74.33333333333334,2.67,3.853333333333333,66.18,59.49333333333334,23.31,23.736666666666665,15.0
江宁街道稻纵_1_30_诱虫量,江宁街道稻纵_1_30_诱虫量,江宁街道稻纵,1,江苏省南京市江宁区,00001974,稻纵卷叶螟,2024,41,2024-10-07,2024-10-13,7,25.2,13.1,85.0,74.71,16.7,2.16,49.5,16.94,15.0,15.0,2.142857142857143,19.381428571428568,89.97571428571429,11.0,127.0,45.0,61.0,127.0,59.666666666666664,127.0,28.6,29.76666666666667,11.9,15.033333333333333,79.0,82.09333333333335,72.14,75.0,17.2,52.40000000000001,3.38,3.846666666666667,48.16,56.326666666666675,18.62,21.98,24.0
江宁街道稻纵_1_30_诱虫量,江宁街道稻纵_1_30_诱虫量,江宁街道稻纵,1,江苏省南京市江宁区,00001974,稻纵卷叶螟,2024,42,2024-10-14,2024-10-20,7,27.2,11.2,86.57,77.0,49.2,3.66,31.77,14.95,24.0,24.0,3.4285714285714284,20.330000000000002,93.11571428571428,15.0,11.0,127.0,51.0,127.0,56.0,127.0,25.2,27.633333333333336,13.1,13.6,85.0,83.38,74.71,74.28333333333332,16.7,16.333333333333343,2.16,2.736666666666667,49.5,54.613333333333344,16.94,19.62333333333333,19.0
江宁街道稻纵_1_30_诱虫量,江宁街道稻纵_1_30_诱虫量,江宁街道稻纵,1,江苏省南京市江宁区,00001974,稻纵卷叶螟,2024,43,2024-10-21,2024-10-27,7,22.3,8.6,88.29,80.43,20.0,3.16,35.15,12.25,19.0,19.0,2.7142857142857144,16.267142857142858,93.24285714285715,24.0,15.0,11.0,16.666666666666668,24.0,45.333333333333336,127.0,27.2,27.0,11.2,12.066666666666665,86.57,83.52333333333333,77.0,74.61666666666666,49.2,27.700000000000006,3.66,3.0666666666666664,31.77,43.14333333333334,14.95,16.836666666666662,0.0
江宁街道稻纵_1_30_诱虫量,江宁街道稻纵_1_30_诱虫量,江宁街道稻纵,1,江苏省南京市江宁区,00001974,稻纵卷叶螟,2024,44,2024-10-28,2024-11-03,3,22.0,9.3,87.57,74.57,6.8,2.95,55.84,15.81,0.0,0.0,0.0,14.955,88.365,19.0,24.0,15.0,19.333333333333332,24.0,40.166666666666664,127.0,22.3,24.900000000000002,8.6,10.966666666666667,88.29,86.62,80.43,77.38,20.0,28.633333333333344,3.16,2.9933333333333336,35.15,38.80666666666667,12.25,14.713333333333331,
汤农稻纵卷叶螟监测点_1_29_诱虫量,汤农稻纵卷叶螟监测点_1_29_诱虫量,汤农稻纵卷叶螟监测点,1,江苏省南京市浦口区,00001d7c,稻纵卷叶螟,2023,22,2023-05-28,2023-06-03,3,32.3,20.1,84.14,74.14,29.6,2.38,48.59,25.72,46.0,46.0,15.333333333333334,,,,,,,,,,,,,,,,,,,,,,,,,,29.0
汤农稻纵卷叶螟监测点_1_29_诱虫量,汤农稻纵卷叶螟监测点_1_29_诱虫量,汤农稻纵卷叶螟监测点,1,江苏省南京市浦口区,00001d7c,稻纵卷叶螟,2023,23,2023-06-04,2023-06-10,7,34.2,16.0,80.43,75.0,31.1,2.66,59.78,28.9,29.0,29.0,4.142857142857143,0.0,0.0,46.0,,,46.0,46.0,46.0,46.0,32.3,32.3,20.1,20.1,84.14,84.14,74.14,74.14,29.6,29.6,2.38,2.38,48.59,48.59,25.72,25.72,7.0
汤农稻纵卷叶螟监测点_1_29_诱虫量,汤农稻纵卷叶螟监测点_1_29_诱虫量,汤农稻纵卷叶螟监测点,1,江苏省南京市浦口区,00001d7c,稻纵卷叶螟,2023,24,2023-06-11,2023-06-17,7,32.4,19.2,80.14,65.0,8.5,2.69,57.13,31.06,7.0,7.0,1.0,0.0,0.0,29.0,46.0,,37.5,46.0,37.5,46.0,34.2,33.25,16.0,18.05,80.43,82.285,75.0,74.57,31.1,30.35,2.66,2.52,59.78,54.185,28.9,27.31,5.0
汤农稻纵卷叶螟监测点_1_29_诱虫量,汤农稻纵卷叶螟监测点_1_29_诱虫量,汤农稻纵卷叶螟监测点,1,江苏省南京市浦口区,00001d7c,稻纵卷叶螟,2023,25,2023-06-18,2023-06-24,7,31.4,20.5,87.57,74.57,82.3,2.55,29.04,21.42,5.0,5.0,0.7142857142857143,0.0,0.0,7.0,29.0,46.0,27.333333333333332,46.0,27.333333333333332,46.0,32.4,32.96666666666667,19.2,18.433333333333334,80.14,81.57000000000001,65.0,71.38,8.5,23.066666666666666,2.69,2.5766666666666667,57.13,55.166666666666664,31.06,28.56,0.0
汤农稻纵卷叶螟监测点_1_29_诱虫量,汤农稻纵卷叶螟监测点_1_29_诱虫量,汤农稻纵卷叶螟监测点,1,江苏省南京市浦口区,00001d7c,稻纵卷叶螟,2023,26,2023-06-25,2023-07-01,7,32.8,21.5,86.29,78.86,64.0,2.94,49.98,24.98,0.0,0.0,0.0,0.0,0.0,5.0,7.0,29.0,13.666666666666666,29.0,21.75,46.0,31.4,32.666666666666664,20.5,18.566666666666666,87.57,82.71333333333332,74.57,71.52333333333333,82.3,40.63333333333333,2.55,2.6333333333333333,29.04,48.65,21.42,27.126666666666665,1.0
汤农稻纵卷叶螟监测点_1_29_诱虫量,汤农稻纵卷叶螟监测点_1_29_诱虫量,汤农稻纵卷叶螟监测点,1,江苏省南京市浦口区,00001d7c,稻纵卷叶螟,2023,27,2023-07-02,2023-07-08,7,32.9,23.9,87.86,82.29,123.1,3.4,45.76,24.46,1.0,1.0,0.14285714285714285,0.0,0.0,0.0,5.0,7.0,4.0,7.0,17.4,46.0,32.8,32.199999999999996,21.5,20.400000000000002,86.29,84.66666666666667,78.86,72.81,64.0,51.6,2.94,2.7266666666666666,49.98,45.38333333333333,24.98,25.820000000000004,16.0
汤农稻纵卷叶螟监测点_1_29_诱虫量,汤农稻纵卷叶螟监测点_1_29_诱虫量,汤农稻纵卷叶螟监测点,1,江苏省南京市浦口区,00001d7c,稻纵卷叶螟,2023,28,2023-07-09,2023-07-15,7,34.9,24.6,84.57,77.0,27.6,3.38,49.19,28.48,16.0,16.0,2.2857142857142856,0.0,0.0,1.0,0.0,5.0,2.0,5.0,14.666666666666666,46.0,32.9,32.36666666666667,23.9,21.966666666666665,87.86,87.24000000000001,82.29,78.57333333333334,123.1,89.8,3.4,2.9633333333333334,45.76,41.593333333333334,24.46,23.62,15.0
汤农稻纵卷叶螟监测点_1_29_诱虫量,汤农稻纵卷叶螟监测点_1_29_诱虫量,汤农稻纵卷叶螟监测点,1,江苏省南京市浦口区,00001d7c,稻纵卷叶螟,2023,29,2023-07-16,2023-07-22,7,31.5,23.5,89.43,84.71,117.0,2.29,34.08,19.55,15.0,15.0,2.142857142857143,0.0,0.0,16.0,1.0,0.0,5.666666666666667,16.0,9.666666666666666,29.0,34.9,33.53333333333333,24.6,23.333333333333332,84.57,86.24000000000001,77.0,79.38333333333334,27.6,71.56666666666666,3.38,3.2399999999999998,49.19,48.31,28.48,25.973333333333333,172.0
汤农稻纵卷叶螟监测点_1_29_诱虫量,汤农稻纵卷叶螟监测点_1_29_诱虫量,汤农稻纵卷叶螟监测点,1,江苏省南京市浦口区,00001d7c,稻纵卷叶螟,2023,30,2023-07-23,2023-07-29,7,33.2,25.1,86.86,80.86,44.3,3.98,65.75,29.7,172.0,172.0,24.571428571428573,0.0,0.0,15.0,16.0,1.0,10.666666666666666,16.0,7.333333333333333,16.0,31.5,33.1,23.5,24.0,89.43,87.28666666666668,84.71,81.33333333333333,117.0,89.23333333333333,2.29,3.0233333333333334,34.08,43.01,19.55,24.163333333333338,242.0
汤农稻纵卷叶螟监测点_1_29_诱虫量,汤农稻纵卷叶螟监测点_1_29_诱虫量,汤农稻纵卷叶螟监测点,1,江苏省南京市浦口区,00001d7c,稻纵卷叶螟,2023,31,2023-07-30,2023-08-05,7,34.0,25.0,86.43,76.43,17.1,3.1,81.36,32.83,242.0,242.0,34.57142857142857,0.0,0.0,172.0,15.0,16.0,67.66666666666667,172.0,34.833333333333336,172.0,33.2,33.2,25.1,24.400000000000002,86.86,86.95333333333333,80.86,80.85666666666667,44.3,62.96666666666666,3.98,3.2166666666666663,65.75,49.673333333333325,29.7,25.91,460.0
汤农稻纵卷叶螟监测点_1_29_诱虫量,汤农稻纵卷叶螟监测点_1_29_诱虫量,汤农稻纵卷叶螟监测点,1,江苏省南京市浦口区,00001d7c,稻纵卷叶螟,2023,32,2023-08-06,2023-08-12,7,35.1,24.0,83.71,75.14,10.3,2.08,79.69,33.11,460.0,460.0,65.71428571428571,0.0,0.0,242.0,172.0,15.0,143.0,242.0,74.33333333333333,242.0,34.0,32.9,25.0,24.53333333333333,86.43,87.57333333333334,76.43,80.66666666666667,17.1,59.46666666666667,3.1,3.1233333333333335,81.36,60.39666666666667,32.83,27.36,433.0
汤农稻纵卷叶螟监测点_1_29_诱虫量,汤农稻纵卷叶螟监测点_1_29_诱虫量,汤农稻纵卷叶螟监测点,1,江苏省南京市浦口区,00001d7c,稻纵卷叶螟,2023,33,2023-08-13,2023-08-19,7,33.7,23.9,86.57,81.29,26.5,2.19,77.01,29.64,433.0,433.0,61.857142857142854,,,460.0,242.0,172.0,291.3333333333333,460.0,151.0,460.0,35.1,34.1,24.0,24.7,83.71,85.66666666666667,75.14,77.47666666666667,10.3,23.900000000000002,2.08,3.0533333333333332,79.69,75.60000000000001,33.11,31.88,489.0
汤农稻纵卷叶螟监测点_1_29_诱虫量,汤农稻纵卷叶螟监测点_1_29_诱虫量,汤农稻纵卷叶螟监测点,1,江苏省南京市浦口区,00001d7c,稻纵卷叶螟,2023,34,2023-08-20,2023-08-26,7,32.0,22.4,82.71,72.0,27.1,2.8,70.93,31.5,489.0,489.0,69.85714285714286,0.0,0.0,433.0,460.0,242.0,378.3333333333333,460.0,223.0,460.0,33.7,34.26666666666667,23.9,24.3,86.57,85.57,81.29,77.62,26.5,17.96666666666667,2.19,2.4566666666666666,77.01,79.35333333333334,29.64,31.86,50.0
汤农稻纵卷叶螟监测点_1_29_诱虫量,汤农稻纵卷叶螟监测点_1_29_诱虫量,汤农稻纵卷叶螟监测点,1,江苏省南京市浦口区,00001d7c,稻纵卷叶螟,2023,35,2023-08-27,2023-09-02,7,29.4,18.5,86.86,78.57,59.2,2.79,42.5,22.49,50.0,50.0,7.142857142857143,0.0,0.0,489.0,433.0,460.0,460.6666666666667,489.0,301.8333333333333,489.0,32.0,33.6,22.4,23.433333333333334,82.71,84.32999999999998,72.0,76.14333333333333,27.1,21.3,2.8,2.3566666666666665,70.93,75.87666666666667,31.5,31.416666666666668,106.0
汤农稻纵卷叶螟监测点_1_29_诱虫量,汤农稻纵卷叶螟监测点_1_29_诱虫量,汤农稻纵卷叶螟监测点,1,江苏省南京市浦口区,00001d7c,稻纵卷叶螟,2023,36,2023-09-03,2023-09-09,7,31.0,21.7,88.0,73.71,2.5,2.83,74.88,29.19,106.0,106.0,15.142857142857142,0.0,0.0,50.0,489.0,433.0,324.0,489.0,307.6666666666667,489.0,29.4,31.700000000000003,18.5,21.599999999999998,86.86,85.38,78.57,77.28666666666668,59.2,37.6,2.79,2.5933333333333333,42.5,63.48,22.49,27.876666666666665,110.0
汤农稻纵卷叶螟监测点_1_29_诱虫量,汤农稻纵卷叶螟监测点_1_29_诱虫量,汤农稻纵卷叶螟监测点,1,江苏省南京市浦口区,00001d7c,稻纵卷叶螟,2023,37,2023-09-10,2023-09-16,7,31.4,20.4,87.43,82.14,74.6,2.74,29.78,17.15,110.0,110.0,15.714285714285714,0.0,0.0,106.0,50.0,489.0,215.0,489.0,296.6666666666667,489.0,31.0,30.8,21.7,20.866666666666664,88.0,85.85666666666667,73.71,74.75999999999999,2.5,29.600000000000005,2.83,2.8066666666666666,74.88,62.77,29.19,27.72666666666667,330.0
汤农稻纵卷叶螟监测点_1_29_诱虫量,汤农稻纵卷叶螟监测点_1_29_诱虫量,汤农稻纵卷叶螟监测点,1,江苏省南京市浦口区,00001d7c,稻纵卷叶螟,2023,38,2023-09-17,2023-09-23,7,32.0,18.8,88.57,77.57,41.3,2.51,30.18,16.82,330.0,330.0,47.142857142857146,0.0,0.0,110.0,106.0,50.0,88.66666666666667,110.0,274.6666666666667,489.0,31.4,30.599999999999998,20.4,20.2,87.43,87.43,82.14,78.13999999999999,74.6,45.43333333333334,2.74,2.7866666666666666,29.78,49.053333333333335,17.15,22.94333333333333,26.0
汤农稻纵卷叶螟监测点_1_29_诱虫量,汤农稻纵卷叶螟监测点_1_29_诱虫量,汤农稻纵卷叶螟监测点,1,江苏省南京市浦口区,00001d7c,稻纵卷叶螟,2023,39,2023-09-24,2023-09-30,7,28.2,19.1,89.57,82.43,13.3,2.19,45.28,17.44,26.0,26.0,3.7142857142857144,0.0,0.0,330.0,110.0,106.0,182.0,330.0,253.0,489.0,32.0,31.46666666666667,18.8,20.299999999999997,88.57,88.0,77.57,77.80666666666666,41.3,39.46666666666666,2.51,2.6933333333333334,30.18,44.946666666666665,16.82,21.053333333333335,0.0
汤农稻纵卷叶螟监测点_1_29_诱虫量,汤农稻纵卷叶螟监测点_1_29_诱虫量,汤农稻纵卷叶螟监测点,1,江苏省南京市浦口区,00001d7c,稻纵卷叶螟,2023,40,2023-10-01,2023-10-07,7,25.5,15.7,80.86,71.71,21.7,3.55,38.52,19.59,0.0,0.0,0.0,0.0,0.0,26.0,330.0,110.0,155.33333333333334,330.0,185.16666666666666,489.0,28.2,30.53333333333333,19.1,19.433333333333334,89.57,88.52333333333333,82.43,80.71333333333332,13.3,43.06666666666666,2.19,2.48,45.28,35.080000000000005,17.44,17.136666666666667,0.0
汤农稻纵卷叶螟监测点_1_29_诱虫量,汤农稻纵卷叶螟监测点_1_29_诱虫量,汤农稻纵卷叶螟监测点,1,江苏省南京市浦口区,00001d7c,稻纵卷叶螟,2023,41,2023-10-08,2023-10-14,7,23.6,13.5,84.86,74.14,0.0,2.05,50.14,17.04,0.0,0.0,0.0,0.0,0.0,0.0,26.0,330.0,118.66666666666667,330.0,103.66666666666667,330.0,25.5,28.566666666666666,15.7,17.866666666666667,80.86,86.33333333333333,71.71,77.23666666666666,21.7,25.433333333333334,3.55,2.75,38.52,37.99333333333333,19.59,17.95,0.0
汤农稻纵卷叶螟监测点_1_29_诱虫量,汤农稻纵卷叶螟监测点_1_29_诱虫量,汤农稻纵卷叶螟监测点,1,江苏省南京市浦口区,00001d7c,稻纵卷叶螟,2023,42,2023-10-15,2023-10-21,7,26.1,9.6,84.43,62.0,4.0,2.46,71.43,22.45,0.0,0.0,0.0,0.0,0.0,0.0,0.0,26.0,8.666666666666666,26.0,95.33333333333333,330.0,23.6,25.766666666666666,13.5,16.099999999999998,84.86,85.09666666666666,74.14,76.09333333333332,0.0,11.666666666666666,2.05,2.5966666666666662,50.14,44.64666666666667,17.04,18.023333333333333,0.0
汤农稻纵卷叶螟监测点_1_29_诱虫量,汤农稻纵卷叶螟监测点_1_29_诱虫量,汤农稻纵卷叶螟监测点,1,江苏省南京市浦口区,00001d7c,稻纵卷叶螟,2023,43,2023-10-22,2023-10-28,7,25.6,9.6,85.14,64.29,0.0,1.94,60.15,18.61,0.0,0.0,0.0,0.0,0.0,0.0,0.0,0.0,0.0,0.0,77.66666666666667,330.0,26.1,25.066666666666666,9.6,12.933333333333332,84.43,83.38333333333334,62.0,69.28333333333332,4.0,8.566666666666666,2.46,2.686666666666667,71.43,53.363333333333344,22.45,19.69333333333333,0.0
汤农稻纵卷叶螟监测点_1_29_诱虫量,汤农稻纵卷叶螟监测点_1_29_诱虫量,汤农稻纵卷叶螟监测点,1,江苏省南京市浦口区,00001d7c,稻纵卷叶螟,2023,44,2023-10-29,2023-11-04,2,27.6,12.9,83.57,69.14,0.8,2.48,60.23,19.36,0.0,0.0,0.0,,,0.0,0.0,0.0,0.0,0.0,59.333333333333336,330.0,25.6,25.099999999999998,9.6,10.9,85.14,84.81,64.29,66.81,0.0,1.3333333333333333,1.94,2.15,60.15,60.57333333333333,18.61,19.366666666666664,8.0
汤农稻纵卷叶螟监测点_1_29_诱虫量,汤农稻纵卷叶螟监测点_1_29_诱虫量,汤农稻纵卷叶螟监测点,1,江苏省南京市浦口区,00001d7c,稻纵卷叶螟,2024,22,2024-05-27,2024-06-02,2,26.9,14.2,77.71,68.43,42.5,2.69,50.74,25.99,8.0,8.0,4.0,0.0,0.0,0.0,0.0,0.0,0.0,0.0,4.333333333333333,26.0,27.6,26.433333333333337,12.9,10.700000000000001,83.57,84.38,69.14,65.14333333333333,0.8,1.5999999999999999,2.48,2.2933333333333334,60.23,63.93666666666667,19.36,20.14,64.0
汤农稻纵卷叶螟监测点_1_29_诱虫量,汤农稻纵卷叶螟监测点_1_29_诱虫量,汤农稻纵卷叶螟监测点,1,江苏省南京市浦口区,00001d7c,稻纵卷叶螟,2024,23,2024-06-03,2024-06-09,7,30.9,17.1,76.86,61.71,5.2,2.43,62.66,30.94,64.0,64.0,9.142857142857142,0.0,0.0,8.0,0.0,0.0,2.6666666666666665,8.0,1.3333333333333333,8.0,26.9,26.7,14.2,12.233333333333333,77.71,82.14,68.43,67.28666666666668,42.5,14.433333333333332,2.69,2.3699999999999997,50.74,57.04,25.99,21.319999999999997,12.0
汤农稻纵卷叶螟监测点_1_29_诱虫量,汤农稻纵卷叶螟监测点_1_29_诱虫量,汤农稻纵卷叶螟监测点,1,江苏省南京市浦口区,00001d7c,稻纵卷叶螟,2024,24,2024-06-10,2024-06-16,7,34.2,20.7,79.71,58.71,0.7,2.43,71.14,35.09,12.0,12.0,1.7142857142857142,0.0,0.0,64.0,8.0,0.0,24.0,64.0,12.0,64.0,30.9,28.46666666666667,17.1,14.733333333333334,76.86,79.38,61.71,66.42666666666666,5.2,16.166666666666668,2.43,2.533333333333333,62.66,57.876666666666665,30.94,25.429999999999996,0.0
汤农稻纵卷叶螟监测点_1_29_诱虫量,汤农稻纵卷叶螟监测点_1_29_诱虫量,汤农稻纵卷叶螟监测点,1,江苏省南京市浦口区,00001d7c,稻纵卷叶螟,2024,25,2024-06-17,2024-06-23,7,32.3,21.3,85.0,69.86,96.1,3.32,46.58,27.17,0.0,0.0,0.0,0.0,0.0,12.0,64.0,8.0,28.0,64.0,14.0,64.0,34.2,30.666666666666668,20.7,17.333333333333332,79.71,78.09333333333332,58.71,62.95000000000001,0.7,16.133333333333333,2.43,2.5166666666666666,71.14,61.51333333333333,35.09,30.673333333333332,1.0
汤农稻纵卷叶螟监测点_1_29_诱虫量,汤农稻纵卷叶螟监测点_1_29_诱虫量,汤农稻纵卷叶螟监测点,1,江苏省南京市浦口区,00001d7c,稻纵卷叶螟,2024,26,2024-06-24,2024-06-30,7,30.9,20.7,88.71,85.57,179.0,2.73,26.58,17.62,1.0,1.0,0.14285714285714285,0.0,0.0,0.0,12.0,64.0,25.333333333333332,64.0,14.0,64.0,32.3,32.46666666666667,21.3,19.7,85.0,80.52333333333333,69.86,63.42666666666667,96.1,34.0,3.32,2.7266666666666666,46.58,60.126666666666665,27.17,31.066666666666666,1.0
汤农稻纵卷叶螟监测点_1_29_诱虫量,汤农稻纵卷叶螟监测点_1_29_诱虫量,汤农稻纵卷叶螟监测点,1,江苏省南京市浦口区,00001d7c,稻纵卷叶螟,2024,27,2024-07-01,2024-07-07,7,34.9,22.6,81.14,78.57,41.8,4.14,62.65,32.6,1.0,1.0,0.14285714285714285,0.0,0.0,1.0,0.0,12.0,4.333333333333333,12.0,14.166666666666666,64.0,30.9,32.46666666666667,20.7,20.9,88.71,84.47333333333331,85.57,71.38,179.0,91.93333333333334,2.73,2.8266666666666667,26.58,48.099999999999994,17.62,26.62666666666667,1.0
汤农稻纵卷叶螟监测点_1_29_诱虫量,汤农稻纵卷叶螟监测点_1_29_诱虫量,汤农稻纵卷叶螟监测点,1,江苏省南京市浦口区,00001d7c,稻纵卷叶螟,2024,28,2024-07-08,2024-07-14,7,35.0,21.4,88.57,86.0,168.8,2.44,20.72,18.18,1.0,1.0,0.14285714285714285,0.0,0.0,1.0,1.0,0.0,0.6666666666666666,1.0,14.333333333333334,64.0,34.9,32.699999999999996,22.6,21.53333333333333,81.14,84.95,78.57,78.0,41.8,105.63333333333334,4.14,3.3966666666666665,62.65,45.27,32.6,25.796666666666667,0.0
汤农稻纵卷叶螟监测点_1_29_诱虫量,汤农稻纵卷叶螟监测点_1_29_诱虫量,汤农稻纵卷叶螟监测点,1,江苏省南京市浦口区,00001d7c,稻纵卷叶螟,2024,29,2024-07-15,2024-07-21,7,35.2,24.3,81.86,78.57,22.4,3.39,35.37,25.73,0.0,0.0,0.0,0.0,0.0,1.0,1.0,1.0,1.0,1.0,13.166666666666666,64.0,35.0,33.6,21.4,21.566666666666663,88.57,86.13999999999999,86.0,83.38,168.8,129.86666666666667,2.44,3.103333333333333,20.72,36.65,18.18,22.8,1.0
汤农稻纵卷叶螟监测点_1_29_诱虫量,汤农稻纵卷叶螟监测点_1_29_诱虫量,汤农稻纵卷叶螟监测点,1,江苏省南京市浦口区,00001d7c,稻纵卷叶螟,2024,30,2024-07-22,2024-07-28,7,36.7,27.0,80.57,71.86,6.1,4.7,71.71,37.84,1.0,1.0,0.14285714285714285,0.0,0.0,0.0,1.0,1.0,0.6666666666666666,1.0,2.5,12.0,35.2,35.03333333333334,24.3,22.766666666666666,81.86,83.85666666666667,78.57,81.04666666666667,22.4,77.66666666666667,3.39,3.323333333333333,35.37,39.58,25.73,25.50333333333333,10.0
汤农稻纵卷叶螟监测点_1_29_诱虫量,汤农稻纵卷叶螟监测点_1_29_诱虫量,汤农稻纵卷叶螟监测点,1,江苏省南京市浦口区,00001d7c,稻纵卷叶螟,2024,31,2024-07-29,2024-08-04,7,37.5,27.6,76.0,71.57,9.5,2.75,86.5,40.56,10.0,10.0,1.4285714285714286,0.0,0.0,1.0,0.0,1.0,0.6666666666666666,1.0,0.6666666666666666,1.0,36.7,35.63333333333333,27.0,24.233333333333334,80.57,83.66666666666667,71.86,78.81,6.1,65.76666666666668,4.7,3.5100000000000002,71.71,42.599999999999994,37.84,27.25,15.0
汤农稻纵卷叶螟监测点_1_29_诱虫量,汤农稻纵卷叶螟监测点_1_29_诱虫量,汤农稻纵卷叶螟监测点,1,江苏省南京市浦口区,00001d7c,稻纵卷叶螟,2024,32,2024-08-05,2024-08-11,7,37.8,27.1,76.86,66.71,62.0,1.88,83.96,39.02,15.0,15.0,2.142857142857143,0.0,0.0,10.0,1.0,0.0,3.6666666666666665,10.0,2.3333333333333335,10.0,37.5,36.46666666666667,27.6,26.299999999999997,76.0,79.47666666666667,71.57,74.0,9.5,12.666666666666677,2.75,3.6133333333333333,86.5,64.52666666666666,40.56,34.71,24.0
汤农稻纵卷叶螟监测点_1_29_诱虫量,汤农稻纵卷叶螟监测点_1_29_诱虫量,汤农稻纵卷叶螟监测点,1,江苏省南京市浦口区,00001d7c,稻纵卷叶螟,2024,33,2024-08-12,2024-08-18,7,36.3,24.9,84.43,67.71,34.3,2.42,75.24,33.56,24.0,24.0,3.4285714285714284,0.0,0.0,15.0,10.0,1.0,8.666666666666666,15.0,4.666666666666667,15.0,37.8,37.333333333333336,27.1,27.233333333333334,76.86,77.80999999999999,66.71,70.04666666666667,62.0,25.866666666666674,1.88,3.11,83.96,80.72333333333333,39.02,39.14,24.0
汤农稻纵卷叶螟监测点_1_29_诱虫量,汤农稻纵卷叶螟监测点_1_29_诱虫量,汤农稻纵卷叶螟监测点,1,江苏省南京市浦口区,00001d7c,稻纵卷叶螟,2024,34,2024-08-19,2024-08-25,7,34.7,25.4,84.71,77.86,50.4,1.93,64.42,27.34,24.0,24.0,3.4285714285714284,0.0,0.0,24.0,15.0,10.0,16.333333333333332,24.0,8.5,24.0,36.3,37.199999999999996,24.9,26.53333333333333,84.43,79.09666666666668,67.71,68.66333333333331,34.3,35.26666666666668,2.42,2.35,75.24,81.89999999999999,33.56,37.71333333333333,87.0
汤农稻纵卷叶螟监测点_1_29_诱虫量,汤农稻纵卷叶螟监测点_1_29_诱虫量,汤农稻纵卷叶螟监测点,1,江苏省南京市浦口区,00001d7c,稻纵卷叶螟,2024,35,2024-08-26,2024-09-01,7,35.2,24.1,83.43,71.71,6.3,2.35,74.77,30.13,87.0,87.0,12.428571428571429,0.0,0.0,24.0,24.0,15.0,21.0,24.0,12.333333333333334,24.0,34.7,36.266666666666666,25.4,25.799999999999997,84.71,82.0,77.86,70.75999999999999,50.4,48.90000000000001,1.93,2.0766666666666667,64.42,74.54,27.34,33.306666666666665,796.0
汤农稻纵卷叶螟监测点_1_29_诱虫量,汤农稻纵卷叶螟监测点_1_29_诱虫量,汤农稻纵卷叶螟监测点,1,江苏省南京市浦口区,00001d7c,稻纵卷叶螟,2024,36,2024-09-02,2024-09-08,7,33.8,24.2,79.29,68.43,2.9,3.23,78.8,33.31,796.0,796.0,113.71428571428571,0.0,0.0,87.0,24.0,24.0,45.0,87.0,26.833333333333332,87.0,35.2,35.4,24.1,24.799999999999997,83.43,84.19,71.71,72.42666666666666,6.3,30.333333333333343,2.35,2.2333333333333334,74.77,71.47666666666667,30.13,30.343333333333334,192.0
汤农稻纵卷叶螟监测点_1_29_诱虫量,汤农稻纵卷叶螟监测点_1_29_诱虫量,汤农稻纵卷叶螟监测点,1,江苏省南京市浦口区,00001d7c,稻纵卷叶螟,2024,37,2024-09-09,2024-09-15,7,33.8,23.6,88.14,80.14,83.0,3.4,57.66,23.89,192.0,192.0,27.428571428571427,0.0,0.0,796.0,87.0,24.0,302.3333333333333,796.0,159.33333333333334,796.0,33.8,34.56666666666667,24.2,24.566666666666663,79.29,82.47666666666667,68.43,72.66666666666667,2.9,19.866666666666678,3.23,2.5033333333333334,78.8,72.66333333333334,33.31,30.26,107.0
汤农稻纵卷叶螟监测点_1_29_诱虫量,汤农稻纵卷叶螟监测点_1_29_诱虫量,汤农稻纵卷叶螟监测点,1,江苏省南京市浦口区,00001d7c,稻纵卷叶螟,2024,38,2024-09-16,2024-09-22,7,31.6,17.4,81.14,76.86,124.9,5.49,54.64,24.01,107.0,107.0,15.285714285714286,0.0,0.0,192.0,796.0,87.0,358.3333333333333,796.0,189.66666666666666,796.0,33.8,34.266666666666666,23.6,23.96666666666667,88.14,83.62,80.14,73.42666666666666,83.0,30.733333333333345,3.4,2.9933333333333336,57.66,70.41,23.89,29.109999999999996,183.0
汤农稻纵卷叶螟监测点_1_29_诱虫量,汤农稻纵卷叶螟监测点_1_29_诱虫量,汤农稻纵卷叶螟监测点,1,江苏省南京市浦口区,00001d7c,稻纵卷叶螟,2024,39,2024-09-23,2024-09-29,7,29.1,15.8,86.14,76.0,15.1,2.67,66.18,23.31,183.0,183.0,26.142857142857142,0.0,0.0,107.0,192.0,796.0,365.0,796.0,205.0,796.0,31.6,33.06666666666666,17.4,21.73333333333333,81.14,82.85666666666667,76.86,75.14333333333333,124.9,70.26666666666668,5.49,4.04,54.64,63.70000000000001,24.01,27.069999999999997,77.0
汤农稻纵卷叶螟监测点_1_29_诱虫量,汤农稻纵卷叶螟监测点_1_29_诱虫量,汤农稻纵卷叶螟监测点,1,江苏省南京市浦口区,00001d7c,稻纵卷叶螟,2024,40,2024-09-30,2024-10-06,7,28.6,11.9,79.0,72.14,17.2,3.38,48.16,18.62,77.0,77.0,11.0,,,183.0,107.0,192.0,160.66666666666666,192.0,231.5,796.0,29.1,31.5,15.8,18.933333333333334,86.14,85.14,76.0,77.66666666666667,15.1,74.33333333333334,2.67,3.853333333333333,66.18,59.49333333333334,23.31,23.736666666666665,14.0
汤农稻纵卷叶螟监测点_1_29_诱虫量,汤农稻纵卷叶螟监测点_1_29_诱虫量,汤农稻纵卷叶螟监测点,1,江苏省南京市浦口区,00001d7c,稻纵卷叶螟,2024,41,2024-10-07,2024-10-13,7,25.2,13.1,85.0,74.71,16.7,2.16,49.5,16.94,14.0,14.0,2.0,,,77.0,183.0,107.0,122.33333333333333,183.0,240.33333333333334,796.0,28.6,29.76666666666667,11.9,15.033333333333333,79.0,82.09333333333335,72.14,75.0,17.2,52.40000000000001,3.38,3.846666666666667,48.16,56.326666666666675,18.62,21.98,39.0
汤农稻纵卷叶螟监测点_1_29_诱虫量,汤农稻纵卷叶螟监测点_1_29_诱虫量,汤农稻纵卷叶螟监测点,1,江苏省南京市浦口区,00001d7c,稻纵卷叶螟,2024,42,2024-10-14,2024-10-20,7,27.2,11.2,86.57,77.0,49.2,3.66,31.77,14.95,39.0,39.0,5.571428571428571,,,14.0,77.0,183.0,91.33333333333333,183.0,228.16666666666666,796.0,25.2,27.633333333333336,13.1,13.6,85.0,83.38,74.71,74.28333333333332,16.7,16.333333333333343,2.16,2.736666666666667,49.5,54.613333333333344,16.94,19.62333333333333,12.0
汤农稻纵卷叶螟监测点_1_29_诱虫量,汤农稻纵卷叶螟监测点_1_29_诱虫量,汤农稻纵卷叶螟监测点,1,江苏省南京市浦口区,00001d7c,稻纵卷叶螟,2024,43,2024-10-21,2024-10-27,7,22.3,8.6,88.29,80.43,20.0,3.16,35.15,12.25,12.0,12.0,1.7142857142857142,0.0,0.0,39.0,14.0,77.0,43.333333333333336,77.0,102.0,192.0,27.2,27.0,11.2,12.066666666666665,86.57,83.52333333333333,77.0,74.61666666666666,49.2,27.700000000000006,3.66,3.0666666666666664,31.77,43.14333333333334,14.95,16.836666666666662,0.0
汤农稻纵卷叶螟监测点_1_29_诱虫量,汤农稻纵卷叶螟监测点_1_29_诱虫量,汤农稻纵卷叶螟监测点,1,江苏省南京市浦口区,00001d7c,稻纵卷叶螟,2024,44,2024-10-28,2024-11-03,3,22.0,9.3,87.57,74.57,6.8,2.95,55.84,15.81,0.0,0.0,0.0,0.0,0.0,12.0,39.0,14.0,21.666666666666668,39.0,72.0,183.0,22.3,24.900000000000002,8.6,10.966666666666667,88.29,86.62,80.43,77.38,20.0,28.633333333333344,3.16,2.9933333333333336,35.15,38.80666666666667,12.25,14.713333333333331,
汤山街道稻纵_1_5_诱虫量,汤山街道稻纵_1_5_诱虫量,汤山街道稻纵,1,江苏省南京市江宁区,0000195c,稻纵卷叶螟,2023,22,2023-05-28,2023-06-03,3,32.3,20.1,84.14,74.14,29.6,2.38,48.59,25.72,1.0,1.0,0.3333333333333333,28.363333333333333,67.96333333333334,,,,,,,,,,,,,,,,,,,,,,,,2.0
汤山街道稻纵_1_5_诱虫量,汤山街道稻纵_1_5_诱虫量,汤山街道稻纵,1,江苏省南京市江宁区,0000195c,稻纵卷叶螟,2023,23,2023-06-04,2023-06-10,7,34.2,16.0,80.43,75.0,31.1,2.66,59.78,28.9,2.0,2.0,0.2857142857142857,25.978571428571428,82.26428571428572,1.0,,,1.0,1.0,1.0,1.0,32.3,32.3,20.1,20.1,84.14,84.14,74.14,74.14,29.6,29.6,2.38,2.38,48.59,48.59,25.72,25.72,1.0
汤山街道稻纵_1_5_诱虫量,汤山街道稻纵_1_5_诱虫量,汤山街道稻纵,1,江苏省南京市江宁区,0000195c,稻纵卷叶螟,2023,24,2023-06-11,2023-06-17,7,32.4,19.2,80.14,65.0,8.5,2.69,57.13,31.06,1.0,1.0,0.14285714285714285,27.060000000000002,79.6842857142857,2.0,1.0,,1.5,2.0,1.5,2.0,34.2,33.25,16.0,18.05,80.43,82.285,75.0,74.57,31.1,30.35,2.66,2.52,59.78,54.185,28.9,27.31,3.0
汤山街道稻纵_1_5_诱虫量,汤山街道稻纵_1_5_诱虫量,汤山街道稻纵,1,江苏省南京市江宁区,0000195c,稻纵卷叶螟,2023,25,2023-06-18,2023-06-24,7,31.4,20.5,87.57,74.57,82.3,2.55,29.04,21.42,3.0,3.0,0.42857142857142855,26.56142857142857,89.6842857142857,1.0,2.0,1.0,1.3333333333333333,2.0,1.3333333333333333,2.0,32.4,32.96666666666667,19.2,18.433333333333334,80.14,81.57000000000001,65.0,71.38,8.5,23.066666666666666,2.69,2.5766666666666667,57.13,55.166666666666664,31.06,28.56,0.0
汤山街道稻纵_1_5_诱虫量,汤山街道稻纵_1_5_诱虫量,汤山街道稻纵,1,江苏省南京市江宁区,0000195c,稻纵卷叶螟,2023,26,2023-06-25,2023-07-01,7,32.8,21.5,86.29,78.86,64.0,2.94,49.98,24.98,0.0,0.0,0.0,29.592857142857145,87.72,3.0,1.0,2.0,2.0,3.0,1.75,3.0,31.4,32.666666666666664,20.5,18.566666666666666,87.57,82.71333333333332,74.57,71.52333333333333,82.3,40.63333333333333,2.55,2.6333333333333333,29.04,48.65,21.42,27.126666666666665,8.0
汤山街道稻纵_1_5_诱虫量,汤山街道稻纵_1_5_诱虫量,汤山街道稻纵,1,江苏省南京市江宁区,0000195c,稻纵卷叶螟,2023,27,2023-07-02,2023-07-08,7,32.9,23.9,87.86,82.29,123.1,3.4,45.76,24.46,8.0,8.0,1.1428571428571428,30.575714285714287,89.8442857142857,0.0,3.0,1.0,1.3333333333333333,3.0,1.4,3.0,32.8,32.199999999999996,21.5,20.400000000000002,86.29,84.66666666666667,78.86,72.81,64.0,51.6,2.94,2.7266666666666666,49.98,45.38333333333333,24.98,25.820000000000004,18.0
汤山街道稻纵_1_5_诱虫量,汤山街道稻纵_1_5_诱虫量,汤山街道稻纵,1,江苏省南京市江宁区,0000195c,稻纵卷叶螟,2023,28,2023-07-09,2023-07-15,7,34.9,24.6,84.57,77.0,27.6,3.38,49.19,28.48,18.0,18.0,2.5714285714285716,30.761428571428574,90.29285714285716,8.0,0.0,3.0,3.6666666666666665,8.0,2.5,8.0,32.9,32.36666666666667,23.9,21.966666666666665,87.86,87.24000000000001,82.29,78.57333333333334,123.1,89.8,3.4,2.9633333333333334,45.76,41.593333333333334,24.46,23.62,26.0
汤山街道稻纵_1_5_诱虫量,汤山街道稻纵_1_5_诱虫量,汤山街道稻纵,1,江苏省南京市江宁区,0000195c,稻纵卷叶螟,2023,29,2023-07-16,2023-07-22,7,31.5,23.5,89.43,84.71,117.0,2.29,34.08,19.55,26.0,26.0,3.7142857142857144,29.490000000000002,91.64285714285714,18.0,8.0,0.0,8.666666666666666,18.0,5.333333333333333,18.0,34.9,33.53333333333333,24.6,23.333333333333332,84.57,86.24000000000001,77.0,79.38333333333334,27.6,71.56666666666666,3.38,3.2399999999999998,49.19,48.31,28.48,25.973333333333333,19.0
汤山街道稻纵_1_5_诱虫量,汤山街道稻纵_1_5_诱虫量,汤山街道稻纵,1,江苏省南京市江宁区,0000195c,稻纵卷叶螟,2023,30,2023-07-23,2023-07-29,7,33.2,25.1,86.86,80.86,44.3,3.98,65.75,29.7,19.0,19.0,2.7142857142857144,30.075714285714287,91.57857142857142,26.0,18.0,8.0,17.333333333333332,26.0,9.333333333333334,26.0,31.5,33.1,23.5,24.0,89.43,87.28666666666668,84.71,81.33333333333333,117.0,89.23333333333333,2.29,3.0233333333333334,34.08,43.01,19.55,24.163333333333338,0.0
汤山街道稻纵_1_5_诱虫量,汤山街道稻纵_1_5_诱虫量,汤山街道稻纵,1,江苏省南京市江宁区,0000195c,稻纵卷叶螟,2023,31,2023-07-30,2023-08-05,7,34.0,25.0,86.43,76.43,17.1,3.1,81.36,32.83,0.0,0.0,0.0,32.41142857142857,85.16142857142857,19.0,26.0,18.0,21.0,26.0,12.333333333333334,26.0,33.2,33.2,25.1,24.400000000000002,86.86,86.95333333333333,80.86,80.85666666666667,44.3,62.96666666666666,3.98,3.2166666666666663,65.75,49.673333333333325,29.7,25.91,12.0
汤山街道稻纵_1_5_诱虫量,汤山街道稻纵_1_5_诱虫量,汤山街道稻纵,1,江苏省南京市江宁区,0000195c,稻纵卷叶螟,2023,32,2023-08-06,2023-08-12,7,35.1,24.0,83.71,75.14,10.3,2.08,79.69,33.11,12.0,12.0,1.7142857142857142,32.035714285714285,82.69142857142857,0.0,19.0,26.0,15.0,26.0,11.833333333333334,26.0,34.0,32.9,25.0,24.53333333333333,86.43,87.57333333333334,76.43,80.66666666666667,17.1,59.46666666666667,3.1,3.1233333333333335,81.36,60.39666666666667,32.83,27.36,63.0
汤山街道稻纵_1_5_诱虫量,汤山街道稻纵_1_5_诱虫量,汤山街道稻纵,1,江苏省南京市江宁区,0000195c,稻纵卷叶螟,2023,33,2023-08-13,2023-08-19,7,33.7,23.9,86.57,81.29,26.5,2.19,77.01,29.64,63.0,63.0,9.0,31.061666666666667,86.13666666666667,12.0,0.0,19.0,10.333333333333334,19.0,13.833333333333334,26.0,35.1,34.1,24.0,24.7,83.71,85.66666666666667,75.14,77.47666666666667,10.3,23.900000000000002,2.08,3.0533333333333332,79.69,75.60000000000001,33.11,31.88,15.0
汤山街道稻纵_1_5_诱虫量,汤山街道稻纵_1_5_诱虫量,汤山街道稻纵,1,江苏省南京市江宁区,0000195c,稻纵卷叶螟,2023,34,2023-08-20,2023-08-26,7,32.0,22.4,82.71,72.0,27.1,2.8,70.93,31.5,15.0,15.0,2.142857142857143,29.891428571428573,84.60714285714286,63.0,12.0,0.0,25.0,63.0,23.0,63.0,33.7,34.26666666666667,23.9,24.3,86.57,85.57,81.29,77.62,26.5,17.96666666666667,2.19,2.4566666666666666,77.01,79.35333333333334,29.64,31.86,1.0
汤山街道稻纵_1_5_诱虫量,汤山街道稻纵_1_5_诱虫量,汤山街道稻纵,1,江苏省南京市江宁区,0000195c,稻纵卷叶螟,2023,35,2023-08-27,2023-09-02,7,29.4,18.5,86.86,78.57,59.2,2.79,42.5,22.49,1.0,1.0,0.14285714285714285,26.985714285714288,85.57142857142857,15.0,63.0,12.0,30.0,63.0,22.5,63.0,32.0,33.6,22.4,23.433333333333334,82.71,84.32999999999998,72.0,76.14333333333333,27.1,21.3,2.8,2.3566666666666665,70.93,75.87666666666667,31.5,31.416666666666668,1.0
汤山街道稻纵_1_5_诱虫量,汤山街道稻纵_1_5_诱虫量,汤山街道稻纵,1,江苏省南京市江宁区,0000195c,稻纵卷叶螟,2023,36,2023-09-03,2023-09-09,7,31.0,21.7,88.0,73.71,2.5,2.83,74.88,29.19,1.0,1.0,0.14285714285714285,29.297142857142855,83.61571428571428,1.0,15.0,63.0,26.333333333333332,63.0,18.333333333333332,63.0,29.4,31.700000000000003,18.5,21.599999999999998,86.86,85.38,78.57,77.28666666666668,59.2,37.6,2.79,2.5933333333333333,42.5,63.48,22.49,27.876666666666665,0.0
汤山街道稻纵_1_5_诱虫量,汤山街道稻纵_1_5_诱虫量,汤山街道稻纵,1,江苏省南京市江宁区,0000195c,稻纵卷叶螟,2023,37,2023-09-10,2023-09-16,7,31.4,20.4,87.43,82.14,74.6,2.74,29.78,17.15,0.0,0.0,0.0,25.824285714285715,92.75428571428571,1.0,1.0,15.0,5.666666666666667,15.0,15.333333333333334,63.0,31.0,30.8,21.7,20.866666666666664,88.0,85.85666666666667,73.71,74.75999999999999,2.5,29.600000000000005,2.83,2.8066666666666666,74.88,62.77,29.19,27.72666666666667,2.0
汤山街道稻纵_1_5_诱虫量,汤山街道稻纵_1_5_诱虫量,汤山街道稻纵,1,江苏省南京市江宁区,0000195c,稻纵卷叶螟,2023,38,2023-09-17,2023-09-23,7,32.0,18.8,88.57,77.57,41.3,2.51,30.18,16.82,2.0,2.0,0.2857142857142857,25.127142857142854,91.71428571428571,0.0,1.0,1.0,0.6666666666666666,1.0,15.333333333333334,63.0,31.4,30.599999999999998,20.4,20.2,87.43,87.43,82.14,78.13999999999999,74.6,45.43333333333334,2.74,2.7866666666666666,29.78,49.053333333333335,17.15,22.94333333333333,1.0
汤山街道稻纵_1_5_诱虫量,汤山街道稻纵_1_5_诱虫量,汤山街道稻纵,1,江苏省南京市江宁区,0000195c,稻纵卷叶螟,2023,39,2023-09-24,2023-09-30,7,28.2,19.1,89.57,82.43,13.3,2.19,45.28,17.44,1.0,1.0,0.14285714285714285,25.034285714285716,91.69714285714285,2.0,0.0,1.0,1.0,2.0,13.666666666666666,63.0,32.0,31.46666666666667,18.8,20.299999999999997,88.57,88.0,77.57,77.80666666666666,41.3,39.46666666666666,2.51,2.6933333333333334,30.18,44.946666666666665,16.82,21.053333333333335,0.0
汤山街道稻纵_1_5_诱虫量,汤山街道稻纵_1_5_诱虫量,汤山街道稻纵,1,江苏省南京市江宁区,0000195c,稻纵卷叶螟,2023,40,2023-10-01,2023-10-07,7,25.5,15.7,80.86,71.71,21.7,3.55,38.52,19.59,0.0,0.0,0.0,21.444285714285716,83.67,1.0,2.0,0.0,1.0,2.0,3.3333333333333335,15.0,28.2,30.53333333333333,19.1,19.433333333333334,89.57,88.52333333333333,82.43,80.71333333333332,13.3,43.06666666666666,2.19,2.48,45.28,35.080000000000005,17.44,17.136666666666667,2.0
汤山街道稻纵_1_5_诱虫量,汤山街道稻纵_1_5_诱虫量,汤山街道稻纵,1,江苏省南京市江宁区,0000195c,稻纵卷叶螟,2023,41,2023-10-08,2023-10-14,7,23.6,13.5,84.86,74.14,0.0,2.05,50.14,17.04,2.0,2.0,0.2857142857142857,21.12142857142857,82.29285714285713,0.0,1.0,2.0,1.0,2.0,0.8333333333333334,2.0,25.5,28.566666666666666,15.7,17.866666666666667,80.86,86.33333333333333,71.71,77.23666666666666,21.7,25.433333333333334,3.55,2.75,38.52,37.99333333333333,19.59,17.95,0.0
汤山街道稻纵_1_5_诱虫量,汤山街道稻纵_1_5_诱虫量,汤山街道稻纵,1,江苏省南京市江宁区,0000195c,稻纵卷叶螟,2023,42,2023-10-15,2023-10-21,7,26.1,9.6,84.43,62.0,4.0,2.46,71.43,22.45,0.0,0.0,0.0,21.361428571428572,73.67999999999999,2.0,0.0,1.0,1.0,2.0,1.0,2.0,23.6,25.766666666666666,13.5,16.099999999999998,84.86,85.09666666666666,74.14,76.09333333333332,0.0,11.666666666666666,2.05,2.5966666666666662,50.14,44.64666666666667,17.04,18.023333333333333,0.0
汤山街道稻纵_1_5_诱虫量,汤山街道稻纵_1_5_诱虫量,汤山街道稻纵,1,江苏省南京市江宁区,0000195c,稻纵卷叶螟,2023,43,2023-10-22,2023-10-28,7,25.6,9.6,85.14,64.29,0.0,1.94,60.15,18.61,0.0,0.0,0.0,20.982857142857142,79.37571428571428,0.0,2.0,0.0,0.6666666666666666,2.0,0.8333333333333334,2.0,26.1,25.066666666666666,9.6,12.933333333333332,84.43,83.38333333333334,62.0,69.28333333333332,4.0,8.566666666666666,2.46,2.686666666666667,71.43,53.363333333333344,22.45,19.69333333333333,0.0
汤山街道稻纵_1_5_诱虫量,汤山街道稻纵_1_5_诱虫量,汤山街道稻纵,1,江苏省南京市江宁区,0000195c,稻纵卷叶螟,2023,44,2023-10-29,2023-11-04,2,27.6,12.9,83.57,69.14,0.8,2.48,60.23,19.36,0.0,0.0,0.0,20.88,79.44,0.0,0.0,2.0,0.6666666666666666,2.0,0.8333333333333334,2.0,25.6,25.099999999999998,9.6,10.9,85.14,84.81,64.29,66.81,0.0,1.3333333333333333,1.94,2.15,60.15,60.57333333333333,18.61,19.366666666666664,0.0
汤山街道稻纵_1_5_诱虫量,汤山街道稻纵_1_5_诱虫量,汤山街道稻纵,1,江苏省南京市江宁区,0000195c,稻纵卷叶螟,2024,22,2024-05-27,2024-06-02,2,26.9,14.2,77.71,68.43,42.5,2.69,50.74,25.99,0.0,0.0,0.0,25.015,71.59,0.0,0.0,0.0,0.0,0.0,0.5,2.0,27.6,26.433333333333337,12.9,10.700000000000001,83.57,84.38,69.14,65.14333333333333,0.8,1.5999999999999999,2.48,2.2933333333333334,60.23,63.93666666666667,19.36,20.14,7.0
汤山街道稻纵_1_5_诱虫量,汤山街道稻纵_1_5_诱虫量,汤山街道稻纵,1,江苏省南京市江宁区,0000195c,稻纵卷叶螟,2024,23,2024-06-03,2024-06-09,7,30.9,17.1,76.86,61.71,5.2,2.43,62.66,30.94,7.0,7.0,1.0,25.919999999999998,77.66571428571429,0.0,0.0,0.0,0.0,0.0,0.3333333333333333,2.0,26.9,26.7,14.2,12.233333333333333,77.71,82.14,68.43,67.28666666666668,42.5,14.433333333333332,2.69,2.3699999999999997,50.74,57.04,25.99,21.319999999999997,1.0
汤山街道稻纵_1_5_诱虫量,汤山街道稻纵_1_5_诱虫量,汤山街道稻纵,1,江苏省南京市江宁区,0000195c,稻纵卷叶螟,2024,24,2024-06-10,2024-06-16,7,34.2,20.7,79.71,58.71,0.7,2.43,71.14,35.09,1.0,1.0,0.14285714285714285,29.485714285714288,77.62857142857142,7.0,0.0,0.0,2.3333333333333335,7.0,1.5,7.0,30.9,28.46666666666667,17.1,14.733333333333334,76.86,79.38,61.71,66.42666666666666,5.2,16.166666666666668,2.43,2.533333333333333,62.66,57.876666666666665,30.94,25.429999999999996,4.0
汤山街道稻纵_1_5_诱虫量,汤山街道稻纵_1_5_诱虫量,汤山街道稻纵,1,江苏省南京市江宁区,0000195c,稻纵卷叶螟,2024,25,2024-06-17,2024-06-23,7,32.3,21.3,85.0,69.86,96.1,3.32,46.58,27.17,4.0,4.0,0.5714285714285714,27.648571428571426,87.86857142857143,1.0,7.0,0.0,2.6666666666666665,7.0,1.3333333333333333,7.0,34.2,30.666666666666668,20.7,17.333333333333332,79.71,78.09333333333332,58.71,62.95000000000001,0.7,16.133333333333333,2.43,2.5166666666666666,71.14,61.51333333333333,35.09,30.673333333333332,3.0
汤山街道稻纵_1_5_诱虫量,汤山街道稻纵_1_5_诱虫量,汤山街道稻纵,1,江苏省南京市江宁区,0000195c,稻纵卷叶螟,2024,26,2024-06-24,2024-06-30,7,30.9,20.7,88.71,85.57,179.0,2.73,26.58,17.62,3.0,3.0,0.42857142857142855,26.26571428571429,95.32571428571428,4.0,1.0,7.0,4.0,7.0,2.0,7.0,32.3,32.46666666666667,21.3,19.7,85.0,80.52333333333333,69.86,63.42666666666667,96.1,34.0,3.32,2.7266666666666666,46.58,60.126666666666665,27.17,31.066666666666666,2.0
汤山街道稻纵_1_5_诱虫量,汤山街道稻纵_1_5_诱虫量,汤山街道稻纵,1,江苏省南京市江宁区,0000195c,稻纵卷叶螟,2024,27,2024-07-01,2024-07-07,7,34.9,22.6,81.14,78.57,41.8,4.14,62.65,32.6,2.0,2.0,0.2857142857142857,31.575714285714287,86.6557142857143,3.0,4.0,1.0,2.6666666666666665,4.0,2.5,7.0,30.9,32.46666666666667,20.7,20.9,88.71,84.47333333333331,85.57,71.38,179.0,91.93333333333334,2.73,2.8266666666666667,26.58,48.099999999999994,17.62,26.62666666666667,2.0
汤山街道稻纵_1_5_诱虫量,汤山街道稻纵_1_5_诱虫量,汤山街道稻纵,1,江苏省南京市江宁区,0000195c,稻纵卷叶螟,2024,28,2024-07-08,2024-07-14,7,35.0,21.4,88.57,86.0,168.8,2.44,20.72,18.18,2.0,2.0,0.2857142857142857,28.0,95.08,2.0,3.0,4.0,3.0,4.0,2.8333333333333335,7.0,34.9,32.699999999999996,22.6,21.53333333333333,81.14,84.95,78.57,78.0,41.8,105.63333333333334,4.14,3.3966666666666665,62.65,45.27,32.6,25.796666666666667,1.0
汤山街道稻纵_1_5_诱虫量,汤山街道稻纵_1_5_诱虫量,汤山街道稻纵,1,江苏省南京市江宁区,0000195c,稻纵卷叶螟,2024,29,2024-07-15,2024-07-21,7,35.2,24.3,81.86,78.57,22.4,3.39,35.37,25.73,1.0,1.0,0.14285714285714285,32.642857142857146,88.28,2.0,2.0,3.0,2.3333333333333335,3.0,3.1666666666666665,7.0,35.0,33.6,21.4,21.566666666666663,88.57,86.13999999999999,86.0,83.38,168.8,129.86666666666667,2.44,3.103333333333333,20.72,36.65,18.18,22.8,2.0
汤山街道稻纵_1_5_诱虫量,汤山街道稻纵_1_5_诱虫量,汤山街道稻纵,1,江苏省南京市江宁区,0000195c,稻纵卷叶螟,2024,30,2024-07-22,2024-07-28,7,36.7,27.0,80.57,71.86,6.1,4.7,71.71,37.84,2.0,2.0,0.2857142857142857,33.27428571428572,84.55571428571429,1.0,2.0,2.0,1.6666666666666667,2.0,2.1666666666666665,4.0,35.2,35.03333333333334,24.3,22.766666666666666,81.86,83.85666666666667,78.57,81.04666666666667,22.4,77.66666666666667,3.39,3.323333333333333,35.37,39.58,25.73,25.50333333333333,1.0
汤山街道稻纵_1_5_诱虫量,汤山街道稻纵_1_5_诱虫量,汤山街道稻纵,1,江苏省南京市江宁区,0000195c,稻纵卷叶螟,2024,31,2024-07-29,2024-08-04,7,37.5,27.6,76.0,71.57,9.5,2.75,86.5,40.56,1.0,1.0,0.14285714285714285,35.24285714285714,80.64285714285714,2.0,1.0,2.0,1.6666666666666667,2.0,2.3333333333333335,4.0,36.7,35.63333333333333,27.0,24.233333333333334,80.57,83.66666666666667,71.86,78.81,6.1,65.76666666666668,4.7,3.5100000000000002,71.71,42.599999999999994,37.84,27.25,4.0
汤山街道稻纵_1_5_诱虫量,汤山街道稻纵_1_5_诱虫量,汤山街道稻纵,1,江苏省南京市江宁区,0000195c,稻纵卷叶螟,2024,32,2024-08-05,2024-08-11,7,37.8,27.1,76.86,66.71,62.0,1.88,83.96,39.02,4.0,4.0,0.5714285714285714,35.49285714285714,80.83428571428571,1.0,2.0,1.0,1.3333333333333333,2.0,1.8333333333333333,3.0,37.5,36.46666666666667,27.6,26.299999999999997,76.0,79.47666666666667,71.57,74.0,9.5,12.666666666666677,2.75,3.6133333333333333,86.5,64.52666666666666,40.56,34.71,5.0
汤山街道稻纵_1_5_诱虫量,汤山街道稻纵_1_5_诱虫量,汤山街道稻纵,1,江苏省南京市江宁区,0000195c,稻纵卷叶螟,2024,33,2024-08-12,2024-08-18,7,36.3,24.9,84.43,67.71,34.3,2.42,75.24,33.56,5.0,5.0,0.7142857142857143,32.394285714285715,84.85428571428572,4.0,1.0,2.0,2.3333333333333335,4.0,2.0,4.0,37.8,37.333333333333336,27.1,27.233333333333334,76.86,77.80999999999999,66.71,70.04666666666667,62.0,25.866666666666674,1.88,3.11,83.96,80.72333333333333,39.02,39.14,4.0
汤山街道稻纵_1_5_诱虫量,汤山街道稻纵_1_5_诱虫量,汤山街道稻纵,1,江苏省南京市江宁区,0000195c,稻纵卷叶螟,2024,34,2024-08-19,2024-08-25,7,34.7,25.4,84.71,77.86,50.4,1.93,64.42,27.34,4.0,4.0,0.5714285714285714,31.892857142857142,89.38428571428572,5.0,4.0,1.0,3.3333333333333335,5.0,2.5,5.0,36.3,37.199999999999996,24.9,26.53333333333333,84.43,79.09666666666668,67.71,68.66333333333331,34.3,35.26666666666668,2.42,2.35,75.24,81.89999999999999,33.56,37.71333333333333,6.0
汤山街道稻纵_1_5_诱虫量,汤山街道稻纵_1_5_诱虫量,汤山街道稻纵,1,江苏省南京市江宁区,0000195c,稻纵卷叶螟,2024,35,2024-08-26,2024-09-01,7,35.2,24.1,83.43,71.71,6.3,2.35,74.77,30.13,6.0,6.0,0.8571428571428571,31.981428571428573,87.86571428571428,4.0,5.0,4.0,4.333333333333333,5.0,2.8333333333333335,5.0,34.7,36.266666666666666,25.4,25.799999999999997,84.71,82.0,77.86,70.75999999999999,50.4,48.90000000000001,1.93,2.0766666666666667,64.42,74.54,27.34,33.306666666666665,33.0
汤山街道稻纵_1_5_诱虫量,汤山街道稻纵_1_5_诱虫量,汤山街道稻纵,1,江苏省南京市江宁区,0000195c,稻纵卷叶螟,2024,36,2024-09-02,2024-09-08,7,33.8,24.2,79.29,68.43,2.9,3.23,78.8,33.31,33.0,33.0,4.714285714285714,31.34142857142857,87.80714285714285,6.0,4.0,5.0,5.0,6.0,3.6666666666666665,6.0,35.2,35.4,24.1,24.799999999999997,83.43,84.19,71.71,72.42666666666666,6.3,30.333333333333343,2.35,2.2333333333333334,74.77,71.47666666666667,30.13,30.343333333333334,10.0
汤山街道稻纵_1_5_诱虫量,汤山街道稻纵_1_5_诱虫量,汤山街道稻纵,1,江苏省南京市江宁区,0000195c,稻纵卷叶螟,2024,37,2024-09-09,2024-09-15,7,33.8,23.6,88.14,80.14,83.0,3.4,57.66,23.89,10.0,10.0,1.4285714285714286,29.81142857142857,93.67285714285715,33.0,6.0,4.0,14.333333333333334,33.0,8.833333333333334,33.0,33.8,34.56666666666667,24.2,24.566666666666663,79.29,82.47666666666667,68.43,72.66666666666667,2.9,19.866666666666678,3.23,2.5033333333333334,78.8,72.66333333333334,33.31,30.26,8.0
汤山街道稻纵_1_5_诱虫量,汤山街道稻纵_1_5_诱虫量,汤山街道稻纵,1,江苏省南京市江宁区,0000195c,稻纵卷叶螟,2024,38,2024-09-16,2024-09-22,7,31.6,17.4,81.14,76.86,124.9,5.49,54.64,24.01,8.0,8.0,1.1428571428571428,26.585714285714285,93.95285714285716,10.0,33.0,6.0,16.333333333333332,33.0,10.333333333333334,33.0,33.8,34.266666666666666,23.6,23.96666666666667,88.14,83.62,80.14,73.42666666666666,83.0,30.733333333333345,3.4,2.9933333333333336,57.66,70.41,23.89,29.109999999999996,31.0
汤山街道稻纵_1_5_诱虫量,汤山街道稻纵_1_5_诱虫量,汤山街道稻纵,1,江苏省南京市江宁区,0000195c,稻纵卷叶螟,2024,39,2024-09-23,2024-09-29,7,29.1,15.8,86.14,76.0,15.1,2.67,66.18,23.31,31.0,31.0,4.428571428571429,24.958571428571428,91.9342857142857,8.0,10.0,33.0,17.0,33.0,11.0,33.0,31.6,33.06666666666666,17.4,21.73333333333333,81.14,82.85666666666667,76.86,75.14333333333333,124.9,70.26666666666668,5.49,4.04,54.64,63.70000000000001,24.01,27.069999999999997,22.0
汤山街道稻纵_1_5_诱虫量,汤山街道稻纵_1_5_诱虫量,汤山街道稻纵,1,江苏省南京市江宁区,0000195c,稻纵卷叶螟,2024,40,2024-09-30,2024-10-06,7,28.6,11.9,79.0,72.14,17.2,3.38,48.16,18.62,22.0,22.0,3.142857142857143,20.02857142857143,90.60714285714286,31.0,8.0,10.0,16.333333333333332,31.0,15.333333333333334,33.0,29.1,31.5,15.8,18.933333333333334,86.14,85.14,76.0,77.66666666666667,15.1,74.33333333333334,2.67,3.853333333333333,66.18,59.49333333333334,23.31,23.736666666666665,20.0
汤山街道稻纵_1_5_诱虫量,汤山街道稻纵_1_5_诱虫量,汤山街道稻纵,1,江苏省南京市江宁区,0000195c,稻纵卷叶螟,2024,41,2024-10-07,2024-10-13,7,25.2,13.1,85.0,74.71,16.7,2.16,49.5,16.94,20.0,20.0,2.857142857142857,20.002857142857145,91.02,22.0,31.0,8.0,20.333333333333332,31.0,18.333333333333332,33.0,28.6,29.76666666666667,11.9,15.033333333333333,79.0,82.09333333333335,72.14,75.0,17.2,52.40000000000001,3.38,3.846666666666667,48.16,56.326666666666675,18.62,21.98,65.0
汤山街道稻纵_1_5_诱虫量,汤山街道稻纵_1_5_诱虫量,汤山街道稻纵,1,江苏省南京市江宁区,0000195c,稻纵卷叶螟,2024,42,2024-10-14,2024-10-20,7,27.2,11.2,86.57,77.0,49.2,3.66,31.77,14.95,65.0,65.0,9.285714285714286,20.744285714285716,94.61,20.0,22.0,31.0,24.333333333333332,31.0,20.666666666666668,33.0,25.2,27.633333333333336,13.1,13.6,85.0,83.38,74.71,74.28333333333332,16.7,16.333333333333343,2.16,2.736666666666667,49.5,54.613333333333344,16.94,19.62333333333333,15.0
汤山街道稻纵_1_5_诱虫量,汤山街道稻纵_1_5_诱虫量,汤山街道稻纵,1,江苏省南京市江宁区,0000195c,稻纵卷叶螟,2024,43,2024-10-21,2024-10-27,7,22.3,8.6,88.29,80.43,20.0,3.16,35.15,12.25,15.0,15.0,2.142857142857143,17.164285714285715,93.50142857142858,65.0,20.0,22.0,35.666666666666664,65.0,26.0,65.0,27.2,27.0,11.2,12.066666666666665,86.57,83.52333333333333,77.0,74.61666666666666,49.2,27.700000000000006,3.66,3.0666666666666664,31.77,43.14333333333334,14.95,16.836666666666662,1.0
汤山街道稻纵_1_5_诱虫量,汤山街道稻纵_1_5_诱虫量,汤山街道稻纵,1,江苏省南京市江宁区,0000195c,稻纵卷叶螟,2024,44,2024-10-28,2024-11-03,3,22.0,9.3,87.57,74.57,6.8,2.95,55.84,15.81,1.0,1.0,0.3333333333333333,16.2,87.03,15.0,65.0,20.0,33.333333333333336,65.0,26.833333333333332,65.0,22.3,24.900000000000002,8.6,10.966666666666667,88.29,86.62,80.43,77.38,20.0,28.633333333333344,3.16,2.9933333333333336,35.15,38.80666666666667,12.25,14.713333333333331,
浦口区滨江榴园南_1_23_诱虫量,浦口区滨江榴园南_1_23_诱虫量,浦口区滨江榴园南,1,江苏省南京市浦口区,00002abe,稻纵卷叶螟,2024,30,2024-07-22,2024-07-28,5,36.7,27.0,80.57,71.86,6.1,4.7,71.71,37.84,2.0,2.0,0.4,33.226,68.03399999999999,,,,,,,,,,,,,,,,,,,,,,,,5.0
浦口区滨江榴园南_1_23_诱虫量,浦口区滨江榴园南_1_23_诱虫量,浦口区滨江榴园南,1,江苏省南京市浦口区,00002abe,稻纵卷叶螟,2024,31,2024-07-29,2024-08-04,7,37.5,27.6,76.0,71.57,9.5,2.75,86.5,40.56,5.0,5.0,0.7142857142857143,33.504285714285714,72.78142857142858,2.0,,,2.0,2.0,2.0,2.0,36.7,36.7,27.0,27.0,80.57,80.57,71.86,71.86,6.1,6.1,4.7,4.7,71.71,71.71,37.84,37.84,10.0
浦口区滨江榴园南_1_23_诱虫量,浦口区滨江榴园南_1_23_诱虫量,浦口区滨江榴园南,1,江苏省南京市浦口区,00002abe,稻纵卷叶螟,2024,32,2024-08-05,2024-08-11,7,37.8,27.1,76.86,66.71,62.0,1.88,83.96,39.02,10.0,10.0,1.4285714285714286,32.69714285714286,74.53,5.0,2.0,,3.5,5.0,3.5,5.0,37.5,37.1,27.6,27.3,76.0,78.285,71.57,71.715,9.5,7.8,2.75,3.725,86.5,79.10499999999999,40.56,39.2,6.0
浦口区滨江榴园南_1_23_诱虫量,浦口区滨江榴园南_1_23_诱虫量,浦口区滨江榴园南,1,江苏省南京市浦口区,00002abe,稻纵卷叶螟,2024,33,2024-08-12,2024-08-18,7,36.3,24.9,84.43,67.71,34.3,2.42,75.24,33.56,6.0,6.0,0.8571428571428571,32.16857142857143,72.72142857142858,10.0,5.0,2.0,5.666666666666667,10.0,5.666666666666667,10.0,37.8,37.333333333333336,27.1,27.233333333333334,76.86,77.81,66.71,70.04666666666667,62.0,25.866666666666664,1.88,3.11,83.96,80.72333333333333,39.02,39.14000000000001,37.0
浦口区滨江榴园南_1_23_诱虫量,浦口区滨江榴园南_1_23_诱虫量,浦口区滨江榴园南,1,江苏省南京市浦口区,00002abe,稻纵卷叶螟,2024,34,2024-08-19,2024-08-25,7,34.7,25.4,84.71,77.86,50.4,1.93,64.42,27.34,37.0,37.0,5.285714285714286,31.032857142857146,80.64714285714285,6.0,10.0,5.0,7.0,10.0,5.75,10.0,36.3,37.199999999999996,24.9,26.53333333333333,84.43,79.09666666666668,67.71,68.66333333333331,34.3,35.26666666666667,2.42,2.35,75.24,81.89999999999999,33.56,37.71333333333334,51.0
浦口区滨江榴园南_1_23_诱虫量,浦口区滨江榴园南_1_23_诱虫量,浦口区滨江榴园南,1,江苏省南京市浦口区,00002abe,稻纵卷叶螟,2024,35,2024-08-26,2024-09-01,7,35.2,24.1,83.43,71.71,6.3,2.35,74.77,30.13,51.0,51.0,7.285714285714286,30.957142857142856,78.50857142857141,37.0,6.0,10.0,17.666666666666668,37.0,12.0,37.0,34.7,36.266666666666666,25.4,25.8,84.71,82.0,77.86,70.75999999999999,50.4,48.9,1.93,2.0766666666666667,64.42,74.53999999999999,27.34,33.306666666666665,83.0
浦口区滨江榴园南_1_23_诱虫量,浦口区滨江榴园南_1_23_诱虫量,浦口区滨江榴园南,1,江苏省南京市浦口区,00002abe,稻纵卷叶螟,2024,36,2024-09-02,2024-09-08,7,33.8,24.2,79.29,68.43,2.9,3.23,78.8,33.31,83.0,83.0,11.857142857142858,31.365714285714287,74.24571428571429,51.0,37.0,6.0,31.333333333333332,51.0,18.5,51.0,35.2,35.4,24.1,24.8,83.43,84.19,71.71,72.42666666666666,6.3,30.333333333333332,2.35,2.2333333333333334,74.77,71.47666666666667,30.13,30.343333333333334,85.0
浦口区滨江榴园南_1_23_诱虫量,浦口区滨江榴园南_1_23_诱虫量,浦口区滨江榴园南,1,江苏省南京市浦口区,00002abe,稻纵卷叶螟,2024,37,2024-09-09,2024-09-15,7,33.8,23.6,88.14,80.14,83.0,3.4,57.66,23.89,85.0,85.0,12.142857142857142,29.86285714285714,80.66285714285713,83.0,51.0,37.0,57.0,83.0,32.0,83.0,33.8,34.56666666666667,24.2,24.566666666666666,79.29,82.47666666666667,68.43,72.66666666666667,2.9,19.866666666666667,3.23,2.5033333333333334,78.8,72.66333333333333,33.31,30.26,3.0
浦口区滨江榴园南_1_23_诱虫量,浦口区滨江榴园南_1_23_诱虫量,浦口区滨江榴园南,1,江苏省南京市浦口区,00002abe,稻纵卷叶螟,2024,38,2024-09-16,2024-09-22,7,31.6,17.4,81.14,76.86,124.9,5.49,54.64,24.01,3.0,3.0,0.42857142857142855,27.274285714285718,77.85857142857142,85.0,83.0,51.0,73.0,85.0,45.333333333333336,85.0,33.8,34.266666666666666,23.6,23.96666666666667,88.14,83.62,80.14,73.42666666666666,83.0,30.733333333333334,3.4,2.9933333333333336,57.66,70.41,23.89,29.11,10.0
浦口区滨江榴园南_1_23_诱虫量,浦口区滨江榴园南_1_23_诱虫量,浦口区滨江榴园南,1,江苏省南京市浦口区,00002abe,稻纵卷叶螟,2024,39,2024-09-23,2024-09-29,7,29.1,15.8,86.14,76.0,15.1,2.67,66.18,23.31,10.0,10.0,1.4285714285714286,26.247142857142855,74.21142857142857,3.0,85.0,83.0,57.0,85.0,44.166666666666664,85.0,31.6,33.06666666666666,17.4,21.733333333333334,81.14,82.85666666666667,76.86,75.14333333333333,124.9,70.26666666666667,5.49,4.04,54.64,63.69999999999999,24.01,27.070000000000004,7.0
浦口区滨江榴园南_1_23_诱虫量,浦口区滨江榴园南_1_23_诱虫量,浦口区滨江榴园南,1,江苏省南京市浦口区,00002abe,稻纵卷叶螟,2024,40,2024-09-30,2024-10-06,7,28.6,11.9,79.0,72.14,17.2,3.38,48.16,18.62,7.0,7.0,1.0,20.59142857142857,72.6557142857143,10.0,3.0,85.0,32.666666666666664,85.0,44.833333333333336,85.0,29.1,31.5,15.8,18.933333333333334,86.14,85.14,76.0,77.66666666666667,15.1,74.33333333333333,2.67,3.853333333333333,66.18,59.49333333333334,23.31,23.736666666666668,2.0
浦口区滨江榴园南_1_23_诱虫量,浦口区滨江榴园南_1_23_诱虫量,浦口区滨江榴园南,1,江苏省南京市浦口区,00002abe,稻纵卷叶螟,2024,41,2024-10-07,2024-10-13,7,25.2,13.1,85.0,74.71,16.7,2.16,49.5,16.94,2.0,2.0,0.2857142857142857,21.042857142857144,76.42571428571429,7.0,10.0,3.0,6.666666666666667,10.0,39.833333333333336,85.0,28.6,29.76666666666667,11.9,15.033333333333333,79.0,82.09333333333333,72.14,75.0,17.2,52.4,3.38,3.846666666666667,48.16,56.326666666666675,18.62,21.98,48.0
浦口区滨江榴园南_1_23_诱虫量,浦口区滨江榴园南_1_23_诱虫量,浦口区滨江榴园南,1,江苏省南京市浦口区,00002abe,稻纵卷叶螟,2024,42,2024-10-14,2024-10-20,7,27.2,11.2,86.57,77.0,49.2,3.66,31.77,14.95,48.0,48.0,6.857142857142857,21.40142857142857,78.07428571428571,2.0,7.0,10.0,6.333333333333333,10.0,31.666666666666668,85.0,25.2,27.633333333333336,13.1,13.6,85.0,83.38,74.71,74.28333333333332,16.7,16.333333333333332,2.16,2.736666666666667,49.5,54.61333333333334,16.94,19.62333333333333,1.0
浦口区滨江榴园南_1_23_诱虫量,浦口区滨江榴园南_1_23_诱虫量,浦口区滨江榴园南,1,江苏省南京市浦口区,00002abe,稻纵卷叶螟,2024,43,2024-10-21,2024-10-27,7,22.3,8.6,88.29,80.43,20.0,3.16,35.15,12.25,1.0,1.0,0.14285714285714285,17.81,78.96857142857142,48.0,2.0,7.0,19.0,48.0,25.833333333333332,85.0,27.2,27.0,11.2,12.066666666666668,86.57,83.52333333333333,77.0,74.61666666666666,49.2,27.7,3.66,3.0666666666666664,31.77,43.14333333333334,14.95,16.83666666666667,1.0
浦口区滨江榴园南_1_23_诱虫量,浦口区滨江榴园南_1_23_诱虫量,浦口区滨江榴园南,1,江苏省南京市浦口区,00002abe,稻纵卷叶螟,2024,44,2024-10-28,2024-11-03,3,22.0,9.3,87.57,74.57,6.8,2.95,55.84,15.81,1.0,1.0,0.3333333333333333,16.42,73.77000000000001,1.0,48.0,2.0,17.0,48.0,11.833333333333334,48.0,22.3,24.900000000000002,8.6,10.966666666666667,88.29,86.62,80.43,77.38,20.0,28.633333333333336,3.16,2.9933333333333336,35.15,38.806666666666665,12.25,14.713333333333333,
淳化街道稻纵_1_1_诱虫量,淳化街道稻纵_1_1_诱虫量,淳化街道稻纵,1,江苏省南京市江宁区,00001977,稻纵卷叶螟,2023,22,2023-05-28,2023-06-03,3,32.3,20.1,84.14,74.14,29.6,2.38,48.59,25.72,0.0,0.0,0.0,28.296666666666667,63.943333333333335,,,,,,,,,,,,,,,,,,,,,,,,0.0
淳化街道稻纵_1_1_诱虫量,淳化街道稻纵_1_1_诱虫量,淳化街道稻纵,1,江苏省南京市江宁区,00001977,稻纵卷叶螟,2023,23,2023-06-04,2023-06-10,7,34.2,16.0,80.43,75.0,31.1,2.66,59.78,28.9,0.0,0.0,0.0,26.458571428571428,77.0442857142857,0.0,,,0.0,0.0,0.0,0.0,32.3,32.3,20.1,20.1,84.14,84.14,74.14,74.14,29.6,29.6,2.38,2.38,48.59,48.59,25.72,25.72,0.0
淳化街道稻纵_1_1_诱虫量,淳化街道稻纵_1_1_诱虫量,淳化街道稻纵,1,江苏省南京市江宁区,00001977,稻纵卷叶螟,2023,24,2023-06-11,2023-06-17,7,32.4,19.2,80.14,65.0,8.5,2.69,57.13,31.06,0.0,0.0,0.0,27.382857142857144,76.08714285714287,0.0,0.0,,0.0,0.0,0.0,0.0,34.2,33.25,16.0,18.05,80.43,82.285,75.0,74.57,31.1,30.35,2.66,2.52,59.78,54.185,28.9,27.31,0.0
淳化街道稻纵_1_1_诱虫量,淳化街道稻纵_1_1_诱虫量,淳化街道稻纵,1,江苏省南京市江宁区,00001977,稻纵卷叶螟,2023,25,2023-06-18,2023-06-24,7,31.4,20.5,87.57,74.57,82.3,2.55,29.04,21.42,0.0,0.0,0.0,26.58285714285714,88.83714285714287,0.0,0.0,0.0,0.0,0.0,0.0,0.0,32.4,32.96666666666667,19.2,18.433333333333334,80.14,81.57000000000001,65.0,71.38,8.5,23.066666666666666,2.69,2.5766666666666667,57.13,55.166666666666664,31.06,28.56,3.0
淳化街道稻纵_1_1_诱虫量,淳化街道稻纵_1_1_诱虫量,淳化街道稻纵,1,江苏省南京市江宁区,00001977,稻纵卷叶螟,2023,26,2023-06-25,2023-07-01,7,32.8,21.5,86.29,78.86,64.0,2.94,49.98,24.98,3.0,3.0,0.42857142857142855,29.351428571428567,86.71142857142857,0.0,0.0,0.0,0.0,0.0,0.0,0.0,31.4,32.666666666666664,20.5,18.566666666666666,87.57,82.71333333333332,74.57,71.52333333333333,82.3,40.63333333333333,2.55,2.6333333333333333,29.04,48.65,21.42,27.126666666666665,0.0
淳化街道稻纵_1_1_诱虫量,淳化街道稻纵_1_1_诱虫量,淳化街道稻纵,1,江苏省南京市江宁区,00001977,稻纵卷叶螟,2023,27,2023-07-02,2023-07-08,7,32.9,23.9,87.86,82.29,123.1,3.4,45.76,24.46,0.0,0.0,0.0,30.37714285714286,89.07142857142857,3.0,0.0,0.0,1.0,3.0,0.6,3.0,32.8,32.199999999999996,21.5,20.400000000000002,86.29,84.66666666666667,78.86,72.81,64.0,51.6,2.94,2.7266666666666666,49.98,45.38333333333333,24.98,25.820000000000004,3.0
淳化街道稻纵_1_1_诱虫量,淳化街道稻纵_1_1_诱虫量,淳化街道稻纵,1,江苏省南京市江宁区,00001977,稻纵卷叶螟,2023,28,2023-07-09,2023-07-15,7,34.9,24.6,84.57,77.0,27.6,3.38,49.19,28.48,3.0,3.0,0.42857142857142855,30.494285714285716,89.07714285714285,0.0,3.0,0.0,1.0,3.0,0.5,3.0,32.9,32.36666666666667,23.9,21.966666666666665,87.86,87.24000000000001,82.29,78.57333333333334,123.1,89.8,3.4,2.9633333333333334,45.76,41.593333333333334,24.46,23.62,7.0
淳化街道稻纵_1_1_诱虫量,淳化街道稻纵_1_1_诱虫量,淳化街道稻纵,1,江苏省南京市江宁区,00001977,稻纵卷叶螟,2023,29,2023-07-16,2023-07-22,7,31.5,23.5,89.43,84.71,117.0,2.29,34.08,19.55,7.0,7.0,1.0,29.125714285714285,91.88428571428571,3.0,0.0,3.0,2.0,3.0,1.0,3.0,34.9,33.53333333333333,24.6,23.333333333333332,84.57,86.24000000000001,77.0,79.38333333333334,27.6,71.56666666666666,3.38,3.2399999999999998,49.19,48.31,28.48,25.973333333333333,11.0
淳化街道稻纵_1_1_诱虫量,淳化街道稻纵_1_1_诱虫量,淳化街道稻纵,1,江苏省南京市江宁区,00001977,稻纵卷叶螟,2023,30,2023-07-23,2023-07-29,7,33.2,25.1,86.86,80.86,44.3,3.98,65.75,29.7,11.0,11.0,1.5714285714285714,30.174285714285713,89.38142857142857,7.0,3.0,0.0,3.3333333333333335,7.0,2.1666666666666665,7.0,31.5,33.1,23.5,24.0,89.43,87.28666666666668,84.71,81.33333333333333,117.0,89.23333333333333,2.29,3.0233333333333334,34.08,43.01,19.55,24.163333333333338,1.0
淳化街道稻纵_1_1_诱虫量,淳化街道稻纵_1_1_诱虫量,淳化街道稻纵,1,江苏省南京市江宁区,00001977,稻纵卷叶螟,2023,31,2023-07-30,2023-08-05,7,34.0,25.0,86.43,76.43,17.1,3.1,81.36,32.83,1.0,1.0,0.14285714285714285,32.00714285714286,84.28142857142858,11.0,7.0,3.0,7.0,11.0,4.0,11.0,33.2,33.2,25.1,24.400000000000002,86.86,86.95333333333333,80.86,80.85666666666667,44.3,62.96666666666666,3.98,3.2166666666666663,65.75,49.673333333333325,29.7,25.91,8.0
淳化街道稻纵_1_1_诱虫量,淳化街道稻纵_1_1_诱虫量,淳化街道稻纵,1,江苏省南京市江宁区,00001977,稻纵卷叶螟,2023,32,2023-08-06,2023-08-12,7,35.1,24.0,83.71,75.14,10.3,2.08,79.69,33.11,8.0,8.0,1.1428571428571428,31.495714285714286,81.91285714285713,1.0,11.0,7.0,6.333333333333333,11.0,4.166666666666667,11.0,34.0,32.9,25.0,24.53333333333333,86.43,87.57333333333334,76.43,80.66666666666667,17.1,59.46666666666667,3.1,3.1233333333333335,81.36,60.39666666666667,32.83,27.36,6.0
淳化街道稻纵_1_1_诱虫量,淳化街道稻纵_1_1_诱虫量,淳化街道稻纵,1,江苏省南京市江宁区,00001977,稻纵卷叶螟,2023,33,2023-08-13,2023-08-19,7,33.7,23.9,86.57,81.29,26.5,2.19,77.01,29.64,6.0,6.0,0.8571428571428571,31.521666666666665,83.49333333333333,8.0,1.0,11.0,6.666666666666667,11.0,5.0,11.0,35.1,34.1,24.0,24.7,83.71,85.66666666666667,75.14,77.47666666666667,10.3,23.900000000000002,2.08,3.0533333333333332,79.69,75.60000000000001,33.11,31.88,6.0
淳化街道稻纵_1_1_诱虫量,淳化街道稻纵_1_1_诱虫量,淳化街道稻纵,1,江苏省南京市江宁区,00001977,稻纵卷叶螟,2023,34,2023-08-20,2023-08-26,7,32.0,22.4,82.71,72.0,27.1,2.8,70.93,31.5,6.0,6.0,0.8571428571428571,30.084285714285716,81.98857142857142,6.0,8.0,1.0,5.0,8.0,6.0,11.0,33.7,34.26666666666667,23.9,24.3,86.57,85.57,81.29,77.62,26.5,17.96666666666667,2.19,2.4566666666666666,77.01,79.35333333333334,29.64,31.86,0.0
淳化街道稻纵_1_1_诱虫量,淳化街道稻纵_1_1_诱虫量,淳化街道稻纵,1,江苏省南京市江宁区,00001977,稻纵卷叶螟,2023,35,2023-08-27,2023-09-02,7,29.4,18.5,86.86,78.57,59.2,2.79,42.5,22.49,0.0,0.0,0.0,25.78,87.32571428571428,6.0,6.0,8.0,6.666666666666667,8.0,6.5,11.0,32.0,33.6,22.4,23.433333333333334,82.71,84.32999999999998,72.0,76.14333333333333,27.1,21.3,2.8,2.3566666666666665,70.93,75.87666666666667,31.5,31.416666666666668,1.0
淳化街道稻纵_1_1_诱虫量,淳化街道稻纵_1_1_诱虫量,淳化街道稻纵,1,江苏省南京市江宁区,00001977,稻纵卷叶螟,2023,36,2023-09-03,2023-09-09,7,31.0,21.7,88.0,73.71,2.5,2.83,74.88,29.19,1.0,1.0,0.14285714285714285,28.57857142857143,83.47285714285715,0.0,6.0,6.0,4.0,6.0,5.333333333333333,11.0,29.4,31.700000000000003,18.5,21.599999999999998,86.86,85.38,78.57,77.28666666666668,59.2,37.6,2.79,2.5933333333333333,42.5,63.48,22.49,27.876666666666665,1.0
淳化街道稻纵_1_1_诱虫量,淳化街道稻纵_1_1_诱虫量,淳化街道稻纵,1,江苏省南京市江宁区,00001977,稻纵卷叶螟,2023,37,2023-09-10,2023-09-16,7,31.4,20.4,87.43,82.14,74.6,2.74,29.78,17.15,1.0,1.0,0.14285714285714285,25.931428571428572,91.22,1.0,0.0,6.0,2.3333333333333335,6.0,3.6666666666666665,8.0,31.0,30.8,21.7,20.866666666666664,88.0,85.85666666666667,73.71,74.75999999999999,2.5,29.600000000000005,2.83,2.8066666666666666,74.88,62.77,29.19,27.72666666666667,4.0
淳化街道稻纵_1_1_诱虫量,淳化街道稻纵_1_1_诱虫量,淳化街道稻纵,1,江苏省南京市江宁区,00001977,稻纵卷叶螟,2023,38,2023-09-17,2023-09-23,7,32.0,18.8,88.57,77.57,41.3,2.51,30.18,16.82,4.0,4.0,0.5714285714285714,24.905714285714286,91.32857142857142,1.0,1.0,0.0,0.6666666666666666,1.0,3.6666666666666665,8.0,31.4,30.599999999999998,20.4,20.2,87.43,87.43,82.14,78.13999999999999,74.6,45.43333333333334,2.74,2.7866666666666666,29.78,49.053333333333335,17.15,22.94333333333333,3.0
淳化街道稻纵_1_1_诱虫量,淳化街道稻纵_1_1_诱虫量,淳化街道稻纵,1,江苏省南京市江宁区,00001977,稻纵卷叶螟,2023,39,2023-09-24,2023-09-30,7,28.2,19.1,89.57,82.43,13.3,2.19,45.28,17.44,3.0,3.0,0.42857142857142855,24.97142857142857,91.41142857142857,4.0,1.0,1.0,2.0,4.0,3.0,6.0,32.0,31.46666666666667,18.8,20.299999999999997,88.57,88.0,77.57,77.80666666666666,41.3,39.46666666666666,2.51,2.6933333333333334,30.18,44.946666666666665,16.82,21.053333333333335,0.0
淳化街道稻纵_1_1_诱虫量,淳化街道稻纵_1_1_诱虫量,淳化街道稻纵,1,江苏省南京市江宁区,00001977,稻纵卷叶螟,2023,40,2023-10-01,2023-10-07,7,25.5,15.7,80.86,71.71,21.7,3.55,38.52,19.59,0.0,0.0,0.0,21.18857142857143,83.32285714285715,3.0,4.0,1.0,2.6666666666666665,4.0,2.5,6.0,28.2,30.53333333333333,19.1,19.433333333333334,89.57,88.52333333333333,82.43,80.71333333333332,13.3,43.06666666666666,2.19,2.48,45.28,35.080000000000005,17.44,17.136666666666667,0.0
淳化街道稻纵_1_1_诱虫量,淳化街道稻纵_1_1_诱虫量,淳化街道稻纵,1,江苏省南京市江宁区,00001977,稻纵卷叶螟,2023,41,2023-10-08,2023-10-14,7,23.6,13.5,84.86,74.14,0.0,2.05,50.14,17.04,0.0,0.0,0.0,20.919999999999998,82.14142857142858,0.0,3.0,4.0,2.3333333333333335,4.0,1.5,4.0,25.5,28.566666666666666,15.7,17.866666666666667,80.86,86.33333333333333,71.71,77.23666666666666,21.7,25.433333333333334,3.55,2.75,38.52,37.99333333333333,19.59,17.95,0.0
淳化街道稻纵_1_1_诱虫量,淳化街道稻纵_1_1_诱虫量,淳化街道稻纵,1,江苏省南京市江宁区,00001977,稻纵卷叶螟,2023,42,2023-10-15,2023-10-21,7,26.1,9.6,84.43,62.0,4.0,2.46,71.43,22.45,0.0,0.0,0.0,20.485714285714288,74.98,0.0,0.0,3.0,1.0,3.0,1.5,4.0,23.6,25.766666666666666,13.5,16.099999999999998,84.86,85.09666666666666,74.14,76.09333333333332,0.0,11.666666666666666,2.05,2.5966666666666662,50.14,44.64666666666667,17.04,18.023333333333333,0.0
淳化街道稻纵_1_1_诱虫量,淳化街道稻纵_1_1_诱虫量,淳化街道稻纵,1,江苏省南京市江宁区,00001977,稻纵卷叶螟,2023,43,2023-10-22,2023-10-28,7,25.6,9.6,85.14,64.29,0.0,1.94,60.15,18.61,0.0,0.0,0.0,20.41857142857143,80.24857142857142,0.0,0.0,0.0,0.0,0.0,1.3333333333333333,4.0,26.1,25.066666666666666,9.6,12.933333333333332,84.43,83.38333333333334,62.0,69.28333333333332,4.0,8.566666666666666,2.46,2.686666666666667,71.43,53.363333333333344,22.45,19.69333333333333,0.0
淳化街道稻纵_1_1_诱虫量,淳化街道稻纵_1_1_诱虫量,淳化街道稻纵,1,江苏省南京市江宁区,00001977,稻纵卷叶螟,2023,44,2023-10-29,2023-11-04,2,27.6,12.9,83.57,69.14,0.8,2.48,60.23,19.36,0.0,0.0,0.0,20.74,79.74,0.0,0.0,0.0,0.0,0.0,1.1666666666666667,4.0,25.6,25.099999999999998,9.6,10.9,85.14,84.81,64.29,66.81,0.0,1.3333333333333333,1.94,2.15,60.15,60.57333333333333,18.61,19.366666666666664,0.0
淳化街道稻纵_1_1_诱虫量,淳化街道稻纵_1_1_诱虫量,淳化街道稻纵,1,江苏省南京市江宁区,00001977,稻纵卷叶螟,2024,22,2024-05-27,2024-06-02,2,26.9,14.2,77.71,68.43,42.5,2.69,50.74,25.99,0.0,0.0,0.0,24.405,71.12,0.0,0.0,0.0,0.0,0.0,0.5,3.0,27.6,26.433333333333337,12.9,10.700000000000001,83.57,84.38,69.14,65.14333333333333,0.8,1.5999999999999999,2.48,2.2933333333333334,60.23,63.93666666666667,19.36,20.14,0.0
淳化街道稻纵_1_1_诱虫量,淳化街道稻纵_1_1_诱虫量,淳化街道稻纵,1,江苏省南京市江宁区,00001977,稻纵卷叶螟,2024,23,2024-06-03,2024-06-09,7,30.9,17.1,76.86,61.71,5.2,2.43,62.66,30.94,0.0,0.0,0.0,25.88,75.61714285714287,0.0,0.0,0.0,0.0,0.0,0.0,0.0,26.9,26.7,14.2,12.233333333333333,77.71,82.14,68.43,67.28666666666668,42.5,14.433333333333332,2.69,2.3699999999999997,50.74,57.04,25.99,21.319999999999997,1.0
淳化街道稻纵_1_1_诱虫量,淳化街道稻纵_1_1_诱虫量,淳化街道稻纵,1,江苏省南京市江宁区,00001977,稻纵卷叶螟,2024,24,2024-06-10,2024-06-16,7,34.2,20.7,79.71,58.71,0.7,2.43,71.14,35.09,1.0,1.0,0.14285714285714285,30.214285714285715,74.13,0.0,0.0,0.0,0.0,0.0,0.0,0.0,30.9,28.46666666666667,17.1,14.733333333333334,76.86,79.38,61.71,66.42666666666666,5.2,16.166666666666668,2.43,2.533333333333333,62.66,57.876666666666665,30.94,25.429999999999996,0.0
淳化街道稻纵_1_1_诱虫量,淳化街道稻纵_1_1_诱虫量,淳化街道稻纵,1,江苏省南京市江宁区,00001977,稻纵卷叶螟,2024,25,2024-06-17,2024-06-23,7,32.3,21.3,85.0,69.86,96.1,3.32,46.58,27.17,0.0,0.0,0.0,27.61285714285714,86.96857142857142,1.0,0.0,0.0,0.3333333333333333,1.0,0.16666666666666666,1.0,34.2,30.666666666666668,20.7,17.333333333333332,79.71,78.09333333333332,58.71,62.95000000000001,0.7,16.133333333333333,2.43,2.5166666666666666,71.14,61.51333333333333,35.09,30.673333333333332,0.0
淳化街道稻纵_1_1_诱虫量,淳化街道稻纵_1_1_诱虫量,淳化街道稻纵,1,江苏省南京市江宁区,00001977,稻纵卷叶螟,2024,26,2024-06-24,2024-06-30,7,30.9,20.7,88.71,85.57,179.0,2.73,26.58,17.62,0.0,0.0,0.0,26.25714285714286,94.9042857142857,0.0,1.0,0.0,0.3333333333333333,1.0,0.16666666666666666,1.0,32.3,32.46666666666667,21.3,19.7,85.0,80.52333333333333,69.86,63.42666666666667,96.1,34.0,3.32,2.7266666666666666,46.58,60.126666666666665,27.17,31.066666666666666,0.0
淳化街道稻纵_1_1_诱虫量,淳化街道稻纵_1_1_诱虫量,淳化街道稻纵,1,江苏省南京市江宁区,00001977,稻纵卷叶螟,2024,27,2024-07-01,2024-07-07,7,34.9,22.6,81.14,78.57,41.8,4.14,62.65,32.6,0.0,0.0,0.0,31.602857142857143,82.67571428571429,0.0,0.0,1.0,0.3333333333333333,1.0,0.16666666666666666,1.0,30.9,32.46666666666667,20.7,20.9,88.71,84.47333333333331,85.57,71.38,179.0,91.93333333333334,2.73,2.8266666666666667,26.58,48.099999999999994,17.62,26.62666666666667,0.0
淳化街道稻纵_1_1_诱虫量,淳化街道稻纵_1_1_诱虫量,淳化街道稻纵,1,江苏省南京市江宁区,00001977,稻纵卷叶螟,2024,28,2024-07-08,2024-07-14,7,35.0,21.4,88.57,86.0,168.8,2.44,20.72,18.18,0.0,0.0,0.0,27.88714285714286,93.37714285714286,0.0,0.0,0.0,0.0,0.0,0.16666666666666666,1.0,34.9,32.699999999999996,22.6,21.53333333333333,81.14,84.95,78.57,78.0,41.8,105.63333333333334,4.14,3.3966666666666665,62.65,45.27,32.6,25.796666666666667,0.0
淳化街道稻纵_1_1_诱虫量,淳化街道稻纵_1_1_诱虫量,淳化街道稻纵,1,江苏省南京市江宁区,00001977,稻纵卷叶螟,2024,29,2024-07-15,2024-07-21,7,35.2,24.3,81.86,78.57,22.4,3.39,35.37,25.73,0.0,0.0,0.0,32.30142857142857,85.91142857142857,0.0,0.0,0.0,0.0,0.0,0.16666666666666666,1.0,35.0,33.6,21.4,21.566666666666663,88.57,86.13999999999999,86.0,83.38,168.8,129.86666666666667,2.44,3.103333333333333,20.72,36.65,18.18,22.8,0.0
淳化街道稻纵_1_1_诱虫量,淳化街道稻纵_1_1_诱虫量,淳化街道稻纵,1,江苏省南京市江宁区,00001977,稻纵卷叶螟,2024,30,2024-07-22,2024-07-28,7,36.7,27.0,80.57,71.86,6.1,4.7,71.71,37.84,0.0,0.0,0.0,32.9,84.69142857142857,0.0,0.0,0.0,0.0,0.0,0.16666666666666666,1.0,35.2,35.03333333333334,24.3,22.766666666666666,81.86,83.85666666666667,78.57,81.04666666666667,22.4,77.66666666666667,3.39,3.323333333333333,35.37,39.58,25.73,25.50333333333333,0.0
淳化街道稻纵_1_1_诱虫量,淳化街道稻纵_1_1_诱虫量,淳化街道稻纵,1,江苏省南京市江宁区,00001977,稻纵卷叶螟,2024,31,2024-07-29,2024-08-04,7,37.5,27.6,76.0,71.57,9.5,2.75,86.5,40.56,0.0,0.0,0.0,34.62714285714286,80.11571428571428,0.0,0.0,0.0,0.0,0.0,0.0,0.0,36.7,35.63333333333333,27.0,24.233333333333334,80.57,83.66666666666667,71.86,78.81,6.1,65.76666666666668,4.7,3.5100000000000002,71.71,42.599999999999994,37.84,27.25,0.0
淳化街道稻纵_1_1_诱虫量,淳化街道稻纵_1_1_诱虫量,淳化街道稻纵,1,江苏省南京市江宁区,00001977,稻纵卷叶螟,2024,32,2024-08-05,2024-08-11,7,37.8,27.1,76.86,66.71,62.0,1.88,83.96,39.02,0.0,0.0,0.0,34.54,79.84857142857143,0.0,0.0,0.0,0.0,0.0,0.0,0.0,37.5,36.46666666666667,27.6,26.299999999999997,76.0,79.47666666666667,71.57,74.0,9.5,12.666666666666677,2.75,3.6133333333333333,86.5,64.52666666666666,40.56,34.71,0.0
淳化街道稻纵_1_1_诱虫量,淳化街道稻纵_1_1_诱虫量,淳化街道稻纵,1,江苏省南京市江宁区,00001977,稻纵卷叶螟,2024,33,2024-08-12,2024-08-18,7,36.3,24.9,84.43,67.71,34.3,2.42,75.24,33.56,0.0,0.0,0.0,31.591428571428573,84.54857142857144,0.0,0.0,0.0,0.0,0.0,0.0,0.0,37.8,37.333333333333336,27.1,27.233333333333334,76.86,77.80999999999999,66.71,70.04666666666667,62.0,25.866666666666674,1.88,3.11,83.96,80.72333333333333,39.02,39.14,2.0
淳化街道稻纵_1_1_诱虫量,淳化街道稻纵_1_1_诱虫量,淳化街道稻纵,1,江苏省南京市江宁区,00001977,稻纵卷叶螟,2024,34,2024-08-19,2024-08-25,7,34.7,25.4,84.71,77.86,50.4,1.93,64.42,27.34,2.0,2.0,0.2857142857142857,31.609999999999996,88.27428571428571,0.0,0.0,0.0,0.0,0.0,0.0,0.0,36.3,37.199999999999996,24.9,26.53333333333333,84.43,79.09666666666668,67.71,68.66333333333331,34.3,35.26666666666668,2.42,2.35,75.24,81.89999999999999,33.56,37.71333333333333,97.0
淳化街道稻纵_1_1_诱虫量,淳化街道稻纵_1_1_诱虫量,淳化街道稻纵,1,江苏省南京市江宁区,00001977,稻纵卷叶螟,2024,35,2024-08-26,2024-09-01,7,35.2,24.1,83.43,71.71,6.3,2.35,74.77,30.13,97.0,97.0,13.857142857142858,31.782857142857146,86.34714285714287,2.0,0.0,0.0,0.6666666666666666,2.0,0.3333333333333333,2.0,34.7,36.266666666666666,25.4,25.799999999999997,84.71,82.0,77.86,70.75999999999999,50.4,48.90000000000001,1.93,2.0766666666666667,64.42,74.54,27.34,33.306666666666665,186.0
淳化街道稻纵_1_1_诱虫量,淳化街道稻纵_1_1_诱虫量,淳化街道稻纵,1,江苏省南京市江宁区,00001977,稻纵卷叶螟,2024,36,2024-09-02,2024-09-08,7,33.8,24.2,79.29,68.43,2.9,3.23,78.8,33.31,186.0,186.0,26.571428571428573,30.73857142857143,86.49571428571429,97.0,2.0,0.0,33.0,97.0,16.5,97.0,35.2,35.4,24.1,24.799999999999997,83.43,84.19,71.71,72.42666666666666,6.3,30.333333333333343,2.35,2.2333333333333334,74.77,71.47666666666667,30.13,30.343333333333334,56.0
淳化街道稻纵_1_1_诱虫量,淳化街道稻纵_1_1_诱虫量,淳化街道稻纵,1,江苏省南京市江宁区,00001977,稻纵卷叶螟,2024,37,2024-09-09,2024-09-15,7,33.8,23.6,88.14,80.14,83.0,3.4,57.66,23.89,56.0,56.0,8.0,30.00714285714286,91.66714285714285,186.0,97.0,2.0,95.0,186.0,47.5,186.0,33.8,34.56666666666667,24.2,24.566666666666663,79.29,82.47666666666667,68.43,72.66666666666667,2.9,19.866666666666678,3.23,2.5033333333333334,78.8,72.66333333333334,33.31,30.26,35.0
淳化街道稻纵_1_1_诱虫量,淳化街道稻纵_1_1_诱虫量,淳化街道稻纵,1,江苏省南京市江宁区,00001977,稻纵卷叶螟,2024,38,2024-09-16,2024-09-22,7,31.6,17.4,81.14,76.86,124.9,5.49,54.64,24.01,35.0,35.0,5.0,26.358571428571427,93.04285714285713,56.0,186.0,97.0,113.0,186.0,56.833333333333336,186.0,33.8,34.266666666666666,23.6,23.96666666666667,88.14,83.62,80.14,73.42666666666666,83.0,30.733333333333345,3.4,2.9933333333333336,57.66,70.41,23.89,29.109999999999996,27.0
淳化街道稻纵_1_1_诱虫量,淳化街道稻纵_1_1_诱虫量,淳化街道稻纵,1,江苏省南京市江宁区,00001977,稻纵卷叶螟,2024,39,2024-09-23,2024-09-29,7,29.1,15.8,86.14,76.0,15.1,2.67,66.18,23.31,27.0,27.0,3.857142857142857,24.791428571428572,90.49285714285715,35.0,56.0,186.0,92.33333333333333,186.0,62.666666666666664,186.0,31.6,33.06666666666666,17.4,21.73333333333333,81.14,82.85666666666667,76.86,75.14333333333333,124.9,70.26666666666668,5.49,4.04,54.64,63.70000000000001,24.01,27.069999999999997,24.0
淳化街道稻纵_1_1_诱虫量,淳化街道稻纵_1_1_诱虫量,淳化街道稻纵,1,江苏省南京市江宁区,00001977,稻纵卷叶螟,2024,40,2024-09-30,2024-10-06,7,28.6,11.9,79.0,72.14,17.2,3.38,48.16,18.62,24.0,24.0,3.4285714285714284,19.534285714285716,89.48285714285714,27.0,35.0,56.0,39.333333333333336,56.0,67.16666666666667,186.0,29.1,31.5,15.8,18.933333333333334,86.14,85.14,76.0,77.66666666666667,15.1,74.33333333333334,2.67,3.853333333333333,66.18,59.49333333333334,23.31,23.736666666666665,13.0
淳化街道稻纵_1_1_诱虫量,淳化街道稻纵_1_1_诱虫量,淳化街道稻纵,1,江苏省南京市江宁区,00001977,稻纵卷叶螟,2024,41,2024-10-07,2024-10-13,7,25.2,13.1,85.0,74.71,16.7,2.16,49.5,16.94,13.0,13.0,1.8571428571428572,19.830000000000002,89.8,24.0,27.0,35.0,28.666666666666668,35.0,70.83333333333333,186.0,28.6,29.76666666666667,11.9,15.033333333333333,79.0,82.09333333333335,72.14,75.0,17.2,52.40000000000001,3.38,3.846666666666667,48.16,56.326666666666675,18.62,21.98,26.0
淳化街道稻纵_1_1_诱虫量,淳化街道稻纵_1_1_诱虫量,淳化街道稻纵,1,江苏省南京市江宁区,00001977,稻纵卷叶螟,2024,42,2024-10-14,2024-10-20,7,27.2,11.2,86.57,77.0,49.2,3.66,31.77,14.95,26.0,26.0,3.7142857142857144,20.455714285714286,93.57714285714285,13.0,24.0,27.0,21.333333333333332,27.0,56.833333333333336,186.0,25.2,27.633333333333336,13.1,13.6,85.0,83.38,74.71,74.28333333333332,16.7,16.333333333333343,2.16,2.736666666666667,49.5,54.613333333333344,16.94,19.62333333333333,2.0
淳化街道稻纵_1_1_诱虫量,淳化街道稻纵_1_1_诱虫量,淳化街道稻纵,1,江苏省南京市江宁区,00001977,稻纵卷叶螟,2024,43,2024-10-21,2024-10-27,7,22.3,8.6,88.29,80.43,20.0,3.16,35.15,12.25,2.0,2.0,0.2857142857142857,16.87142857142857,92.98142857142857,26.0,13.0,24.0,21.0,26.0,30.166666666666668,56.0,27.2,27.0,11.2,12.066666666666665,86.57,83.52333333333333,77.0,74.61666666666666,49.2,27.700000000000006,3.66,3.0666666666666664,31.77,43.14333333333334,14.95,16.836666666666662,0.0
淳化街道稻纵_1_1_诱虫量,淳化街道稻纵_1_1_诱虫量,淳化街道稻纵,1,江苏省南京市江宁区,00001977,稻纵卷叶螟,2024,44,2024-10-28,2024-11-03,3,22.0,9.3,87.57,74.57,6.8,2.95,55.84,15.81,0.0,0.0,0.0,15.635,88.02000000000001,2.0,26.0,13.0,13.666666666666666,26.0,21.166666666666668,35.0,22.3,24.900000000000002,8.6,10.966666666666667,88.29,86.62,80.43,77.38,20.0,28.633333333333344,3.16,2.9933333333333336,35.15,38.80666666666667,12.25,14.713333333333331,
湖熟街道稻纵_1_12_诱虫量,湖熟街道稻纵_1_12_诱虫量,湖熟街道稻纵,1,江苏省南京市江宁区,00001901,稻纵卷叶螟,2023,22,2023-05-28,2023-06-03,3,32.3,20.1,84.14,74.14,29.6,2.38,48.59,25.72,1.0,1.0,0.3333333333333333,27.296666666666667,66.58333333333333,,,,,,,,,,,,,,,,,,,,,,,,7.0
湖熟街道稻纵_1_12_诱虫量,湖熟街道稻纵_1_12_诱虫量,湖熟街道稻纵,1,江苏省南京市江宁区,00001901,稻纵卷叶螟,2023,23,2023-06-04,2023-06-10,7,34.2,16.0,80.43,75.0,31.1,2.66,59.78,28.9,7.0,7.0,1.0,25.638571428571428,78.97285714285715,1.0,,,1.0,1.0,1.0,1.0,32.3,32.3,20.1,20.1,84.14,84.14,74.14,74.14,29.6,29.6,2.38,2.38,48.59,48.59,25.72,25.72,1.0
湖熟街道稻纵_1_12_诱虫量,湖熟街道稻纵_1_12_诱虫量,湖熟街道稻纵,1,江苏省南京市江宁区,00001901,稻纵卷叶螟,2023,24,2023-06-11,2023-06-17,7,32.4,19.2,80.14,65.0,8.5,2.69,57.13,31.06,1.0,1.0,0.14285714285714285,26.835714285714285,77.30857142857143,7.0,1.0,,4.0,7.0,4.0,7.0,34.2,33.25,16.0,18.05,80.43,82.285,75.0,74.57,31.1,30.35,2.66,2.52,59.78,54.185,28.9,27.31,5.0
湖熟街道稻纵_1_12_诱虫量,湖熟街道稻纵_1_12_诱虫量,湖熟街道稻纵,1,江苏省南京市江宁区,00001901,稻纵卷叶螟,2023,25,2023-06-18,2023-06-24,7,31.4,20.5,87.57,74.57,82.3,2.55,29.04,21.42,5.0,5.0,0.7142857142857143,26.541428571428572,88.46428571428571,1.0,7.0,1.0,3.0,7.0,3.0,7.0,32.4,32.96666666666667,19.2,18.433333333333334,80.14,81.57000000000001,65.0,71.38,8.5,23.066666666666666,2.69,2.5766666666666667,57.13,55.166666666666664,31.06,28.56,15.0
湖熟街道稻纵_1_12_诱虫量,湖熟街道稻纵_1_12_诱虫量,湖熟街道稻纵,1,江苏省南京市江宁区,00001901,稻纵卷叶螟,2023,26,2023-06-25,2023-07-01,7,32.8,21.5,86.29,78.86,64.0,2.94,49.98,24.98,15.0,15.0,2.142857142857143,29.164285714285715,85.68285714285715,5.0,1.0,7.0,4.333333333333333,7.0,3.5,7.0,31.4,32.666666666666664,20.5,18.566666666666666,87.57,82.71333333333332,74.57,71.52333333333333,82.3,40.63333333333333,2.55,2.6333333333333333,29.04,48.65,21.42,27.126666666666665,3.0
湖熟街道稻纵_1_12_诱虫量,湖熟街道稻纵_1_12_诱虫量,湖熟街道稻纵,1,江苏省南京市江宁区,00001901,稻纵卷叶螟,2023,27,2023-07-02,2023-07-08,7,32.9,23.9,87.86,82.29,123.1,3.4,45.76,24.46,3.0,3.0,0.42857142857142855,30.135714285714283,87.82285714285715,15.0,5.0,1.0,7.0,15.0,5.8,15.0,32.8,32.199999999999996,21.5,20.400000000000002,86.29,84.66666666666667,78.86,72.81,64.0,51.6,2.94,2.7266666666666666,49.98,45.38333333333333,24.98,25.820000000000004,1.0
湖熟街道稻纵_1_12_诱虫量,湖熟街道稻纵_1_12_诱虫量,湖熟街道稻纵,1,江苏省南京市江宁区,00001901,稻纵卷叶螟,2023,28,2023-07-09,2023-07-15,7,34.9,24.6,84.57,77.0,27.6,3.38,49.19,28.48,1.0,1.0,0.14285714285714285,30.495714285714286,86.14857142857143,3.0,15.0,5.0,7.666666666666667,15.0,5.333333333333333,15.0,32.9,32.36666666666667,23.9,21.966666666666665,87.86,87.24000000000001,82.29,78.57333333333334,123.1,89.8,3.4,2.9633333333333334,45.76,41.593333333333334,24.46,23.62,0.0
湖熟街道稻纵_1_12_诱虫量,湖熟街道稻纵_1_12_诱虫量,湖熟街道稻纵,1,江苏省南京市江宁区,00001901,稻纵卷叶螟,2023,29,2023-07-16,2023-07-22,7,31.5,23.5,89.43,84.71,117.0,2.29,34.08,19.55,0.0,0.0,0.0,28.677142857142858,91.06000000000002,1.0,3.0,15.0,6.333333333333333,15.0,5.333333333333333,15.0,34.9,33.53333333333333,24.6,23.333333333333332,84.57,86.24000000000001,77.0,79.38333333333334,27.6,71.56666666666666,3.38,3.2399999999999998,49.19,48.31,28.48,25.973333333333333,0.0
湖熟街道稻纵_1_12_诱虫量,湖熟街道稻纵_1_12_诱虫量,湖熟街道稻纵,1,江苏省南京市江宁区,00001901,稻纵卷叶螟,2023,30,2023-07-23,2023-07-29,7,33.2,25.1,86.86,80.86,44.3,3.98,65.75,29.7,0.0,0.0,0.0,29.52,89.10428571428572,0.0,1.0,3.0,1.3333333333333333,3.0,4.166666666666667,15.0,31.5,33.1,23.5,24.0,89.43,87.28666666666668,84.71,81.33333333333333,117.0,89.23333333333333,2.29,3.0233333333333334,34.08,43.01,19.55,24.163333333333338,2.0
湖熟街道稻纵_1_12_诱虫量,湖熟街道稻纵_1_12_诱虫量,湖熟街道稻纵,1,江苏省南京市江宁区,00001901,稻纵卷叶螟,2023,31,2023-07-30,2023-08-05,7,34.0,25.0,86.43,76.43,17.1,3.1,81.36,32.83,2.0,2.0,0.2857142857142857,31.262857142857143,85.11142857142856,0.0,0.0,1.0,0.3333333333333333,1.0,4.0,15.0,33.2,33.2,25.1,24.400000000000002,86.86,86.95333333333333,80.86,80.85666666666667,44.3,62.96666666666666,3.98,3.2166666666666663,65.75,49.673333333333325,29.7,25.91,0.0
湖熟街道稻纵_1_12_诱虫量,湖熟街道稻纵_1_12_诱虫量,湖熟街道稻纵,1,江苏省南京市江宁区,00001901,稻纵卷叶螟,2023,32,2023-08-06,2023-08-12,7,35.1,24.0,83.71,75.14,10.3,2.08,79.69,33.11,0.0,0.0,0.0,31.181428571428572,80.7057142857143,2.0,0.0,0.0,0.6666666666666666,2.0,3.5,15.0,34.0,32.9,25.0,24.53333333333333,86.43,87.57333333333334,76.43,80.66666666666667,17.1,59.46666666666667,3.1,3.1233333333333335,81.36,60.39666666666667,32.83,27.36,0.0
湖熟街道稻纵_1_12_诱虫量,湖熟街道稻纵_1_12_诱虫量,湖熟街道稻纵,1,江苏省南京市江宁区,00001901,稻纵卷叶螟,2023,33,2023-08-13,2023-08-19,7,33.7,23.9,86.57,81.29,26.5,2.19,77.01,29.64,0.0,0.0,0.0,30.541428571428572,83.70142857142856,0.0,2.0,0.0,0.6666666666666666,2.0,1.0,3.0,35.1,34.1,24.0,24.7,83.71,85.66666666666667,75.14,77.47666666666667,10.3,23.900000000000002,2.08,3.0533333333333332,79.69,75.60000000000001,33.11,31.88,0.0
湖熟街道稻纵_1_12_诱虫量,湖熟街道稻纵_1_12_诱虫量,湖熟街道稻纵,1,江苏省南京市江宁区,00001901,稻纵卷叶螟,2023,34,2023-08-20,2023-08-26,7,32.0,22.4,82.71,72.0,27.1,2.8,70.93,31.5,0.0,0.0,0.0,29.464285714285715,82.4342857142857,0.0,0.0,2.0,0.6666666666666666,2.0,0.5,2.0,33.7,34.26666666666667,23.9,24.3,86.57,85.57,81.29,77.62,26.5,17.96666666666667,2.19,2.4566666666666666,77.01,79.35333333333334,29.64,31.86,0.0
湖熟街道稻纵_1_12_诱虫量,湖熟街道稻纵_1_12_诱虫量,湖熟街道稻纵,1,江苏省南京市江宁区,00001901,稻纵卷叶螟,2023,35,2023-08-27,2023-09-02,7,29.4,18.5,86.86,78.57,59.2,2.79,42.5,22.49,0.0,0.0,0.0,26.072857142857142,84.12,0.0,0.0,0.0,0.0,0.0,0.3333333333333333,2.0,32.0,33.6,22.4,23.433333333333334,82.71,84.32999999999998,72.0,76.14333333333333,27.1,21.3,2.8,2.3566666666666665,70.93,75.87666666666667,31.5,31.416666666666668,0.0
湖熟街道稻纵_1_12_诱虫量,湖熟街道稻纵_1_12_诱虫量,湖熟街道稻纵,1,江苏省南京市江宁区,00001901,稻纵卷叶螟,2023,36,2023-09-03,2023-09-09,7,31.0,21.7,88.0,73.71,2.5,2.83,74.88,29.19,0.0,0.0,0.0,27.927142857142858,84.26285714285714,0.0,0.0,0.0,0.0,0.0,0.3333333333333333,2.0,29.4,31.700000000000003,18.5,21.599999999999998,86.86,85.38,78.57,77.28666666666668,59.2,37.6,2.79,2.5933333333333333,42.5,63.48,22.49,27.876666666666665,0.0
湖熟街道稻纵_1_12_诱虫量,湖熟街道稻纵_1_12_诱虫量,湖熟街道稻纵,1,江苏省南京市江宁区,00001901,稻纵卷叶螟,2023,37,2023-09-10,2023-09-16,7,31.4,20.4,87.43,82.14,74.6,2.74,29.78,17.15,0.0,0.0,0.0,25.43857142857143,91.60714285714286,0.0,0.0,0.0,0.0,0.0,0.3333333333333333,2.0,31.0,30.8,21.7,20.866666666666664,88.0,85.85666666666667,73.71,74.75999999999999,2.5,29.600000000000005,2.83,2.8066666666666666,74.88,62.77,29.19,27.72666666666667,0.0
湖熟街道稻纵_1_12_诱虫量,湖熟街道稻纵_1_12_诱虫量,湖熟街道稻纵,1,江苏省南京市江宁区,00001901,稻纵卷叶螟,2023,38,2023-09-17,2023-09-23,7,32.0,18.8,88.57,77.57,41.3,2.51,30.18,16.82,0.0,0.0,0.0,24.18,90.87,0.0,0.0,0.0,0.0,0.0,0.0,0.0,31.4,30.599999999999998,20.4,20.2,87.43,87.43,82.14,78.13999999999999,74.6,45.43333333333334,2.74,2.7866666666666666,29.78,49.053333333333335,17.15,22.94333333333333,0.0
湖熟街道稻纵_1_12_诱虫量,湖熟街道稻纵_1_12_诱虫量,湖熟街道稻纵,1,江苏省南京市江宁区,00001901,稻纵卷叶螟,2023,39,2023-09-24,2023-09-30,7,28.2,19.1,89.57,82.43,13.3,2.19,45.28,17.44,0.0,0.0,0.0,24.454285714285714,91.02857142857144,0.0,0.0,0.0,0.0,0.0,0.0,0.0,32.0,31.46666666666667,18.8,20.299999999999997,88.57,88.0,77.57,77.80666666666666,41.3,39.46666666666666,2.51,2.6933333333333334,30.18,44.946666666666665,16.82,21.053333333333335,0.0
湖熟街道稻纵_1_12_诱虫量,湖熟街道稻纵_1_12_诱虫量,湖熟街道稻纵,1,江苏省南京市江宁区,00001901,稻纵卷叶螟,2023,40,2023-10-01,2023-10-07,7,25.5,15.7,80.86,71.71,21.7,3.55,38.52,19.59,0.0,0.0,0.0,20.665714285714284,84.28857142857143,0.0,0.0,0.0,0.0,0.0,0.0,0.0,28.2,30.53333333333333,19.1,19.433333333333334,89.57,88.52333333333333,82.43,80.71333333333332,13.3,43.06666666666666,2.19,2.48,45.28,35.080000000000005,17.44,17.136666666666667,0.0
湖熟街道稻纵_1_12_诱虫量,湖熟街道稻纵_1_12_诱虫量,湖熟街道稻纵,1,江苏省南京市江宁区,00001901,稻纵卷叶螟,2023,41,2023-10-08,2023-10-14,7,23.6,13.5,84.86,74.14,0.0,2.05,50.14,17.04,0.0,0.0,0.0,20.41,81.87142857142858,0.0,0.0,0.0,0.0,0.0,0.0,0.0,25.5,28.566666666666666,15.7,17.866666666666667,80.86,86.33333333333333,71.71,77.23666666666666,21.7,25.433333333333334,3.55,2.75,38.52,37.99333333333333,19.59,17.95,0.0
湖熟街道稻纵_1_12_诱虫量,湖熟街道稻纵_1_12_诱虫量,湖熟街道稻纵,1,江苏省南京市江宁区,00001901,稻纵卷叶螟,2023,42,2023-10-15,2023-10-21,7,26.1,9.6,84.43,62.0,4.0,2.46,71.43,22.45,0.0,0.0,0.0,19.517142857142858,75.23285714285714,0.0,0.0,0.0,0.0,0.0,0.0,0.0,23.6,25.766666666666666,13.5,16.099999999999998,84.86,85.09666666666666,74.14,76.09333333333332,0.0,11.666666666666666,2.05,2.5966666666666662,50.14,44.64666666666667,17.04,18.023333333333333,0.0
湖熟街道稻纵_1_12_诱虫量,湖熟街道稻纵_1_12_诱虫量,湖熟街道稻纵,1,江苏省南京市江宁区,00001901,稻纵卷叶螟,2023,43,2023-10-22,2023-10-28,7,25.6,9.6,85.14,64.29,0.0,1.94,60.15,18.61,0.0,0.0,0.0,20.032857142857143,78.72857142857143,0.0,0.0,0.0,0.0,0.0,0.0,0.0,26.1,25.066666666666666,9.6,12.933333333333332,84.43,83.38333333333334,62.0,69.28333333333332,4.0,8.566666666666666,2.46,2.686666666666667,71.43,53.363333333333344,22.45,19.69333333333333,1.0
湖熟街道稻纵_1_12_诱虫量,湖熟街道稻纵_1_12_诱虫量,湖熟街道稻纵,1,江苏省南京市江宁区,00001901,稻纵卷叶螟,2023,44,2023-10-29,2023-11-04,2,27.6,12.9,83.57,69.14,0.8,2.48,60.23,19.36,1.0,1.0,0.5,20.06,80.0,0.0,0.0,0.0,0.0,0.0,0.0,0.0,25.6,25.099999999999998,9.6,10.9,85.14,84.81,64.29,66.81,0.0,1.3333333333333333,1.94,2.15,60.15,60.57333333333333,18.61,19.366666666666664,0.0
湖熟街道稻纵_1_12_诱虫量,湖熟街道稻纵_1_12_诱虫量,湖熟街道稻纵,1,江苏省南京市江宁区,00001901,稻纵卷叶螟,2024,22,2024-05-27,2024-06-02,2,26.9,14.2,77.71,68.43,42.5,2.69,50.74,25.99,0.0,0.0,0.0,24.15,68.215,1.0,0.0,0.0,0.3333333333333333,1.0,0.16666666666666666,1.0,27.6,26.433333333333337,12.9,10.700000000000001,83.57,84.38,69.14,65.14333333333333,0.8,1.5999999999999999,2.48,2.2933333333333334,60.23,63.93666666666667,19.36,20.14,0.0
湖熟街道稻纵_1_12_诱虫量,湖熟街道稻纵_1_12_诱虫量,湖熟街道稻纵,1,江苏省南京市江宁区,00001901,稻纵卷叶螟,2024,23,2024-06-03,2024-06-09,7,30.9,17.1,76.86,61.71,5.2,2.43,62.66,30.94,0.0,0.0,0.0,25.368571428571425,75.02857142857142,0.0,1.0,0.0,0.3333333333333333,1.0,0.16666666666666666,1.0,26.9,26.7,14.2,12.233333333333333,77.71,82.14,68.43,67.28666666666668,42.5,14.433333333333332,2.69,2.3699999999999997,50.74,57.04,25.99,21.319999999999997,0.0
湖熟街道稻纵_1_12_诱虫量,湖熟街道稻纵_1_12_诱虫量,湖熟街道稻纵,1,江苏省南京市江宁区,00001901,稻纵卷叶螟,2024,24,2024-06-10,2024-06-16,7,34.2,20.7,79.71,58.71,0.7,2.43,71.14,35.09,0.0,0.0,0.0,29.048571428571428,76.49428571428572,0.0,0.0,1.0,0.3333333333333333,1.0,0.16666666666666666,1.0,30.9,28.46666666666667,17.1,14.733333333333334,76.86,79.38,61.71,66.42666666666666,5.2,16.166666666666668,2.43,2.533333333333333,62.66,57.876666666666665,30.94,25.429999999999996,1.0
湖熟街道稻纵_1_12_诱虫量,湖熟街道稻纵_1_12_诱虫量,湖熟街道稻纵,1,江苏省南京市江宁区,00001901,稻纵卷叶螟,2024,25,2024-06-17,2024-06-23,7,32.3,21.3,85.0,69.86,96.1,3.32,46.58,27.17,1.0,1.0,0.14285714285714285,27.22142857142857,87.38428571428572,0.0,0.0,0.0,0.0,0.0,0.16666666666666666,1.0,34.2,30.666666666666668,20.7,17.333333333333332,79.71,78.09333333333332,58.71,62.95000000000001,0.7,16.133333333333333,2.43,2.5166666666666666,71.14,61.51333333333333,35.09,30.673333333333332,1.0
湖熟街道稻纵_1_12_诱虫量,湖熟街道稻纵_1_12_诱虫量,湖熟街道稻纵,1,江苏省南京市江宁区,00001901,稻纵卷叶螟,2024,26,2024-06-24,2024-06-30,7,30.9,20.7,88.71,85.57,179.0,2.73,26.58,17.62,1.0,1.0,0.14285714285714285,25.639999999999997,95.33285714285715,1.0,0.0,0.0,0.3333333333333333,1.0,0.3333333333333333,1.0,32.3,32.46666666666667,21.3,19.7,85.0,80.52333333333333,69.86,63.42666666666667,96.1,34.0,3.32,2.7266666666666666,46.58,60.126666666666665,27.17,31.066666666666666,0.0
湖熟街道稻纵_1_12_诱虫量,湖熟街道稻纵_1_12_诱虫量,湖熟街道稻纵,1,江苏省南京市江宁区,00001901,稻纵卷叶螟,2024,27,2024-07-01,2024-07-07,7,34.9,22.6,81.14,78.57,41.8,4.14,62.65,32.6,0.0,0.0,0.0,30.99285714285714,83.14428571428572,1.0,1.0,0.0,0.6666666666666666,1.0,0.5,1.0,30.9,32.46666666666667,20.7,20.9,88.71,84.47333333333331,85.57,71.38,179.0,91.93333333333334,2.73,2.8266666666666667,26.58,48.099999999999994,17.62,26.62666666666667,2.0
湖熟街道稻纵_1_12_诱虫量,湖熟街道稻纵_1_12_诱虫量,湖熟街道稻纵,1,江苏省南京市江宁区,00001901,稻纵卷叶螟,2024,28,2024-07-08,2024-07-14,7,35.0,21.4,88.57,86.0,168.8,2.44,20.72,18.18,2.0,2.0,0.2857142857142857,27.67142857142857,93.28,0.0,1.0,1.0,0.6666666666666666,1.0,0.3333333333333333,1.0,34.9,32.699999999999996,22.6,21.53333333333333,81.14,84.95,78.57,78.0,41.8,105.63333333333334,4.14,3.3966666666666665,62.65,45.27,32.6,25.796666666666667,0.0
湖熟街道稻纵_1_12_诱虫量,湖熟街道稻纵_1_12_诱虫量,湖熟街道稻纵,1,江苏省南京市江宁区,00001901,稻纵卷叶螟,2024,29,2024-07-15,2024-07-21,7,35.2,24.3,81.86,78.57,22.4,3.39,35.37,25.73,0.0,0.0,0.0,32.18857142857143,84.03999999999999,2.0,0.0,1.0,1.0,2.0,0.6666666666666666,2.0,35.0,33.6,21.4,21.566666666666663,88.57,86.13999999999999,86.0,83.38,168.8,129.86666666666667,2.44,3.103333333333333,20.72,36.65,18.18,22.8,0.0
湖熟街道稻纵_1_12_诱虫量,湖熟街道稻纵_1_12_诱虫量,湖熟街道稻纵,1,江苏省南京市江宁区,00001901,稻纵卷叶螟,2024,30,2024-07-22,2024-07-28,7,36.7,27.0,80.57,71.86,6.1,4.7,71.71,37.84,0.0,0.0,0.0,32.215714285714284,82.42714285714285,0.0,2.0,0.0,0.6666666666666666,2.0,0.6666666666666666,2.0,35.2,35.03333333333334,24.3,22.766666666666666,81.86,83.85666666666667,78.57,81.04666666666667,22.4,77.66666666666667,3.39,3.323333333333333,35.37,39.58,25.73,25.50333333333333,5.0
湖熟街道稻纵_1_12_诱虫量,湖熟街道稻纵_1_12_诱虫量,湖熟街道稻纵,1,江苏省南京市江宁区,00001901,稻纵卷叶螟,2024,31,2024-07-29,2024-08-04,7,37.5,27.6,76.0,71.57,9.5,2.75,86.5,40.56,5.0,5.0,0.7142857142857143,34.45142857142857,77.61857142857143,0.0,0.0,2.0,0.6666666666666666,2.0,0.6666666666666666,2.0,36.7,35.63333333333333,27.0,24.233333333333334,80.57,83.66666666666667,71.86,78.81,6.1,65.76666666666668,4.7,3.5100000000000002,71.71,42.599999999999994,37.84,27.25,26.0
湖熟街道稻纵_1_12_诱虫量,湖熟街道稻纵_1_12_诱虫量,湖熟街道稻纵,1,江苏省南京市江宁区,00001901,稻纵卷叶螟,2024,32,2024-08-05,2024-08-11,7,37.8,27.1,76.86,66.71,62.0,1.88,83.96,39.02,26.0,26.0,3.7142857142857144,34.04142857142857,77.84142857142857,5.0,0.0,0.0,1.6666666666666667,5.0,1.3333333333333333,5.0,37.5,36.46666666666667,27.6,26.299999999999997,76.0,79.47666666666667,71.57,74.0,9.5,12.666666666666677,2.75,3.6133333333333333,86.5,64.52666666666666,40.56,34.71,128.0
湖熟街道稻纵_1_12_诱虫量,湖熟街道稻纵_1_12_诱虫量,湖熟街道稻纵,1,江苏省南京市江宁区,00001901,稻纵卷叶螟,2024,33,2024-08-12,2024-08-18,7,36.3,24.9,84.43,67.71,34.3,2.42,75.24,33.56,128.0,128.0,18.285714285714285,30.88714285714286,84.4542857142857,26.0,5.0,0.0,10.333333333333334,26.0,5.5,26.0,37.8,37.333333333333336,27.1,27.233333333333334,76.86,77.80999999999999,66.71,70.04666666666667,62.0,25.866666666666674,1.88,3.11,83.96,80.72333333333333,39.02,39.14,21.0
湖熟街道稻纵_1_12_诱虫量,湖熟街道稻纵_1_12_诱虫量,湖熟街道稻纵,1,江苏省南京市江宁区,00001901,稻纵卷叶螟,2024,34,2024-08-19,2024-08-25,7,34.7,25.4,84.71,77.86,50.4,1.93,64.42,27.34,21.0,21.0,3.0,30.771428571428572,88.0842857142857,128.0,26.0,5.0,53.0,128.0,26.833333333333332,128.0,36.3,37.199999999999996,24.9,26.53333333333333,84.43,79.09666666666668,67.71,68.66333333333331,34.3,35.26666666666668,2.42,2.35,75.24,81.89999999999999,33.56,37.71333333333333,235.0
湖熟街道稻纵_1_12_诱虫量,湖熟街道稻纵_1_12_诱虫量,湖熟街道稻纵,1,江苏省南京市江宁区,00001901,稻纵卷叶螟,2024,35,2024-08-26,2024-09-01,7,35.2,24.1,83.43,71.71,6.3,2.35,74.77,30.13,235.0,235.0,33.57142857142857,30.98428571428571,85.69142857142857,21.0,128.0,26.0,58.333333333333336,128.0,30.0,128.0,34.7,36.266666666666666,25.4,25.799999999999997,84.71,82.0,77.86,70.75999999999999,50.4,48.90000000000001,1.93,2.0766666666666667,64.42,74.54,27.34,33.306666666666665,422.0
湖熟街道稻纵_1_12_诱虫量,湖熟街道稻纵_1_12_诱虫量,湖熟街道稻纵,1,江苏省南京市江宁区,00001901,稻纵卷叶螟,2024,36,2024-09-02,2024-09-08,7,33.8,24.2,79.29,68.43,2.9,3.23,78.8,33.31,422.0,422.0,60.285714285714285,30.602857142857143,84.18142857142857,235.0,21.0,128.0,128.0,235.0,69.16666666666667,235.0,35.2,35.4,24.1,24.799999999999997,83.43,84.19,71.71,72.42666666666666,6.3,30.333333333333343,2.35,2.2333333333333334,74.77,71.47666666666667,30.13,30.343333333333334,61.0
湖熟街道稻纵_1_12_诱虫量,湖熟街道稻纵_1_12_诱虫量,湖熟街道稻纵,1,江苏省南京市江宁区,00001901,稻纵卷叶螟,2024,37,2024-09-09,2024-09-15,7,33.8,23.6,88.14,80.14,83.0,3.4,57.66,23.89,61.0,61.0,8.714285714285714,29.864285714285717,89.86714285714287,422.0,235.0,21.0,226.0,422.0,139.5,422.0,33.8,34.56666666666667,24.2,24.566666666666663,79.29,82.47666666666667,68.43,72.66666666666667,2.9,19.866666666666678,3.23,2.5033333333333334,78.8,72.66333333333334,33.31,30.26,9.0
湖熟街道稻纵_1_12_诱虫量,湖熟街道稻纵_1_12_诱虫量,湖熟街道稻纵,1,江苏省南京市江宁区,00001901,稻纵卷叶螟,2024,38,2024-09-16,2024-09-22,7,31.6,17.4,81.14,76.86,124.9,5.49,54.64,24.01,9.0,9.0,1.2857142857142858,26.494285714285716,90.21142857142857,61.0,422.0,235.0,239.33333333333334,422.0,148.83333333333334,422.0,33.8,34.266666666666666,23.6,23.96666666666667,88.14,83.62,80.14,73.42666666666666,83.0,30.733333333333345,3.4,2.9933333333333336,57.66,70.41,23.89,29.109999999999996,65.0
湖熟街道稻纵_1_12_诱虫量,湖熟街道稻纵_1_12_诱虫量,湖熟街道稻纵,1,江苏省南京市江宁区,00001901,稻纵卷叶螟,2024,39,2024-09-23,2024-09-29,7,29.1,15.8,86.14,76.0,15.1,2.67,66.18,23.31,65.0,65.0,9.285714285714286,24.734285714285715,88.58,9.0,61.0,422.0,164.0,422.0,146.0,422.0,31.6,33.06666666666666,17.4,21.73333333333333,81.14,82.85666666666667,76.86,75.14333333333333,124.9,70.26666666666668,5.49,4.04,54.64,63.70000000000001,24.01,27.069999999999997,28.0
湖熟街道稻纵_1_12_诱虫量,湖熟街道稻纵_1_12_诱虫量,湖熟街道稻纵,1,江苏省南京市江宁区,00001901,稻纵卷叶螟,2024,40,2024-09-30,2024-10-06,7,28.6,11.9,79.0,72.14,17.2,3.38,48.16,18.62,28.0,28.0,4.0,20.0,85.17714285714285,65.0,9.0,61.0,45.0,65.0,135.5,422.0,29.1,31.5,15.8,18.933333333333334,86.14,85.14,76.0,77.66666666666667,15.1,74.33333333333334,2.67,3.853333333333333,66.18,59.49333333333334,23.31,23.736666666666665,14.0
湖熟街道稻纵_1_12_诱虫量,湖熟街道稻纵_1_12_诱虫量,湖熟街道稻纵,1,江苏省南京市江宁区,00001901,稻纵卷叶螟,2024,41,2024-10-07,2024-10-13,7,25.2,13.1,85.0,74.71,16.7,2.16,49.5,16.94,14.0,14.0,2.0,19.72714285714286,88.12,28.0,65.0,9.0,34.0,65.0,136.66666666666666,422.0,28.6,29.76666666666667,11.9,15.033333333333333,79.0,82.09333333333335,72.14,75.0,17.2,52.40000000000001,3.38,3.846666666666667,48.16,56.326666666666675,18.62,21.98,5.0
湖熟街道稻纵_1_12_诱虫量,湖熟街道稻纵_1_12_诱虫量,湖熟街道稻纵,1,江苏省南京市江宁区,00001901,稻纵卷叶螟,2024,42,2024-10-14,2024-10-20,7,27.2,11.2,86.57,77.0,49.2,3.66,31.77,14.95,5.0,5.0,0.7142857142857143,20.382857142857144,91.71000000000001,14.0,28.0,65.0,35.666666666666664,65.0,99.83333333333333,422.0,25.2,27.633333333333336,13.1,13.6,85.0,83.38,74.71,74.28333333333332,16.7,16.333333333333343,2.16,2.736666666666667,49.5,54.613333333333344,16.94,19.62333333333333,0.0
湖熟街道稻纵_1_12_诱虫量,湖熟街道稻纵_1_12_诱虫量,湖熟街道稻纵,1,江苏省南京市江宁区,00001901,稻纵卷叶螟,2024,43,2024-10-21,2024-10-27,7,22.3,8.6,88.29,80.43,20.0,3.16,35.15,12.25,0.0,0.0,0.0,17.094285714285714,90.76428571428572,5.0,14.0,28.0,15.666666666666666,28.0,30.333333333333332,65.0,27.2,27.0,11.2,12.066666666666665,86.57,83.52333333333333,77.0,74.61666666666666,49.2,27.700000000000006,3.66,3.0666666666666664,31.77,43.14333333333334,14.95,16.836666666666662,0.0
湖熟街道稻纵_1_12_诱虫量,湖熟街道稻纵_1_12_诱虫量,湖熟街道稻纵,1,江苏省南京市江宁区,00001901,稻纵卷叶螟,2024,44,2024-10-28,2024-11-03,3,22.0,9.3,87.57,74.57,6.8,2.95,55.84,15.81,0.0,0.0,0.0,15.485,86.975,0.0,5.0,14.0,6.333333333333333,14.0,20.166666666666668,65.0,22.3,24.900000000000002,8.6,10.966666666666667,88.29,86.62,80.43,77.38,20.0,28.633333333333344,3.16,2.9933333333333336,35.15,38.80666666666667,12.25,14.713333333333331,
溧水区 叁拾叁_3_25_诱虫量,溧水区 叁拾叁_3_25_诱虫量,溧水区 叁拾叁,3,江苏省南京市溧水区,00002393,稻纵卷叶螟,2023,22,2023-05-28,2023-06-03,3,32.3,20.1,84.14,74.14,29.6,2.38,48.59,25.72,0.0,0.0,0.0,26.62,64.61666666666666,,,,,,,,,,,,,,,,,,,,,,,,1.0
溧水区 叁拾叁_3_25_诱虫量,溧水区 叁拾叁_3_25_诱虫量,溧水区 叁拾叁,3,江苏省南京市溧水区,00002393,稻纵卷叶螟,2023,23,2023-06-04,2023-06-10,7,34.2,16.0,80.43,75.0,31.1,2.66,59.78,28.9,1.0,1.0,0.14285714285714285,24.685714285714287,75.38857142857144,0.0,,,0.0,0.0,0.0,0.0,32.3,32.3,20.1,20.1,84.14,84.14,74.14,74.14,29.6,29.6,2.38,2.38,48.59,48.59,25.72,25.72,1.0
溧水区 叁拾叁_3_25_诱虫量,溧水区 叁拾叁_3_25_诱虫量,溧水区 叁拾叁,3,江苏省南京市溧水区,00002393,稻纵卷叶螟,2023,24,2023-06-11,2023-06-17,7,32.4,19.2,80.14,65.0,8.5,2.69,57.13,31.06,1.0,1.0,0.14285714285714285,25.692857142857143,73.68142857142857,1.0,0.0,,0.5,1.0,0.5,1.0,34.2,33.25,16.0,18.05,80.43,82.285,75.0,74.57,31.1,30.35,2.66,2.52,59.78,54.185,28.9,27.31,1.0
溧水区 叁拾叁_3_25_诱虫量,溧水区 叁拾叁_3_25_诱虫量,溧水区 叁拾叁,3,江苏省南京市溧水区,00002393,稻纵卷叶螟,2023,25,2023-06-18,2023-06-24,7,31.4,20.5,87.57,74.57,82.3,2.55,29.04,21.42,1.0,1.0,0.14285714285714285,25.282857142857143,86.01,1.0,1.0,0.0,0.6666666666666666,1.0,0.6666666666666666,1.0,32.4,32.96666666666667,19.2,18.433333333333334,80.14,81.57000000000001,65.0,71.38,8.5,23.066666666666666,2.69,2.5766666666666667,57.13,55.166666666666664,31.06,28.56,2.0
溧水区 叁拾叁_3_25_诱虫量,溧水区 叁拾叁_3_25_诱虫量,溧水区 叁拾叁,3,江苏省南京市溧水区,00002393,稻纵卷叶螟,2023,26,2023-06-25,2023-07-01,7,32.8,21.5,86.29,78.86,64.0,2.94,49.98,24.98,2.0,2.0,0.2857142857142857,27.62142857142857,82.35714285714286,1.0,1.0,1.0,1.0,1.0,0.75,1.0,31.4,32.666666666666664,20.5,18.566666666666666,87.57,82.71333333333332,74.57,71.52333333333333,82.3,40.63333333333333,2.55,2.6333333333333333,29.04,48.65,21.42,27.126666666666665,1.0
溧水区 叁拾叁_3_25_诱虫量,溧水区 叁拾叁_3_25_诱虫量,溧水区 叁拾叁,3,江苏省南京市溧水区,00002393,稻纵卷叶螟,2023,27,2023-07-02,2023-07-08,7,32.9,23.9,87.86,82.29,123.1,3.4,45.76,24.46,1.0,1.0,0.14285714285714285,29.395714285714288,82.64571428571428,2.0,1.0,1.0,1.3333333333333333,2.0,1.0,2.0,32.8,32.199999999999996,21.5,20.400000000000002,86.29,84.66666666666667,78.86,72.81,64.0,51.6,2.94,2.7266666666666666,49.98,45.38333333333333,24.98,25.820000000000004,3.0
溧水区 叁拾叁_3_25_诱虫量,溧水区 叁拾叁_3_25_诱虫量,溧水区 叁拾叁,3,江苏省南京市溧水区,00002393,稻纵卷叶螟,2023,28,2023-07-09,2023-07-15,7,34.9,24.6,84.57,77.0,27.6,3.38,49.19,28.48,3.0,3.0,0.42857142857142855,29.614285714285717,82.39999999999999,1.0,2.0,1.0,1.3333333333333333,2.0,1.0,2.0,32.9,32.36666666666667,23.9,21.966666666666665,87.86,87.24000000000001,82.29,78.57333333333334,123.1,89.8,3.4,2.9633333333333334,45.76,41.593333333333334,24.46,23.62,3.0
溧水区 叁拾叁_3_25_诱虫量,溧水区 叁拾叁_3_25_诱虫量,溧水区 叁拾叁,3,江苏省南京市溧水区,00002393,稻纵卷叶螟,2023,29,2023-07-16,2023-07-22,7,31.5,23.5,89.43,84.71,117.0,2.29,34.08,19.55,3.0,3.0,0.42857142857142855,27.787142857142857,88.38714285714286,3.0,1.0,2.0,2.0,3.0,1.5,3.0,34.9,33.53333333333333,24.6,23.333333333333332,84.57,86.24000000000001,77.0,79.38333333333334,27.6,71.56666666666666,3.38,3.2399999999999998,49.19,48.31,28.48,25.973333333333333,0.0
溧水区 叁拾叁_3_25_诱虫量,溧水区 叁拾叁_3_25_诱虫量,溧水区 叁拾叁,3,江苏省南京市溧水区,00002393,稻纵卷叶螟,2023,30,2023-07-23,2023-07-29,7,33.2,25.1,86.86,80.86,44.3,3.98,65.75,29.7,0.0,0.0,0.0,28.934285714285714,83.42428571428572,3.0,3.0,1.0,2.3333333333333335,3.0,1.8333333333333333,3.0,31.5,33.1,23.5,24.0,89.43,87.28666666666668,84.71,81.33333333333333,117.0,89.23333333333333,2.29,3.0233333333333334,34.08,43.01,19.55,24.163333333333338,0.0
溧水区 叁拾叁_3_25_诱虫量,溧水区 叁拾叁_3_25_诱虫量,溧水区 叁拾叁,3,江苏省南京市溧水区,00002393,稻纵卷叶螟,2023,31,2023-07-30,2023-08-05,7,34.0,25.0,86.43,76.43,17.1,3.1,81.36,32.83,0.0,0.0,0.0,30.334285714285716,79.34571428571428,0.0,3.0,3.0,2.0,3.0,1.6666666666666667,3.0,33.2,33.2,25.1,24.400000000000002,86.86,86.95333333333333,80.86,80.85666666666667,44.3,62.96666666666666,3.98,3.2166666666666663,65.75,49.673333333333325,29.7,25.91,5.0
溧水区 叁拾叁_3_25_诱虫量,溧水区 叁拾叁_3_25_诱虫量,溧水区 叁拾叁,3,江苏省南京市溧水区,00002393,稻纵卷叶螟,2023,32,2023-08-06,2023-08-12,7,35.1,24.0,83.71,75.14,10.3,2.08,79.69,33.11,5.0,5.0,0.7142857142857143,30.208571428571428,77.53571428571429,0.0,0.0,3.0,1.0,3.0,1.5,3.0,34.0,32.9,25.0,24.53333333333333,86.43,87.57333333333334,76.43,80.66666666666667,17.1,59.46666666666667,3.1,3.1233333333333335,81.36,60.39666666666667,32.83,27.36,1.0
溧水区 叁拾叁_3_25_诱虫量,溧水区 叁拾叁_3_25_诱虫量,溧水区 叁拾叁,3,江苏省南京市溧水区,00002393,稻纵卷叶螟,2023,33,2023-08-13,2023-08-19,7,33.7,23.9,86.57,81.29,26.5,2.19,77.01,29.64,1.0,1.0,0.14285714285714285,30.051428571428573,77.2957142857143,5.0,0.0,0.0,1.6666666666666667,5.0,2.0,5.0,35.1,34.1,24.0,24.7,83.71,85.66666666666667,75.14,77.47666666666667,10.3,23.900000000000002,2.08,3.0533333333333332,79.69,75.60000000000001,33.11,31.88,1.0
溧水区 叁拾叁_3_25_诱虫量,溧水区 叁拾叁_3_25_诱虫量,溧水区 叁拾叁,3,江苏省南京市溧水区,00002393,稻纵卷叶螟,2023,34,2023-08-20,2023-08-26,7,32.0,22.4,82.71,72.0,27.1,2.8,70.93,31.5,1.0,1.0,0.14285714285714285,29.24142857142857,76.22285714285715,1.0,5.0,0.0,2.0,5.0,2.0,5.0,33.7,34.26666666666667,23.9,24.3,86.57,85.57,81.29,77.62,26.5,17.96666666666667,2.19,2.4566666666666666,77.01,79.35333333333334,29.64,31.86,0.0
溧水区 叁拾叁_3_25_诱虫量,溧水区 叁拾叁_3_25_诱虫量,溧水区 叁拾叁,3,江苏省南京市溧水区,00002393,稻纵卷叶螟,2023,35,2023-08-27,2023-09-02,7,29.4,18.5,86.86,78.57,59.2,2.79,42.5,22.49,0.0,0.0,0.0,24.504285714285714,83.68714285714285,1.0,1.0,5.0,2.3333333333333335,5.0,1.6666666666666667,5.0,32.0,33.6,22.4,23.433333333333334,82.71,84.32999999999998,72.0,76.14333333333333,27.1,21.3,2.8,2.3566666666666665,70.93,75.87666666666667,31.5,31.416666666666668,1.0
溧水区 叁拾叁_3_25_诱虫量,溧水区 叁拾叁_3_25_诱虫量,溧水区 叁拾叁,3,江苏省南京市溧水区,00002393,稻纵卷叶螟,2023,36,2023-09-03,2023-09-09,7,31.0,21.7,88.0,73.71,2.5,2.83,74.88,29.19,1.0,1.0,0.14285714285714285,27.607142857142858,77.92142857142858,0.0,1.0,1.0,0.6666666666666666,1.0,1.1666666666666667,5.0,29.4,31.700000000000003,18.5,21.599999999999998,86.86,85.38,78.57,77.28666666666668,59.2,37.6,2.79,2.5933333333333333,42.5,63.48,22.49,27.876666666666665,4.0
溧水区 叁拾叁_3_25_诱虫量,溧水区 叁拾叁_3_25_诱虫量,溧水区 叁拾叁,3,江苏省南京市溧水区,00002393,稻纵卷叶螟,2023,37,2023-09-10,2023-09-16,7,31.4,20.4,87.43,82.14,74.6,2.74,29.78,17.15,4.0,4.0,0.5714285714285714,24.759999999999998,88.06142857142856,1.0,0.0,1.0,0.6666666666666666,1.0,1.3333333333333333,5.0,31.0,30.8,21.7,20.866666666666664,88.0,85.85666666666667,73.71,74.75999999999999,2.5,29.600000000000005,2.83,2.8066666666666666,74.88,62.77,29.19,27.72666666666667,7.0
溧水区 叁拾叁_3_25_诱虫量,溧水区 叁拾叁_3_25_诱虫量,溧水区 叁拾叁,3,江苏省南京市溧水区,00002393,稻纵卷叶螟,2023,38,2023-09-17,2023-09-23,7,32.0,18.8,88.57,77.57,41.3,2.51,30.18,16.82,7.0,7.0,1.0,24.00142857142857,87.12857142857142,4.0,1.0,0.0,1.6666666666666667,4.0,2.0,5.0,31.4,30.599999999999998,20.4,20.2,87.43,87.43,82.14,78.13999999999999,74.6,45.43333333333334,2.74,2.7866666666666666,29.78,49.053333333333335,17.15,22.94333333333333,0.0
溧水区 叁拾叁_3_25_诱虫量,溧水区 叁拾叁_3_25_诱虫量,溧水区 叁拾叁,3,江苏省南京市溧水区,00002393,稻纵卷叶螟,2023,39,2023-09-24,2023-09-30,7,28.2,19.1,89.57,82.43,13.3,2.19,45.28,17.44,0.0,0.0,0.0,23.922857142857143,88.18714285714285,7.0,4.0,1.0,4.0,7.0,2.3333333333333335,7.0,32.0,31.46666666666667,18.8,20.299999999999997,88.57,88.0,77.57,77.80666666666666,41.3,39.46666666666666,2.51,2.6933333333333334,30.18,44.946666666666665,16.82,21.053333333333335,0.0
溧水区 叁拾叁_3_25_诱虫量,溧水区 叁拾叁_3_25_诱虫量,溧水区 叁拾叁,3,江苏省南京市溧水区,00002393,稻纵卷叶螟,2023,40,2023-10-01,2023-10-07,7,25.5,15.7,80.86,71.71,21.7,3.55,38.52,19.59,0.0,0.0,0.0,20.259999999999998,77.52714285714286,0.0,7.0,4.0,3.6666666666666665,7.0,2.1666666666666665,7.0,28.2,30.53333333333333,19.1,19.433333333333334,89.57,88.52333333333333,82.43,80.71333333333332,13.3,43.06666666666666,2.19,2.48,45.28,35.080000000000005,17.44,17.136666666666667,0.0
溧水区 叁拾叁_3_25_诱虫量,溧水区 叁拾叁_3_25_诱虫量,溧水区 叁拾叁,3,江苏省南京市溧水区,00002393,稻纵卷叶螟,2023,41,2023-10-08,2023-10-14,7,23.6,13.5,84.86,74.14,0.0,2.05,50.14,17.04,0.0,0.0,0.0,19.148571428571426,81.2,0.0,0.0,7.0,2.3333333333333335,7.0,2.0,7.0,25.5,28.566666666666666,15.7,17.866666666666667,80.86,86.33333333333333,71.71,77.23666666666666,21.7,25.433333333333334,3.55,2.75,38.52,37.99333333333333,19.59,17.95,0.0
溧水区 叁拾叁_3_25_诱虫量,溧水区 叁拾叁_3_25_诱虫量,溧水区 叁拾叁,3,江苏省南京市溧水区,00002393,稻纵卷叶螟,2023,42,2023-10-15,2023-10-21,7,26.1,9.6,84.43,62.0,4.0,2.46,71.43,22.45,0.0,0.0,0.0,18.400000000000002,71.69285714285715,0.0,0.0,0.0,0.0,0.0,2.0,7.0,23.6,25.766666666666666,13.5,16.099999999999998,84.86,85.09666666666666,74.14,76.09333333333332,0.0,11.666666666666666,2.05,2.5966666666666662,50.14,44.64666666666667,17.04,18.023333333333333,0.0
溧水区 叁拾叁_3_25_诱虫量,溧水区 叁拾叁_3_25_诱虫量,溧水区 叁拾叁,3,江苏省南京市溧水区,00002393,稻纵卷叶螟,2023,43,2023-10-22,2023-10-28,7,25.6,9.6,85.14,64.29,0.0,1.94,60.15,18.61,0.0,0.0,0.0,18.62857142857143,77.58571428571429,0.0,0.0,0.0,0.0,0.0,1.8333333333333333,7.0,26.1,25.066666666666666,9.6,12.933333333333332,84.43,83.38333333333334,62.0,69.28333333333332,4.0,8.566666666666666,2.46,2.686666666666667,71.43,53.363333333333344,22.45,19.69333333333333,0.0
溧水区 叁拾叁_3_25_诱虫量,溧水区 叁拾叁_3_25_诱虫量,溧水区 叁拾叁,3,江苏省南京市溧水区,00002393,稻纵卷叶螟,2023,44,2023-10-29,2023-11-04,2,27.6,12.9,83.57,69.14,0.8,2.48,60.23,19.36,0.0,0.0,0.0,19.61,72.78,0.0,0.0,0.0,0.0,0.0,1.1666666666666667,7.0,25.6,25.099999999999998,9.6,10.9,85.14,84.81,64.29,66.81,0.0,1.3333333333333333,1.94,2.15,60.15,60.57333333333333,18.61,19.366666666666664,0.0
溧水区 叁拾叁_3_25_诱虫量,溧水区 叁拾叁_3_25_诱虫量,溧水区 叁拾叁,3,江苏省南京市溧水区,00002393,稻纵卷叶螟,2024,22,2024-05-27,2024-06-02,2,26.9,14.2,77.71,68.43,42.5,2.69,50.74,25.99,0.0,0.0,0.0,23.85,61.894999999999996,0.0,0.0,0.0,0.0,0.0,0.0,0.0,27.6,26.433333333333337,12.9,10.700000000000001,83.57,84.38,69.14,65.14333333333333,0.8,1.5999999999999999,2.48,2.2933333333333334,60.23,63.93666666666667,19.36,20.14,0.0
溧水区 叁拾叁_3_25_诱虫量,溧水区 叁拾叁_3_25_诱虫量,溧水区 叁拾叁,3,江苏省南京市溧水区,00002393,稻纵卷叶螟,2024,23,2024-06-03,2024-06-09,7,30.9,17.1,76.86,61.71,5.2,2.43,62.66,30.94,0.0,0.0,0.0,24.18857142857143,72.22,0.0,0.0,0.0,0.0,0.0,0.0,0.0,26.9,26.7,14.2,12.233333333333333,77.71,82.14,68.43,67.28666666666668,42.5,14.433333333333332,2.69,2.3699999999999997,50.74,57.04,25.99,21.319999999999997,0.0
溧水区 叁拾叁_3_25_诱虫量,溧水区 叁拾叁_3_25_诱虫量,溧水区 叁拾叁,3,江苏省南京市溧水区,00002393,稻纵卷叶螟,2024,24,2024-06-10,2024-06-16,7,34.2,20.7,79.71,58.71,0.7,2.43,71.14,35.09,0.0,0.0,0.0,28.434285714285714,71.47142857142856,0.0,0.0,0.0,0.0,0.0,0.0,0.0,30.9,28.46666666666667,17.1,14.733333333333334,76.86,79.38,61.71,66.42666666666666,5.2,16.166666666666668,2.43,2.533333333333333,62.66,57.876666666666665,30.94,25.429999999999996,0.0
溧水区 叁拾叁_3_25_诱虫量,溧水区 叁拾叁_3_25_诱虫量,溧水区 叁拾叁,3,江苏省南京市溧水区,00002393,稻纵卷叶螟,2024,25,2024-06-17,2024-06-23,7,32.3,21.3,85.0,69.86,96.1,3.32,46.58,27.17,0.0,0.0,0.0,26.204285714285714,85.48,0.0,0.0,0.0,0.0,0.0,0.0,0.0,34.2,30.666666666666668,20.7,17.333333333333332,79.71,78.09333333333332,58.71,62.95000000000001,0.7,16.133333333333333,2.43,2.5166666666666666,71.14,61.51333333333333,35.09,30.673333333333332,0.0
溧水区 叁拾叁_3_25_诱虫量,溧水区 叁拾叁_3_25_诱虫量,溧水区 叁拾叁,3,江苏省南京市溧水区,00002393,稻纵卷叶螟,2024,26,2024-06-24,2024-06-30,7,30.9,20.7,88.71,85.57,179.0,2.73,26.58,17.62,0.0,0.0,0.0,24.351428571428574,94.91142857142857,0.0,0.0,0.0,0.0,0.0,0.0,0.0,32.3,32.46666666666667,21.3,19.7,85.0,80.52333333333333,69.86,63.42666666666667,96.1,34.0,3.32,2.7266666666666666,46.58,60.126666666666665,27.17,31.066666666666666,1.0
溧水区 叁拾叁_3_25_诱虫量,溧水区 叁拾叁_3_25_诱虫量,溧水区 叁拾叁,3,江苏省南京市溧水区,00002393,稻纵卷叶螟,2024,27,2024-07-01,2024-07-07,7,34.9,22.6,81.14,78.57,41.8,4.14,62.65,32.6,1.0,1.0,0.14285714285714285,30.407142857142862,79.00857142857141,0.0,0.0,0.0,0.0,0.0,0.0,0.0,30.9,32.46666666666667,20.7,20.9,88.71,84.47333333333331,85.57,71.38,179.0,91.93333333333334,2.73,2.8266666666666667,26.58,48.099999999999994,17.62,26.62666666666667,0.0
溧水区 叁拾叁_3_25_诱虫量,溧水区 叁拾叁_3_25_诱虫量,溧水区 叁拾叁,3,江苏省南京市溧水区,00002393,稻纵卷叶螟,2024,28,2024-07-08,2024-07-14,7,35.0,21.4,88.57,86.0,168.8,2.44,20.72,18.18,0.0,0.0,0.0,26.752857142857142,91.34571428571428,1.0,0.0,0.0,0.3333333333333333,1.0,0.16666666666666666,1.0,34.9,32.699999999999996,22.6,21.53333333333333,81.14,84.95,78.57,78.0,41.8,105.63333333333334,4.14,3.3966666666666665,62.65,45.27,32.6,25.796666666666667,1.0
溧水区 叁拾叁_3_25_诱虫量,溧水区 叁拾叁_3_25_诱虫量,溧水区 叁拾叁,3,江苏省南京市溧水区,00002393,稻纵卷叶螟,2024,29,2024-07-15,2024-07-21,7,35.2,24.3,81.86,78.57,22.4,3.39,35.37,25.73,1.0,1.0,0.14285714285714285,31.842857142857145,78.76,0.0,1.0,0.0,0.3333333333333333,1.0,0.16666666666666666,1.0,35.0,33.6,21.4,21.566666666666663,88.57,86.13999999999999,86.0,83.38,168.8,129.86666666666667,2.44,3.103333333333333,20.72,36.65,18.18,22.8,0.0
溧水区 叁拾叁_3_25_诱虫量,溧水区 叁拾叁_3_25_诱虫量,溧水区 叁拾叁,3,江苏省南京市溧水区,00002393,稻纵卷叶螟,2024,30,2024-07-22,2024-07-28,7,36.7,27.0,80.57,71.86,6.1,4.7,71.71,37.84,0.0,0.0,0.0,32.005714285714284,75.85857142857142,1.0,0.0,1.0,0.6666666666666666,1.0,0.3333333333333333,1.0,35.2,35.03333333333334,24.3,22.766666666666666,81.86,83.85666666666667,78.57,81.04666666666667,22.4,77.66666666666667,3.39,3.323333333333333,35.37,39.58,25.73,25.50333333333333,9.0
溧水区 叁拾叁_3_25_诱虫量,溧水区 叁拾叁_3_25_诱虫量,溧水区 叁拾叁,3,江苏省南京市溧水区,00002393,稻纵卷叶螟,2024,31,2024-07-29,2024-08-04,7,37.5,27.6,76.0,71.57,9.5,2.75,86.5,40.56,9.0,9.0,1.2857142857142858,33.637142857142855,73.72857142857143,0.0,1.0,0.0,0.3333333333333333,1.0,0.3333333333333333,1.0,36.7,35.63333333333333,27.0,24.233333333333334,80.57,83.66666666666667,71.86,78.81,6.1,65.76666666666668,4.7,3.5100000000000002,71.71,42.599999999999994,37.84,27.25,36.0
溧水区 叁拾叁_3_25_诱虫量,溧水区 叁拾叁_3_25_诱虫量,溧水区 叁拾叁,3,江苏省南京市溧水区,00002393,稻纵卷叶螟,2024,32,2024-08-05,2024-08-11,7,37.8,27.1,76.86,66.71,62.0,1.88,83.96,39.02,36.0,36.0,5.142857142857143,33.151428571428575,73.76857142857143,9.0,0.0,1.0,3.3333333333333335,9.0,1.8333333333333333,9.0,37.5,36.46666666666667,27.6,26.299999999999997,76.0,79.47666666666667,71.57,74.0,9.5,12.666666666666677,2.75,3.6133333333333333,86.5,64.52666666666666,40.56,34.71,29.0
溧水区 叁拾叁_3_25_诱虫量,溧水区 叁拾叁_3_25_诱虫量,溧水区 叁拾叁,3,江苏省南京市溧水区,00002393,稻纵卷叶螟,2024,33,2024-08-12,2024-08-18,7,36.3,24.9,84.43,67.71,34.3,2.42,75.24,33.56,29.0,29.0,4.142857142857143,30.575714285714287,78.11285714285714,36.0,9.0,0.0,15.0,36.0,7.833333333333333,36.0,37.8,37.333333333333336,27.1,27.233333333333334,76.86,77.80999999999999,66.71,70.04666666666667,62.0,25.866666666666674,1.88,3.11,83.96,80.72333333333333,39.02,39.14,18.0
溧水区 叁拾叁_3_25_诱虫量,溧水区 叁拾叁_3_25_诱虫量,溧水区 叁拾叁,3,江苏省南京市溧水区,00002393,稻纵卷叶螟,2024,34,2024-08-19,2024-08-25,7,34.7,25.4,84.71,77.86,50.4,1.93,64.42,27.34,18.0,18.0,2.5714285714285716,30.305714285714288,82.35714285714286,29.0,36.0,9.0,24.666666666666668,36.0,12.5,36.0,36.3,37.199999999999996,24.9,26.53333333333333,84.43,79.09666666666668,67.71,68.66333333333331,34.3,35.26666666666668,2.42,2.35,75.24,81.89999999999999,33.56,37.71333333333333,113.0
溧水区 叁拾叁_3_25_诱虫量,溧水区 叁拾叁_3_25_诱虫量,溧水区 叁拾叁,3,江苏省南京市溧水区,00002393,稻纵卷叶螟,2024,35,2024-08-26,2024-09-01,7,35.2,24.1,83.43,71.71,6.3,2.35,74.77,30.13,113.0,113.0,16.142857142857142,30.83857142857143,78.91714285714286,18.0,29.0,36.0,27.666666666666668,36.0,15.5,36.0,34.7,36.266666666666666,25.4,25.799999999999997,84.71,82.0,77.86,70.75999999999999,50.4,48.90000000000001,1.93,2.0766666666666667,64.42,74.54,27.34,33.306666666666665,70.0
溧水区 叁拾叁_3_25_诱虫量,溧水区 叁拾叁_3_25_诱虫量,溧水区 叁拾叁,3,江苏省南京市溧水区,00002393,稻纵卷叶螟,2024,36,2024-09-02,2024-09-08,7,33.8,24.2,79.29,68.43,2.9,3.23,78.8,33.31,70.0,70.0,10.0,30.50857142857143,75.2942857142857,113.0,18.0,29.0,53.333333333333336,113.0,34.166666666666664,113.0,35.2,35.4,24.1,24.799999999999997,83.43,84.19,71.71,72.42666666666666,6.3,30.333333333333343,2.35,2.2333333333333334,74.77,71.47666666666667,30.13,30.343333333333334,42.0
溧水区 叁拾叁_3_25_诱虫量,溧水区 叁拾叁_3_25_诱虫量,溧水区 叁拾叁,3,江苏省南京市溧水区,00002393,稻纵卷叶螟,2024,37,2024-09-09,2024-09-15,7,33.8,23.6,88.14,80.14,83.0,3.4,57.66,23.89,42.0,42.0,6.0,29.447142857142858,82.68285714285715,70.0,113.0,18.0,67.0,113.0,45.833333333333336,113.0,33.8,34.56666666666667,24.2,24.566666666666663,79.29,82.47666666666667,68.43,72.66666666666667,2.9,19.866666666666678,3.23,2.5033333333333334,78.8,72.66333333333334,33.31,30.26,64.0
溧水区 叁拾叁_3_25_诱虫量,溧水区 叁拾叁_3_25_诱虫量,溧水区 叁拾叁,3,江苏省南京市溧水区,00002393,稻纵卷叶螟,2024,38,2024-09-16,2024-09-22,7,31.6,17.4,81.14,76.86,124.9,5.49,54.64,24.01,64.0,64.0,9.142857142857142,25.958571428571428,84.25714285714285,42.0,70.0,113.0,75.0,113.0,51.333333333333336,113.0,33.8,34.266666666666666,23.6,23.96666666666667,88.14,83.62,80.14,73.42666666666666,83.0,30.733333333333345,3.4,2.9933333333333336,57.66,70.41,23.89,29.109999999999996,14.0
溧水区 叁拾叁_3_25_诱虫量,溧水区 叁拾叁_3_25_诱虫量,溧水区 叁拾叁,3,江苏省南京市溧水区,00002393,稻纵卷叶螟,2024,39,2024-09-23,2024-09-29,7,29.1,15.8,86.14,76.0,15.1,2.67,66.18,23.31,14.0,14.0,2.0,24.490000000000002,81.33142857142856,64.0,42.0,70.0,58.666666666666664,70.0,56.0,113.0,31.6,33.06666666666666,17.4,21.73333333333333,81.14,82.85666666666667,76.86,75.14333333333333,124.9,70.26666666666668,5.49,4.04,54.64,63.70000000000001,24.01,27.069999999999997,17.0
溧水区 叁拾叁_3_25_诱虫量,溧水区 叁拾叁_3_25_诱虫量,溧水区 叁拾叁,3,江苏省南京市溧水区,00002393,稻纵卷叶螟,2024,40,2024-09-30,2024-10-06,7,28.6,11.9,79.0,72.14,17.2,3.38,48.16,18.62,17.0,17.0,2.4285714285714284,19.455714285714286,79.85000000000001,14.0,64.0,42.0,40.0,64.0,53.5,113.0,29.1,31.5,15.8,18.933333333333334,86.14,85.14,76.0,77.66666666666667,15.1,74.33333333333334,2.67,3.853333333333333,66.18,59.49333333333334,23.31,23.736666666666665,12.0
溧水区 叁拾叁_3_25_诱虫量,溧水区 叁拾叁_3_25_诱虫量,溧水区 叁拾叁,3,江苏省南京市溧水区,00002393,稻纵卷叶螟,2024,41,2024-10-07,2024-10-13,7,25.2,13.1,85.0,74.71,16.7,2.16,49.5,16.94,12.0,12.0,1.7142857142857142,19.09142857142857,82.31142857142856,17.0,14.0,64.0,31.666666666666668,64.0,53.333333333333336,113.0,28.6,29.76666666666667,11.9,15.033333333333333,79.0,82.09333333333335,72.14,75.0,17.2,52.40000000000001,3.38,3.846666666666667,48.16,56.326666666666675,18.62,21.98,40.0
溧水区 叁拾叁_3_25_诱虫量,溧水区 叁拾叁_3_25_诱虫量,溧水区 叁拾叁,3,江苏省南京市溧水区,00002393,稻纵卷叶螟,2024,42,2024-10-14,2024-10-20,7,27.2,11.2,86.57,77.0,49.2,3.66,31.77,14.95,40.0,40.0,5.714285714285714,19.865714285714287,87.80142857142857,12.0,17.0,14.0,14.333333333333334,17.0,36.5,70.0,25.2,27.633333333333336,13.1,13.6,85.0,83.38,74.71,74.28333333333332,16.7,16.333333333333343,2.16,2.736666666666667,49.5,54.613333333333344,16.94,19.62333333333333,25.0
溧水区 叁拾叁_3_25_诱虫量,溧水区 叁拾叁_3_25_诱虫量,溧水区 叁拾叁,3,江苏省南京市溧水区,00002393,稻纵卷叶螟,2024,43,2024-10-21,2024-10-27,7,22.3,8.6,88.29,80.43,20.0,3.16,35.15,12.25,25.0,25.0,3.5714285714285716,16.45714285714286,86.01571428571428,40.0,12.0,17.0,23.0,40.0,31.5,64.0,27.2,27.0,11.2,12.066666666666665,86.57,83.52333333333333,77.0,74.61666666666666,49.2,27.700000000000006,3.66,3.0666666666666664,31.77,43.14333333333334,14.95,16.836666666666662,0.0
溧水区 叁拾叁_3_25_诱虫量,溧水区 叁拾叁_3_25_诱虫量,溧水区 叁拾叁,3,江苏省南京市溧水区,00002393,稻纵卷叶螟,2024,44,2024-10-28,2024-11-03,3,22.0,9.3,87.57,74.57,6.8,2.95,55.84,15.81,0.0,0.0,0.0,16.015,78.82,25.0,40.0,12.0,25.666666666666668,40.0,28.666666666666668,64.0,22.3,24.900000000000002,8.6,10.966666666666667,88.29,86.62,80.43,77.38,20.0,28.633333333333344,3.16,2.9933333333333336,35.15,38.80666666666667,12.25,14.713333333333331,
程桥金山稻纵_1_20_诱虫量,程桥金山稻纵_1_20_诱虫量,程桥金山稻纵,1,江苏省南京市六合区,00001d81,稻纵卷叶螟,2023,22,2023-05-28,2023-06-03,3,32.3,20.1,84.14,74.14,29.6,2.38,48.59,25.72,0.0,0.0,0.0,0.0,0.0,,,,,,,,,,,,,,,,,,,,,,,,0.0
程桥金山稻纵_1_20_诱虫量,程桥金山稻纵_1_20_诱虫量,程桥金山稻纵,1,江苏省南京市六合区,00001d81,稻纵卷叶螟,2023,23,2023-06-04,2023-06-10,7,34.2,16.0,80.43,75.0,31.1,2.66,59.78,28.9,0.0,0.0,0.0,0.0,0.0,0.0,,,0.0,0.0,0.0,0.0,32.3,32.3,20.1,20.1,84.14,84.14,74.14,74.14,29.6,29.6,2.38,2.38,48.59,48.59,25.72,25.72,0.0
程桥金山稻纵_1_20_诱虫量,程桥金山稻纵_1_20_诱虫量,程桥金山稻纵,1,江苏省南京市六合区,00001d81,稻纵卷叶螟,2023,24,2023-06-11,2023-06-17,7,32.4,19.2,80.14,65.0,8.5,2.69,57.13,31.06,0.0,0.0,0.0,0.0,0.0,0.0,0.0,,0.0,0.0,0.0,0.0,34.2,33.25,16.0,18.05,80.43,82.285,75.0,74.57,31.1,30.35,2.66,2.52,59.78,54.185,28.9,27.31,1.0
程桥金山稻纵_1_20_诱虫量,程桥金山稻纵_1_20_诱虫量,程桥金山稻纵,1,江苏省南京市六合区,00001d81,稻纵卷叶螟,2023,25,2023-06-18,2023-06-24,7,31.4,20.5,87.57,74.57,82.3,2.55,29.04,21.42,1.0,1.0,0.14285714285714285,0.0,0.0,0.0,0.0,0.0,0.0,0.0,0.0,0.0,32.4,32.96666666666667,19.2,18.433333333333334,80.14,81.57000000000001,65.0,71.38,8.5,23.066666666666666,2.69,2.5766666666666667,57.13,55.166666666666664,31.06,28.56,1.0
程桥金山稻纵_1_20_诱虫量,程桥金山稻纵_1_20_诱虫量,程桥金山稻纵,1,江苏省南京市六合区,00001d81,稻纵卷叶螟,2023,26,2023-06-25,2023-07-01,7,32.8,21.5,86.29,78.86,64.0,2.94,49.98,24.98,1.0,1.0,0.14285714285714285,0.0,0.0,1.0,0.0,0.0,0.3333333333333333,1.0,0.25,1.0,31.4,32.666666666666664,20.5,18.566666666666666,87.57,82.71333333333332,74.57,71.52333333333333,82.3,40.63333333333333,2.55,2.6333333333333333,29.04,48.65,21.42,27.126666666666665,1.0
程桥金山稻纵_1_20_诱虫量,程桥金山稻纵_1_20_诱虫量,程桥金山稻纵,1,江苏省南京市六合区,00001d81,稻纵卷叶螟,2023,27,2023-07-02,2023-07-08,7,32.9,23.9,87.86,82.29,123.1,3.4,45.76,24.46,1.0,1.0,0.14285714285714285,0.0,0.0,1.0,1.0,0.0,0.6666666666666666,1.0,0.4,1.0,32.8,32.199999999999996,21.5,20.400000000000002,86.29,84.66666666666667,78.86,72.81,64.0,51.6,2.94,2.7266666666666666,49.98,45.38333333333333,24.98,25.820000000000004,1.0
程桥金山稻纵_1_20_诱虫量,程桥金山稻纵_1_20_诱虫量,程桥金山稻纵,1,江苏省南京市六合区,00001d81,稻纵卷叶螟,2023,28,2023-07-09,2023-07-15,7,34.9,24.6,84.57,77.0,27.6,3.38,49.19,28.48,1.0,1.0,0.14285714285714285,0.0,0.0,1.0,1.0,1.0,1.0,1.0,0.5,1.0,32.9,32.36666666666667,23.9,21.966666666666665,87.86,87.24000000000001,82.29,78.57333333333334,123.1,89.8,3.4,2.9633333333333334,45.76,41.593333333333334,24.46,23.62,7.0
程桥金山稻纵_1_20_诱虫量,程桥金山稻纵_1_20_诱虫量,程桥金山稻纵,1,江苏省南京市六合区,00001d81,稻纵卷叶螟,2023,29,2023-07-16,2023-07-22,7,31.5,23.5,89.43,84.71,117.0,2.29,34.08,19.55,7.0,7.0,1.0,0.0,0.0,1.0,1.0,1.0,1.0,1.0,0.6666666666666666,1.0,34.9,33.53333333333333,24.6,23.333333333333332,84.57,86.24000000000001,77.0,79.38333333333334,27.6,71.56666666666666,3.38,3.2399999999999998,49.19,48.31,28.48,25.973333333333333,39.0
程桥金山稻纵_1_20_诱虫量,程桥金山稻纵_1_20_诱虫量,程桥金山稻纵,1,江苏省南京市六合区,00001d81,稻纵卷叶螟,2023,30,2023-07-23,2023-07-29,7,33.2,25.1,86.86,80.86,44.3,3.98,65.75,29.7,39.0,39.0,5.571428571428571,0.0,0.0,7.0,1.0,1.0,3.0,7.0,1.8333333333333333,7.0,31.5,33.1,23.5,24.0,89.43,87.28666666666668,84.71,81.33333333333333,117.0,89.23333333333333,2.29,3.0233333333333334,34.08,43.01,19.55,24.163333333333338,95.0
程桥金山稻纵_1_20_诱虫量,程桥金山稻纵_1_20_诱虫量,程桥金山稻纵,1,江苏省南京市六合区,00001d81,稻纵卷叶螟,2023,31,2023-07-30,2023-08-05,7,34.0,25.0,86.43,76.43,17.1,3.1,81.36,32.83,95.0,95.0,13.571428571428571,0.0,0.0,39.0,7.0,1.0,15.666666666666666,39.0,8.333333333333334,39.0,33.2,33.2,25.1,24.400000000000002,86.86,86.95333333333333,80.86,80.85666666666667,44.3,62.96666666666666,3.98,3.2166666666666663,65.75,49.673333333333325,29.7,25.91,115.0
程桥金山稻纵_1_20_诱虫量,程桥金山稻纵_1_20_诱虫量,程桥金山稻纵,1,江苏省南京市六合区,00001d81,稻纵卷叶螟,2023,32,2023-08-06,2023-08-12,7,35.1,24.0,83.71,75.14,10.3,2.08,79.69,33.11,115.0,115.0,16.428571428571427,0.0,0.0,95.0,39.0,7.0,47.0,95.0,24.0,95.0,34.0,32.9,25.0,24.53333333333333,86.43,87.57333333333334,76.43,80.66666666666667,17.1,59.46666666666667,3.1,3.1233333333333335,81.36,60.39666666666667,32.83,27.36,165.0
程桥金山稻纵_1_20_诱虫量,程桥金山稻纵_1_20_诱虫量,程桥金山稻纵,1,江苏省南京市六合区,00001d81,稻纵卷叶螟,2023,33,2023-08-13,2023-08-19,7,33.7,23.9,86.57,81.29,26.5,2.19,77.01,29.64,165.0,165.0,23.571428571428573,0.0,0.0,115.0,95.0,39.0,83.0,115.0,43.0,115.0,35.1,34.1,24.0,24.7,83.71,85.66666666666667,75.14,77.47666666666667,10.3,23.900000000000002,2.08,3.0533333333333332,79.69,75.60000000000001,33.11,31.88,77.0
程桥金山稻纵_1_20_诱虫量,程桥金山稻纵_1_20_诱虫量,程桥金山稻纵,1,江苏省南京市六合区,00001d81,稻纵卷叶螟,2023,34,2023-08-20,2023-08-26,7,32.0,22.4,82.71,72.0,27.1,2.8,70.93,31.5,77.0,77.0,11.0,0.0,0.0,165.0,115.0,95.0,125.0,165.0,70.33333333333333,165.0,33.7,34.26666666666667,23.9,24.3,86.57,85.57,81.29,77.62,26.5,17.96666666666667,2.19,2.4566666666666666,77.01,79.35333333333334,29.64,31.86,23.0
程桥金山稻纵_1_20_诱虫量,程桥金山稻纵_1_20_诱虫量,程桥金山稻纵,1,江苏省南京市六合区,00001d81,稻纵卷叶螟,2023,35,2023-08-27,2023-09-02,7,29.4,18.5,86.86,78.57,59.2,2.79,42.5,22.49,23.0,23.0,3.2857142857142856,0.0,0.0,77.0,165.0,115.0,119.0,165.0,83.0,165.0,32.0,33.6,22.4,23.433333333333334,82.71,84.32999999999998,72.0,76.14333333333333,27.1,21.3,2.8,2.3566666666666665,70.93,75.87666666666667,31.5,31.416666666666668,10.0
程桥金山稻纵_1_20_诱虫量,程桥金山稻纵_1_20_诱虫量,程桥金山稻纵,1,江苏省南京市六合区,00001d81,稻纵卷叶螟,2023,36,2023-09-03,2023-09-09,7,31.0,21.7,88.0,73.71,2.5,2.83,74.88,29.19,10.0,10.0,1.4285714285714286,0.0,0.0,23.0,77.0,165.0,88.33333333333333,165.0,85.66666666666667,165.0,29.4,31.700000000000003,18.5,21.599999999999998,86.86,85.38,78.57,77.28666666666668,59.2,37.6,2.79,2.5933333333333333,42.5,63.48,22.49,27.876666666666665,4.0
程桥金山稻纵_1_20_诱虫量,程桥金山稻纵_1_20_诱虫量,程桥金山稻纵,1,江苏省南京市六合区,00001d81,稻纵卷叶螟,2023,37,2023-09-10,2023-09-16,7,31.4,20.4,87.43,82.14,74.6,2.74,29.78,17.15,4.0,4.0,0.5714285714285714,0.0,0.0,10.0,23.0,77.0,36.666666666666664,77.0,80.83333333333333,165.0,31.0,30.8,21.7,20.866666666666664,88.0,85.85666666666667,73.71,74.75999999999999,2.5,29.600000000000005,2.83,2.8066666666666666,74.88,62.77,29.19,27.72666666666667,155.0
程桥金山稻纵_1_20_诱虫量,程桥金山稻纵_1_20_诱虫量,程桥金山稻纵,1,江苏省南京市六合区,00001d81,稻纵卷叶螟,2023,38,2023-09-17,2023-09-23,6,32.0,18.8,88.57,77.57,41.3,2.51,30.18,16.82,155.0,155.0,25.833333333333332,0.0,0.0,4.0,10.0,23.0,12.333333333333334,23.0,65.66666666666667,165.0,31.4,30.599999999999998,20.4,20.2,87.43,87.43,82.14,78.13999999999999,74.6,45.43333333333334,2.74,2.7866666666666666,29.78,49.053333333333335,17.15,22.94333333333333,60.0
程桥金山稻纵_1_20_诱虫量,程桥金山稻纵_1_20_诱虫量,程桥金山稻纵,1,江苏省南京市六合区,00001d81,稻纵卷叶螟,2023,39,2023-09-24,2023-09-30,7,28.2,19.1,89.57,82.43,13.3,2.19,45.28,17.44,60.0,60.0,8.571428571428571,0.0,0.0,155.0,4.0,10.0,56.333333333333336,155.0,72.33333333333333,165.0,32.0,31.46666666666667,18.8,20.299999999999997,88.57,88.0,77.57,77.80666666666666,41.3,39.46666666666666,2.51,2.6933333333333334,30.18,44.946666666666665,16.82,21.053333333333335,7.0
程桥金山稻纵_1_20_诱虫量,程桥金山稻纵_1_20_诱虫量,程桥金山稻纵,1,江苏省南京市六合区,00001d81,稻纵卷叶螟,2023,40,2023-10-01,2023-10-07,7,25.5,15.7,80.86,71.71,21.7,3.55,38.52,19.59,7.0,7.0,1.0,0.0,0.0,60.0,155.0,4.0,73.0,155.0,54.833333333333336,155.0,28.2,30.53333333333333,19.1,19.433333333333334,89.57,88.52333333333333,82.43,80.71333333333332,13.3,43.06666666666666,2.19,2.48,45.28,35.080000000000005,17.44,17.136666666666667,0.0
程桥金山稻纵_1_20_诱虫量,程桥金山稻纵_1_20_诱虫量,程桥金山稻纵,1,江苏省南京市六合区,00001d81,稻纵卷叶螟,2023,41,2023-10-08,2023-10-14,7,23.6,13.5,84.86,74.14,0.0,2.05,50.14,17.04,0.0,0.0,0.0,0.0,0.0,7.0,60.0,155.0,74.0,155.0,43.166666666666664,155.0,25.5,28.566666666666666,15.7,17.866666666666667,80.86,86.33333333333333,71.71,77.23666666666666,21.7,25.433333333333334,3.55,2.75,38.52,37.99333333333333,19.59,17.95,0.0
程桥金山稻纵_1_20_诱虫量,程桥金山稻纵_1_20_诱虫量,程桥金山稻纵,1,江苏省南京市六合区,00001d81,稻纵卷叶螟,2023,42,2023-10-15,2023-10-21,7,26.1,9.6,84.43,62.0,4.0,2.46,71.43,22.45,0.0,0.0,0.0,0.0,0.0,0.0,7.0,60.0,22.333333333333332,60.0,39.333333333333336,155.0,23.6,25.766666666666666,13.5,16.099999999999998,84.86,85.09666666666666,74.14,76.09333333333332,0.0,11.666666666666666,2.05,2.5966666666666662,50.14,44.64666666666667,17.04,18.023333333333333,0.0
程桥金山稻纵_1_20_诱虫量,程桥金山稻纵_1_20_诱虫量,程桥金山稻纵,1,江苏省南京市六合区,00001d81,稻纵卷叶螟,2023,43,2023-10-22,2023-10-28,7,25.6,9.6,85.14,64.29,0.0,1.94,60.15,18.61,0.0,0.0,0.0,0.0,0.0,0.0,0.0,7.0,2.3333333333333335,7.0,37.666666666666664,155.0,26.1,25.066666666666666,9.6,12.933333333333332,84.43,83.38333333333334,62.0,69.28333333333332,4.0,8.566666666666666,2.46,2.686666666666667,71.43,53.363333333333344,22.45,19.69333333333333,0.0
程桥金山稻纵_1_20_诱虫量,程桥金山稻纵_1_20_诱虫量,程桥金山稻纵,1,江苏省南京市六合区,00001d81,稻纵卷叶螟,2023,44,2023-10-29,2023-11-04,2,27.6,12.9,83.57,69.14,0.8,2.48,60.23,19.36,0.0,0.0,0.0,,,0.0,0.0,0.0,0.0,0.0,37.0,155.0,25.6,25.099999999999998,9.6,10.9,85.14,84.81,64.29,66.81,0.0,1.3333333333333333,1.94,2.15,60.15,60.57333333333333,18.61,19.366666666666664,0.0
程桥金山稻纵_1_20_诱虫量,程桥金山稻纵_1_20_诱虫量,程桥金山稻纵,1,江苏省南京市六合区,00001d81,稻纵卷叶螟,2024,22,2024-05-27,2024-06-02,2,26.9,14.2,77.71,68.43,42.5,2.69,50.74,25.99,0.0,0.0,0.0,,,0.0,0.0,0.0,0.0,0.0,11.166666666666666,60.0,27.6,26.433333333333337,12.9,10.700000000000001,83.57,84.38,69.14,65.14333333333333,0.8,1.5999999999999999,2.48,2.2933333333333334,60.23,63.93666666666667,19.36,20.14,1.0
程桥金山稻纵_1_20_诱虫量,程桥金山稻纵_1_20_诱虫量,程桥金山稻纵,1,江苏省南京市六合区,00001d81,稻纵卷叶螟,2024,23,2024-06-03,2024-06-09,7,30.9,17.1,76.86,61.71,5.2,2.43,62.66,30.94,1.0,1.0,0.14285714285714285,0.0,0.0,0.0,0.0,0.0,0.0,0.0,1.1666666666666667,7.0,26.9,26.7,14.2,12.233333333333333,77.71,82.14,68.43,67.28666666666668,42.5,14.433333333333332,2.69,2.3699999999999997,50.74,57.04,25.99,21.319999999999997,1.0
程桥金山稻纵_1_20_诱虫量,程桥金山稻纵_1_20_诱虫量,程桥金山稻纵,1,江苏省南京市六合区,00001d81,稻纵卷叶螟,2024,24,2024-06-10,2024-06-16,7,34.2,20.7,79.71,58.71,0.7,2.43,71.14,35.09,1.0,1.0,0.14285714285714285,0.0,0.0,1.0,0.0,0.0,0.3333333333333333,1.0,0.16666666666666666,1.0,30.9,28.46666666666667,17.1,14.733333333333334,76.86,79.38,61.71,66.42666666666666,5.2,16.166666666666668,2.43,2.533333333333333,62.66,57.876666666666665,30.94,25.429999999999996,4.0
程桥金山稻纵_1_20_诱虫量,程桥金山稻纵_1_20_诱虫量,程桥金山稻纵,1,江苏省南京市六合区,00001d81,稻纵卷叶螟,2024,25,2024-06-17,2024-06-23,7,32.3,21.3,85.0,69.86,96.1,3.32,46.58,27.17,4.0,4.0,0.5714285714285714,0.0,0.0,1.0,1.0,0.0,0.6666666666666666,1.0,0.3333333333333333,1.0,34.2,30.666666666666668,20.7,17.333333333333332,79.71,78.09333333333332,58.71,62.95000000000001,0.7,16.133333333333333,2.43,2.5166666666666666,71.14,61.51333333333333,35.09,30.673333333333332,1.0
程桥金山稻纵_1_20_诱虫量,程桥金山稻纵_1_20_诱虫量,程桥金山稻纵,1,江苏省南京市六合区,00001d81,稻纵卷叶螟,2024,26,2024-06-24,2024-06-30,7,30.9,20.7,88.71,85.57,179.0,2.73,26.58,17.62,1.0,1.0,0.14285714285714285,0.0,0.0,4.0,1.0,1.0,2.0,4.0,1.0,4.0,32.3,32.46666666666667,21.3,19.7,85.0,80.52333333333333,69.86,63.42666666666667,96.1,34.0,3.32,2.7266666666666666,46.58,60.126666666666665,27.17,31.066666666666666,10.0
程桥金山稻纵_1_20_诱虫量,程桥金山稻纵_1_20_诱虫量,程桥金山稻纵,1,江苏省南京市六合区,00001d81,稻纵卷叶螟,2024,27,2024-07-01,2024-07-07,7,34.9,22.6,81.14,78.57,41.8,4.14,62.65,32.6,10.0,10.0,1.4285714285714286,0.0,0.0,1.0,4.0,1.0,2.0,4.0,1.1666666666666667,4.0,30.9,32.46666666666667,20.7,20.9,88.71,84.47333333333331,85.57,71.38,179.0,91.93333333333334,2.73,2.8266666666666667,26.58,48.099999999999994,17.62,26.62666666666667,7.0
程桥金山稻纵_1_20_诱虫量,程桥金山稻纵_1_20_诱虫量,程桥金山稻纵,1,江苏省南京市六合区,00001d81,稻纵卷叶螟,2024,28,2024-07-08,2024-07-14,5,35.0,21.4,88.57,86.0,168.8,2.44,20.72,18.18,7.0,7.0,1.4,0.0,0.0,10.0,1.0,4.0,5.0,10.0,2.8333333333333335,10.0,34.9,32.699999999999996,22.6,21.53333333333333,81.14,84.95,78.57,78.0,41.8,105.63333333333334,4.14,3.3966666666666665,62.65,45.27,32.6,25.796666666666667,2.0
程桥金山稻纵_1_20_诱虫量,程桥金山稻纵_1_20_诱虫量,程桥金山稻纵,1,江苏省南京市六合区,00001d81,稻纵卷叶螟,2024,29,2024-07-15,2024-07-21,7,35.2,24.3,81.86,78.57,22.4,3.39,35.37,25.73,2.0,2.0,0.2857142857142857,,,7.0,10.0,1.0,6.0,10.0,4.0,10.0,35.0,33.6,21.4,21.566666666666663,88.57,86.13999999999999,86.0,83.38,168.8,129.86666666666667,2.44,3.103333333333333,20.72,36.65,18.18,22.8,3.0
程桥金山稻纵_1_20_诱虫量,程桥金山稻纵_1_20_诱虫量,程桥金山稻纵,1,江苏省南京市六合区,00001d81,稻纵卷叶螟,2024,30,2024-07-22,2024-07-28,7,36.7,27.0,80.57,71.86,6.1,4.7,71.71,37.84,3.0,3.0,0.42857142857142855,,,2.0,7.0,10.0,6.333333333333333,10.0,4.166666666666667,10.0,35.2,35.03333333333334,24.3,22.766666666666666,81.86,83.85666666666667,78.57,81.04666666666667,22.4,77.66666666666667,3.39,3.323333333333333,35.37,39.58,25.73,25.50333333333333,21.0
程桥金山稻纵_1_20_诱虫量,程桥金山稻纵_1_20_诱虫量,程桥金山稻纵,1,江苏省南京市六合区,00001d81,稻纵卷叶螟,2024,31,2024-07-29,2024-08-04,7,37.5,27.6,76.0,71.57,9.5,2.75,86.5,40.56,21.0,21.0,3.0,,,3.0,2.0,7.0,4.0,7.0,4.5,10.0,36.7,35.63333333333333,27.0,24.233333333333334,80.57,83.66666666666667,71.86,78.81,6.1,65.76666666666668,4.7,3.5100000000000002,71.71,42.599999999999994,37.84,27.25,2.0
程桥金山稻纵_1_20_诱虫量,程桥金山稻纵_1_20_诱虫量,程桥金山稻纵,1,江苏省南京市六合区,00001d81,稻纵卷叶螟,2024,32,2024-08-05,2024-08-11,7,37.8,27.1,76.86,66.71,62.0,1.88,83.96,39.02,2.0,2.0,0.2857142857142857,,,21.0,3.0,2.0,8.666666666666666,21.0,7.333333333333333,21.0,37.5,36.46666666666667,27.6,26.299999999999997,76.0,79.47666666666667,71.57,74.0,9.5,12.666666666666677,2.75,3.6133333333333333,86.5,64.52666666666666,40.56,34.71,0.0
程桥金山稻纵_1_20_诱虫量,程桥金山稻纵_1_20_诱虫量,程桥金山稻纵,1,江苏省南京市六合区,00001d81,稻纵卷叶螟,2024,33,2024-08-12,2024-08-18,7,36.3,24.9,84.43,67.71,34.3,2.42,75.24,33.56,0.0,0.0,0.0,0.0,0.0,2.0,21.0,3.0,8.666666666666666,21.0,7.5,21.0,37.8,37.333333333333336,27.1,27.233333333333334,76.86,77.80999999999999,66.71,70.04666666666667,62.0,25.866666666666674,1.88,3.11,83.96,80.72333333333333,39.02,39.14,84.0
程桥金山稻纵_1_20_诱虫量,程桥金山稻纵_1_20_诱虫量,程桥金山稻纵,1,江苏省南京市六合区,00001d81,稻纵卷叶螟,2024,34,2024-08-19,2024-08-25,7,34.7,25.4,84.71,77.86,50.4,1.93,64.42,27.34,84.0,84.0,12.0,0.0,0.0,0.0,2.0,21.0,7.666666666666667,21.0,5.833333333333333,21.0,36.3,37.199999999999996,24.9,26.53333333333333,84.43,79.09666666666668,67.71,68.66333333333331,34.3,35.26666666666668,2.42,2.35,75.24,81.89999999999999,33.56,37.71333333333333,531.0
程桥金山稻纵_1_20_诱虫量,程桥金山稻纵_1_20_诱虫量,程桥金山稻纵,1,江苏省南京市六合区,00001d81,稻纵卷叶螟,2024,35,2024-08-26,2024-09-01,7,35.2,24.1,83.43,71.71,6.3,2.35,74.77,30.13,531.0,531.0,75.85714285714286,0.0,0.0,84.0,0.0,2.0,28.666666666666668,84.0,18.666666666666668,84.0,34.7,36.266666666666666,25.4,25.799999999999997,84.71,82.0,77.86,70.75999999999999,50.4,48.90000000000001,1.93,2.0766666666666667,64.42,74.54,27.34,33.306666666666665,586.0
程桥金山稻纵_1_20_诱虫量,程桥金山稻纵_1_20_诱虫量,程桥金山稻纵,1,江苏省南京市六合区,00001d81,稻纵卷叶螟,2024,36,2024-09-02,2024-09-08,7,33.8,24.2,79.29,68.43,2.9,3.23,78.8,33.31,586.0,586.0,83.71428571428571,,,531.0,84.0,0.0,205.0,531.0,106.83333333333333,531.0,35.2,35.4,24.1,24.799999999999997,83.43,84.19,71.71,72.42666666666666,6.3,30.333333333333343,2.35,2.2333333333333334,74.77,71.47666666666667,30.13,30.343333333333334,94.0
程桥金山稻纵_1_20_诱虫量,程桥金山稻纵_1_20_诱虫量,程桥金山稻纵,1,江苏省南京市六合区,00001d81,稻纵卷叶螟,2024,37,2024-09-09,2024-09-15,7,33.8,23.6,88.14,80.14,83.0,3.4,57.66,23.89,94.0,94.0,13.428571428571429,0.0,0.0,586.0,531.0,84.0,400.3333333333333,586.0,204.0,586.0,33.8,34.56666666666667,24.2,24.566666666666663,79.29,82.47666666666667,68.43,72.66666666666667,2.9,19.866666666666678,3.23,2.5033333333333334,78.8,72.66333333333334,33.31,30.26,33.0
程桥金山稻纵_1_20_诱虫量,程桥金山稻纵_1_20_诱虫量,程桥金山稻纵,1,江苏省南京市六合区,00001d81,稻纵卷叶螟,2024,38,2024-09-16,2024-09-22,7,31.6,17.4,81.14,76.86,124.9,5.49,54.64,24.01,33.0,33.0,4.714285714285714,0.0,0.0,94.0,586.0,531.0,403.6666666666667,586.0,216.16666666666666,586.0,33.8,34.266666666666666,23.6,23.96666666666667,88.14,83.62,80.14,73.42666666666666,83.0,30.733333333333345,3.4,2.9933333333333336,57.66,70.41,23.89,29.109999999999996,44.0
程桥金山稻纵_1_20_诱虫量,程桥金山稻纵_1_20_诱虫量,程桥金山稻纵,1,江苏省南京市六合区,00001d81,稻纵卷叶螟,2024,39,2024-09-23,2024-09-29,7,29.1,15.8,86.14,76.0,15.1,2.67,66.18,23.31,44.0,44.0,6.285714285714286,0.0,0.0,33.0,94.0,586.0,237.66666666666666,586.0,221.33333333333334,586.0,31.6,33.06666666666666,17.4,21.73333333333333,81.14,82.85666666666667,76.86,75.14333333333333,124.9,70.26666666666668,5.49,4.04,54.64,63.70000000000001,24.01,27.069999999999997,16.0
程桥金山稻纵_1_20_诱虫量,程桥金山稻纵_1_20_诱虫量,程桥金山稻纵,1,江苏省南京市六合区,00001d81,稻纵卷叶螟,2024,40,2024-09-30,2024-10-06,7,28.6,11.9,79.0,72.14,17.2,3.38,48.16,18.62,16.0,16.0,2.2857142857142856,0.0,0.0,44.0,33.0,94.0,57.0,94.0,228.66666666666666,586.0,29.1,31.5,15.8,18.933333333333334,86.14,85.14,76.0,77.66666666666667,15.1,74.33333333333334,2.67,3.853333333333333,66.18,59.49333333333334,23.31,23.736666666666665,127.0
程桥金山稻纵_1_20_诱虫量,程桥金山稻纵_1_20_诱虫量,程桥金山稻纵,1,江苏省南京市六合区,00001d81,稻纵卷叶螟,2024,41,2024-10-07,2024-10-13,7,25.2,13.1,85.0,74.71,16.7,2.16,49.5,16.94,127.0,127.0,18.142857142857142,0.0,0.0,16.0,44.0,33.0,31.0,44.0,217.33333333333334,586.0,28.6,29.76666666666667,11.9,15.033333333333333,79.0,82.09333333333335,72.14,75.0,17.2,52.40000000000001,3.38,3.846666666666667,48.16,56.326666666666675,18.62,21.98,125.0
程桥金山稻纵_1_20_诱虫量,程桥金山稻纵_1_20_诱虫量,程桥金山稻纵,1,江苏省南京市六合区,00001d81,稻纵卷叶螟,2024,42,2024-10-14,2024-10-20,7,27.2,11.2,86.57,77.0,49.2,3.66,31.77,14.95,125.0,125.0,17.857142857142858,0.0,0.0,127.0,16.0,44.0,62.333333333333336,127.0,150.0,586.0,25.2,27.633333333333336,13.1,13.6,85.0,83.38,74.71,74.28333333333332,16.7,16.333333333333343,2.16,2.736666666666667,49.5,54.613333333333344,16.94,19.62333333333333,1.0
程桥金山稻纵_1_20_诱虫量,程桥金山稻纵_1_20_诱虫量,程桥金山稻纵,1,江苏省南京市六合区,00001d81,稻纵卷叶螟,2024,43,2024-10-21,2024-10-27,7,22.3,8.6,88.29,80.43,20.0,3.16,35.15,12.25,1.0,1.0,0.14285714285714285,0.0,0.0,125.0,127.0,16.0,89.33333333333333,127.0,73.16666666666667,127.0,27.2,27.0,11.2,12.066666666666665,86.57,83.52333333333333,77.0,74.61666666666666,49.2,27.700000000000006,3.66,3.0666666666666664,31.77,43.14333333333334,14.95,16.836666666666662,0.0
程桥金山稻纵_1_20_诱虫量,程桥金山稻纵_1_20_诱虫量,程桥金山稻纵,1,江苏省南京市六合区,00001d81,稻纵卷叶螟,2024,44,2024-10-28,2024-11-03,3,22.0,9.3,87.57,74.57,6.8,2.95,55.84,15.81,0.0,0.0,0.0,,,1.0,125.0,127.0,84.33333333333333,127.0,57.666666666666664,127.0,22.3,24.900000000000002,8.6,10.966666666666667,88.29,86.62,80.43,77.38,20.0,28.633333333333344,3.16,2.9933333333333336,35.15,38.80666666666667,12.25,14.713333333333331,
竹镇镇光华村 稻纵_1_18_诱虫量,竹镇镇光华村 稻纵_1_18_诱虫量,竹镇镇光华村 稻纵,1,江苏省南京市六合区,00001f62,稻纵卷叶螟,2023,22,2023-05-28,2023-06-03,3,32.3,20.1,84.14,74.14,29.6,2.38,48.59,25.72,0.0,0.0,0.0,27.046666666666667,57.86333333333334,,,,,,,,,,,,,,,,,,,,,,,,0.0
竹镇镇光华村 稻纵_1_18_诱虫量,竹镇镇光华村 稻纵_1_18_诱虫量,竹镇镇光华村 稻纵,1,江苏省南京市六合区,00001f62,稻纵卷叶螟,2023,23,2023-06-04,2023-06-10,7,34.2,16.0,80.43,75.0,31.1,2.66,59.78,28.9,0.0,0.0,0.0,24.14428571428571,75.63571428571429,0.0,,,0.0,0.0,0.0,0.0,32.3,32.3,20.1,20.1,84.14,84.14,74.14,74.14,29.6,29.6,2.38,2.38,48.59,48.59,25.72,25.72,0.0
竹镇镇光华村 稻纵_1_18_诱虫量,竹镇镇光华村 稻纵_1_18_诱虫量,竹镇镇光华村 稻纵,1,江苏省南京市六合区,00001f62,稻纵卷叶螟,2023,24,2023-06-11,2023-06-17,7,32.4,19.2,80.14,65.0,8.5,2.69,57.13,31.06,0.0,0.0,0.0,27.247142857142855,65.63714285714285,0.0,0.0,,0.0,0.0,0.0,0.0,34.2,33.25,16.0,18.05,80.43,82.285,75.0,74.57,31.1,30.35,2.66,2.52,59.78,54.185,28.9,27.31,2.0
竹镇镇光华村 稻纵_1_18_诱虫量,竹镇镇光华村 稻纵_1_18_诱虫量,竹镇镇光华村 稻纵,1,江苏省南京市六合区,00001f62,稻纵卷叶螟,2023,25,2023-06-18,2023-06-24,7,31.4,20.5,87.57,74.57,82.3,2.55,29.04,21.42,2.0,2.0,0.2857142857142857,27.138571428571428,75.35571428571428,0.0,0.0,0.0,0.0,0.0,0.0,0.0,32.4,32.96666666666667,19.2,18.433333333333334,80.14,81.57000000000001,65.0,71.38,8.5,23.066666666666666,2.69,2.5766666666666667,57.13,55.166666666666664,31.06,28.56,2.0
竹镇镇光华村 稻纵_1_18_诱虫量,竹镇镇光华村 稻纵_1_18_诱虫量,竹镇镇光华村 稻纵,1,江苏省南京市六合区,00001f62,稻纵卷叶螟,2023,26,2023-06-25,2023-07-01,7,32.8,21.5,86.29,78.86,64.0,2.94,49.98,24.98,2.0,2.0,0.2857142857142857,28.43,79.3442857142857,2.0,0.0,0.0,0.6666666666666666,2.0,0.5,2.0,31.4,32.666666666666664,20.5,18.566666666666666,87.57,82.71333333333332,74.57,71.52333333333333,82.3,40.63333333333333,2.55,2.6333333333333333,29.04,48.65,21.42,27.126666666666665,1.0
竹镇镇光华村 稻纵_1_18_诱虫量,竹镇镇光华村 稻纵_1_18_诱虫量,竹镇镇光华村 稻纵,1,江苏省南京市六合区,00001f62,稻纵卷叶螟,2023,27,2023-07-02,2023-07-08,7,32.9,23.9,87.86,82.29,123.1,3.4,45.76,24.46,1.0,1.0,0.14285714285714285,28.75142857142857,83.02428571428571,2.0,2.0,0.0,1.3333333333333333,2.0,0.8,2.0,32.8,32.199999999999996,21.5,20.400000000000002,86.29,84.66666666666667,78.86,72.81,64.0,51.6,2.94,2.7266666666666666,49.98,45.38333333333333,24.98,25.820000000000004,2.0
竹镇镇光华村 稻纵_1_18_诱虫量,竹镇镇光华村 稻纵_1_18_诱虫量,竹镇镇光华村 稻纵,1,江苏省南京市六合区,00001f62,稻纵卷叶螟,2023,28,2023-07-09,2023-07-15,7,34.9,24.6,84.57,77.0,27.6,3.38,49.19,28.48,2.0,2.0,0.2857142857142857,29.694285714285712,81.80857142857143,1.0,2.0,2.0,1.6666666666666667,2.0,0.8333333333333334,2.0,32.9,32.36666666666667,23.9,21.966666666666665,87.86,87.24000000000001,82.29,78.57333333333334,123.1,89.8,3.4,2.9633333333333334,45.76,41.593333333333334,24.46,23.62,0.0
竹镇镇光华村 稻纵_1_18_诱虫量,竹镇镇光华村 稻纵_1_18_诱虫量,竹镇镇光华村 稻纵,1,江苏省南京市六合区,00001f62,稻纵卷叶螟,2023,29,2023-07-16,2023-07-22,7,31.5,23.5,89.43,84.71,117.0,2.29,34.08,19.55,0.0,0.0,0.0,28.520000000000003,83.25857142857141,2.0,1.0,2.0,1.6666666666666667,2.0,1.1666666666666667,2.0,34.9,33.53333333333333,24.6,23.333333333333332,84.57,86.24000000000001,77.0,79.38333333333334,27.6,71.56666666666666,3.38,3.2399999999999998,49.19,48.31,28.48,25.973333333333333,0.0
竹镇镇光华村 稻纵_1_18_诱虫量,竹镇镇光华村 稻纵_1_18_诱虫量,竹镇镇光华村 稻纵,1,江苏省南京市六合区,00001f62,稻纵卷叶螟,2023,30,2023-07-23,2023-07-29,7,33.2,25.1,86.86,80.86,44.3,3.98,65.75,29.7,0.0,0.0,0.0,29.801428571428573,79.54285714285713,0.0,2.0,1.0,1.0,2.0,1.1666666666666667,2.0,31.5,33.1,23.5,24.0,89.43,87.28666666666668,84.71,81.33333333333333,117.0,89.23333333333333,2.29,3.0233333333333334,34.08,43.01,19.55,24.163333333333338,1.0
竹镇镇光华村 稻纵_1_18_诱虫量,竹镇镇光华村 稻纵_1_18_诱虫量,竹镇镇光华村 稻纵,1,江苏省南京市六合区,00001f62,稻纵卷叶螟,2023,31,2023-07-30,2023-08-05,7,34.0,25.0,86.43,76.43,17.1,3.1,81.36,32.83,1.0,1.0,0.14285714285714285,31.424285714285713,75.77714285714286,0.0,0.0,2.0,0.6666666666666666,2.0,1.1666666666666667,2.0,33.2,33.2,25.1,24.400000000000002,86.86,86.95333333333333,80.86,80.85666666666667,44.3,62.96666666666666,3.98,3.2166666666666663,65.75,49.673333333333325,29.7,25.91,7.0
竹镇镇光华村 稻纵_1_18_诱虫量,竹镇镇光华村 稻纵_1_18_诱虫量,竹镇镇光华村 稻纵,1,江苏省南京市六合区,00001f62,稻纵卷叶螟,2023,32,2023-08-06,2023-08-12,7,35.1,24.0,83.71,75.14,10.3,2.08,79.69,33.11,7.0,7.0,1.0,29.994285714285716,76.69000000000001,1.0,0.0,0.0,0.3333333333333333,1.0,1.0,2.0,34.0,32.9,25.0,24.53333333333333,86.43,87.57333333333334,76.43,80.66666666666667,17.1,59.46666666666667,3.1,3.1233333333333335,81.36,60.39666666666667,32.83,27.36,11.0
竹镇镇光华村 稻纵_1_18_诱虫量,竹镇镇光华村 稻纵_1_18_诱虫量,竹镇镇光华村 稻纵,1,江苏省南京市六合区,00001f62,稻纵卷叶螟,2023,33,2023-08-13,2023-08-19,7,33.7,23.9,86.57,81.29,26.5,2.19,77.01,29.64,11.0,11.0,1.5714285714285714,31.03,73.18333333333334,7.0,1.0,0.0,2.6666666666666665,7.0,1.8333333333333333,7.0,35.1,34.1,24.0,24.7,83.71,85.66666666666667,75.14,77.47666666666667,10.3,23.900000000000002,2.08,3.0533333333333332,79.69,75.60000000000001,33.11,31.88,34.0
竹镇镇光华村 稻纵_1_18_诱虫量,竹镇镇光华村 稻纵_1_18_诱虫量,竹镇镇光华村 稻纵,1,江苏省南京市六合区,00001f62,稻纵卷叶螟,2023,34,2023-08-20,2023-08-26,7,32.0,22.4,82.71,72.0,27.1,2.8,70.93,31.5,34.0,34.0,4.857142857142857,29.717142857142857,72.99285714285715,11.0,7.0,1.0,6.333333333333333,11.0,3.5,11.0,33.7,34.26666666666667,23.9,24.3,86.57,85.57,81.29,77.62,26.5,17.96666666666667,2.19,2.4566666666666666,77.01,79.35333333333334,29.64,31.86,11.0
竹镇镇光华村 稻纵_1_18_诱虫量,竹镇镇光华村 稻纵_1_18_诱虫量,竹镇镇光华村 稻纵,1,江苏省南京市六合区,00001f62,稻纵卷叶螟,2023,35,2023-08-27,2023-09-02,7,29.4,18.5,86.86,78.57,59.2,2.79,42.5,22.49,11.0,11.0,1.5714285714285714,25.775714285714287,78.50428571428571,34.0,11.0,7.0,17.333333333333332,34.0,8.833333333333334,34.0,32.0,33.6,22.4,23.433333333333334,82.71,84.32999999999998,72.0,76.14333333333333,27.1,21.3,2.8,2.3566666666666665,70.93,75.87666666666667,31.5,31.416666666666668,8.0
竹镇镇光华村 稻纵_1_18_诱虫量,竹镇镇光华村 稻纵_1_18_诱虫量,竹镇镇光华村 稻纵,1,江苏省南京市六合区,00001f62,稻纵卷叶螟,2023,36,2023-09-03,2023-09-09,7,31.0,21.7,88.0,73.71,2.5,2.83,74.88,29.19,8.0,8.0,1.1428571428571428,28.08285714285714,73.59,11.0,34.0,11.0,18.666666666666668,34.0,10.666666666666666,34.0,29.4,31.700000000000003,18.5,21.599999999999998,86.86,85.38,78.57,77.28666666666668,59.2,37.6,2.79,2.5933333333333333,42.5,63.48,22.49,27.876666666666665,35.0
竹镇镇光华村 稻纵_1_18_诱虫量,竹镇镇光华村 稻纵_1_18_诱虫量,竹镇镇光华村 稻纵,1,江苏省南京市六合区,00001f62,稻纵卷叶螟,2023,37,2023-09-10,2023-09-16,7,31.4,20.4,87.43,82.14,74.6,2.74,29.78,17.15,35.0,35.0,5.0,25.051428571428573,81.14857142857143,8.0,11.0,34.0,17.666666666666668,34.0,12.0,34.0,31.0,30.8,21.7,20.866666666666664,88.0,85.85666666666667,73.71,74.75999999999999,2.5,29.600000000000005,2.83,2.8066666666666666,74.88,62.77,29.19,27.72666666666667,47.0
竹镇镇光华村 稻纵_1_18_诱虫量,竹镇镇光华村 稻纵_1_18_诱虫量,竹镇镇光华村 稻纵,1,江苏省南京市六合区,00001f62,稻纵卷叶螟,2023,38,2023-09-17,2023-09-23,7,32.0,18.8,88.57,77.57,41.3,2.51,30.18,16.82,47.0,47.0,6.714285714285714,24.481428571428573,80.61571428571428,35.0,8.0,11.0,18.0,35.0,17.666666666666668,35.0,31.4,30.599999999999998,20.4,20.2,87.43,87.43,82.14,78.13999999999999,74.6,45.43333333333334,2.74,2.7866666666666666,29.78,49.053333333333335,17.15,22.94333333333333,17.0
竹镇镇光华村 稻纵_1_18_诱虫量,竹镇镇光华村 稻纵_1_18_诱虫量,竹镇镇光华村 稻纵,1,江苏省南京市六合区,00001f62,稻纵卷叶螟,2023,39,2023-09-24,2023-09-30,7,28.2,19.1,89.57,82.43,13.3,2.19,45.28,17.44,17.0,17.0,2.4285714285714284,23.584285714285716,81.85571428571428,47.0,35.0,8.0,30.0,47.0,24.333333333333332,47.0,32.0,31.46666666666667,18.8,20.299999999999997,88.57,88.0,77.57,77.80666666666666,41.3,39.46666666666666,2.51,2.6933333333333334,30.18,44.946666666666665,16.82,21.053333333333335,1.0
竹镇镇光华村 稻纵_1_18_诱虫量,竹镇镇光华村 稻纵_1_18_诱虫量,竹镇镇光华村 稻纵,1,江苏省南京市六合区,00001f62,稻纵卷叶螟,2023,40,2023-10-01,2023-10-07,7,25.5,15.7,80.86,71.71,21.7,3.55,38.52,19.59,1.0,1.0,0.14285714285714285,20.952857142857145,72.22857142857143,17.0,47.0,35.0,33.0,47.0,25.333333333333332,47.0,28.2,30.53333333333333,19.1,19.433333333333334,89.57,88.52333333333333,82.43,80.71333333333332,13.3,43.06666666666666,2.19,2.48,45.28,35.080000000000005,17.44,17.136666666666667,0.0
竹镇镇光华村 稻纵_1_18_诱虫量,竹镇镇光华村 稻纵_1_18_诱虫量,竹镇镇光华村 稻纵,1,江苏省南京市六合区,00001f62,稻纵卷叶螟,2023,41,2023-10-08,2023-10-14,7,23.6,13.5,84.86,74.14,0.0,2.05,50.14,17.04,0.0,0.0,0.0,19.914285714285715,72.05,1.0,17.0,47.0,21.666666666666668,47.0,19.833333333333332,47.0,25.5,28.566666666666666,15.7,17.866666666666667,80.86,86.33333333333333,71.71,77.23666666666666,21.7,25.433333333333334,3.55,2.75,38.52,37.99333333333333,19.59,17.95,0.0
竹镇镇光华村 稻纵_1_18_诱虫量,竹镇镇光华村 稻纵_1_18_诱虫量,竹镇镇光华村 稻纵,1,江苏省南京市六合区,00001f62,稻纵卷叶螟,2023,42,2023-10-15,2023-10-21,7,26.1,9.6,84.43,62.0,4.0,2.46,71.43,22.45,0.0,0.0,0.0,18.211428571428574,70.77428571428571,0.0,1.0,17.0,6.0,17.0,18.0,47.0,23.6,25.766666666666666,13.5,16.099999999999998,84.86,85.09666666666666,74.14,76.09333333333332,0.0,11.666666666666666,2.05,2.5966666666666662,50.14,44.64666666666667,17.04,18.023333333333333,0.0
竹镇镇光华村 稻纵_1_18_诱虫量,竹镇镇光华村 稻纵_1_18_诱虫量,竹镇镇光华村 稻纵,1,江苏省南京市六合区,00001f62,稻纵卷叶螟,2023,43,2023-10-22,2023-10-28,7,25.6,9.6,85.14,64.29,0.0,1.94,60.15,18.61,0.0,0.0,0.0,18.919999999999998,70.31142857142858,0.0,0.0,1.0,0.3333333333333333,1.0,16.666666666666668,47.0,26.1,25.066666666666666,9.6,12.933333333333332,84.43,83.38333333333334,62.0,69.28333333333332,4.0,8.566666666666666,2.46,2.686666666666667,71.43,53.363333333333344,22.45,19.69333333333333,0.0
竹镇镇光华村 稻纵_1_18_诱虫量,竹镇镇光华村 稻纵_1_18_诱虫量,竹镇镇光华村 稻纵,1,江苏省南京市六合区,00001f62,稻纵卷叶螟,2023,44,2023-10-29,2023-11-04,2,27.6,12.9,83.57,69.14,0.8,2.48,60.23,19.36,0.0,0.0,0.0,21.38,63.57,0.0,0.0,0.0,0.0,0.0,10.833333333333334,47.0,25.6,25.099999999999998,9.6,10.9,85.14,84.81,64.29,66.81,0.0,1.3333333333333333,1.94,2.15,60.15,60.57333333333333,18.61,19.366666666666664,0.0
竹镇镇光华村 稻纵_1_18_诱虫量,竹镇镇光华村 稻纵_1_18_诱虫量,竹镇镇光华村 稻纵,1,江苏省南京市六合区,00001f62,稻纵卷叶螟,2024,22,2024-05-27,2024-06-02,2,26.9,14.2,77.71,68.43,42.5,2.69,50.74,25.99,0.0,0.0,0.0,24.395,56.585,0.0,0.0,0.0,0.0,0.0,3.0,17.0,27.6,26.433333333333337,12.9,10.700000000000001,83.57,84.38,69.14,65.14333333333333,0.8,1.5999999999999999,2.48,2.2933333333333334,60.23,63.93666666666667,19.36,20.14,1.0
竹镇镇光华村 稻纵_1_18_诱虫量,竹镇镇光华村 稻纵_1_18_诱虫量,竹镇镇光华村 稻纵,1,江苏省南京市六合区,00001f62,稻纵卷叶螟,2024,23,2024-06-03,2024-06-09,7,30.9,17.1,76.86,61.71,5.2,2.43,62.66,30.94,1.0,1.0,0.14285714285714285,25.564285714285713,63.00714285714285,0.0,0.0,0.0,0.0,0.0,0.16666666666666666,1.0,26.9,26.7,14.2,12.233333333333333,77.71,82.14,68.43,67.28666666666668,42.5,14.433333333333332,2.69,2.3699999999999997,50.74,57.04,25.99,21.319999999999997,2.0
竹镇镇光华村 稻纵_1_18_诱虫量,竹镇镇光华村 稻纵_1_18_诱虫量,竹镇镇光华村 稻纵,1,江苏省南京市六合区,00001f62,稻纵卷叶螟,2024,24,2024-06-10,2024-06-16,7,34.2,20.7,79.71,58.71,0.7,2.43,71.14,35.09,2.0,2.0,0.2857142857142857,29.080000000000002,65.56714285714285,1.0,0.0,0.0,0.3333333333333333,1.0,0.16666666666666666,1.0,30.9,28.46666666666667,17.1,14.733333333333334,76.86,79.38,61.71,66.42666666666666,5.2,16.166666666666668,2.43,2.533333333333333,62.66,57.876666666666665,30.94,25.429999999999996,1.0
竹镇镇光华村 稻纵_1_18_诱虫量,竹镇镇光华村 稻纵_1_18_诱虫量,竹镇镇光华村 稻纵,1,江苏省南京市六合区,00001f62,稻纵卷叶螟,2024,25,2024-06-17,2024-06-23,7,32.3,21.3,85.0,69.86,96.1,3.32,46.58,27.17,1.0,1.0,0.14285714285714285,27.882857142857144,74.54285714285713,2.0,1.0,0.0,1.0,2.0,0.5,2.0,34.2,30.666666666666668,20.7,17.333333333333332,79.71,78.09333333333332,58.71,62.95000000000001,0.7,16.133333333333333,2.43,2.5166666666666666,71.14,61.51333333333333,35.09,30.673333333333332,1.0
竹镇镇光华村 稻纵_1_18_诱虫量,竹镇镇光华村 稻纵_1_18_诱虫量,竹镇镇光华村 稻纵,1,江苏省南京市六合区,00001f62,稻纵卷叶螟,2024,26,2024-06-24,2024-06-30,7,30.9,20.7,88.71,85.57,179.0,2.73,26.58,17.62,1.0,1.0,0.14285714285714285,26.767142857142858,79.81714285714285,1.0,2.0,1.0,1.3333333333333333,2.0,0.6666666666666666,2.0,32.3,32.46666666666667,21.3,19.7,85.0,80.52333333333333,69.86,63.42666666666667,96.1,34.0,3.32,2.7266666666666666,46.58,60.126666666666665,27.17,31.066666666666666,2.0
竹镇镇光华村 稻纵_1_18_诱虫量,竹镇镇光华村 稻纵_1_18_诱虫量,竹镇镇光华村 稻纵,1,江苏省南京市六合区,00001f62,稻纵卷叶螟,2024,27,2024-07-01,2024-07-07,7,34.9,22.6,81.14,78.57,41.8,4.14,62.65,32.6,2.0,2.0,0.2857142857142857,29.53142857142857,79.73142857142857,1.0,1.0,2.0,1.3333333333333333,2.0,0.8333333333333334,2.0,30.9,32.46666666666667,20.7,20.9,88.71,84.47333333333331,85.57,71.38,179.0,91.93333333333334,2.73,2.8266666666666667,26.58,48.099999999999994,17.62,26.62666666666667,0.0
竹镇镇光华村 稻纵_1_18_诱虫量,竹镇镇光华村 稻纵_1_18_诱虫量,竹镇镇光华村 稻纵,1,江苏省南京市六合区,00001f62,稻纵卷叶螟,2024,28,2024-07-08,2024-07-14,7,35.0,21.4,88.57,86.0,168.8,2.44,20.72,18.18,0.0,0.0,0.0,27.924285714285713,83.71857142857142,2.0,1.0,1.0,1.3333333333333333,2.0,1.1666666666666667,2.0,34.9,32.699999999999996,22.6,21.53333333333333,81.14,84.95,78.57,78.0,41.8,105.63333333333334,4.14,3.3966666666666665,62.65,45.27,32.6,25.796666666666667,0.0
竹镇镇光华村 稻纵_1_18_诱虫量,竹镇镇光华村 稻纵_1_18_诱虫量,竹镇镇光华村 稻纵,1,江苏省南京市六合区,00001f62,稻纵卷叶螟,2024,29,2024-07-15,2024-07-21,7,35.2,24.3,81.86,78.57,22.4,3.39,35.37,25.73,0.0,0.0,0.0,30.527142857142856,81.41571428571429,0.0,2.0,1.0,1.0,2.0,1.1666666666666667,2.0,35.0,33.6,21.4,21.566666666666663,88.57,86.13999999999999,86.0,83.38,168.8,129.86666666666667,2.44,3.103333333333333,20.72,36.65,18.18,22.8,1.0
竹镇镇光华村 稻纵_1_18_诱虫量,竹镇镇光华村 稻纵_1_18_诱虫量,竹镇镇光华村 稻纵,1,江苏省南京市六合区,00001f62,稻纵卷叶螟,2024,30,2024-07-22,2024-07-28,7,36.7,27.0,80.57,71.86,6.1,4.7,71.71,37.84,1.0,1.0,0.14285714285714285,32.371428571428574,74.87714285714286,0.0,0.0,2.0,0.6666666666666666,2.0,1.0,2.0,35.2,35.03333333333334,24.3,22.766666666666666,81.86,83.85666666666667,78.57,81.04666666666667,22.4,77.66666666666667,3.39,3.323333333333333,35.37,39.58,25.73,25.50333333333333,21.0
竹镇镇光华村 稻纵_1_18_诱虫量,竹镇镇光华村 稻纵_1_18_诱虫量,竹镇镇光华村 稻纵,1,江苏省南京市六合区,00001f62,稻纵卷叶螟,2024,31,2024-07-29,2024-08-04,7,37.5,27.6,76.0,71.57,9.5,2.75,86.5,40.56,21.0,21.0,3.0,33.19428571428572,75.46000000000001,1.0,0.0,0.0,0.3333333333333333,1.0,0.8333333333333334,2.0,36.7,35.63333333333333,27.0,24.233333333333334,80.57,83.66666666666667,71.86,78.81,6.1,65.76666666666668,4.7,3.5100000000000002,71.71,42.599999999999994,37.84,27.25,11.0
竹镇镇光华村 稻纵_1_18_诱虫量,竹镇镇光华村 稻纵_1_18_诱虫量,竹镇镇光华村 稻纵,1,江苏省南京市六合区,00001f62,稻纵卷叶螟,2024,32,2024-08-05,2024-08-11,7,37.8,27.1,76.86,66.71,62.0,1.88,83.96,39.02,11.0,11.0,1.5714285714285714,33.15714285714286,73.2,21.0,1.0,0.0,7.333333333333333,21.0,4.166666666666667,21.0,37.5,36.46666666666667,27.6,26.299999999999997,76.0,79.47666666666667,71.57,74.0,9.5,12.666666666666677,2.75,3.6133333333333333,86.5,64.52666666666666,40.56,34.71,6.0
竹镇镇光华村 稻纵_1_18_诱虫量,竹镇镇光华村 稻纵_1_18_诱虫量,竹镇镇光华村 稻纵,1,江苏省南京市六合区,00001f62,稻纵卷叶螟,2024,33,2024-08-12,2024-08-18,7,36.3,24.9,84.43,67.71,34.3,2.42,75.24,33.56,6.0,6.0,0.8571428571428571,32.167142857142856,71.98142857142857,11.0,21.0,1.0,11.0,21.0,5.833333333333333,21.0,37.8,37.333333333333336,27.1,27.233333333333334,76.86,77.80999999999999,66.71,70.04666666666667,62.0,25.866666666666674,1.88,3.11,83.96,80.72333333333333,39.02,39.14,6.0
竹镇镇光华村 稻纵_1_18_诱虫量,竹镇镇光华村 稻纵_1_18_诱虫量,竹镇镇光华村 稻纵,1,江苏省南京市六合区,00001f62,稻纵卷叶螟,2024,34,2024-08-19,2024-08-25,7,34.7,25.4,84.71,77.86,50.4,1.93,64.42,27.34,6.0,6.0,0.8571428571428571,31.437142857142856,77.14714285714285,6.0,11.0,21.0,12.666666666666666,21.0,6.5,21.0,36.3,37.199999999999996,24.9,26.53333333333333,84.43,79.09666666666668,67.71,68.66333333333331,34.3,35.26666666666668,2.42,2.35,75.24,81.89999999999999,33.56,37.71333333333333,22.0
竹镇镇光华村 稻纵_1_18_诱虫量,竹镇镇光华村 稻纵_1_18_诱虫量,竹镇镇光华村 稻纵,1,江苏省南京市六合区,00001f62,稻纵卷叶螟,2024,35,2024-08-26,2024-09-01,7,35.2,24.1,83.43,71.71,6.3,2.35,74.77,30.13,22.0,22.0,3.142857142857143,30.802857142857142,77.51571428571428,6.0,6.0,11.0,7.666666666666667,11.0,7.5,21.0,34.7,36.266666666666666,25.4,25.799999999999997,84.71,82.0,77.86,70.75999999999999,50.4,48.90000000000001,1.93,2.0766666666666667,64.42,74.54,27.34,33.306666666666665,35.0
竹镇镇光华村 稻纵_1_18_诱虫量,竹镇镇光华村 稻纵_1_18_诱虫量,竹镇镇光华村 稻纵,1,江苏省南京市六合区,00001f62,稻纵卷叶螟,2024,36,2024-09-02,2024-09-08,7,33.8,24.2,79.29,68.43,2.9,3.23,78.8,33.31,35.0,35.0,5.0,30.437142857142856,74.53571428571429,22.0,6.0,6.0,11.333333333333334,22.0,11.166666666666666,22.0,35.2,35.4,24.1,24.799999999999997,83.43,84.19,71.71,72.42666666666666,6.3,30.333333333333343,2.35,2.2333333333333334,74.77,71.47666666666667,30.13,30.343333333333334,45.0
竹镇镇光华村 稻纵_1_18_诱虫量,竹镇镇光华村 稻纵_1_18_诱虫量,竹镇镇光华村 稻纵,1,江苏省南京市六合区,00001f62,稻纵卷叶螟,2024,37,2024-09-09,2024-09-15,7,33.8,23.6,88.14,80.14,83.0,3.4,57.66,23.89,45.0,45.0,6.428571428571429,29.33142857142857,82.29857142857144,35.0,22.0,6.0,21.0,35.0,16.833333333333332,35.0,33.8,34.56666666666667,24.2,24.566666666666663,79.29,82.47666666666667,68.43,72.66666666666667,2.9,19.866666666666678,3.23,2.5033333333333334,78.8,72.66333333333334,33.31,30.26,33.0
竹镇镇光华村 稻纵_1_18_诱虫量,竹镇镇光华村 稻纵_1_18_诱虫量,竹镇镇光华村 稻纵,1,江苏省南京市六合区,00001f62,稻纵卷叶螟,2024,38,2024-09-16,2024-09-22,7,31.6,17.4,81.14,76.86,124.9,5.49,54.64,24.01,33.0,33.0,4.714285714285714,26.36285714285714,81.57000000000001,45.0,35.0,22.0,34.0,45.0,20.833333333333332,45.0,33.8,34.266666666666666,23.6,23.96666666666667,88.14,83.62,80.14,73.42666666666666,83.0,30.733333333333345,3.4,2.9933333333333336,57.66,70.41,23.89,29.109999999999996,25.0
竹镇镇光华村 稻纵_1_18_诱虫量,竹镇镇光华村 稻纵_1_18_诱虫量,竹镇镇光华村 稻纵,1,江苏省南京市六合区,00001f62,稻纵卷叶螟,2024,39,2024-09-23,2024-09-29,7,29.1,15.8,86.14,76.0,15.1,2.67,66.18,23.31,25.0,25.0,3.5714285714285716,25.16,75.96285714285715,33.0,45.0,35.0,37.666666666666664,45.0,24.5,45.0,31.6,33.06666666666666,17.4,21.73333333333333,81.14,82.85666666666667,76.86,75.14333333333333,124.9,70.26666666666668,5.49,4.04,54.64,63.70000000000001,24.01,27.069999999999997,0.0
竹镇镇光华村 稻纵_1_18_诱虫量,竹镇镇光华村 稻纵_1_18_诱虫量,竹镇镇光华村 稻纵,1,江苏省南京市六合区,00001f62,稻纵卷叶螟,2024,40,2024-09-30,2024-10-06,7,28.6,11.9,79.0,72.14,17.2,3.38,48.16,18.62,0.0,0.0,0.0,19.37142857142857,76.3,25.0,33.0,45.0,34.333333333333336,45.0,27.666666666666668,45.0,29.1,31.5,15.8,18.933333333333334,86.14,85.14,76.0,77.66666666666667,15.1,74.33333333333334,2.67,3.853333333333333,66.18,59.49333333333334,23.31,23.736666666666665,0.0
竹镇镇光华村 稻纵_1_18_诱虫量,竹镇镇光华村 稻纵_1_18_诱虫量,竹镇镇光华村 稻纵,1,江苏省南京市六合区,00001f62,稻纵卷叶螟,2024,41,2024-10-07,2024-10-13,7,25.2,13.1,85.0,74.71,16.7,2.16,49.5,16.94,0.0,0.0,0.0,19.974285714285713,76.71428571428571,0.0,25.0,33.0,19.333333333333332,33.0,26.666666666666668,45.0,28.6,29.76666666666667,11.9,15.033333333333333,79.0,82.09333333333335,72.14,75.0,17.2,52.40000000000001,3.38,3.846666666666667,48.16,56.326666666666675,18.62,21.98,0.0
竹镇镇光华村 稻纵_1_18_诱虫量,竹镇镇光华村 稻纵_1_18_诱虫量,竹镇镇光华村 稻纵,1,江苏省南京市六合区,00001f62,稻纵卷叶螟,2024,42,2024-10-14,2024-10-20,7,27.2,11.2,86.57,77.0,49.2,3.66,31.77,14.95,0.0,0.0,0.0,20.27857142857143,80.0657142857143,0.0,0.0,25.0,8.333333333333334,25.0,23.0,45.0,25.2,27.633333333333336,13.1,13.6,85.0,83.38,74.71,74.28333333333332,16.7,16.333333333333343,2.16,2.736666666666667,49.5,54.613333333333344,16.94,19.62333333333333,0.0
竹镇镇光华村 稻纵_1_18_诱虫量,竹镇镇光华村 稻纵_1_18_诱虫量,竹镇镇光华村 稻纵,1,江苏省南京市六合区,00001f62,稻纵卷叶螟,2024,43,2024-10-21,2024-10-27,7,22.3,8.6,88.29,80.43,20.0,3.16,35.15,12.25,0.0,0.0,0.0,16.335714285714285,81.00714285714285,0.0,0.0,0.0,0.0,0.0,17.166666666666668,45.0,27.2,27.0,11.2,12.066666666666665,86.57,83.52333333333333,77.0,74.61666666666666,49.2,27.700000000000006,3.66,3.0666666666666664,31.77,43.14333333333334,14.95,16.836666666666662,0.0
竹镇镇光华村 稻纵_1_18_诱虫量,竹镇镇光华村 稻纵_1_18_诱虫量,竹镇镇光华村 稻纵,1,江苏省南京市六合区,00001f62,稻纵卷叶螟,2024,44,2024-10-28,2024-11-03,3,22.0,9.3,87.57,74.57,6.8,2.95,55.84,15.81,0.0,0.0,0.0,15.35,73.945,0.0,0.0,0.0,0.0,0.0,9.666666666666666,33.0,22.3,24.900000000000002,8.6,10.966666666666667,88.29,86.62,80.43,77.38,20.0,28.633333333333344,3.16,2.9933333333333336,35.15,38.80666666666667,12.25,14.713333333333331,
金牛湖街道 稻纵_1_27_诱虫量,金牛湖街道 稻纵_1_27_诱虫量,金牛湖街道 稻纵,1,江苏省南京市六合区,00001f4d,稻纵卷叶螟,2023,22,2023-05-28,2023-06-03,3,32.3,20.1,84.14,74.14,29.6,2.38,48.59,25.72,1.0,1.0,0.3333333333333333,28.560000000000002,49.60666666666666,,,,,,,,,,,,,,,,,,,,,,,,0.0
金牛湖街道 稻纵_1_27_诱虫量,金牛湖街道 稻纵_1_27_诱虫量,金牛湖街道 稻纵,1,江苏省南京市六合区,00001f4d,稻纵卷叶螟,2023,23,2023-06-04,2023-06-10,7,34.2,16.0,80.43,75.0,31.1,2.66,59.78,28.9,0.0,0.0,0.0,26.374285714285715,64.4,1.0,,,1.0,1.0,1.0,1.0,32.3,32.3,20.1,20.1,84.14,84.14,74.14,74.14,29.6,29.6,2.38,2.38,48.59,48.59,25.72,25.72,0.0
金牛湖街道 稻纵_1_27_诱虫量,金牛湖街道 稻纵_1_27_诱虫量,金牛湖街道 稻纵,1,江苏省南京市六合区,00001f4d,稻纵卷叶螟,2023,24,2023-06-11,2023-06-17,7,32.4,19.2,80.14,65.0,8.5,2.69,57.13,31.06,0.0,0.0,0.0,28.67142857142857,56.39142857142857,0.0,1.0,,0.5,1.0,0.5,1.0,34.2,33.25,16.0,18.05,80.43,82.285,75.0,74.57,31.1,30.35,2.66,2.52,59.78,54.185,28.9,27.31,0.0
金牛湖街道 稻纵_1_27_诱虫量,金牛湖街道 稻纵_1_27_诱虫量,金牛湖街道 稻纵,1,江苏省南京市六合区,00001f4d,稻纵卷叶螟,2023,25,2023-06-18,2023-06-24,7,31.4,20.5,87.57,74.57,82.3,2.55,29.04,21.42,0.0,0.0,0.0,27.90285714285714,71.45714285714286,0.0,0.0,1.0,0.3333333333333333,1.0,0.3333333333333333,1.0,32.4,32.96666666666667,19.2,18.433333333333334,80.14,81.57000000000001,65.0,71.38,8.5,23.066666666666666,2.69,2.5766666666666667,57.13,55.166666666666664,31.06,28.56,0.0
金牛湖街道 稻纵_1_27_诱虫量,金牛湖街道 稻纵_1_27_诱虫量,金牛湖街道 稻纵,1,江苏省南京市六合区,00001f4d,稻纵卷叶螟,2023,26,2023-06-25,2023-07-01,7,32.8,21.5,86.29,78.86,64.0,2.94,49.98,24.98,0.0,0.0,0.0,29.82,72.52142857142857,0.0,0.0,0.0,0.0,0.0,0.25,1.0,31.4,32.666666666666664,20.5,18.566666666666666,87.57,82.71333333333332,74.57,71.52333333333333,82.3,40.63333333333333,2.55,2.6333333333333333,29.04,48.65,21.42,27.126666666666665,0.0
金牛湖街道 稻纵_1_27_诱虫量,金牛湖街道 稻纵_1_27_诱虫量,金牛湖街道 稻纵,1,江苏省南京市六合区,00001f4d,稻纵卷叶螟,2023,27,2023-07-02,2023-07-08,7,32.9,23.9,87.86,82.29,123.1,3.4,45.76,24.46,0.0,0.0,0.0,30.165714285714284,74.05428571428571,0.0,0.0,0.0,0.0,0.0,0.2,1.0,32.8,32.199999999999996,21.5,20.400000000000002,86.29,84.66666666666667,78.86,72.81,64.0,51.6,2.94,2.7266666666666666,49.98,45.38333333333333,24.98,25.820000000000004,0.0
金牛湖街道 稻纵_1_27_诱虫量,金牛湖街道 稻纵_1_27_诱虫量,金牛湖街道 稻纵,1,江苏省南京市六合区,00001f4d,稻纵卷叶螟,2023,28,2023-07-09,2023-07-15,7,34.9,24.6,84.57,77.0,27.6,3.38,49.19,28.48,0.0,0.0,0.0,31.532857142857143,72.02,0.0,0.0,0.0,0.0,0.0,0.16666666666666666,1.0,32.9,32.36666666666667,23.9,21.966666666666665,87.86,87.24000000000001,82.29,78.57333333333334,123.1,89.8,3.4,2.9633333333333334,45.76,41.593333333333334,24.46,23.62,0.0
金牛湖街道 稻纵_1_27_诱虫量,金牛湖街道 稻纵_1_27_诱虫量,金牛湖街道 稻纵,1,江苏省南京市六合区,00001f4d,稻纵卷叶螟,2023,29,2023-07-16,2023-07-22,7,31.5,23.5,89.43,84.71,117.0,2.29,34.08,19.55,0.0,0.0,0.0,29.745714285714286,76.9542857142857,0.0,0.0,0.0,0.0,0.0,0.0,0.0,34.9,33.53333333333333,24.6,23.333333333333332,84.57,86.24000000000001,77.0,79.38333333333334,27.6,71.56666666666666,3.38,3.2399999999999998,49.19,48.31,28.48,25.973333333333333,28.0
金牛湖街道 稻纵_1_27_诱虫量,金牛湖街道 稻纵_1_27_诱虫量,金牛湖街道 稻纵,1,江苏省南京市六合区,00001f4d,稻纵卷叶螟,2023,30,2023-07-23,2023-07-29,7,33.2,25.1,86.86,80.86,44.3,3.98,65.75,29.7,28.0,28.0,4.0,31.482857142857142,71.51285714285714,0.0,0.0,0.0,0.0,0.0,0.0,0.0,31.5,33.1,23.5,24.0,89.43,87.28666666666668,84.71,81.33333333333333,117.0,89.23333333333333,2.29,3.0233333333333334,34.08,43.01,19.55,24.163333333333338,89.0
金牛湖街道 稻纵_1_27_诱虫量,金牛湖街道 稻纵_1_27_诱虫量,金牛湖街道 稻纵,1,江苏省南京市六合区,00001f4d,稻纵卷叶螟,2023,31,2023-07-30,2023-08-05,7,34.0,25.0,86.43,76.43,17.1,3.1,81.36,32.83,89.0,89.0,12.714285714285714,32.885714285714286,68.35857142857142,28.0,0.0,0.0,9.333333333333334,28.0,4.666666666666667,28.0,33.2,33.2,25.1,24.400000000000002,86.86,86.95333333333333,80.86,80.85666666666667,44.3,62.96666666666666,3.98,3.2166666666666663,65.75,49.673333333333325,29.7,25.91,158.0
金牛湖街道 稻纵_1_27_诱虫量,金牛湖街道 稻纵_1_27_诱虫量,金牛湖街道 稻纵,1,江苏省南京市六合区,00001f4d,稻纵卷叶螟,2023,32,2023-08-06,2023-08-12,7,35.1,24.0,83.71,75.14,10.3,2.08,79.69,33.11,158.0,158.0,22.571428571428573,31.16142857142857,71.08285714285714,89.0,28.0,0.0,39.0,89.0,19.5,89.0,34.0,32.9,25.0,24.53333333333333,86.43,87.57333333333334,76.43,80.66666666666667,17.1,59.46666666666667,3.1,3.1233333333333335,81.36,60.39666666666667,32.83,27.36,218.0
金牛湖街道 稻纵_1_27_诱虫量,金牛湖街道 稻纵_1_27_诱虫量,金牛湖街道 稻纵,1,江苏省南京市六合区,00001f4d,稻纵卷叶螟,2023,33,2023-08-13,2023-08-19,7,33.7,23.9,86.57,81.29,26.5,2.19,77.01,29.64,218.0,218.0,31.142857142857142,32.515,66.955,158.0,89.0,28.0,91.66666666666667,158.0,45.833333333333336,158.0,35.1,34.1,24.0,24.7,83.71,85.66666666666667,75.14,77.47666666666667,10.3,23.900000000000002,2.08,3.0533333333333332,79.69,75.60000000000001,33.11,31.88,120.0
金牛湖街道 稻纵_1_27_诱虫量,金牛湖街道 稻纵_1_27_诱虫量,金牛湖街道 稻纵,1,江苏省南京市六合区,00001f4d,稻纵卷叶螟,2023,34,2023-08-20,2023-08-26,7,32.0,22.4,82.71,72.0,27.1,2.8,70.93,31.5,120.0,120.0,17.142857142857142,30.12714285714286,69.87571428571428,218.0,158.0,89.0,155.0,218.0,82.16666666666667,218.0,33.7,34.26666666666667,23.9,24.3,86.57,85.57,81.29,77.62,26.5,17.96666666666667,2.19,2.4566666666666666,77.01,79.35333333333334,29.64,31.86,28.0
金牛湖街道 稻纵_1_27_诱虫量,金牛湖街道 稻纵_1_27_诱虫量,金牛湖街道 稻纵,1,江苏省南京市六合区,00001f4d,稻纵卷叶螟,2023,35,2023-08-27,2023-09-02,7,29.4,18.5,86.86,78.57,59.2,2.79,42.5,22.49,28.0,28.0,4.0,26.494285714285716,73.14999999999999,120.0,218.0,158.0,165.33333333333334,218.0,102.16666666666667,218.0,32.0,33.6,22.4,23.433333333333334,82.71,84.32999999999998,72.0,76.14333333333333,27.1,21.3,2.8,2.3566666666666665,70.93,75.87666666666667,31.5,31.416666666666668,49.0
金牛湖街道 稻纵_1_27_诱虫量,金牛湖街道 稻纵_1_27_诱虫量,金牛湖街道 稻纵,1,江苏省南京市六合区,00001f4d,稻纵卷叶螟,2023,36,2023-09-03,2023-09-09,7,31.0,21.7,88.0,73.71,2.5,2.83,74.88,29.19,49.0,49.0,7.0,28.667142857142856,70.61571428571429,28.0,120.0,218.0,122.0,218.0,106.83333333333333,218.0,29.4,31.700000000000003,18.5,21.599999999999998,86.86,85.38,78.57,77.28666666666668,59.2,37.6,2.79,2.5933333333333333,42.5,63.48,22.49,27.876666666666665,13.0
金牛湖街道 稻纵_1_27_诱虫量,金牛湖街道 稻纵_1_27_诱虫量,金牛湖街道 稻纵,1,江苏省南京市六合区,00001f4d,稻纵卷叶螟,2023,37,2023-09-10,2023-09-16,7,31.4,20.4,87.43,82.14,74.6,2.74,29.78,17.15,13.0,13.0,1.8571428571428572,25.97142857142857,77.30285714285715,49.0,28.0,120.0,65.66666666666667,120.0,110.33333333333333,218.0,31.0,30.8,21.7,20.866666666666664,88.0,85.85666666666667,73.71,74.75999999999999,2.5,29.600000000000005,2.83,2.8066666666666666,74.88,62.77,29.19,27.72666666666667,54.0
金牛湖街道 稻纵_1_27_诱虫量,金牛湖街道 稻纵_1_27_诱虫量,金牛湖街道 稻纵,1,江苏省南京市六合区,00001f4d,稻纵卷叶螟,2023,38,2023-09-17,2023-09-23,7,32.0,18.8,88.57,77.57,41.3,2.51,30.18,16.82,54.0,54.0,7.714285714285714,26.38714285714286,73.93285714285715,13.0,49.0,28.0,30.0,49.0,97.66666666666667,218.0,31.4,30.599999999999998,20.4,20.2,87.43,87.43,82.14,78.13999999999999,74.6,45.43333333333334,2.74,2.7866666666666666,29.78,49.053333333333335,17.15,22.94333333333333,4.0
金牛湖街道 稻纵_1_27_诱虫量,金牛湖街道 稻纵_1_27_诱虫量,金牛湖街道 稻纵,1,江苏省南京市六合区,00001f4d,稻纵卷叶螟,2023,39,2023-09-24,2023-09-30,7,28.2,19.1,89.57,82.43,13.3,2.19,45.28,17.44,4.0,4.0,0.5714285714285714,25.201428571428572,75.47142857142856,54.0,13.0,49.0,38.666666666666664,54.0,80.33333333333333,218.0,32.0,31.46666666666667,18.8,20.299999999999997,88.57,88.0,77.57,77.80666666666666,41.3,39.46666666666666,2.51,2.6933333333333334,30.18,44.946666666666665,16.82,21.053333333333335,3.0
金牛湖街道 稻纵_1_27_诱虫量,金牛湖街道 稻纵_1_27_诱虫量,金牛湖街道 稻纵,1,江苏省南京市六合区,00001f4d,稻纵卷叶螟,2023,40,2023-10-01,2023-10-07,7,25.5,15.7,80.86,71.71,21.7,3.55,38.52,19.59,3.0,3.0,0.42857142857142855,22.2,67.07428571428571,4.0,54.0,13.0,23.666666666666668,54.0,44.666666666666664,120.0,28.2,30.53333333333333,19.1,19.433333333333334,89.57,88.52333333333333,82.43,80.71333333333332,13.3,43.06666666666666,2.19,2.48,45.28,35.080000000000005,17.44,17.136666666666667,0.0
金牛湖街道 稻纵_1_27_诱虫量,金牛湖街道 稻纵_1_27_诱虫量,金牛湖街道 稻纵,1,江苏省南京市六合区,00001f4d,稻纵卷叶螟,2023,41,2023-10-08,2023-10-14,7,23.6,13.5,84.86,74.14,0.0,2.05,50.14,17.04,0.0,0.0,0.0,20.981428571428573,66.52571428571429,3.0,4.0,54.0,20.333333333333332,54.0,25.166666666666668,54.0,25.5,28.566666666666666,15.7,17.866666666666667,80.86,86.33333333333333,71.71,77.23666666666666,21.7,25.433333333333334,3.55,2.75,38.52,37.99333333333333,19.59,17.95,0.0
金牛湖街道 稻纵_1_27_诱虫量,金牛湖街道 稻纵_1_27_诱虫量,金牛湖街道 稻纵,1,江苏省南京市六合区,00001f4d,稻纵卷叶螟,2023,42,2023-10-15,2023-10-21,7,26.1,9.6,84.43,62.0,4.0,2.46,71.43,22.45,0.0,0.0,0.0,19.83142857142857,62.70142857142857,0.0,3.0,4.0,2.3333333333333335,4.0,20.5,54.0,23.6,25.766666666666666,13.5,16.099999999999998,84.86,85.09666666666666,74.14,76.09333333333332,0.0,11.666666666666666,2.05,2.5966666666666662,50.14,44.64666666666667,17.04,18.023333333333333,0.0
金牛湖街道 稻纵_1_27_诱虫量,金牛湖街道 稻纵_1_27_诱虫量,金牛湖街道 稻纵,1,江苏省南京市六合区,00001f4d,稻纵卷叶螟,2023,43,2023-10-22,2023-10-28,7,25.6,9.6,85.14,64.29,0.0,1.94,60.15,18.61,0.0,0.0,0.0,20.055714285714284,63.74857142857143,0.0,0.0,3.0,1.0,3.0,12.333333333333334,54.0,26.1,25.066666666666666,9.6,12.933333333333332,84.43,83.38333333333334,62.0,69.28333333333332,4.0,8.566666666666666,2.46,2.686666666666667,71.43,53.363333333333344,22.45,19.69333333333333,0.0
金牛湖街道 稻纵_1_27_诱虫量,金牛湖街道 稻纵_1_27_诱虫量,金牛湖街道 稻纵,1,江苏省南京市六合区,00001f4d,稻纵卷叶螟,2023,44,2023-10-29,2023-11-04,2,27.6,12.9,83.57,69.14,0.8,2.48,60.23,19.36,0.0,0.0,0.0,20.27,63.36,0.0,0.0,0.0,0.0,0.0,10.166666666666666,54.0,25.6,25.099999999999998,9.6,10.9,85.14,84.81,64.29,66.81,0.0,1.3333333333333333,1.94,2.15,60.15,60.57333333333333,18.61,19.366666666666664,0.0
金牛湖街道 稻纵_1_27_诱虫量,金牛湖街道 稻纵_1_27_诱虫量,金牛湖街道 稻纵,1,江苏省南京市六合区,00001f4d,稻纵卷叶螟,2024,22,2024-05-27,2024-06-02,2,26.9,14.2,77.71,68.43,42.5,2.69,50.74,25.99,0.0,0.0,0.0,,,0.0,0.0,0.0,0.0,0.0,1.1666666666666667,4.0,27.6,26.433333333333337,12.9,10.700000000000001,83.57,84.38,69.14,65.14333333333333,0.8,1.5999999999999999,2.48,2.2933333333333334,60.23,63.93666666666667,19.36,20.14,0.0
金牛湖街道 稻纵_1_27_诱虫量,金牛湖街道 稻纵_1_27_诱虫量,金牛湖街道 稻纵,1,江苏省南京市六合区,00001f4d,稻纵卷叶螟,2024,23,2024-06-03,2024-06-09,7,30.9,17.1,76.86,61.71,5.2,2.43,62.66,30.94,0.0,0.0,0.0,0.0,0.0,0.0,0.0,0.0,0.0,0.0,0.5,3.0,26.9,26.7,14.2,12.233333333333333,77.71,82.14,68.43,67.28666666666668,42.5,14.433333333333332,2.69,2.3699999999999997,50.74,57.04,25.99,21.319999999999997,0.0
金牛湖街道 稻纵_1_27_诱虫量,金牛湖街道 稻纵_1_27_诱虫量,金牛湖街道 稻纵,1,江苏省南京市六合区,00001f4d,稻纵卷叶螟,2024,24,2024-06-10,2024-06-16,7,34.2,20.7,79.71,58.71,0.7,2.43,71.14,35.09,0.0,0.0,0.0,0.0,0.0,0.0,0.0,0.0,0.0,0.0,0.0,0.0,30.9,28.46666666666667,17.1,14.733333333333334,76.86,79.38,61.71,66.42666666666666,5.2,16.166666666666668,2.43,2.533333333333333,62.66,57.876666666666665,30.94,25.429999999999996,1.0
金牛湖街道 稻纵_1_27_诱虫量,金牛湖街道 稻纵_1_27_诱虫量,金牛湖街道 稻纵,1,江苏省南京市六合区,00001f4d,稻纵卷叶螟,2024,25,2024-06-17,2024-06-23,7,32.3,21.3,85.0,69.86,96.1,3.32,46.58,27.17,1.0,1.0,0.14285714285714285,0.0,0.0,0.0,0.0,0.0,0.0,0.0,0.0,0.0,34.2,30.666666666666668,20.7,17.333333333333332,79.71,78.09333333333332,58.71,62.95000000000001,0.7,16.133333333333333,2.43,2.5166666666666666,71.14,61.51333333333333,35.09,30.673333333333332,0.0
金牛湖街道 稻纵_1_27_诱虫量,金牛湖街道 稻纵_1_27_诱虫量,金牛湖街道 稻纵,1,江苏省南京市六合区,00001f4d,稻纵卷叶螟,2024,26,2024-06-24,2024-06-30,7,30.9,20.7,88.71,85.57,179.0,2.73,26.58,17.62,0.0,0.0,0.0,,,1.0,0.0,0.0,0.3333333333333333,1.0,0.16666666666666666,1.0,32.3,32.46666666666667,21.3,19.7,85.0,80.52333333333333,69.86,63.42666666666667,96.1,34.0,3.32,2.7266666666666666,46.58,60.126666666666665,27.17,31.066666666666666,0.0
金牛湖街道 稻纵_1_27_诱虫量,金牛湖街道 稻纵_1_27_诱虫量,金牛湖街道 稻纵,1,江苏省南京市六合区,00001f4d,稻纵卷叶螟,2024,27,2024-07-01,2024-07-07,7,34.9,22.6,81.14,78.57,41.8,4.14,62.65,32.6,0.0,0.0,0.0,,,0.0,1.0,0.0,0.3333333333333333,1.0,0.16666666666666666,1.0,30.9,32.46666666666667,20.7,20.9,88.71,84.47333333333331,85.57,71.38,179.0,91.93333333333334,2.73,2.8266666666666667,26.58,48.099999999999994,17.62,26.62666666666667,2.0
金牛湖街道 稻纵_1_27_诱虫量,金牛湖街道 稻纵_1_27_诱虫量,金牛湖街道 稻纵,1,江苏省南京市六合区,00001f4d,稻纵卷叶螟,2024,28,2024-07-08,2024-07-14,7,35.0,21.4,88.57,86.0,168.8,2.44,20.72,18.18,2.0,2.0,0.2857142857142857,0.0,0.0,0.0,0.0,1.0,0.3333333333333333,1.0,0.16666666666666666,1.0,34.9,32.699999999999996,22.6,21.53333333333333,81.14,84.95,78.57,78.0,41.8,105.63333333333334,4.14,3.3966666666666665,62.65,45.27,32.6,25.796666666666667,5.0
金牛湖街道 稻纵_1_27_诱虫量,金牛湖街道 稻纵_1_27_诱虫量,金牛湖街道 稻纵,1,江苏省南京市六合区,00001f4d,稻纵卷叶螟,2024,29,2024-07-15,2024-07-21,7,35.2,24.3,81.86,78.57,22.4,3.39,35.37,25.73,5.0,5.0,0.7142857142857143,0.0,0.0,2.0,0.0,0.0,0.6666666666666666,2.0,0.5,2.0,35.0,33.6,21.4,21.566666666666663,88.57,86.13999999999999,86.0,83.38,168.8,129.86666666666667,2.44,3.103333333333333,20.72,36.65,18.18,22.8,25.0
金牛湖街道 稻纵_1_27_诱虫量,金牛湖街道 稻纵_1_27_诱虫量,金牛湖街道 稻纵,1,江苏省南京市六合区,00001f4d,稻纵卷叶螟,2024,30,2024-07-22,2024-07-28,7,36.7,27.0,80.57,71.86,6.1,4.7,71.71,37.84,25.0,25.0,3.5714285714285716,,,5.0,2.0,0.0,2.3333333333333335,5.0,1.3333333333333333,5.0,35.2,35.03333333333334,24.3,22.766666666666666,81.86,83.85666666666667,78.57,81.04666666666667,22.4,77.66666666666667,3.39,3.323333333333333,35.37,39.58,25.73,25.50333333333333,44.0
金牛湖街道 稻纵_1_27_诱虫量,金牛湖街道 稻纵_1_27_诱虫量,金牛湖街道 稻纵,1,江苏省南京市六合区,00001f4d,稻纵卷叶螟,2024,31,2024-07-29,2024-08-04,7,37.5,27.6,76.0,71.57,9.5,2.75,86.5,40.56,44.0,44.0,6.285714285714286,0.0,0.0,25.0,5.0,2.0,10.666666666666666,25.0,5.5,25.0,36.7,35.63333333333333,27.0,24.233333333333334,80.57,83.66666666666667,71.86,78.81,6.1,65.76666666666668,4.7,3.5100000000000002,71.71,42.599999999999994,37.84,27.25,12.0
金牛湖街道 稻纵_1_27_诱虫量,金牛湖街道 稻纵_1_27_诱虫量,金牛湖街道 稻纵,1,江苏省南京市六合区,00001f4d,稻纵卷叶螟,2024,32,2024-08-05,2024-08-11,7,37.8,27.1,76.86,66.71,62.0,1.88,83.96,39.02,12.0,12.0,1.7142857142857142,3.25,12.125,44.0,25.0,5.0,24.666666666666668,44.0,12.666666666666666,44.0,37.5,36.46666666666667,27.6,26.299999999999997,76.0,79.47666666666667,71.57,74.0,9.5,12.666666666666677,2.75,3.6133333333333333,86.5,64.52666666666666,40.56,34.71,70.0
金牛湖街道 稻纵_1_27_诱虫量,金牛湖街道 稻纵_1_27_诱虫量,金牛湖街道 稻纵,1,江苏省南京市六合区,00001f4d,稻纵卷叶螟,2024,33,2024-08-12,2024-08-18,7,36.3,24.9,84.43,67.71,34.3,2.42,75.24,33.56,70.0,70.0,10.0,,,12.0,44.0,25.0,27.0,44.0,14.666666666666666,44.0,37.8,37.333333333333336,27.1,27.233333333333334,76.86,77.80999999999999,66.71,70.04666666666667,62.0,25.866666666666674,1.88,3.11,83.96,80.72333333333333,39.02,39.14,40.0
金牛湖街道 稻纵_1_27_诱虫量,金牛湖街道 稻纵_1_27_诱虫量,金牛湖街道 稻纵,1,江苏省南京市六合区,00001f4d,稻纵卷叶螟,2024,34,2024-08-19,2024-08-25,7,34.7,25.4,84.71,77.86,50.4,1.93,64.42,27.34,40.0,40.0,5.714285714285714,0.0,0.0,70.0,12.0,44.0,42.0,70.0,26.333333333333332,70.0,36.3,37.199999999999996,24.9,26.53333333333333,84.43,79.09666666666668,67.71,68.66333333333331,34.3,35.26666666666668,2.42,2.35,75.24,81.89999999999999,33.56,37.71333333333333,114.0
金牛湖街道 稻纵_1_27_诱虫量,金牛湖街道 稻纵_1_27_诱虫量,金牛湖街道 稻纵,1,江苏省南京市六合区,00001f4d,稻纵卷叶螟,2024,35,2024-08-26,2024-09-01,7,35.2,24.1,83.43,71.71,6.3,2.35,74.77,30.13,114.0,114.0,16.285714285714285,,,40.0,70.0,12.0,40.666666666666664,70.0,32.666666666666664,70.0,34.7,36.266666666666666,25.4,25.799999999999997,84.71,82.0,77.86,70.75999999999999,50.4,48.90000000000001,1.93,2.0766666666666667,64.42,74.54,27.34,33.306666666666665,84.0
金牛湖街道 稻纵_1_27_诱虫量,金牛湖街道 稻纵_1_27_诱虫量,金牛湖街道 稻纵,1,江苏省南京市六合区,00001f4d,稻纵卷叶螟,2024,36,2024-09-02,2024-09-08,7,33.8,24.2,79.29,68.43,2.9,3.23,78.8,33.31,84.0,84.0,12.0,,,114.0,40.0,70.0,74.66666666666667,114.0,50.833333333333336,114.0,35.2,35.4,24.1,24.799999999999997,83.43,84.19,71.71,72.42666666666666,6.3,30.333333333333343,2.35,2.2333333333333334,74.77,71.47666666666667,30.13,30.343333333333334,125.0
金牛湖街道 稻纵_1_27_诱虫量,金牛湖街道 稻纵_1_27_诱虫量,金牛湖街道 稻纵,1,江苏省南京市六合区,00001f4d,稻纵卷叶螟,2024,37,2024-09-09,2024-09-15,7,33.8,23.6,88.14,80.14,83.0,3.4,57.66,23.89,125.0,125.0,17.857142857142858,0.0,0.0,84.0,114.0,40.0,79.33333333333333,114.0,60.666666666666664,114.0,33.8,34.56666666666667,24.2,24.566666666666663,79.29,82.47666666666667,68.43,72.66666666666667,2.9,19.866666666666678,3.23,2.5033333333333334,78.8,72.66333333333334,33.31,30.26,47.0
金牛湖街道 稻纵_1_27_诱虫量,金牛湖街道 稻纵_1_27_诱虫量,金牛湖街道 稻纵,1,江苏省南京市六合区,00001f4d,稻纵卷叶螟,2024,38,2024-09-16,2024-09-22,7,31.6,17.4,81.14,76.86,124.9,5.49,54.64,24.01,47.0,47.0,6.714285714285714,,,125.0,84.0,114.0,107.66666666666667,125.0,74.16666666666667,125.0,33.8,34.266666666666666,23.6,23.96666666666667,88.14,83.62,80.14,73.42666666666666,83.0,30.733333333333345,3.4,2.9933333333333336,57.66,70.41,23.89,29.109999999999996,127.0
金牛湖街道 稻纵_1_27_诱虫量,金牛湖街道 稻纵_1_27_诱虫量,金牛湖街道 稻纵,1,江苏省南京市六合区,00001f4d,稻纵卷叶螟,2024,39,2024-09-23,2024-09-29,7,29.1,15.8,86.14,76.0,15.1,2.67,66.18,23.31,127.0,127.0,18.142857142857142,,,47.0,125.0,84.0,85.33333333333333,125.0,80.0,125.0,31.6,33.06666666666666,17.4,21.73333333333333,81.14,82.85666666666667,76.86,75.14333333333333,124.9,70.26666666666668,5.49,4.04,54.64,63.70000000000001,24.01,27.069999999999997,20.0
金牛湖街道 稻纵_1_27_诱虫量,金牛湖街道 稻纵_1_27_诱虫量,金牛湖街道 稻纵,1,江苏省南京市六合区,00001f4d,稻纵卷叶螟,2024,40,2024-09-30,2024-10-06,7,28.6,11.9,79.0,72.14,17.2,3.38,48.16,18.62,20.0,20.0,2.857142857142857,,,127.0,47.0,125.0,99.66666666666667,127.0,89.5,127.0,29.1,31.5,15.8,18.933333333333334,86.14,85.14,76.0,77.66666666666667,15.1,74.33333333333334,2.67,3.853333333333333,66.18,59.49333333333334,23.31,23.736666666666665,116.0
金牛湖街道 稻纵_1_27_诱虫量,金牛湖街道 稻纵_1_27_诱虫量,金牛湖街道 稻纵,1,江苏省南京市六合区,00001f4d,稻纵卷叶螟,2024,41,2024-10-07,2024-10-13,7,25.2,13.1,85.0,74.71,16.7,2.16,49.5,16.94,116.0,116.0,16.571428571428573,0.0,0.0,20.0,127.0,47.0,64.66666666666667,127.0,86.16666666666667,127.0,28.6,29.76666666666667,11.9,15.033333333333333,79.0,82.09333333333335,72.14,75.0,17.2,52.40000000000001,3.38,3.846666666666667,48.16,56.326666666666675,18.62,21.98,128.0
金牛湖街道 稻纵_1_27_诱虫量,金牛湖街道 稻纵_1_27_诱虫量,金牛湖街道 稻纵,1,江苏省南京市六合区,00001f4d,稻纵卷叶螟,2024,42,2024-10-14,2024-10-20,7,27.2,11.2,86.57,77.0,49.2,3.66,31.77,14.95,128.0,128.0,18.285714285714285,,,116.0,20.0,127.0,87.66666666666667,127.0,86.5,127.0,25.2,27.633333333333336,13.1,13.6,85.0,83.38,74.71,74.28333333333332,16.7,16.333333333333343,2.16,2.736666666666667,49.5,54.613333333333344,16.94,19.62333333333333,1.0
金牛湖街道 稻纵_1_27_诱虫量,金牛湖街道 稻纵_1_27_诱虫量,金牛湖街道 稻纵,1,江苏省南京市六合区,00001f4d,稻纵卷叶螟,2024,43,2024-10-21,2024-10-27,7,22.3,8.6,88.29,80.43,20.0,3.16,35.15,12.25,1.0,1.0,0.14285714285714285,,,128.0,116.0,20.0,88.0,128.0,93.83333333333333,128.0,27.2,27.0,11.2,12.066666666666665,86.57,83.52333333333333,77.0,74.61666666666666,49.2,27.700000000000006,3.66,3.0666666666666664,31.77,43.14333333333334,14.95,16.836666666666662,0.0
金牛湖街道 稻纵_1_27_诱虫量,金牛湖街道 稻纵_1_27_诱虫量,金牛湖街道 稻纵,1,江苏省南京市六合区,00001f4d,稻纵卷叶螟,2024,44,2024-10-28,2024-11-03,3,22.0,9.3,87.57,74.57,6.8,2.95,55.84,15.81,0.0,0.0,0.0,0.0,0.0,1.0,128.0,116.0,81.66666666666667,128.0,73.16666666666667,128.0,22.3,24.900000000000002,8.6,10.966666666666667,88.29,86.62,80.43,77.38,20.0,28.633333333333344,3.16,2.9933333333333336,35.15,38.80666666666667,12.25,14.713333333333331,
雄州街道钱仓村 稻纵_1_10_诱虫量,雄州街道钱仓村 稻纵_1_10_诱虫量,雄州街道钱仓村 稻纵,1,江苏省南京市六合区,00001f6c,稻纵卷叶螟,2023,22,2023-05-28,2023-06-03,3,32.3,20.1,84.14,74.14,29.6,2.38,48.59,25.72,1.0,1.0,0.3333333333333333,27.290000000000003,53.64666666666667,,,,,,,,,,,,,,,,,,,,,,,,1.0
雄州街道钱仓村 稻纵_1_10_诱虫量,雄州街道钱仓村 稻纵_1_10_诱虫量,雄州街道钱仓村 稻纵,1,江苏省南京市六合区,00001f6c,稻纵卷叶螟,2023,23,2023-06-04,2023-06-10,7,34.2,16.0,80.43,75.0,31.1,2.66,59.78,28.9,1.0,1.0,0.14285714285714285,25.27,70.27428571428571,1.0,,,1.0,1.0,1.0,1.0,32.3,32.3,20.1,20.1,84.14,84.14,74.14,74.14,29.6,29.6,2.38,2.38,48.59,48.59,25.72,25.72,2.0
雄州街道钱仓村 稻纵_1_10_诱虫量,雄州街道钱仓村 稻纵_1_10_诱虫量,雄州街道钱仓村 稻纵,1,江苏省南京市六合区,00001f6c,稻纵卷叶螟,2023,24,2023-06-11,2023-06-17,7,32.4,19.2,80.14,65.0,8.5,2.69,57.13,31.06,2.0,2.0,0.2857142857142857,26.827142857142857,64.9342857142857,1.0,1.0,,1.0,1.0,1.0,1.0,34.2,33.25,16.0,18.05,80.43,82.285,75.0,74.57,31.1,30.35,2.66,2.52,59.78,54.185,28.9,27.31,4.0
雄州街道钱仓村 稻纵_1_10_诱虫量,雄州街道钱仓村 稻纵_1_10_诱虫量,雄州街道钱仓村 稻纵,1,江苏省南京市六合区,00001f6c,稻纵卷叶螟,2023,25,2023-06-18,2023-06-24,7,31.4,20.5,87.57,74.57,82.3,2.55,29.04,21.42,4.0,4.0,0.5714285714285714,26.487142857142857,77.91714285714285,2.0,1.0,1.0,1.3333333333333333,2.0,1.3333333333333333,2.0,32.4,32.96666666666667,19.2,18.433333333333334,80.14,81.57000000000001,65.0,71.38,8.5,23.066666666666666,2.69,2.5766666666666667,57.13,55.166666666666664,31.06,28.56,3.0
雄州街道钱仓村 稻纵_1_10_诱虫量,雄州街道钱仓村 稻纵_1_10_诱虫量,雄州街道钱仓村 稻纵,1,江苏省南京市六合区,00001f6c,稻纵卷叶螟,2023,26,2023-06-25,2023-07-01,7,32.8,21.5,86.29,78.86,64.0,2.94,49.98,24.98,3.0,3.0,0.42857142857142855,28.787142857142857,76.64857142857143,4.0,2.0,1.0,2.3333333333333335,4.0,2.0,4.0,31.4,32.666666666666664,20.5,18.566666666666666,87.57,82.71333333333332,74.57,71.52333333333333,82.3,40.63333333333333,2.55,2.6333333333333333,29.04,48.65,21.42,27.126666666666665,1.0
雄州街道钱仓村 稻纵_1_10_诱虫量,雄州街道钱仓村 稻纵_1_10_诱虫量,雄州街道钱仓村 稻纵,1,江苏省南京市六合区,00001f6c,稻纵卷叶螟,2023,27,2023-07-02,2023-07-08,7,32.9,23.9,87.86,82.29,123.1,3.4,45.76,24.46,1.0,1.0,0.14285714285714285,29.86285714285714,78.21000000000001,3.0,4.0,2.0,3.0,4.0,2.2,4.0,32.8,32.199999999999996,21.5,20.400000000000002,86.29,84.66666666666667,78.86,72.81,64.0,51.6,2.94,2.7266666666666666,49.98,45.38333333333333,24.98,25.820000000000004,27.0
雄州街道钱仓村 稻纵_1_10_诱虫量,雄州街道钱仓村 稻纵_1_10_诱虫量,雄州街道钱仓村 稻纵,1,江苏省南京市六合区,00001f6c,稻纵卷叶螟,2023,28,2023-07-09,2023-07-15,7,34.9,24.6,84.57,77.0,27.6,3.38,49.19,28.48,27.0,27.0,3.857142857142857,30.282857142857146,76.95142857142856,1.0,3.0,4.0,2.6666666666666665,4.0,2.0,4.0,32.9,32.36666666666667,23.9,21.966666666666665,87.86,87.24000000000001,82.29,78.57333333333334,123.1,89.8,3.4,2.9633333333333334,45.76,41.593333333333334,24.46,23.62,20.0
雄州街道钱仓村 稻纵_1_10_诱虫量,雄州街道钱仓村 稻纵_1_10_诱虫量,雄州街道钱仓村 稻纵,1,江苏省南京市六合区,00001f6c,稻纵卷叶螟,2023,29,2023-07-16,2023-07-22,7,31.5,23.5,89.43,84.71,117.0,2.29,34.08,19.55,20.0,20.0,2.857142857142857,28.54,81.89999999999999,27.0,1.0,3.0,10.333333333333334,27.0,6.333333333333333,27.0,34.9,33.53333333333333,24.6,23.333333333333332,84.57,86.24000000000001,77.0,79.38333333333334,27.6,71.56666666666666,3.38,3.2399999999999998,49.19,48.31,28.48,25.973333333333333,18.0
雄州街道钱仓村 稻纵_1_10_诱虫量,雄州街道钱仓村 稻纵_1_10_诱虫量,雄州街道钱仓村 稻纵,1,江苏省南京市六合区,00001f6c,稻纵卷叶螟,2023,30,2023-07-23,2023-07-29,7,33.2,25.1,86.86,80.86,44.3,3.98,65.75,29.7,18.0,18.0,2.5714285714285716,29.264285714285712,80.44714285714285,20.0,27.0,1.0,16.0,27.0,9.5,27.0,31.5,33.1,23.5,24.0,89.43,87.28666666666668,84.71,81.33333333333333,117.0,89.23333333333333,2.29,3.0233333333333334,34.08,43.01,19.55,24.163333333333338,51.0
雄州街道钱仓村 稻纵_1_10_诱虫量,雄州街道钱仓村 稻纵_1_10_诱虫量,雄州街道钱仓村 稻纵,1,江苏省南京市六合区,00001f6c,稻纵卷叶螟,2023,31,2023-07-30,2023-08-05,7,34.0,25.0,86.43,76.43,17.1,3.1,81.36,32.83,51.0,51.0,7.285714285714286,30.744285714285716,77.40857142857143,18.0,20.0,27.0,21.666666666666668,27.0,12.166666666666666,27.0,33.2,33.2,25.1,24.400000000000002,86.86,86.95333333333333,80.86,80.85666666666667,44.3,62.96666666666666,3.98,3.2166666666666663,65.75,49.673333333333325,29.7,25.91,124.0
雄州街道钱仓村 稻纵_1_10_诱虫量,雄州街道钱仓村 稻纵_1_10_诱虫量,雄州街道钱仓村 稻纵,1,江苏省南京市六合区,00001f6c,稻纵卷叶螟,2023,32,2023-08-06,2023-08-12,7,35.1,24.0,83.71,75.14,10.3,2.08,79.69,33.11,124.0,124.0,17.714285714285715,30.759999999999998,72.91714285714285,51.0,18.0,20.0,29.666666666666668,51.0,20.0,51.0,34.0,32.9,25.0,24.53333333333333,86.43,87.57333333333334,76.43,80.66666666666667,17.1,59.46666666666667,3.1,3.1233333333333335,81.36,60.39666666666667,32.83,27.36,64.0
雄州街道钱仓村 稻纵_1_10_诱虫量,雄州街道钱仓村 稻纵_1_10_诱虫量,雄州街道钱仓村 稻纵,1,江苏省南京市六合区,00001f6c,稻纵卷叶螟,2023,33,2023-08-13,2023-08-19,7,33.7,23.9,86.57,81.29,26.5,2.19,77.01,29.64,64.0,64.0,9.142857142857142,31.105,72.53166666666667,124.0,51.0,18.0,64.33333333333333,124.0,40.166666666666664,124.0,35.1,34.1,24.0,24.7,83.71,85.66666666666667,75.14,77.47666666666667,10.3,23.900000000000002,2.08,3.0533333333333332,79.69,75.60000000000001,33.11,31.88,78.0
雄州街道钱仓村 稻纵_1_10_诱虫量,雄州街道钱仓村 稻纵_1_10_诱虫量,雄州街道钱仓村 稻纵,1,江苏省南京市六合区,00001f6c,稻纵卷叶螟,2023,34,2023-08-20,2023-08-26,7,32.0,22.4,82.71,72.0,27.1,2.8,70.93,31.5,78.0,78.0,11.142857142857142,29.20285714285714,73.89142857142858,64.0,124.0,51.0,79.66666666666667,124.0,50.666666666666664,124.0,33.7,34.26666666666667,23.9,24.3,86.57,85.57,81.29,77.62,26.5,17.96666666666667,2.19,2.4566666666666666,77.01,79.35333333333334,29.64,31.86,73.0
雄州街道钱仓村 稻纵_1_10_诱虫量,雄州街道钱仓村 稻纵_1_10_诱虫量,雄州街道钱仓村 稻纵,1,江苏省南京市六合区,00001f6c,稻纵卷叶螟,2023,35,2023-08-27,2023-09-02,7,29.4,18.5,86.86,78.57,59.2,2.79,42.5,22.49,73.0,73.0,10.428571428571429,25.745714285714286,77.18285714285715,78.0,64.0,124.0,88.66666666666667,124.0,59.166666666666664,124.0,32.0,33.6,22.4,23.433333333333334,82.71,84.32999999999998,72.0,76.14333333333333,27.1,21.3,2.8,2.3566666666666665,70.93,75.87666666666667,31.5,31.416666666666668,90.0
雄州街道钱仓村 稻纵_1_10_诱虫量,雄州街道钱仓村 稻纵_1_10_诱虫量,雄州街道钱仓村 稻纵,1,江苏省南京市六合区,00001f6c,稻纵卷叶螟,2023,36,2023-09-03,2023-09-09,7,31.0,21.7,88.0,73.71,2.5,2.83,74.88,29.19,90.0,90.0,12.857142857142858,27.99285714285714,74.27,73.0,78.0,64.0,71.66666666666667,78.0,68.0,124.0,29.4,31.700000000000003,18.5,21.599999999999998,86.86,85.38,78.57,77.28666666666668,59.2,37.6,2.79,2.5933333333333333,42.5,63.48,22.49,27.876666666666665,67.0
雄州街道钱仓村 稻纵_1_10_诱虫量,雄州街道钱仓村 稻纵_1_10_诱虫量,雄州街道钱仓村 稻纵,1,江苏省南京市六合区,00001f6c,稻纵卷叶螟,2023,37,2023-09-10,2023-09-16,7,31.4,20.4,87.43,82.14,74.6,2.74,29.78,17.15,67.0,67.0,9.571428571428571,25.165714285714284,82.28428571428572,90.0,73.0,78.0,80.33333333333333,90.0,80.0,124.0,31.0,30.8,21.7,20.866666666666664,88.0,85.85666666666667,73.71,74.75999999999999,2.5,29.600000000000005,2.83,2.8066666666666666,74.88,62.77,29.19,27.72666666666667,275.0
雄州街道钱仓村 稻纵_1_10_诱虫量,雄州街道钱仓村 稻纵_1_10_诱虫量,雄州街道钱仓村 稻纵,1,江苏省南京市六合区,00001f6c,稻纵卷叶螟,2023,38,2023-09-17,2023-09-23,7,32.0,18.8,88.57,77.57,41.3,2.51,30.18,16.82,275.0,275.0,39.285714285714285,24.504285714285714,81.82428571428571,67.0,90.0,73.0,76.66666666666667,90.0,82.66666666666667,124.0,31.4,30.599999999999998,20.4,20.2,87.43,87.43,82.14,78.13999999999999,74.6,45.43333333333334,2.74,2.7866666666666666,29.78,49.053333333333335,17.15,22.94333333333333,16.0
雄州街道钱仓村 稻纵_1_10_诱虫量,雄州街道钱仓村 稻纵_1_10_诱虫量,雄州街道钱仓村 稻纵,1,江苏省南京市六合区,00001f6c,稻纵卷叶螟,2023,39,2023-09-24,2023-09-30,7,28.2,19.1,89.57,82.43,13.3,2.19,45.28,17.44,16.0,16.0,2.2857142857142856,24.024285714285714,81.02714285714285,275.0,67.0,90.0,144.0,275.0,107.83333333333333,275.0,32.0,31.46666666666667,18.8,20.299999999999997,88.57,88.0,77.57,77.80666666666666,41.3,39.46666666666666,2.51,2.6933333333333334,30.18,44.946666666666665,16.82,21.053333333333335,18.0
雄州街道钱仓村 稻纵_1_10_诱虫量,雄州街道钱仓村 稻纵_1_10_诱虫量,雄州街道钱仓村 稻纵,1,江苏省南京市六合区,00001f6c,稻纵卷叶螟,2023,40,2023-10-01,2023-10-07,7,25.5,15.7,80.86,71.71,21.7,3.55,38.52,19.59,18.0,18.0,2.5714285714285716,20.607142857142858,74.86571428571428,16.0,275.0,67.0,119.33333333333333,275.0,99.83333333333333,275.0,28.2,30.53333333333333,19.1,19.433333333333334,89.57,88.52333333333333,82.43,80.71333333333332,13.3,43.06666666666666,2.19,2.48,45.28,35.080000000000005,17.44,17.136666666666667,0.0
雄州街道钱仓村 稻纵_1_10_诱虫量,雄州街道钱仓村 稻纵_1_10_诱虫量,雄州街道钱仓村 稻纵,1,江苏省南京市六合区,00001f6c,稻纵卷叶螟,2023,41,2023-10-08,2023-10-14,7,23.6,13.5,84.86,74.14,0.0,2.05,50.14,17.04,0.0,0.0,0.0,20.16714285714286,71.54285714285714,18.0,16.0,275.0,103.0,275.0,89.83333333333333,275.0,25.5,28.566666666666666,15.7,17.866666666666667,80.86,86.33333333333333,71.71,77.23666666666666,21.7,25.433333333333334,3.55,2.75,38.52,37.99333333333333,19.59,17.95,0.0
雄州街道钱仓村 稻纵_1_10_诱虫量,雄州街道钱仓村 稻纵_1_10_诱虫量,雄州街道钱仓村 稻纵,1,江苏省南京市六合区,00001f6c,稻纵卷叶螟,2023,42,2023-10-15,2023-10-21,7,26.1,9.6,84.43,62.0,4.0,2.46,71.43,22.45,0.0,0.0,0.0,19.05857142857143,66.7,0.0,18.0,16.0,11.333333333333334,18.0,77.66666666666667,275.0,23.6,25.766666666666666,13.5,16.099999999999998,84.86,85.09666666666666,74.14,76.09333333333332,0.0,11.666666666666666,2.05,2.5966666666666662,50.14,44.64666666666667,17.04,18.023333333333333,0.0
雄州街道钱仓村 稻纵_1_10_诱虫量,雄州街道钱仓村 稻纵_1_10_诱虫量,雄州街道钱仓村 稻纵,1,江苏省南京市六合区,00001f6c,稻纵卷叶螟,2023,43,2023-10-22,2023-10-28,7,25.6,9.6,85.14,64.29,0.0,1.94,60.15,18.61,0.0,0.0,0.0,19.217142857142857,68.9342857142857,0.0,0.0,18.0,6.0,18.0,62.666666666666664,275.0,26.1,25.066666666666666,9.6,12.933333333333332,84.43,83.38333333333334,62.0,69.28333333333332,4.0,8.566666666666666,2.46,2.686666666666667,71.43,53.363333333333344,22.45,19.69333333333333,0.0
雄州街道钱仓村 稻纵_1_10_诱虫量,雄州街道钱仓村 稻纵_1_10_诱虫量,雄州街道钱仓村 稻纵,1,江苏省南京市六合区,00001f6c,稻纵卷叶螟,2023,44,2023-10-29,2023-11-04,2,27.6,12.9,83.57,69.14,0.8,2.48,60.23,19.36,0.0,0.0,0.0,18.45,70.55,0.0,0.0,0.0,0.0,0.0,51.5,275.0,25.6,25.099999999999998,9.6,10.9,85.14,84.81,64.29,66.81,0.0,1.3333333333333333,1.94,2.15,60.15,60.57333333333333,18.61,19.366666666666664,0.0
雄州街道钱仓村 稻纵_1_10_诱虫量,雄州街道钱仓村 稻纵_1_10_诱虫量,雄州街道钱仓村 稻纵,1,江苏省南京市六合区,00001f6c,稻纵卷叶螟,2024,22,2024-05-27,2024-06-02,2,26.9,14.2,77.71,68.43,42.5,2.69,50.74,25.99,0.0,0.0,0.0,0.0,0.0,0.0,0.0,0.0,0.0,0.0,5.666666666666667,18.0,27.6,26.433333333333337,12.9,10.700000000000001,83.57,84.38,69.14,65.14333333333333,0.8,1.5999999999999999,2.48,2.2933333333333334,60.23,63.93666666666667,19.36,20.14,0.0
雄州街道钱仓村 稻纵_1_10_诱虫量,雄州街道钱仓村 稻纵_1_10_诱虫量,雄州街道钱仓村 稻纵,1,江苏省南京市六合区,00001f6c,稻纵卷叶螟,2024,23,2024-06-03,2024-06-09,7,30.9,17.1,76.86,61.71,5.2,2.43,62.66,30.94,0.0,0.0,0.0,0.0,0.0,0.0,0.0,0.0,0.0,0.0,3.0,18.0,26.9,26.7,14.2,12.233333333333333,77.71,82.14,68.43,67.28666666666668,42.5,14.433333333333332,2.69,2.3699999999999997,50.74,57.04,25.99,21.319999999999997,2.0
雄州街道钱仓村 稻纵_1_10_诱虫量,雄州街道钱仓村 稻纵_1_10_诱虫量,雄州街道钱仓村 稻纵,1,江苏省南京市六合区,00001f6c,稻纵卷叶螟,2024,24,2024-06-10,2024-06-16,7,34.2,20.7,79.71,58.71,0.7,2.43,71.14,35.09,2.0,2.0,0.2857142857142857,,,0.0,0.0,0.0,0.0,0.0,0.0,0.0,30.9,28.46666666666667,17.1,14.733333333333334,76.86,79.38,61.71,66.42666666666666,5.2,16.166666666666668,2.43,2.533333333333333,62.66,57.876666666666665,30.94,25.429999999999996,1.0
雄州街道钱仓村 稻纵_1_10_诱虫量,雄州街道钱仓村 稻纵_1_10_诱虫量,雄州街道钱仓村 稻纵,1,江苏省南京市六合区,00001f6c,稻纵卷叶螟,2024,25,2024-06-17,2024-06-23,7,32.3,21.3,85.0,69.86,96.1,3.32,46.58,27.17,1.0,1.0,0.14285714285714285,0.0,0.0,2.0,0.0,0.0,0.6666666666666666,2.0,0.3333333333333333,2.0,34.2,30.666666666666668,20.7,17.333333333333332,79.71,78.09333333333332,58.71,62.95000000000001,0.7,16.133333333333333,2.43,2.5166666666666666,71.14,61.51333333333333,35.09,30.673333333333332,2.0
雄州街道钱仓村 稻纵_1_10_诱虫量,雄州街道钱仓村 稻纵_1_10_诱虫量,雄州街道钱仓村 稻纵,1,江苏省南京市六合区,00001f6c,稻纵卷叶螟,2024,26,2024-06-24,2024-06-30,7,30.9,20.7,88.71,85.57,179.0,2.73,26.58,17.62,2.0,2.0,0.2857142857142857,0.0,0.0,1.0,2.0,0.0,1.0,2.0,0.5,2.0,32.3,32.46666666666667,21.3,19.7,85.0,80.52333333333333,69.86,63.42666666666667,96.1,34.0,3.32,2.7266666666666666,46.58,60.126666666666665,27.17,31.066666666666666,0.0
雄州街道钱仓村 稻纵_1_10_诱虫量,雄州街道钱仓村 稻纵_1_10_诱虫量,雄州街道钱仓村 稻纵,1,江苏省南京市六合区,00001f6c,稻纵卷叶螟,2024,27,2024-07-01,2024-07-07,7,34.9,22.6,81.14,78.57,41.8,4.14,62.65,32.6,0.0,0.0,0.0,0.0,0.0,2.0,1.0,2.0,1.6666666666666667,2.0,0.8333333333333334,2.0,30.9,32.46666666666667,20.7,20.9,88.71,84.47333333333331,85.57,71.38,179.0,91.93333333333334,2.73,2.8266666666666667,26.58,48.099999999999994,17.62,26.62666666666667,18.0
雄州街道钱仓村 稻纵_1_10_诱虫量,雄州街道钱仓村 稻纵_1_10_诱虫量,雄州街道钱仓村 稻纵,1,江苏省南京市六合区,00001f6c,稻纵卷叶螟,2024,28,2024-07-08,2024-07-14,7,35.0,21.4,88.57,86.0,168.8,2.44,20.72,18.18,18.0,18.0,2.5714285714285716,0.0,0.0,0.0,2.0,1.0,1.0,2.0,0.8333333333333334,2.0,34.9,32.699999999999996,22.6,21.53333333333333,81.14,84.95,78.57,78.0,41.8,105.63333333333334,4.14,3.3966666666666665,62.65,45.27,32.6,25.796666666666667,12.0
雄州街道钱仓村 稻纵_1_10_诱虫量,雄州街道钱仓村 稻纵_1_10_诱虫量,雄州街道钱仓村 稻纵,1,江苏省南京市六合区,00001f6c,稻纵卷叶螟,2024,29,2024-07-15,2024-07-21,7,35.2,24.3,81.86,78.57,22.4,3.39,35.37,25.73,12.0,12.0,1.7142857142857142,0.0,0.0,18.0,0.0,2.0,6.666666666666667,18.0,3.8333333333333335,18.0,35.0,33.6,21.4,21.566666666666663,88.57,86.13999999999999,86.0,83.38,168.8,129.86666666666667,2.44,3.103333333333333,20.72,36.65,18.18,22.8,6.0
雄州街道钱仓村 稻纵_1_10_诱虫量,雄州街道钱仓村 稻纵_1_10_诱虫量,雄州街道钱仓村 稻纵,1,江苏省南京市六合区,00001f6c,稻纵卷叶螟,2024,30,2024-07-22,2024-07-28,7,36.7,27.0,80.57,71.86,6.1,4.7,71.71,37.84,6.0,6.0,0.8571428571428571,0.0,0.0,12.0,18.0,0.0,10.0,18.0,5.833333333333333,18.0,35.2,35.03333333333334,24.3,22.766666666666666,81.86,83.85666666666667,78.57,81.04666666666667,22.4,77.66666666666667,3.39,3.323333333333333,35.37,39.58,25.73,25.50333333333333,17.0
雄州街道钱仓村 稻纵_1_10_诱虫量,雄州街道钱仓村 稻纵_1_10_诱虫量,雄州街道钱仓村 稻纵,1,江苏省南京市六合区,00001f6c,稻纵卷叶螟,2024,31,2024-07-29,2024-08-04,7,37.5,27.6,76.0,71.57,9.5,2.75,86.5,40.56,17.0,17.0,2.4285714285714284,0.0,0.0,6.0,12.0,18.0,12.0,18.0,6.5,18.0,36.7,35.63333333333333,27.0,24.233333333333334,80.57,83.66666666666667,71.86,78.81,6.1,65.76666666666668,4.7,3.5100000000000002,71.71,42.599999999999994,37.84,27.25,12.0
雄州街道钱仓村 稻纵_1_10_诱虫量,雄州街道钱仓村 稻纵_1_10_诱虫量,雄州街道钱仓村 稻纵,1,江苏省南京市六合区,00001f6c,稻纵卷叶螟,2024,32,2024-08-05,2024-08-11,7,37.8,27.1,76.86,66.71,62.0,1.88,83.96,39.02,12.0,12.0,1.7142857142857142,0.0,0.0,17.0,6.0,12.0,11.666666666666666,17.0,9.166666666666666,18.0,37.5,36.46666666666667,27.6,26.299999999999997,76.0,79.47666666666667,71.57,74.0,9.5,12.666666666666677,2.75,3.6133333333333333,86.5,64.52666666666666,40.56,34.71,33.0
雄州街道钱仓村 稻纵_1_10_诱虫量,雄州街道钱仓村 稻纵_1_10_诱虫量,雄州街道钱仓村 稻纵,1,江苏省南京市六合区,00001f6c,稻纵卷叶螟,2024,33,2024-08-12,2024-08-18,7,36.3,24.9,84.43,67.71,34.3,2.42,75.24,33.56,33.0,33.0,4.714285714285714,0.0,0.0,12.0,17.0,6.0,11.666666666666666,17.0,10.833333333333334,18.0,37.8,37.333333333333336,27.1,27.233333333333334,76.86,77.80999999999999,66.71,70.04666666666667,62.0,25.866666666666674,1.88,3.11,83.96,80.72333333333333,39.02,39.14,12.0
雄州街道钱仓村 稻纵_1_10_诱虫量,雄州街道钱仓村 稻纵_1_10_诱虫量,雄州街道钱仓村 稻纵,1,江苏省南京市六合区,00001f6c,稻纵卷叶螟,2024,34,2024-08-19,2024-08-25,7,34.7,25.4,84.71,77.86,50.4,1.93,64.42,27.34,12.0,12.0,1.7142857142857142,0.0,0.0,33.0,12.0,17.0,20.666666666666668,33.0,16.333333333333332,33.0,36.3,37.199999999999996,24.9,26.53333333333333,84.43,79.09666666666668,67.71,68.66333333333331,34.3,35.26666666666668,2.42,2.35,75.24,81.89999999999999,33.56,37.71333333333333,60.0
雄州街道钱仓村 稻纵_1_10_诱虫量,雄州街道钱仓村 稻纵_1_10_诱虫量,雄州街道钱仓村 稻纵,1,江苏省南京市六合区,00001f6c,稻纵卷叶螟,2024,35,2024-08-26,2024-09-01,7,35.2,24.1,83.43,71.71,6.3,2.35,74.77,30.13,60.0,60.0,8.571428571428571,0.0,0.0,12.0,33.0,12.0,19.0,33.0,15.333333333333334,33.0,34.7,36.266666666666666,25.4,25.799999999999997,84.71,82.0,77.86,70.75999999999999,50.4,48.90000000000001,1.93,2.0766666666666667,64.42,74.54,27.34,33.306666666666665,479.0
雄州街道钱仓村 稻纵_1_10_诱虫量,雄州街道钱仓村 稻纵_1_10_诱虫量,雄州街道钱仓村 稻纵,1,江苏省南京市六合区,00001f6c,稻纵卷叶螟,2024,36,2024-09-02,2024-09-08,7,33.8,24.2,79.29,68.43,2.9,3.23,78.8,33.31,479.0,479.0,68.42857142857143,0.0,0.0,60.0,12.0,33.0,35.0,60.0,23.333333333333332,60.0,35.2,35.4,24.1,24.799999999999997,83.43,84.19,71.71,72.42666666666666,6.3,30.333333333333343,2.35,2.2333333333333334,74.77,71.47666666666667,30.13,30.343333333333334,132.0
雄州街道钱仓村 稻纵_1_10_诱虫量,雄州街道钱仓村 稻纵_1_10_诱虫量,雄州街道钱仓村 稻纵,1,江苏省南京市六合区,00001f6c,稻纵卷叶螟,2024,37,2024-09-09,2024-09-15,7,33.8,23.6,88.14,80.14,83.0,3.4,57.66,23.89,132.0,132.0,18.857142857142858,0.0,0.0,479.0,60.0,12.0,183.66666666666666,479.0,102.16666666666667,479.0,33.8,34.56666666666667,24.2,24.566666666666663,79.29,82.47666666666667,68.43,72.66666666666667,2.9,19.866666666666678,3.23,2.5033333333333334,78.8,72.66333333333334,33.31,30.26,16.0
雄州街道钱仓村 稻纵_1_10_诱虫量,雄州街道钱仓村 稻纵_1_10_诱虫量,雄州街道钱仓村 稻纵,1,江苏省南京市六合区,00001f6c,稻纵卷叶螟,2024,38,2024-09-16,2024-09-22,7,31.6,17.4,81.14,76.86,124.9,5.49,54.64,24.01,16.0,16.0,2.2857142857142856,0.0,0.0,132.0,479.0,60.0,223.66666666666666,479.0,121.33333333333333,479.0,33.8,34.266666666666666,23.6,23.96666666666667,88.14,83.62,80.14,73.42666666666666,83.0,30.733333333333345,3.4,2.9933333333333336,57.66,70.41,23.89,29.109999999999996,71.0
雄州街道钱仓村 稻纵_1_10_诱虫量,雄州街道钱仓村 稻纵_1_10_诱虫量,雄州街道钱仓村 稻纵,1,江苏省南京市六合区,00001f6c,稻纵卷叶螟,2024,39,2024-09-23,2024-09-29,7,29.1,15.8,86.14,76.0,15.1,2.67,66.18,23.31,71.0,71.0,10.142857142857142,,,16.0,132.0,479.0,209.0,479.0,122.0,479.0,31.6,33.06666666666666,17.4,21.73333333333333,81.14,82.85666666666667,76.86,75.14333333333333,124.9,70.26666666666668,5.49,4.04,54.64,63.70000000000001,24.01,27.069999999999997,31.0
雄州街道钱仓村 稻纵_1_10_诱虫量,雄州街道钱仓村 稻纵_1_10_诱虫量,雄州街道钱仓村 稻纵,1,江苏省南京市六合区,00001f6c,稻纵卷叶螟,2024,40,2024-09-30,2024-10-06,7,28.6,11.9,79.0,72.14,17.2,3.38,48.16,18.62,31.0,31.0,4.428571428571429,,,71.0,16.0,132.0,73.0,132.0,128.33333333333334,479.0,29.1,31.5,15.8,18.933333333333334,86.14,85.14,76.0,77.66666666666667,15.1,74.33333333333334,2.67,3.853333333333333,66.18,59.49333333333334,23.31,23.736666666666665,131.0
雄州街道钱仓村 稻纵_1_10_诱虫量,雄州街道钱仓村 稻纵_1_10_诱虫量,雄州街道钱仓村 稻纵,1,江苏省南京市六合区,00001f6c,稻纵卷叶螟,2024,41,2024-10-07,2024-10-13,7,25.2,13.1,85.0,74.71,16.7,2.16,49.5,16.94,131.0,131.0,18.714285714285715,,,31.0,71.0,16.0,39.333333333333336,71.0,131.5,479.0,28.6,29.76666666666667,11.9,15.033333333333333,79.0,82.09333333333335,72.14,75.0,17.2,52.40000000000001,3.38,3.846666666666667,48.16,56.326666666666675,18.62,21.98,107.0
雄州街道钱仓村 稻纵_1_10_诱虫量,雄州街道钱仓村 稻纵_1_10_诱虫量,雄州街道钱仓村 稻纵,1,江苏省南京市六合区,00001f6c,稻纵卷叶螟,2024,42,2024-10-14,2024-10-20,7,27.2,11.2,86.57,77.0,49.2,3.66,31.77,14.95,107.0,107.0,15.285714285714286,0.0,0.0,131.0,31.0,71.0,77.66666666666667,131.0,143.33333333333334,479.0,25.2,27.633333333333336,13.1,13.6,85.0,83.38,74.71,74.28333333333332,16.7,16.333333333333343,2.16,2.736666666666667,49.5,54.613333333333344,16.94,19.62333333333333,15.0
雄州街道钱仓村 稻纵_1_10_诱虫量,雄州街道钱仓村 稻纵_1_10_诱虫量,雄州街道钱仓村 稻纵,1,江苏省南京市六合区,00001f6c,稻纵卷叶螟,2024,43,2024-10-21,2024-10-27,7,22.3,8.6,88.29,80.43,20.0,3.16,35.15,12.25,15.0,15.0,2.142857142857143,0.0,0.0,107.0,131.0,31.0,89.66666666666667,131.0,81.33333333333333,132.0,27.2,27.0,11.2,12.066666666666665,86.57,83.52333333333333,77.0,74.61666666666666,49.2,27.700000000000006,3.66,3.0666666666666664,31.77,43.14333333333334,14.95,16.836666666666662,0.0
雄州街道钱仓村 稻纵_1_10_诱虫量,雄州街道钱仓村 稻纵_1_10_诱虫量,雄州街道钱仓村 稻纵,1,江苏省南京市六合区,00001f6c,稻纵卷叶螟,2024,44,2024-10-28,2024-11-03,3,22.0,9.3,87.57,74.57,6.8,2.95,55.84,15.81,0.0,0.0,0.0,,,15.0,107.0,131.0,84.33333333333333,131.0,61.833333333333336,131.0,22.3,24.900000000000002,8.6,10.966666666666667,88.29,86.62,80.43,77.38,20.0,28.633333333333344,3.16,2.9933333333333336,35.15,38.80666666666667,12.25,14.713333333333331,
马鞍街道 稻纵_1_9_诱虫量,马鞍街道 稻纵_1_9_诱虫量,马鞍街道 稻纵,1,江苏省南京市六合区,00001d41,稻纵卷叶螟,2023,22,2023-05-28,2023-06-03,3,32.3,20.1,84.14,74.14,29.6,2.38,48.59,25.72,0.0,0.0,0.0,0.0,0.0,,,,,,,,,,,,,,,,,,,,,,,,3.0
马鞍街道 稻纵_1_9_诱虫量,马鞍街道 稻纵_1_9_诱虫量,马鞍街道 稻纵,1,江苏省南京市六合区,00001d41,稻纵卷叶螟,2023,23,2023-06-04,2023-06-10,7,34.2,16.0,80.43,75.0,31.1,2.66,59.78,28.9,3.0,3.0,0.42857142857142855,0.0,0.0,0.0,,,0.0,0.0,0.0,0.0,32.3,32.3,20.1,20.1,84.14,84.14,74.14,74.14,29.6,29.6,2.38,2.38,48.59,48.59,25.72,25.72,2.0
马鞍街道 稻纵_1_9_诱虫量,马鞍街道 稻纵_1_9_诱虫量,马鞍街道 稻纵,1,江苏省南京市六合区,00001d41,稻纵卷叶螟,2023,24,2023-06-11,2023-06-17,7,32.4,19.2,80.14,65.0,8.5,2.69,57.13,31.06,2.0,2.0,0.2857142857142857,0.0,0.0,3.0,0.0,,1.5,3.0,1.5,3.0,34.2,33.25,16.0,18.05,80.43,82.285,75.0,74.57,31.1,30.35,2.66,2.52,59.78,54.185,28.9,27.31,5.0
马鞍街道 稻纵_1_9_诱虫量,马鞍街道 稻纵_1_9_诱虫量,马鞍街道 稻纵,1,江苏省南京市六合区,00001d41,稻纵卷叶螟,2023,25,2023-06-18,2023-06-24,7,31.4,20.5,87.57,74.57,82.3,2.55,29.04,21.42,5.0,5.0,0.7142857142857143,0.0,0.0,2.0,3.0,0.0,1.6666666666666667,3.0,1.6666666666666667,3.0,32.4,32.96666666666667,19.2,18.433333333333334,80.14,81.57000000000001,65.0,71.38,8.5,23.066666666666666,2.69,2.5766666666666667,57.13,55.166666666666664,31.06,28.56,2.0
马鞍街道 稻纵_1_9_诱虫量,马鞍街道 稻纵_1_9_诱虫量,马鞍街道 稻纵,1,江苏省南京市六合区,00001d41,稻纵卷叶螟,2023,26,2023-06-25,2023-07-01,7,32.8,21.5,86.29,78.86,64.0,2.94,49.98,24.98,2.0,2.0,0.2857142857142857,0.0,0.0,5.0,2.0,3.0,3.3333333333333335,5.0,2.5,5.0,31.4,32.666666666666664,20.5,18.566666666666666,87.57,82.71333333333332,74.57,71.52333333333333,82.3,40.63333333333333,2.55,2.6333333333333333,29.04,48.65,21.42,27.126666666666665,3.0
马鞍街道 稻纵_1_9_诱虫量,马鞍街道 稻纵_1_9_诱虫量,马鞍街道 稻纵,1,江苏省南京市六合区,00001d41,稻纵卷叶螟,2023,27,2023-07-02,2023-07-08,7,32.9,23.9,87.86,82.29,123.1,3.4,45.76,24.46,3.0,3.0,0.42857142857142855,0.0,0.0,2.0,5.0,2.0,3.0,5.0,2.4,5.0,32.8,32.199999999999996,21.5,20.400000000000002,86.29,84.66666666666667,78.86,72.81,64.0,51.6,2.94,2.7266666666666666,49.98,45.38333333333333,24.98,25.820000000000004,9.0
马鞍街道 稻纵_1_9_诱虫量,马鞍街道 稻纵_1_9_诱虫量,马鞍街道 稻纵,1,江苏省南京市六合区,00001d41,稻纵卷叶螟,2023,28,2023-07-09,2023-07-15,7,34.9,24.6,84.57,77.0,27.6,3.38,49.19,28.48,9.0,9.0,1.2857142857142858,0.0,0.0,3.0,2.0,5.0,3.3333333333333335,5.0,2.5,5.0,32.9,32.36666666666667,23.9,21.966666666666665,87.86,87.24000000000001,82.29,78.57333333333334,123.1,89.8,3.4,2.9633333333333334,45.76,41.593333333333334,24.46,23.62,73.0
马鞍街道 稻纵_1_9_诱虫量,马鞍街道 稻纵_1_9_诱虫量,马鞍街道 稻纵,1,江苏省南京市六合区,00001d41,稻纵卷叶螟,2023,29,2023-07-16,2023-07-22,7,31.5,23.5,89.43,84.71,117.0,2.29,34.08,19.55,73.0,73.0,10.428571428571429,0.0,0.0,9.0,3.0,2.0,4.666666666666667,9.0,4.0,9.0,34.9,33.53333333333333,24.6,23.333333333333332,84.57,86.24000000000001,77.0,79.38333333333334,27.6,71.56666666666666,3.38,3.2399999999999998,49.19,48.31,28.48,25.973333333333333,109.0
马鞍街道 稻纵_1_9_诱虫量,马鞍街道 稻纵_1_9_诱虫量,马鞍街道 稻纵,1,江苏省南京市六合区,00001d41,稻纵卷叶螟,2023,30,2023-07-23,2023-07-29,7,33.2,25.1,86.86,80.86,44.3,3.98,65.75,29.7,109.0,109.0,15.571428571428571,0.0,0.0,73.0,9.0,3.0,28.333333333333332,73.0,15.666666666666666,73.0,31.5,33.1,23.5,24.0,89.43,87.28666666666668,84.71,81.33333333333333,117.0,89.23333333333333,2.29,3.0233333333333334,34.08,43.01,19.55,24.163333333333338,49.0
马鞍街道 稻纵_1_9_诱虫量,马鞍街道 稻纵_1_9_诱虫量,马鞍街道 稻纵,1,江苏省南京市六合区,00001d41,稻纵卷叶螟,2023,31,2023-07-30,2023-08-05,7,34.0,25.0,86.43,76.43,17.1,3.1,81.36,32.83,49.0,49.0,7.0,0.0,0.0,109.0,73.0,9.0,63.666666666666664,109.0,33.5,109.0,33.2,33.2,25.1,24.400000000000002,86.86,86.95333333333333,80.86,80.85666666666667,44.3,62.96666666666666,3.98,3.2166666666666663,65.75,49.673333333333325,29.7,25.91,123.0
马鞍街道 稻纵_1_9_诱虫量,马鞍街道 稻纵_1_9_诱虫量,马鞍街道 稻纵,1,江苏省南京市六合区,00001d41,稻纵卷叶螟,2023,32,2023-08-06,2023-08-12,7,35.1,24.0,83.71,75.14,10.3,2.08,79.69,33.11,123.0,123.0,17.571428571428573,0.0,0.0,49.0,109.0,73.0,77.0,109.0,40.833333333333336,109.0,34.0,32.9,25.0,24.53333333333333,86.43,87.57333333333334,76.43,80.66666666666667,17.1,59.46666666666667,3.1,3.1233333333333335,81.36,60.39666666666667,32.83,27.36,289.0
马鞍街道 稻纵_1_9_诱虫量,马鞍街道 稻纵_1_9_诱虫量,马鞍街道 稻纵,1,江苏省南京市六合区,00001d41,稻纵卷叶螟,2023,33,2023-08-13,2023-08-19,7,33.7,23.9,86.57,81.29,26.5,2.19,77.01,29.64,289.0,289.0,41.285714285714285,0.0,0.0,123.0,49.0,109.0,93.66666666666667,123.0,61.0,123.0,35.1,34.1,24.0,24.7,83.71,85.66666666666667,75.14,77.47666666666667,10.3,23.900000000000002,2.08,3.0533333333333332,79.69,75.60000000000001,33.11,31.88,311.0
马鞍街道 稻纵_1_9_诱虫量,马鞍街道 稻纵_1_9_诱虫量,马鞍街道 稻纵,1,江苏省南京市六合区,00001d41,稻纵卷叶螟,2023,34,2023-08-20,2023-08-26,7,32.0,22.4,82.71,72.0,27.1,2.8,70.93,31.5,311.0,311.0,44.42857142857143,0.0,0.0,289.0,123.0,49.0,153.66666666666666,289.0,108.66666666666667,289.0,33.7,34.26666666666667,23.9,24.3,86.57,85.57,81.29,77.62,26.5,17.96666666666667,2.19,2.4566666666666666,77.01,79.35333333333334,29.64,31.86,84.0
马鞍街道 稻纵_1_9_诱虫量,马鞍街道 稻纵_1_9_诱虫量,马鞍街道 稻纵,1,江苏省南京市六合区,00001d41,稻纵卷叶螟,2023,35,2023-08-27,2023-09-02,7,29.4,18.5,86.86,78.57,59.2,2.79,42.5,22.49,84.0,84.0,12.0,0.0,0.0,311.0,289.0,123.0,241.0,311.0,159.0,311.0,32.0,33.6,22.4,23.433333333333334,82.71,84.32999999999998,72.0,76.14333333333333,27.1,21.3,2.8,2.3566666666666665,70.93,75.87666666666667,31.5,31.416666666666668,74.0
马鞍街道 稻纵_1_9_诱虫量,马鞍街道 稻纵_1_9_诱虫量,马鞍街道 稻纵,1,江苏省南京市六合区,00001d41,稻纵卷叶螟,2023,36,2023-09-03,2023-09-09,7,31.0,21.7,88.0,73.71,2.5,2.83,74.88,29.19,74.0,74.0,10.571428571428571,0.0,0.0,84.0,311.0,289.0,228.0,311.0,160.83333333333334,311.0,29.4,31.700000000000003,18.5,21.599999999999998,86.86,85.38,78.57,77.28666666666668,59.2,37.6,2.79,2.5933333333333333,42.5,63.48,22.49,27.876666666666665,101.0
马鞍街道 稻纵_1_9_诱虫量,马鞍街道 稻纵_1_9_诱虫量,马鞍街道 稻纵,1,江苏省南京市六合区,00001d41,稻纵卷叶螟,2023,37,2023-09-10,2023-09-16,7,31.4,20.4,87.43,82.14,74.6,2.74,29.78,17.15,101.0,101.0,14.428571428571429,0.0,0.0,74.0,84.0,311.0,156.33333333333334,311.0,155.0,311.0,31.0,30.8,21.7,20.866666666666664,88.0,85.85666666666667,73.71,74.75999999999999,2.5,29.600000000000005,2.83,2.8066666666666666,74.88,62.77,29.19,27.72666666666667,130.0
马鞍街道 稻纵_1_9_诱虫量,马鞍街道 稻纵_1_9_诱虫量,马鞍街道 稻纵,1,江苏省南京市六合区,00001d41,稻纵卷叶螟,2023,38,2023-09-17,2023-09-23,7,32.0,18.8,88.57,77.57,41.3,2.51,30.18,16.82,130.0,130.0,18.571428571428573,0.0,0.0,101.0,74.0,84.0,86.33333333333333,101.0,163.66666666666666,311.0,31.4,30.599999999999998,20.4,20.2,87.43,87.43,82.14,78.13999999999999,74.6,45.43333333333334,2.74,2.7866666666666666,29.78,49.053333333333335,17.15,22.94333333333333,44.0
马鞍街道 稻纵_1_9_诱虫量,马鞍街道 稻纵_1_9_诱虫量,马鞍街道 稻纵,1,江苏省南京市六合区,00001d41,稻纵卷叶螟,2023,39,2023-09-24,2023-09-30,7,28.2,19.1,89.57,82.43,13.3,2.19,45.28,17.44,44.0,44.0,6.285714285714286,0.0,0.0,130.0,101.0,74.0,101.66666666666667,130.0,164.83333333333334,311.0,32.0,31.46666666666667,18.8,20.299999999999997,88.57,88.0,77.57,77.80666666666666,41.3,39.46666666666666,2.51,2.6933333333333334,30.18,44.946666666666665,16.82,21.053333333333335,18.0
马鞍街道 稻纵_1_9_诱虫量,马鞍街道 稻纵_1_9_诱虫量,马鞍街道 稻纵,1,江苏省南京市六合区,00001d41,稻纵卷叶螟,2023,40,2023-10-01,2023-10-07,7,25.5,15.7,80.86,71.71,21.7,3.55,38.52,19.59,18.0,18.0,2.5714285714285716,0.0,0.0,44.0,130.0,101.0,91.66666666666667,130.0,124.0,311.0,28.2,30.53333333333333,19.1,19.433333333333334,89.57,88.52333333333333,82.43,80.71333333333332,13.3,43.06666666666666,2.19,2.48,45.28,35.080000000000005,17.44,17.136666666666667,5.0
马鞍街道 稻纵_1_9_诱虫量,马鞍街道 稻纵_1_9_诱虫量,马鞍街道 稻纵,1,江苏省南京市六合区,00001d41,稻纵卷叶螟,2023,41,2023-10-08,2023-10-14,7,23.6,13.5,84.86,74.14,0.0,2.05,50.14,17.04,5.0,5.0,0.7142857142857143,0.0,0.0,18.0,44.0,130.0,64.0,130.0,75.16666666666667,130.0,25.5,28.566666666666666,15.7,17.866666666666667,80.86,86.33333333333333,71.71,77.23666666666666,21.7,25.433333333333334,3.55,2.75,38.52,37.99333333333333,19.59,17.95,0.0
马鞍街道 稻纵_1_9_诱虫量,马鞍街道 稻纵_1_9_诱虫量,马鞍街道 稻纵,1,江苏省南京市六合区,00001d41,稻纵卷叶螟,2023,42,2023-10-15,2023-10-21,7,26.1,9.6,84.43,62.0,4.0,2.46,71.43,22.45,0.0,0.0,0.0,0.0,0.0,5.0,18.0,44.0,22.333333333333332,44.0,62.0,130.0,23.6,25.766666666666666,13.5,16.099999999999998,84.86,85.09666666666666,74.14,76.09333333333332,0.0,11.666666666666666,2.05,2.5966666666666662,50.14,44.64666666666667,17.04,18.023333333333333,0.0
马鞍街道 稻纵_1_9_诱虫量,马鞍街道 稻纵_1_9_诱虫量,马鞍街道 稻纵,1,江苏省南京市六合区,00001d41,稻纵卷叶螟,2023,43,2023-10-22,2023-10-28,7,25.6,9.6,85.14,64.29,0.0,1.94,60.15,18.61,0.0,0.0,0.0,0.0,0.0,0.0,5.0,18.0,7.666666666666667,18.0,49.666666666666664,130.0,26.1,25.066666666666666,9.6,12.933333333333332,84.43,83.38333333333334,62.0,69.28333333333332,4.0,8.566666666666666,2.46,2.686666666666667,71.43,53.363333333333344,22.45,19.69333333333333,0.0
马鞍街道 稻纵_1_9_诱虫量,马鞍街道 稻纵_1_9_诱虫量,马鞍街道 稻纵,1,江苏省南京市六合区,00001d41,稻纵卷叶螟,2023,44,2023-10-29,2023-11-04,2,27.6,12.9,83.57,69.14,0.8,2.48,60.23,19.36,0.0,0.0,0.0,0.0,0.0,0.0,0.0,5.0,1.6666666666666667,5.0,32.833333333333336,130.0,25.6,25.099999999999998,9.6,10.9,85.14,84.81,64.29,66.81,0.0,1.3333333333333333,1.94,2.15,60.15,60.57333333333333,18.61,19.366666666666664,0.0
马鞍街道 稻纵_1_9_诱虫量,马鞍街道 稻纵_1_9_诱虫量,马鞍街道 稻纵,1,江苏省南京市六合区,00001d41,稻纵卷叶螟,2024,22,2024-05-27,2024-06-02,2,26.9,14.2,77.71,68.43,42.5,2.69,50.74,25.99,0.0,0.0,0.0,0.0,0.0,0.0,0.0,0.0,0.0,0.0,11.166666666666666,44.0,27.6,26.433333333333337,12.9,10.700000000000001,83.57,84.38,69.14,65.14333333333333,0.8,1.5999999999999999,2.48,2.2933333333333334,60.23,63.93666666666667,19.36,20.14,0.0
马鞍街道 稻纵_1_9_诱虫量,马鞍街道 稻纵_1_9_诱虫量,马鞍街道 稻纵,1,江苏省南京市六合区,00001d41,稻纵卷叶螟,2024,23,2024-06-03,2024-06-09,7,30.9,17.1,76.86,61.71,5.2,2.43,62.66,30.94,0.0,0.0,0.0,0.0,0.0,0.0,0.0,0.0,0.0,0.0,3.8333333333333335,18.0,26.9,26.7,14.2,12.233333333333333,77.71,82.14,68.43,67.28666666666668,42.5,14.433333333333332,2.69,2.3699999999999997,50.74,57.04,25.99,21.319999999999997,0.0
马鞍街道 稻纵_1_9_诱虫量,马鞍街道 稻纵_1_9_诱虫量,马鞍街道 稻纵,1,江苏省南京市六合区,00001d41,稻纵卷叶螟,2024,24,2024-06-10,2024-06-16,7,34.2,20.7,79.71,58.71,0.7,2.43,71.14,35.09,0.0,0.0,0.0,0.0,0.0,0.0,0.0,0.0,0.0,0.0,0.8333333333333334,5.0,30.9,28.46666666666667,17.1,14.733333333333334,76.86,79.38,61.71,66.42666666666666,5.2,16.166666666666668,2.43,2.533333333333333,62.66,57.876666666666665,30.94,25.429999999999996,0.0
马鞍街道 稻纵_1_9_诱虫量,马鞍街道 稻纵_1_9_诱虫量,马鞍街道 稻纵,1,江苏省南京市六合区,00001d41,稻纵卷叶螟,2024,25,2024-06-17,2024-06-23,7,32.3,21.3,85.0,69.86,96.1,3.32,46.58,27.17,0.0,0.0,0.0,0.0,0.0,0.0,0.0,0.0,0.0,0.0,0.0,0.0,34.2,30.666666666666668,20.7,17.333333333333332,79.71,78.09333333333332,58.71,62.95000000000001,0.7,16.133333333333333,2.43,2.5166666666666666,71.14,61.51333333333333,35.09,30.673333333333332,0.0
马鞍街道 稻纵_1_9_诱虫量,马鞍街道 稻纵_1_9_诱虫量,马鞍街道 稻纵,1,江苏省南京市六合区,00001d41,稻纵卷叶螟,2024,26,2024-06-24,2024-06-30,7,30.9,20.7,88.71,85.57,179.0,2.73,26.58,17.62,0.0,0.0,0.0,0.0,0.0,0.0,0.0,0.0,0.0,0.0,0.0,0.0,32.3,32.46666666666667,21.3,19.7,85.0,80.52333333333333,69.86,63.42666666666667,96.1,34.0,3.32,2.7266666666666666,46.58,60.126666666666665,27.17,31.066666666666666,10.0
马鞍街道 稻纵_1_9_诱虫量,马鞍街道 稻纵_1_9_诱虫量,马鞍街道 稻纵,1,江苏省南京市六合区,00001d41,稻纵卷叶螟,2024,27,2024-07-01,2024-07-07,7,34.9,22.6,81.14,78.57,41.8,4.14,62.65,32.6,10.0,10.0,1.4285714285714286,0.0,0.0,0.0,0.0,0.0,0.0,0.0,0.0,0.0,30.9,32.46666666666667,20.7,20.9,88.71,84.47333333333331,85.57,71.38,179.0,91.93333333333334,2.73,2.8266666666666667,26.58,48.099999999999994,17.62,26.62666666666667,8.0
马鞍街道 稻纵_1_9_诱虫量,马鞍街道 稻纵_1_9_诱虫量,马鞍街道 稻纵,1,江苏省南京市六合区,00001d41,稻纵卷叶螟,2024,28,2024-07-08,2024-07-14,7,35.0,21.4,88.57,86.0,168.8,2.44,20.72,18.18,8.0,8.0,1.1428571428571428,0.0,0.0,10.0,0.0,0.0,3.3333333333333335,10.0,1.6666666666666667,10.0,34.9,32.699999999999996,22.6,21.53333333333333,81.14,84.95,78.57,78.0,41.8,105.63333333333334,4.14,3.3966666666666665,62.65,45.27,32.6,25.796666666666667,9.0
马鞍街道 稻纵_1_9_诱虫量,马鞍街道 稻纵_1_9_诱虫量,马鞍街道 稻纵,1,江苏省南京市六合区,00001d41,稻纵卷叶螟,2024,29,2024-07-15,2024-07-21,7,35.2,24.3,81.86,78.57,22.4,3.39,35.37,25.73,9.0,9.0,1.2857142857142858,0.0,0.0,8.0,10.0,0.0,6.0,10.0,3.0,10.0,35.0,33.6,21.4,21.566666666666663,88.57,86.13999999999999,86.0,83.38,168.8,129.86666666666667,2.44,3.103333333333333,20.72,36.65,18.18,22.8,10.0
马鞍街道 稻纵_1_9_诱虫量,马鞍街道 稻纵_1_9_诱虫量,马鞍街道 稻纵,1,江苏省南京市六合区,00001d41,稻纵卷叶螟,2024,30,2024-07-22,2024-07-28,7,36.7,27.0,80.57,71.86,6.1,4.7,71.71,37.84,10.0,10.0,1.4285714285714286,0.0,0.0,9.0,8.0,10.0,9.0,10.0,4.5,10.0,35.2,35.03333333333334,24.3,22.766666666666666,81.86,83.85666666666667,78.57,81.04666666666667,22.4,77.66666666666667,3.39,3.323333333333333,35.37,39.58,25.73,25.50333333333333,53.0
马鞍街道 稻纵_1_9_诱虫量,马鞍街道 稻纵_1_9_诱虫量,马鞍街道 稻纵,1,江苏省南京市六合区,00001d41,稻纵卷叶螟,2024,31,2024-07-29,2024-08-04,7,37.5,27.6,76.0,71.57,9.5,2.75,86.5,40.56,53.0,53.0,7.571428571428571,0.0,0.0,10.0,9.0,8.0,9.0,10.0,6.166666666666667,10.0,36.7,35.63333333333333,27.0,24.233333333333334,80.57,83.66666666666667,71.86,78.81,6.1,65.76666666666668,4.7,3.5100000000000002,71.71,42.599999999999994,37.84,27.25,58.0
马鞍街道 稻纵_1_9_诱虫量,马鞍街道 稻纵_1_9_诱虫量,马鞍街道 稻纵,1,江苏省南京市六合区,00001d41,稻纵卷叶螟,2024,32,2024-08-05,2024-08-11,7,37.8,27.1,76.86,66.71,62.0,1.88,83.96,39.02,58.0,58.0,8.285714285714286,0.0,0.0,53.0,10.0,9.0,24.0,53.0,15.0,53.0,37.5,36.46666666666667,27.6,26.299999999999997,76.0,79.47666666666667,71.57,74.0,9.5,12.666666666666677,2.75,3.6133333333333333,86.5,64.52666666666666,40.56,34.71,131.0
马鞍街道 稻纵_1_9_诱虫量,马鞍街道 稻纵_1_9_诱虫量,马鞍街道 稻纵,1,江苏省南京市六合区,00001d41,稻纵卷叶螟,2024,33,2024-08-12,2024-08-18,7,36.3,24.9,84.43,67.71,34.3,2.42,75.24,33.56,131.0,131.0,18.714285714285715,0.0,0.0,58.0,53.0,10.0,40.333333333333336,58.0,24.666666666666668,58.0,37.8,37.333333333333336,27.1,27.233333333333334,76.86,77.80999999999999,66.71,70.04666666666667,62.0,25.866666666666674,1.88,3.11,83.96,80.72333333333333,39.02,39.14,83.0
马鞍街道 稻纵_1_9_诱虫量,马鞍街道 稻纵_1_9_诱虫量,马鞍街道 稻纵,1,江苏省南京市六合区,00001d41,稻纵卷叶螟,2024,34,2024-08-19,2024-08-25,7,34.7,25.4,84.71,77.86,50.4,1.93,64.42,27.34,83.0,83.0,11.857142857142858,0.0,0.0,131.0,58.0,53.0,80.66666666666667,131.0,44.833333333333336,131.0,36.3,37.199999999999996,24.9,26.53333333333333,84.43,79.09666666666668,67.71,68.66333333333331,34.3,35.26666666666668,2.42,2.35,75.24,81.89999999999999,33.56,37.71333333333333,144.0
马鞍街道 稻纵_1_9_诱虫量,马鞍街道 稻纵_1_9_诱虫量,马鞍街道 稻纵,1,江苏省南京市六合区,00001d41,稻纵卷叶螟,2024,35,2024-08-26,2024-09-01,7,35.2,24.1,83.43,71.71,6.3,2.35,74.77,30.13,144.0,144.0,20.571428571428573,0.0,0.0,83.0,131.0,58.0,90.66666666666667,131.0,57.333333333333336,131.0,34.7,36.266666666666666,25.4,25.799999999999997,84.71,82.0,77.86,70.75999999999999,50.4,48.90000000000001,1.93,2.0766666666666667,64.42,74.54,27.34,33.306666666666665,502.0
马鞍街道 稻纵_1_9_诱虫量,马鞍街道 稻纵_1_9_诱虫量,马鞍街道 稻纵,1,江苏省南京市六合区,00001d41,稻纵卷叶螟,2024,36,2024-09-02,2024-09-08,7,33.8,24.2,79.29,68.43,2.9,3.23,78.8,33.31,502.0,502.0,71.71428571428571,0.0,0.0,144.0,83.0,131.0,119.33333333333333,144.0,79.83333333333333,144.0,35.2,35.4,24.1,24.799999999999997,83.43,84.19,71.71,72.42666666666666,6.3,30.333333333333343,2.35,2.2333333333333334,74.77,71.47666666666667,30.13,30.343333333333334,244.0
马鞍街道 稻纵_1_9_诱虫量,马鞍街道 稻纵_1_9_诱虫量,马鞍街道 稻纵,1,江苏省南京市六合区,00001d41,稻纵卷叶螟,2024,37,2024-09-09,2024-09-15,7,33.8,23.6,88.14,80.14,83.0,3.4,57.66,23.89,244.0,244.0,34.857142857142854,0.0,0.0,502.0,144.0,83.0,243.0,502.0,161.83333333333334,502.0,33.8,34.56666666666667,24.2,24.566666666666663,79.29,82.47666666666667,68.43,72.66666666666667,2.9,19.866666666666678,3.23,2.5033333333333334,78.8,72.66333333333334,33.31,30.26,1.0
马鞍街道 稻纵_1_9_诱虫量,马鞍街道 稻纵_1_9_诱虫量,马鞍街道 稻纵,1,江苏省南京市六合区,00001d41,稻纵卷叶螟,2024,38,2024-09-16,2024-09-22,7,31.6,17.4,81.14,76.86,124.9,5.49,54.64,24.01,1.0,1.0,0.14285714285714285,,,244.0,502.0,144.0,296.6666666666667,502.0,193.66666666666666,502.0,33.8,34.266666666666666,23.6,23.96666666666667,88.14,83.62,80.14,73.42666666666666,83.0,30.733333333333345,3.4,2.9933333333333336,57.66,70.41,23.89,29.109999999999996,22.0
马鞍街道 稻纵_1_9_诱虫量,马鞍街道 稻纵_1_9_诱虫量,马鞍街道 稻纵,1,江苏省南京市六合区,00001d41,稻纵卷叶螟,2024,39,2024-09-23,2024-09-29,7,29.1,15.8,86.14,76.0,15.1,2.67,66.18,23.31,22.0,22.0,3.142857142857143,0.0,0.0,1.0,244.0,502.0,249.0,502.0,184.16666666666666,502.0,31.6,33.06666666666666,17.4,21.73333333333333,81.14,82.85666666666667,76.86,75.14333333333333,124.9,70.26666666666668,5.49,4.04,54.64,63.70000000000001,24.01,27.069999999999997,1.0
马鞍街道 稻纵_1_9_诱虫量,马鞍街道 稻纵_1_9_诱虫量,马鞍街道 稻纵,1,江苏省南京市六合区,00001d41,稻纵卷叶螟,2024,40,2024-09-30,2024-10-06,7,28.6,11.9,79.0,72.14,17.2,3.38,48.16,18.62,1.0,1.0,0.14285714285714285,,,22.0,1.0,244.0,89.0,244.0,166.0,502.0,29.1,31.5,15.8,18.933333333333334,86.14,85.14,76.0,77.66666666666667,15.1,74.33333333333334,2.67,3.853333333333333,66.18,59.49333333333334,23.31,23.736666666666665,0.0
马鞍街道 稻纵_1_9_诱虫量,马鞍街道 稻纵_1_9_诱虫量,马鞍街道 稻纵,1,江苏省南京市六合区,00001d41,稻纵卷叶螟,2024,41,2024-10-07,2024-10-13,7,25.2,13.1,85.0,74.71,16.7,2.16,49.5,16.94,0.0,0.0,0.0,0.0,0.0,1.0,22.0,1.0,8.0,22.0,152.33333333333334,502.0,28.6,29.76666666666667,11.9,15.033333333333333,79.0,82.09333333333335,72.14,75.0,17.2,52.40000000000001,3.38,3.846666666666667,48.16,56.326666666666675,18.62,21.98,0.0
马鞍街道 稻纵_1_9_诱虫量,马鞍街道 稻纵_1_9_诱虫量,马鞍街道 稻纵,1,江苏省南京市六合区,00001d41,稻纵卷叶螟,2024,42,2024-10-14,2024-10-20,7,27.2,11.2,86.57,77.0,49.2,3.66,31.77,14.95,0.0,0.0,0.0,0.0,0.0,0.0,1.0,22.0,7.666666666666667,22.0,128.33333333333334,502.0,25.2,27.633333333333336,13.1,13.6,85.0,83.38,74.71,74.28333333333332,16.7,16.333333333333343,2.16,2.736666666666667,49.5,54.613333333333344,16.94,19.62333333333333,0.0
马鞍街道 稻纵_1_9_诱虫量,马鞍街道 稻纵_1_9_诱虫量,马鞍街道 稻纵,1,江苏省南京市六合区,00001d41,稻纵卷叶螟,2024,43,2024-10-21,2024-10-27,7,22.3,8.6,88.29,80.43,20.0,3.16,35.15,12.25,0.0,0.0,0.0,,,0.0,0.0,1.0,0.3333333333333333,1.0,44.666666666666664,244.0,27.2,27.0,11.2,12.066666666666665,86.57,83.52333333333333,77.0,74.61666666666666,49.2,27.700000000000006,3.66,3.0666666666666664,31.77,43.14333333333334,14.95,16.836666666666662,0.0
马鞍街道 稻纵_1_9_诱虫量,马鞍街道 稻纵_1_9_诱虫量,马鞍街道 稻纵,1,江苏省南京市六合区,00001d41,稻纵卷叶螟,2024,44,2024-10-28,2024-11-03,3,22.0,9.3,87.57,74.57,6.8,2.95,55.84,15.81,0.0,0.0,0.0,,,0.0,0.0,0.0,0.0,0.0,4.0,22.0,22.3,24.900000000000002,8.6,10.966666666666667,88.29,86.62,80.43,77.38,20.0,28.633333333333344,3.16,2.9933333333333336,35.15,38.80666666666667,12.25,14.713333333333331,
龙池街道头桥村 稻纵_1_26_诱虫量,龙池街道头桥村 稻纵_1_26_诱虫量,龙池街道头桥村 稻纵,1,江苏省南京市六合区,00001f5e,稻纵卷叶螟,2023,22,2023-05-28,2023-06-03,3,32.3,20.1,84.14,74.14,29.6,2.38,48.59,25.72,1.0,1.0,0.3333333333333333,30.01,49.93000000000001,,,,,,,,,,,,,,,,,,,,,,,,3.0
龙池街道头桥村 稻纵_1_26_诱虫量,龙池街道头桥村 稻纵_1_26_诱虫量,龙池街道头桥村 稻纵,1,江苏省南京市六合区,00001f5e,稻纵卷叶螟,2023,23,2023-06-04,2023-06-10,7,34.2,16.0,80.43,75.0,31.1,2.66,59.78,28.9,3.0,3.0,0.42857142857142855,27.094285714285718,67.53142857142858,1.0,,,1.0,1.0,1.0,1.0,32.3,32.3,20.1,20.1,84.14,84.14,74.14,74.14,29.6,29.6,2.38,2.38,48.59,48.59,25.72,25.72,1.0
龙池街道头桥村 稻纵_1_26_诱虫量,龙池街道头桥村 稻纵_1_26_诱虫量,龙池街道头桥村 稻纵,1,江苏省南京市六合区,00001f5e,稻纵卷叶螟,2023,24,2023-06-11,2023-06-17,7,32.4,19.2,80.14,65.0,8.5,2.69,57.13,31.06,1.0,1.0,0.14285714285714285,28.945714285714285,61.50857142857143,3.0,1.0,,2.0,3.0,2.0,3.0,34.2,33.25,16.0,18.05,80.43,82.285,75.0,74.57,31.1,30.35,2.66,2.52,59.78,54.185,28.9,27.31,1.0
龙池街道头桥村 稻纵_1_26_诱虫量,龙池街道头桥村 稻纵_1_26_诱虫量,龙池街道头桥村 稻纵,1,江苏省南京市六合区,00001f5e,稻纵卷叶螟,2023,25,2023-06-18,2023-06-24,7,31.4,20.5,87.57,74.57,82.3,2.55,29.04,21.42,1.0,1.0,0.14285714285714285,28.22714285714286,74.61,1.0,3.0,1.0,1.6666666666666667,3.0,1.6666666666666667,3.0,32.4,32.96666666666667,19.2,18.433333333333334,80.14,81.57000000000001,65.0,71.38,8.5,23.066666666666666,2.69,2.5766666666666667,57.13,55.166666666666664,31.06,28.56,2.0
龙池街道头桥村 稻纵_1_26_诱虫量,龙池街道头桥村 稻纵_1_26_诱虫量,龙池街道头桥村 稻纵,1,江苏省南京市六合区,00001f5e,稻纵卷叶螟,2023,26,2023-06-25,2023-07-01,7,32.8,21.5,86.29,78.86,64.0,2.94,49.98,24.98,2.0,2.0,0.2857142857142857,30.91857142857143,71.63714285714286,1.0,1.0,3.0,1.6666666666666667,3.0,1.5,3.0,31.4,32.666666666666664,20.5,18.566666666666666,87.57,82.71333333333332,74.57,71.52333333333333,82.3,40.63333333333333,2.55,2.6333333333333333,29.04,48.65,21.42,27.126666666666665,2.0
龙池街道头桥村 稻纵_1_26_诱虫量,龙池街道头桥村 稻纵_1_26_诱虫量,龙池街道头桥村 稻纵,1,江苏省南京市六合区,00001f5e,稻纵卷叶螟,2023,27,2023-07-02,2023-07-08,7,32.9,23.9,87.86,82.29,123.1,3.4,45.76,24.46,2.0,2.0,0.2857142857142857,31.09,77.39142857142858,2.0,1.0,1.0,1.3333333333333333,2.0,1.6,3.0,32.8,32.199999999999996,21.5,20.400000000000002,86.29,84.66666666666667,78.86,72.81,64.0,51.6,2.94,2.7266666666666666,49.98,45.38333333333333,24.98,25.820000000000004,4.0
龙池街道头桥村 稻纵_1_26_诱虫量,龙池街道头桥村 稻纵_1_26_诱虫量,龙池街道头桥村 稻纵,1,江苏省南京市六合区,00001f5e,稻纵卷叶螟,2023,28,2023-07-09,2023-07-15,7,34.9,24.6,84.57,77.0,27.6,3.38,49.19,28.48,4.0,4.0,0.5714285714285714,32.45285714285714,73.05571428571429,2.0,2.0,1.0,1.6666666666666667,2.0,1.6666666666666667,3.0,32.9,32.36666666666667,23.9,21.966666666666665,87.86,87.24000000000001,82.29,78.57333333333334,123.1,89.8,3.4,2.9633333333333334,45.76,41.593333333333334,24.46,23.62,4.0
龙池街道头桥村 稻纵_1_26_诱虫量,龙池街道头桥村 稻纵_1_26_诱虫量,龙池街道头桥村 稻纵,1,江苏省南京市六合区,00001f5e,稻纵卷叶螟,2023,29,2023-07-16,2023-07-22,7,31.5,23.5,89.43,84.71,117.0,2.29,34.08,19.55,4.0,4.0,0.5714285714285714,29.419999999999998,81.3,4.0,2.0,2.0,2.6666666666666665,4.0,2.1666666666666665,4.0,34.9,33.53333333333333,24.6,23.333333333333332,84.57,86.24000000000001,77.0,79.38333333333334,27.6,71.56666666666666,3.38,3.2399999999999998,49.19,48.31,28.48,25.973333333333333,5.0
龙池街道头桥村 稻纵_1_26_诱虫量,龙池街道头桥村 稻纵_1_26_诱虫量,龙池街道头桥村 稻纵,1,江苏省南京市六合区,00001f5e,稻纵卷叶螟,2023,30,2023-07-23,2023-07-29,7,33.2,25.1,86.86,80.86,44.3,3.98,65.75,29.7,5.0,5.0,0.7142857142857143,30.755714285714284,77.61142857142856,4.0,4.0,2.0,3.3333333333333335,4.0,2.3333333333333335,4.0,31.5,33.1,23.5,24.0,89.43,87.28666666666668,84.71,81.33333333333333,117.0,89.23333333333333,2.29,3.0233333333333334,34.08,43.01,19.55,24.163333333333338,10.0
龙池街道头桥村 稻纵_1_26_诱虫量,龙池街道头桥村 稻纵_1_26_诱虫量,龙池街道头桥村 稻纵,1,江苏省南京市六合区,00001f5e,稻纵卷叶螟,2023,31,2023-07-30,2023-08-05,7,34.0,25.0,86.43,76.43,17.1,3.1,81.36,32.83,10.0,10.0,1.4285714285714286,32.504285714285714,73.17571428571429,5.0,4.0,4.0,4.333333333333333,5.0,3.0,5.0,33.2,33.2,25.1,24.400000000000002,86.86,86.95333333333333,80.86,80.85666666666667,44.3,62.96666666666666,3.98,3.2166666666666663,65.75,49.673333333333325,29.7,25.91,51.0
龙池街道头桥村 稻纵_1_26_诱虫量,龙池街道头桥村 稻纵_1_26_诱虫量,龙池街道头桥村 稻纵,1,江苏省南京市六合区,00001f5e,稻纵卷叶螟,2023,32,2023-08-06,2023-08-12,7,35.1,24.0,83.71,75.14,10.3,2.08,79.69,33.11,51.0,51.0,7.285714285714286,31.538571428571426,73.66142857142857,10.0,5.0,4.0,6.333333333333333,10.0,4.5,10.0,34.0,32.9,25.0,24.53333333333333,86.43,87.57333333333334,76.43,80.66666666666667,17.1,59.46666666666667,3.1,3.1233333333333335,81.36,60.39666666666667,32.83,27.36,84.0
龙池街道头桥村 稻纵_1_26_诱虫量,龙池街道头桥村 稻纵_1_26_诱虫量,龙池街道头桥村 稻纵,1,江苏省南京市六合区,00001f5e,稻纵卷叶螟,2023,33,2023-08-13,2023-08-19,7,33.7,23.9,86.57,81.29,26.5,2.19,77.01,29.64,84.0,84.0,12.0,31.641666666666666,72.74499999999999,51.0,10.0,5.0,22.0,51.0,12.666666666666666,51.0,35.1,34.1,24.0,24.7,83.71,85.66666666666667,75.14,77.47666666666667,10.3,23.900000000000002,2.08,3.0533333333333332,79.69,75.60000000000001,33.11,31.88,45.0
龙池街道头桥村 稻纵_1_26_诱虫量,龙池街道头桥村 稻纵_1_26_诱虫量,龙池街道头桥村 稻纵,1,江苏省南京市六合区,00001f5e,稻纵卷叶螟,2023,34,2023-08-20,2023-08-26,7,32.0,22.4,82.71,72.0,27.1,2.8,70.93,31.5,45.0,45.0,6.428571428571429,30.858571428571427,67.38,84.0,51.0,10.0,48.333333333333336,84.0,26.333333333333332,84.0,33.7,34.26666666666667,23.9,24.3,86.57,85.57,81.29,77.62,26.5,17.96666666666667,2.19,2.4566666666666666,77.01,79.35333333333334,29.64,31.86,69.0
龙池街道头桥村 稻纵_1_26_诱虫量,龙池街道头桥村 稻纵_1_26_诱虫量,龙池街道头桥村 稻纵,1,江苏省南京市六合区,00001f5e,稻纵卷叶螟,2023,35,2023-08-27,2023-09-02,7,29.4,18.5,86.86,78.57,59.2,2.79,42.5,22.49,69.0,69.0,9.857142857142858,26.541428571428572,75.79285714285713,45.0,84.0,51.0,60.0,84.0,33.166666666666664,84.0,32.0,33.6,22.4,23.433333333333334,82.71,84.32999999999998,72.0,76.14333333333333,27.1,21.3,2.8,2.3566666666666665,70.93,75.87666666666667,31.5,31.416666666666668,17.0
龙池街道头桥村 稻纵_1_26_诱虫量,龙池街道头桥村 稻纵_1_26_诱虫量,龙池街道头桥村 稻纵,1,江苏省南京市六合区,00001f5e,稻纵卷叶螟,2023,36,2023-09-03,2023-09-09,7,31.0,21.7,88.0,73.71,2.5,2.83,74.88,29.19,17.0,17.0,2.4285714285714284,29.548571428571428,70.27285714285713,69.0,45.0,84.0,66.0,84.0,44.0,84.0,29.4,31.700000000000003,18.5,21.599999999999998,86.86,85.38,78.57,77.28666666666668,59.2,37.6,2.79,2.5933333333333333,42.5,63.48,22.49,27.876666666666665,72.0
龙池街道头桥村 稻纵_1_26_诱虫量,龙池街道头桥村 稻纵_1_26_诱虫量,龙池街道头桥村 稻纵,1,江苏省南京市六合区,00001f5e,稻纵卷叶螟,2023,37,2023-09-10,2023-09-16,7,31.4,20.4,87.43,82.14,74.6,2.74,29.78,17.15,72.0,72.0,10.285714285714286,25.858571428571427,80.57142857142857,17.0,69.0,45.0,43.666666666666664,69.0,46.0,84.0,31.0,30.8,21.7,20.866666666666664,88.0,85.85666666666667,73.71,74.75999999999999,2.5,29.600000000000005,2.83,2.8066666666666666,74.88,62.77,29.19,27.72666666666667,243.0
龙池街道头桥村 稻纵_1_26_诱虫量,龙池街道头桥村 稻纵_1_26_诱虫量,龙池街道头桥村 稻纵,1,江苏省南京市六合区,00001f5e,稻纵卷叶螟,2023,38,2023-09-17,2023-09-23,7,32.0,18.8,88.57,77.57,41.3,2.51,30.18,16.82,243.0,243.0,34.714285714285715,25.194285714285716,80.89999999999999,72.0,17.0,69.0,52.666666666666664,72.0,56.333333333333336,84.0,31.4,30.599999999999998,20.4,20.2,87.43,87.43,82.14,78.13999999999999,74.6,45.43333333333334,2.74,2.7866666666666666,29.78,49.053333333333335,17.15,22.94333333333333,206.0
龙池街道头桥村 稻纵_1_26_诱虫量,龙池街道头桥村 稻纵_1_26_诱虫量,龙池街道头桥村 稻纵,1,江苏省南京市六合区,00001f5e,稻纵卷叶螟,2023,39,2023-09-24,2023-09-30,7,28.2,19.1,89.57,82.43,13.3,2.19,45.28,17.44,206.0,206.0,29.428571428571427,24.74285714285714,80.16857142857143,243.0,72.0,17.0,110.66666666666667,243.0,88.33333333333333,243.0,32.0,31.46666666666667,18.8,20.299999999999997,88.57,88.0,77.57,77.80666666666666,41.3,39.46666666666666,2.51,2.6933333333333334,30.18,44.946666666666665,16.82,21.053333333333335,24.0
龙池街道头桥村 稻纵_1_26_诱虫量,龙池街道头桥村 稻纵_1_26_诱虫量,龙池街道头桥村 稻纵,1,江苏省南京市六合区,00001f5e,稻纵卷叶螟,2023,40,2023-10-01,2023-10-07,7,25.5,15.7,80.86,71.71,21.7,3.55,38.52,19.59,24.0,24.0,3.4285714285714284,21.367142857142856,73.0,206.0,243.0,72.0,173.66666666666666,243.0,108.66666666666667,243.0,28.2,30.53333333333333,19.1,19.433333333333334,89.57,88.52333333333333,82.43,80.71333333333332,13.3,43.06666666666666,2.19,2.48,45.28,35.080000000000005,17.44,17.136666666666667,0.0
龙池街道头桥村 稻纵_1_26_诱虫量,龙池街道头桥村 稻纵_1_26_诱虫量,龙池街道头桥村 稻纵,1,江苏省南京市六合区,00001f5e,稻纵卷叶螟,2023,41,2023-10-08,2023-10-14,7,23.6,13.5,84.86,74.14,0.0,2.05,50.14,17.04,0.0,0.0,0.0,21.517142857142858,69.89285714285714,24.0,206.0,243.0,157.66666666666666,243.0,105.16666666666667,243.0,25.5,28.566666666666666,15.7,17.866666666666667,80.86,86.33333333333333,71.71,77.23666666666666,21.7,25.433333333333334,3.55,2.75,38.52,37.99333333333333,19.59,17.95,0.0
龙池街道头桥村 稻纵_1_26_诱虫量,龙池街道头桥村 稻纵_1_26_诱虫量,龙池街道头桥村 稻纵,1,江苏省南京市六合区,00001f5e,稻纵卷叶螟,2023,42,2023-10-15,2023-10-21,7,26.1,9.6,84.43,62.0,4.0,2.46,71.43,22.45,0.0,0.0,0.0,20.055714285714284,66.40571428571428,0.0,24.0,206.0,76.66666666666667,206.0,93.66666666666667,243.0,23.6,25.766666666666666,13.5,16.099999999999998,84.86,85.09666666666666,74.14,76.09333333333332,0.0,11.666666666666666,2.05,2.5966666666666662,50.14,44.64666666666667,17.04,18.023333333333333,0.0
龙池街道头桥村 稻纵_1_26_诱虫量,龙池街道头桥村 稻纵_1_26_诱虫量,龙池街道头桥村 稻纵,1,江苏省南京市六合区,00001f5e,稻纵卷叶螟,2023,43,2023-10-22,2023-10-28,7,25.6,9.6,85.14,64.29,0.0,1.94,60.15,18.61,0.0,0.0,0.0,19.79714285714286,69.83857142857143,0.0,0.0,24.0,8.0,24.0,90.83333333333333,243.0,26.1,25.066666666666666,9.6,12.933333333333332,84.43,83.38333333333334,62.0,69.28333333333332,4.0,8.566666666666666,2.46,2.686666666666667,71.43,53.363333333333344,22.45,19.69333333333333,0.0
龙池街道头桥村 稻纵_1_26_诱虫量,龙池街道头桥村 稻纵_1_26_诱虫量,龙池街道头桥村 稻纵,1,江苏省南京市六合区,00001f5e,稻纵卷叶螟,2023,44,2023-10-29,2023-11-04,2,27.6,12.9,83.57,69.14,0.8,2.48,60.23,19.36,0.0,0.0,0.0,20.0,68.64,0.0,0.0,0.0,0.0,0.0,78.83333333333333,243.0,25.6,25.099999999999998,9.6,10.9,85.14,84.81,64.29,66.81,0.0,1.3333333333333333,1.94,2.15,60.15,60.57333333333333,18.61,19.366666666666664,0.0
龙池街道头桥村 稻纵_1_26_诱虫量,龙池街道头桥村 稻纵_1_26_诱虫量,龙池街道头桥村 稻纵,1,江苏省南京市六合区,00001f5e,稻纵卷叶螟,2024,22,2024-05-27,2024-06-02,2,26.9,14.2,77.71,68.43,42.5,2.69,50.74,25.99,0.0,0.0,0.0,0.0,0.0,0.0,0.0,0.0,0.0,0.0,38.333333333333336,206.0,27.6,26.433333333333337,12.9,10.700000000000001,83.57,84.38,69.14,65.14333333333333,0.8,1.5999999999999999,2.48,2.2933333333333334,60.23,63.93666666666667,19.36,20.14,0.0
龙池街道头桥村 稻纵_1_26_诱虫量,龙池街道头桥村 稻纵_1_26_诱虫量,龙池街道头桥村 稻纵,1,江苏省南京市六合区,00001f5e,稻纵卷叶螟,2024,23,2024-06-03,2024-06-09,7,30.9,17.1,76.86,61.71,5.2,2.43,62.66,30.94,0.0,0.0,0.0,0.0,0.0,0.0,0.0,0.0,0.0,0.0,4.0,24.0,26.9,26.7,14.2,12.233333333333333,77.71,82.14,68.43,67.28666666666668,42.5,14.433333333333332,2.69,2.3699999999999997,50.74,57.04,25.99,21.319999999999997,0.0
龙池街道头桥村 稻纵_1_26_诱虫量,龙池街道头桥村 稻纵_1_26_诱虫量,龙池街道头桥村 稻纵,1,江苏省南京市六合区,00001f5e,稻纵卷叶螟,2024,24,2024-06-10,2024-06-16,7,34.2,20.7,79.71,58.71,0.7,2.43,71.14,35.09,0.0,0.0,0.0,0.0,0.0,0.0,0.0,0.0,0.0,0.0,0.0,0.0,30.9,28.46666666666667,17.1,14.733333333333334,76.86,79.38,61.71,66.42666666666666,5.2,16.166666666666668,2.43,2.533333333333333,62.66,57.876666666666665,30.94,25.429999999999996,1.0
龙池街道头桥村 稻纵_1_26_诱虫量,龙池街道头桥村 稻纵_1_26_诱虫量,龙池街道头桥村 稻纵,1,江苏省南京市六合区,00001f5e,稻纵卷叶螟,2024,25,2024-06-17,2024-06-23,7,32.3,21.3,85.0,69.86,96.1,3.32,46.58,27.17,1.0,1.0,0.14285714285714285,0.0,0.0,0.0,0.0,0.0,0.0,0.0,0.0,0.0,34.2,30.666666666666668,20.7,17.333333333333332,79.71,78.09333333333332,58.71,62.95000000000001,0.7,16.133333333333333,2.43,2.5166666666666666,71.14,61.51333333333333,35.09,30.673333333333332,2.0
龙池街道头桥村 稻纵_1_26_诱虫量,龙池街道头桥村 稻纵_1_26_诱虫量,龙池街道头桥村 稻纵,1,江苏省南京市六合区,00001f5e,稻纵卷叶螟,2024,26,2024-06-24,2024-06-30,7,30.9,20.7,88.71,85.57,179.0,2.73,26.58,17.62,2.0,2.0,0.2857142857142857,0.0,0.0,1.0,0.0,0.0,0.3333333333333333,1.0,0.16666666666666666,1.0,32.3,32.46666666666667,21.3,19.7,85.0,80.52333333333333,69.86,63.42666666666667,96.1,34.0,3.32,2.7266666666666666,46.58,60.126666666666665,27.17,31.066666666666666,4.0
龙池街道头桥村 稻纵_1_26_诱虫量,龙池街道头桥村 稻纵_1_26_诱虫量,龙池街道头桥村 稻纵,1,江苏省南京市六合区,00001f5e,稻纵卷叶螟,2024,27,2024-07-01,2024-07-07,7,34.9,22.6,81.14,78.57,41.8,4.14,62.65,32.6,4.0,4.0,0.5714285714285714,0.0,0.0,2.0,1.0,0.0,1.0,2.0,0.5,2.0,30.9,32.46666666666667,20.7,20.9,88.71,84.47333333333331,85.57,71.38,179.0,91.93333333333334,2.73,2.8266666666666667,26.58,48.099999999999994,17.62,26.62666666666667,1.0
龙池街道头桥村 稻纵_1_26_诱虫量,龙池街道头桥村 稻纵_1_26_诱虫量,龙池街道头桥村 稻纵,1,江苏省南京市六合区,00001f5e,稻纵卷叶螟,2024,28,2024-07-08,2024-07-14,7,35.0,21.4,88.57,86.0,168.8,2.44,20.72,18.18,1.0,1.0,0.14285714285714285,0.0,0.0,4.0,2.0,1.0,2.3333333333333335,4.0,1.1666666666666667,4.0,34.9,32.699999999999996,22.6,21.53333333333333,81.14,84.95,78.57,78.0,41.8,105.63333333333334,4.14,3.3966666666666665,62.65,45.27,32.6,25.796666666666667,1.0
龙池街道头桥村 稻纵_1_26_诱虫量,龙池街道头桥村 稻纵_1_26_诱虫量,龙池街道头桥村 稻纵,1,江苏省南京市六合区,00001f5e,稻纵卷叶螟,2024,29,2024-07-15,2024-07-21,7,35.2,24.3,81.86,78.57,22.4,3.39,35.37,25.73,1.0,1.0,0.14285714285714285,0.0,0.0,1.0,4.0,2.0,2.3333333333333335,4.0,1.3333333333333333,4.0,35.0,33.6,21.4,21.566666666666663,88.57,86.13999999999999,86.0,83.38,168.8,129.86666666666667,2.44,3.103333333333333,20.72,36.65,18.18,22.8,8.0
龙池街道头桥村 稻纵_1_26_诱虫量,龙池街道头桥村 稻纵_1_26_诱虫量,龙池街道头桥村 稻纵,1,江苏省南京市六合区,00001f5e,稻纵卷叶螟,2024,30,2024-07-22,2024-07-28,7,36.7,27.0,80.57,71.86,6.1,4.7,71.71,37.84,8.0,8.0,1.1428571428571428,0.0,0.0,1.0,1.0,4.0,2.0,4.0,1.5,4.0,35.2,35.03333333333334,24.3,22.766666666666666,81.86,83.85666666666667,78.57,81.04666666666667,22.4,77.66666666666667,3.39,3.323333333333333,35.37,39.58,25.73,25.50333333333333,100.0
龙池街道头桥村 稻纵_1_26_诱虫量,龙池街道头桥村 稻纵_1_26_诱虫量,龙池街道头桥村 稻纵,1,江苏省南京市六合区,00001f5e,稻纵卷叶螟,2024,31,2024-07-29,2024-08-04,7,37.5,27.6,76.0,71.57,9.5,2.75,86.5,40.56,100.0,100.0,14.285714285714286,0.0,0.0,8.0,1.0,1.0,3.3333333333333335,8.0,2.8333333333333335,8.0,36.7,35.63333333333333,27.0,24.233333333333334,80.57,83.66666666666667,71.86,78.81,6.1,65.76666666666668,4.7,3.5100000000000002,71.71,42.599999999999994,37.84,27.25,48.0
龙池街道头桥村 稻纵_1_26_诱虫量,龙池街道头桥村 稻纵_1_26_诱虫量,龙池街道头桥村 稻纵,1,江苏省南京市六合区,00001f5e,稻纵卷叶螟,2024,32,2024-08-05,2024-08-11,7,37.8,27.1,76.86,66.71,62.0,1.88,83.96,39.02,48.0,48.0,6.857142857142857,0.0,0.0,100.0,8.0,1.0,36.333333333333336,100.0,19.333333333333332,100.0,37.5,36.46666666666667,27.6,26.299999999999997,76.0,79.47666666666667,71.57,74.0,9.5,12.666666666666677,2.75,3.6133333333333333,86.5,64.52666666666666,40.56,34.71,38.0
龙池街道头桥村 稻纵_1_26_诱虫量,龙池街道头桥村 稻纵_1_26_诱虫量,龙池街道头桥村 稻纵,1,江苏省南京市六合区,00001f5e,稻纵卷叶螟,2024,33,2024-08-12,2024-08-18,7,36.3,24.9,84.43,67.71,34.3,2.42,75.24,33.56,38.0,38.0,5.428571428571429,0.0,0.0,48.0,100.0,8.0,52.0,100.0,27.0,100.0,37.8,37.333333333333336,27.1,27.233333333333334,76.86,77.80999999999999,66.71,70.04666666666667,62.0,25.866666666666674,1.88,3.11,83.96,80.72333333333333,39.02,39.14,85.0
龙池街道头桥村 稻纵_1_26_诱虫量,龙池街道头桥村 稻纵_1_26_诱虫量,龙池街道头桥村 稻纵,1,江苏省南京市六合区,00001f5e,稻纵卷叶螟,2024,34,2024-08-19,2024-08-25,7,34.7,25.4,84.71,77.86,50.4,1.93,64.42,27.34,85.0,85.0,12.142857142857142,0.0,0.0,38.0,48.0,100.0,62.0,100.0,32.666666666666664,100.0,36.3,37.199999999999996,24.9,26.53333333333333,84.43,79.09666666666668,67.71,68.66333333333331,34.3,35.26666666666668,2.42,2.35,75.24,81.89999999999999,33.56,37.71333333333333,235.0
龙池街道头桥村 稻纵_1_26_诱虫量,龙池街道头桥村 稻纵_1_26_诱虫量,龙池街道头桥村 稻纵,1,江苏省南京市六合区,00001f5e,稻纵卷叶螟,2024,35,2024-08-26,2024-09-01,7,35.2,24.1,83.43,71.71,6.3,2.35,74.77,30.13,235.0,235.0,33.57142857142857,0.0,0.0,85.0,38.0,48.0,57.0,85.0,46.666666666666664,100.0,34.7,36.266666666666666,25.4,25.799999999999997,84.71,82.0,77.86,70.75999999999999,50.4,48.90000000000001,1.93,2.0766666666666667,64.42,74.54,27.34,33.306666666666665,171.0
龙池街道头桥村 稻纵_1_26_诱虫量,龙池街道头桥村 稻纵_1_26_诱虫量,龙池街道头桥村 稻纵,1,江苏省南京市六合区,00001f5e,稻纵卷叶螟,2024,36,2024-09-02,2024-09-08,7,33.8,24.2,79.29,68.43,2.9,3.23,78.8,33.31,171.0,171.0,24.428571428571427,0.0,0.0,235.0,85.0,38.0,119.33333333333333,235.0,85.66666666666667,235.0,35.2,35.4,24.1,24.799999999999997,83.43,84.19,71.71,72.42666666666666,6.3,30.333333333333343,2.35,2.2333333333333334,74.77,71.47666666666667,30.13,30.343333333333334,130.0
龙池街道头桥村 稻纵_1_26_诱虫量,龙池街道头桥村 稻纵_1_26_诱虫量,龙池街道头桥村 稻纵,1,江苏省南京市六合区,00001f5e,稻纵卷叶螟,2024,37,2024-09-09,2024-09-15,7,33.8,23.6,88.14,80.14,83.0,3.4,57.66,23.89,130.0,130.0,18.571428571428573,0.0,0.0,171.0,235.0,85.0,163.66666666666666,235.0,112.83333333333333,235.0,33.8,34.56666666666667,24.2,24.566666666666663,79.29,82.47666666666667,68.43,72.66666666666667,2.9,19.866666666666678,3.23,2.5033333333333334,78.8,72.66333333333334,33.31,30.26,67.0
龙池街道头桥村 稻纵_1_26_诱虫量,龙池街道头桥村 稻纵_1_26_诱虫量,龙池街道头桥村 稻纵,1,江苏省南京市六合区,00001f5e,稻纵卷叶螟,2024,38,2024-09-16,2024-09-22,7,31.6,17.4,81.14,76.86,124.9,5.49,54.64,24.01,67.0,67.0,9.571428571428571,0.0,0.0,130.0,171.0,235.0,178.66666666666666,235.0,117.83333333333333,235.0,33.8,34.266666666666666,23.6,23.96666666666667,88.14,83.62,80.14,73.42666666666666,83.0,30.733333333333345,3.4,2.9933333333333336,57.66,70.41,23.89,29.109999999999996,130.0
龙池街道头桥村 稻纵_1_26_诱虫量,龙池街道头桥村 稻纵_1_26_诱虫量,龙池街道头桥村 稻纵,1,江苏省南京市六合区,00001f5e,稻纵卷叶螟,2024,39,2024-09-23,2024-09-29,7,29.1,15.8,86.14,76.0,15.1,2.67,66.18,23.31,130.0,130.0,18.571428571428573,0.0,0.0,67.0,130.0,171.0,122.66666666666667,171.0,121.0,235.0,31.6,33.06666666666666,17.4,21.73333333333333,81.14,82.85666666666667,76.86,75.14333333333333,124.9,70.26666666666668,5.49,4.04,54.64,63.70000000000001,24.01,27.069999999999997,7.0
龙池街道头桥村 稻纵_1_26_诱虫量,龙池街道头桥村 稻纵_1_26_诱虫量,龙池街道头桥村 稻纵,1,江苏省南京市六合区,00001f5e,稻纵卷叶螟,2024,40,2024-09-30,2024-10-06,7,28.6,11.9,79.0,72.14,17.2,3.38,48.16,18.62,7.0,7.0,1.0,0.0,0.0,130.0,67.0,130.0,109.0,130.0,136.33333333333334,235.0,29.1,31.5,15.8,18.933333333333334,86.14,85.14,76.0,77.66666666666667,15.1,74.33333333333334,2.67,3.853333333333333,66.18,59.49333333333334,23.31,23.736666666666665,55.0
龙池街道头桥村 稻纵_1_26_诱虫量,龙池街道头桥村 稻纵_1_26_诱虫量,龙池街道头桥村 稻纵,1,江苏省南京市六合区,00001f5e,稻纵卷叶螟,2024,41,2024-10-07,2024-10-13,7,25.2,13.1,85.0,74.71,16.7,2.16,49.5,16.94,55.0,55.0,7.857142857142857,0.0,0.0,7.0,130.0,67.0,68.0,130.0,123.33333333333333,235.0,28.6,29.76666666666667,11.9,15.033333333333333,79.0,82.09333333333335,72.14,75.0,17.2,52.40000000000001,3.38,3.846666666666667,48.16,56.326666666666675,18.62,21.98,76.0
龙池街道头桥村 稻纵_1_26_诱虫量,龙池街道头桥村 稻纵_1_26_诱虫量,龙池街道头桥村 稻纵,1,江苏省南京市六合区,00001f5e,稻纵卷叶螟,2024,42,2024-10-14,2024-10-20,7,27.2,11.2,86.57,77.0,49.2,3.66,31.77,14.95,76.0,76.0,10.857142857142858,0.0,0.0,55.0,7.0,130.0,64.0,130.0,93.33333333333333,171.0,25.2,27.633333333333336,13.1,13.6,85.0,83.38,74.71,74.28333333333332,16.7,16.333333333333343,2.16,2.736666666666667,49.5,54.613333333333344,16.94,19.62333333333333,20.0
龙池街道头桥村 稻纵_1_26_诱虫量,龙池街道头桥村 稻纵_1_26_诱虫量,龙池街道头桥村 稻纵,1,江苏省南京市六合区,00001f5e,稻纵卷叶螟,2024,43,2024-10-21,2024-10-27,7,22.3,8.6,88.29,80.43,20.0,3.16,35.15,12.25,20.0,20.0,2.857142857142857,0.0,0.0,76.0,55.0,7.0,46.0,76.0,77.5,130.0,27.2,27.0,11.2,12.066666666666665,86.57,83.52333333333333,77.0,74.61666666666666,49.2,27.700000000000006,3.66,3.0666666666666664,31.77,43.14333333333334,14.95,16.836666666666662,3.0
龙池街道头桥村 稻纵_1_26_诱虫量,龙池街道头桥村 稻纵_1_26_诱虫量,龙池街道头桥村 稻纵,1,江苏省南京市六合区,00001f5e,稻纵卷叶螟,2024,44,2024-10-28,2024-11-03,3,22.0,9.3,87.57,74.57,6.8,2.95,55.84,15.81,3.0,3.0,1.0,,,20.0,76.0,55.0,50.333333333333336,76.0,59.166666666666664,130.0,22.3,24.900000000000002,8.6,10.966666666666667,88.29,86.62,80.43,77.38,20.0,28.633333333333344,3.16,2.9933333333333336,35.15,38.80666666666667,12.25,14.713333333333331,
龙袍长江社区稻纵_1_11_诱虫量,龙袍长江社区稻纵_1_11_诱虫量,龙袍长江社区稻纵,1,江苏省南京市六合区,00001d8b,稻纵卷叶螟,2023,22,2023-05-28,2023-06-03,3,32.3,20.1,84.14,74.14,29.6,2.38,48.59,25.72,37.0,37.0,12.333333333333334,27.689999999999998,56.620000000000005,,,,,,,,,,,,,,,,,,,,,,,,24.0
龙袍长江社区稻纵_1_11_诱虫量,龙袍长江社区稻纵_1_11_诱虫量,龙袍长江社区稻纵,1,江苏省南京市六合区,00001d8b,稻纵卷叶螟,2023,23,2023-06-04,2023-06-10,7,34.2,16.0,80.43,75.0,31.1,2.66,59.78,28.9,24.0,24.0,3.4285714285714284,26.405714285714286,68.62857142857142,37.0,,,37.0,37.0,37.0,37.0,32.3,32.3,20.1,20.1,84.14,84.14,74.14,74.14,29.6,29.6,2.38,2.38,48.59,48.59,25.72,25.72,15.0
龙袍长江社区稻纵_1_11_诱虫量,龙袍长江社区稻纵_1_11_诱虫量,龙袍长江社区稻纵,1,江苏省南京市六合区,00001d8b,稻纵卷叶螟,2023,24,2023-06-11,2023-06-17,7,32.4,19.2,80.14,65.0,8.5,2.69,57.13,31.06,15.0,15.0,2.142857142857143,27.744285714285716,65.33571428571429,24.0,37.0,,30.5,37.0,30.5,37.0,34.2,33.25,16.0,18.05,80.43,82.285,75.0,74.57,31.1,30.35,2.66,2.52,59.78,54.185,28.9,27.31,11.0
龙袍长江社区稻纵_1_11_诱虫量,龙袍长江社区稻纵_1_11_诱虫量,龙袍长江社区稻纵,1,江苏省南京市六合区,00001d8b,稻纵卷叶螟,2023,25,2023-06-18,2023-06-24,7,31.4,20.5,87.57,74.57,82.3,2.55,29.04,21.42,11.0,11.0,1.5714285714285714,27.00142857142857,78.62857142857142,15.0,24.0,37.0,25.333333333333332,37.0,25.333333333333332,37.0,32.4,32.96666666666667,19.2,18.433333333333334,80.14,81.57000000000001,65.0,71.38,8.5,23.066666666666666,2.69,2.5766666666666667,57.13,55.166666666666664,31.06,28.56,10.0
龙袍长江社区稻纵_1_11_诱虫量,龙袍长江社区稻纵_1_11_诱虫量,龙袍长江社区稻纵,1,江苏省南京市六合区,00001d8b,稻纵卷叶螟,2023,26,2023-06-25,2023-07-01,7,32.8,21.5,86.29,78.86,64.0,2.94,49.98,24.98,10.0,10.0,1.4285714285714286,29.62,75.54142857142857,11.0,15.0,24.0,16.666666666666668,24.0,21.75,37.0,31.4,32.666666666666664,20.5,18.566666666666666,87.57,82.71333333333332,74.57,71.52333333333333,82.3,40.63333333333333,2.55,2.6333333333333333,29.04,48.65,21.42,27.126666666666665,3.0
龙袍长江社区稻纵_1_11_诱虫量,龙袍长江社区稻纵_1_11_诱虫量,龙袍长江社区稻纵,1,江苏省南京市六合区,00001d8b,稻纵卷叶螟,2023,27,2023-07-02,2023-07-08,7,32.9,23.9,87.86,82.29,123.1,3.4,45.76,24.46,3.0,3.0,0.42857142857142855,30.392857142857142,77.80714285714285,10.0,11.0,15.0,12.0,15.0,19.4,37.0,32.8,32.199999999999996,21.5,20.400000000000002,86.29,84.66666666666667,78.86,72.81,64.0,51.6,2.94,2.7266666666666666,49.98,45.38333333333333,24.98,25.820000000000004,19.0
龙袍长江社区稻纵_1_11_诱虫量,龙袍长江社区稻纵_1_11_诱虫量,龙袍长江社区稻纵,1,江苏省南京市六合区,00001d8b,稻纵卷叶螟,2023,28,2023-07-09,2023-07-15,7,34.9,24.6,84.57,77.0,27.6,3.38,49.19,28.48,19.0,19.0,2.7142857142857144,31.465714285714284,74.81285714285715,3.0,10.0,11.0,8.0,11.0,16.666666666666668,37.0,32.9,32.36666666666667,23.9,21.966666666666665,87.86,87.24000000000001,82.29,78.57333333333334,123.1,89.8,3.4,2.9633333333333334,45.76,41.593333333333334,24.46,23.62,9.0
龙袍长江社区稻纵_1_11_诱虫量,龙袍长江社区稻纵_1_11_诱虫量,龙袍长江社区稻纵,1,江苏省南京市六合区,00001d8b,稻纵卷叶螟,2023,29,2023-07-16,2023-07-22,7,31.5,23.5,89.43,84.71,117.0,2.29,34.08,19.55,9.0,9.0,1.2857142857142858,29.104285714285712,82.3442857142857,19.0,3.0,10.0,10.666666666666666,19.0,13.666666666666666,24.0,34.9,33.53333333333333,24.6,23.333333333333332,84.57,86.24000000000001,77.0,79.38333333333334,27.6,71.56666666666666,3.38,3.2399999999999998,49.19,48.31,28.48,25.973333333333333,24.0
龙袍长江社区稻纵_1_11_诱虫量,龙袍长江社区稻纵_1_11_诱虫量,龙袍长江社区稻纵,1,江苏省南京市六合区,00001d8b,稻纵卷叶螟,2023,30,2023-07-23,2023-07-29,7,33.2,25.1,86.86,80.86,44.3,3.98,65.75,29.7,24.0,24.0,3.4285714285714284,30.924285714285713,76.72,9.0,19.0,3.0,10.333333333333334,19.0,11.166666666666666,19.0,31.5,33.1,23.5,24.0,89.43,87.28666666666668,84.71,81.33333333333333,117.0,89.23333333333333,2.29,3.0233333333333334,34.08,43.01,19.55,24.163333333333338,6.0
龙袍长江社区稻纵_1_11_诱虫量,龙袍长江社区稻纵_1_11_诱虫量,龙袍长江社区稻纵,1,江苏省南京市六合区,00001d8b,稻纵卷叶螟,2023,31,2023-07-30,2023-08-05,7,34.0,25.0,86.43,76.43,17.1,3.1,81.36,32.83,6.0,6.0,0.8571428571428571,32.72,73.02714285714286,24.0,9.0,19.0,17.333333333333332,24.0,12.666666666666666,24.0,33.2,33.2,25.1,24.400000000000002,86.86,86.95333333333333,80.86,80.85666666666667,44.3,62.96666666666666,3.98,3.2166666666666663,65.75,49.673333333333325,29.7,25.91,72.0
龙袍长江社区稻纵_1_11_诱虫量,龙袍长江社区稻纵_1_11_诱虫量,龙袍长江社区稻纵,1,江苏省南京市六合区,00001d8b,稻纵卷叶螟,2023,32,2023-08-06,2023-08-12,7,35.1,24.0,83.71,75.14,10.3,2.08,79.69,33.11,72.0,72.0,10.285714285714286,32.20428571428572,72.42571428571429,6.0,24.0,9.0,13.0,24.0,11.833333333333334,24.0,34.0,32.9,25.0,24.53333333333333,86.43,87.57333333333334,76.43,80.66666666666667,17.1,59.46666666666667,3.1,3.1233333333333335,81.36,60.39666666666667,32.83,27.36,94.0
龙袍长江社区稻纵_1_11_诱虫量,龙袍长江社区稻纵_1_11_诱虫量,龙袍长江社区稻纵,1,江苏省南京市六合区,00001d8b,稻纵卷叶螟,2023,33,2023-08-13,2023-08-19,7,33.7,23.9,86.57,81.29,26.5,2.19,77.01,29.64,94.0,94.0,13.428571428571429,31.913333333333338,71.92,72.0,6.0,24.0,34.0,72.0,22.166666666666668,72.0,35.1,34.1,24.0,24.7,83.71,85.66666666666667,75.14,77.47666666666667,10.3,23.900000000000002,2.08,3.0533333333333332,79.69,75.60000000000001,33.11,31.88,72.0
龙袍长江社区稻纵_1_11_诱虫量,龙袍长江社区稻纵_1_11_诱虫量,龙袍长江社区稻纵,1,江苏省南京市六合区,00001d8b,稻纵卷叶螟,2023,34,2023-08-20,2023-08-26,7,32.0,22.4,82.71,72.0,27.1,2.8,70.93,31.5,72.0,72.0,10.285714285714286,30.11285714285714,71.04142857142857,94.0,72.0,6.0,57.333333333333336,94.0,37.333333333333336,94.0,33.7,34.26666666666667,23.9,24.3,86.57,85.57,81.29,77.62,26.5,17.96666666666667,2.19,2.4566666666666666,77.01,79.35333333333334,29.64,31.86,0.0
龙袍长江社区稻纵_1_11_诱虫量,龙袍长江社区稻纵_1_11_诱虫量,龙袍长江社区稻纵,1,江苏省南京市六合区,00001d8b,稻纵卷叶螟,2023,35,2023-08-27,2023-09-02,7,29.4,18.5,86.86,78.57,59.2,2.79,42.5,22.49,0.0,0.0,0.0,26.304285714285715,73.05714285714285,72.0,94.0,72.0,79.33333333333333,94.0,46.166666666666664,94.0,32.0,33.6,22.4,23.433333333333334,82.71,84.32999999999998,72.0,76.14333333333333,27.1,21.3,2.8,2.3566666666666665,70.93,75.87666666666667,31.5,31.416666666666668,0.0
龙袍长江社区稻纵_1_11_诱虫量,龙袍长江社区稻纵_1_11_诱虫量,龙袍长江社区稻纵,1,江苏省南京市六合区,00001d8b,稻纵卷叶螟,2023,36,2023-09-03,2023-09-09,7,31.0,21.7,88.0,73.71,2.5,2.83,74.88,29.19,0.0,0.0,0.0,28.37142857142857,74.30142857142857,0.0,72.0,94.0,55.333333333333336,94.0,44.666666666666664,94.0,29.4,31.700000000000003,18.5,21.599999999999998,86.86,85.38,78.57,77.28666666666668,59.2,37.6,2.79,2.5933333333333333,42.5,63.48,22.49,27.876666666666665,20.0
龙袍长江社区稻纵_1_11_诱虫量,龙袍长江社区稻纵_1_11_诱虫量,龙袍长江社区稻纵,1,江苏省南京市六合区,00001d8b,稻纵卷叶螟,2023,37,2023-09-10,2023-09-16,7,31.4,20.4,87.43,82.14,74.6,2.74,29.78,17.15,20.0,20.0,2.857142857142857,25.46142857142857,82.9342857142857,0.0,0.0,72.0,24.0,72.0,40.666666666666664,94.0,31.0,30.8,21.7,20.866666666666664,88.0,85.85666666666667,73.71,74.75999999999999,2.5,29.600000000000005,2.83,2.8066666666666666,74.88,62.77,29.19,27.72666666666667,366.0
龙袍长江社区稻纵_1_11_诱虫量,龙袍长江社区稻纵_1_11_诱虫量,龙袍长江社区稻纵,1,江苏省南京市六合区,00001d8b,稻纵卷叶螟,2023,38,2023-09-17,2023-09-23,7,32.0,18.8,88.57,77.57,41.3,2.51,30.18,16.82,366.0,366.0,52.285714285714285,25.455714285714286,80.04857142857144,20.0,0.0,0.0,6.666666666666667,20.0,43.0,94.0,31.4,30.599999999999998,20.4,20.2,87.43,87.43,82.14,78.13999999999999,74.6,45.43333333333334,2.74,2.7866666666666666,29.78,49.053333333333335,17.15,22.94333333333333,80.0
龙袍长江社区稻纵_1_11_诱虫量,龙袍长江社区稻纵_1_11_诱虫量,龙袍长江社区稻纵,1,江苏省南京市六合区,00001d8b,稻纵卷叶螟,2023,39,2023-09-24,2023-09-30,7,28.2,19.1,89.57,82.43,13.3,2.19,45.28,17.44,80.0,80.0,11.428571428571429,24.807142857142857,81.31428571428572,366.0,20.0,0.0,128.66666666666666,366.0,92.0,366.0,32.0,31.46666666666667,18.8,20.299999999999997,88.57,88.0,77.57,77.80666666666666,41.3,39.46666666666666,2.51,2.6933333333333334,30.18,44.946666666666665,16.82,21.053333333333335,15.0
龙袍长江社区稻纵_1_11_诱虫量,龙袍长江社区稻纵_1_11_诱虫量,龙袍长江社区稻纵,1,江苏省南京市六合区,00001d8b,稻纵卷叶螟,2023,40,2023-10-01,2023-10-07,7,25.5,15.7,80.86,71.71,21.7,3.55,38.52,19.59,15.0,15.0,2.142857142857143,21.334285714285716,72.66428571428571,80.0,366.0,20.0,155.33333333333334,366.0,89.66666666666667,366.0,28.2,30.53333333333333,19.1,19.433333333333334,89.57,88.52333333333333,82.43,80.71333333333332,13.3,43.06666666666666,2.19,2.48,45.28,35.080000000000005,17.44,17.136666666666667,0.0
龙袍长江社区稻纵_1_11_诱虫量,龙袍长江社区稻纵_1_11_诱虫量,龙袍长江社区稻纵,1,江苏省南京市六合区,00001d8b,稻纵卷叶螟,2023,41,2023-10-08,2023-10-14,7,23.6,13.5,84.86,74.14,0.0,2.05,50.14,17.04,0.0,0.0,0.0,20.87142857142857,72.60285714285715,15.0,80.0,366.0,153.66666666666666,366.0,80.16666666666667,366.0,25.5,28.566666666666666,15.7,17.866666666666667,80.86,86.33333333333333,71.71,77.23666666666666,21.7,25.433333333333334,3.55,2.75,38.52,37.99333333333333,19.59,17.95,0.0
龙袍长江社区稻纵_1_11_诱虫量,龙袍长江社区稻纵_1_11_诱虫量,龙袍长江社区稻纵,1,江苏省南京市六合区,00001d8b,稻纵卷叶螟,2023,42,2023-10-15,2023-10-21,7,26.1,9.6,84.43,62.0,4.0,2.46,71.43,22.45,0.0,0.0,0.0,20.93142857142857,65.43571428571428,0.0,15.0,80.0,31.666666666666668,80.0,80.16666666666667,366.0,23.6,25.766666666666666,13.5,16.099999999999998,84.86,85.09666666666666,74.14,76.09333333333332,0.0,11.666666666666666,2.05,2.5966666666666662,50.14,44.64666666666667,17.04,18.023333333333333,0.0
龙袍长江社区稻纵_1_11_诱虫量,龙袍长江社区稻纵_1_11_诱虫量,龙袍长江社区稻纵,1,江苏省南京市六合区,00001d8b,稻纵卷叶螟,2023,43,2023-10-22,2023-10-28,7,25.6,9.6,85.14,64.29,0.0,1.94,60.15,18.61,0.0,0.0,0.0,20.43142857142857,70.38571428571429,0.0,0.0,15.0,5.0,15.0,80.16666666666667,366.0,26.1,25.066666666666666,9.6,12.933333333333332,84.43,83.38333333333334,62.0,69.28333333333332,4.0,8.566666666666666,2.46,2.686666666666667,71.43,53.363333333333344,22.45,19.69333333333333,0.0
龙袍长江社区稻纵_1_11_诱虫量,龙袍长江社区稻纵_1_11_诱虫量,龙袍长江社区稻纵,1,江苏省南京市六合区,00001d8b,稻纵卷叶螟,2023,44,2023-10-29,2023-11-04,2,27.6,12.9,83.57,69.14,0.8,2.48,60.23,19.36,0.0,0.0,0.0,21.17,68.35,0.0,0.0,0.0,0.0,0.0,76.83333333333333,366.0,25.6,25.099999999999998,9.6,10.9,85.14,84.81,64.29,66.81,0.0,1.3333333333333333,1.94,2.15,60.15,60.57333333333333,18.61,19.366666666666664,0.0
龙袍长江社区稻纵_1_11_诱虫量,龙袍长江社区稻纵_1_11_诱虫量,龙袍长江社区稻纵,1,江苏省南京市六合区,00001d8b,稻纵卷叶螟,2024,22,2024-05-27,2024-06-02,2,26.9,14.2,77.71,68.43,42.5,2.69,50.74,25.99,0.0,0.0,0.0,26.665,50.455,0.0,0.0,0.0,0.0,0.0,15.833333333333334,80.0,27.6,26.433333333333337,12.9,10.700000000000001,83.57,84.38,69.14,65.14333333333333,0.8,1.5999999999999999,2.48,2.2933333333333334,60.23,63.93666666666667,19.36,20.14,1.0
龙袍长江社区稻纵_1_11_诱虫量,龙袍长江社区稻纵_1_11_诱虫量,龙袍长江社区稻纵,1,江苏省南京市六合区,00001d8b,稻纵卷叶螟,2024,23,2024-06-03,2024-06-09,7,30.9,17.1,76.86,61.71,5.2,2.43,62.66,30.94,1.0,1.0,0.14285714285714285,26.91857142857143,59.529999999999994,0.0,0.0,0.0,0.0,0.0,2.5,15.0,26.9,26.7,14.2,12.233333333333333,77.71,82.14,68.43,67.28666666666668,42.5,14.433333333333332,2.69,2.3699999999999997,50.74,57.04,25.99,21.319999999999997,2.0
龙袍长江社区稻纵_1_11_诱虫量,龙袍长江社区稻纵_1_11_诱虫量,龙袍长江社区稻纵,1,江苏省南京市六合区,00001d8b,稻纵卷叶螟,2024,24,2024-06-10,2024-06-16,7,34.2,20.7,79.71,58.71,0.7,2.43,71.14,35.09,2.0,2.0,0.2857142857142857,30.46857142857143,61.83,1.0,0.0,0.0,0.3333333333333333,1.0,0.16666666666666666,1.0,30.9,28.46666666666667,17.1,14.733333333333334,76.86,79.38,61.71,66.42666666666666,5.2,16.166666666666668,2.43,2.533333333333333,62.66,57.876666666666665,30.94,25.429999999999996,0.0
龙袍长江社区稻纵_1_11_诱虫量,龙袍长江社区稻纵_1_11_诱虫量,龙袍长江社区稻纵,1,江苏省南京市六合区,00001d8b,稻纵卷叶螟,2024,25,2024-06-17,2024-06-23,7,32.3,21.3,85.0,69.86,96.1,3.32,46.58,27.17,0.0,0.0,0.0,28.525714285714287,73.7042857142857,2.0,1.0,0.0,1.0,2.0,0.5,2.0,34.2,30.666666666666668,20.7,17.333333333333332,79.71,78.09333333333332,58.71,62.95000000000001,0.7,16.133333333333333,2.43,2.5166666666666666,71.14,61.51333333333333,35.09,30.673333333333332,0.0
龙袍长江社区稻纵_1_11_诱虫量,龙袍长江社区稻纵_1_11_诱虫量,龙袍长江社区稻纵,1,江苏省南京市六合区,00001d8b,稻纵卷叶螟,2024,26,2024-06-24,2024-06-30,7,30.9,20.7,88.71,85.57,179.0,2.73,26.58,17.62,0.0,0.0,0.0,27.542857142857144,79.99428571428572,0.0,2.0,1.0,1.0,2.0,0.5,2.0,32.3,32.46666666666667,21.3,19.7,85.0,80.52333333333333,69.86,63.42666666666667,96.1,34.0,3.32,2.7266666666666666,46.58,60.126666666666665,27.17,31.066666666666666,0.0
龙袍长江社区稻纵_1_11_诱虫量,龙袍长江社区稻纵_1_11_诱虫量,龙袍长江社区稻纵,1,江苏省南京市六合区,00001d8b,稻纵卷叶螟,2024,27,2024-07-01,2024-07-07,7,34.9,22.6,81.14,78.57,41.8,4.14,62.65,32.6,0.0,0.0,0.0,32.18714285714286,67.49,0.0,0.0,2.0,0.6666666666666666,2.0,0.5,2.0,30.9,32.46666666666667,20.7,20.9,88.71,84.47333333333331,85.57,71.38,179.0,91.93333333333334,2.73,2.8266666666666667,26.58,48.099999999999994,17.62,26.62666666666667,11.0
龙袍长江社区稻纵_1_11_诱虫量,龙袍长江社区稻纵_1_11_诱虫量,龙袍长江社区稻纵,1,江苏省南京市六合区,00001d8b,稻纵卷叶螟,2024,28,2024-07-08,2024-07-14,7,35.0,21.4,88.57,86.0,168.8,2.44,20.72,18.18,11.0,11.0,1.5714285714285714,29.00714285714286,77.88714285714286,0.0,0.0,0.0,0.0,0.0,0.5,2.0,34.9,32.699999999999996,22.6,21.53333333333333,81.14,84.95,78.57,78.0,41.8,105.63333333333334,4.14,3.3966666666666665,62.65,45.27,32.6,25.796666666666667,2.0
龙袍长江社区稻纵_1_11_诱虫量,龙袍长江社区稻纵_1_11_诱虫量,龙袍长江社区稻纵,1,江苏省南京市六合区,00001d8b,稻纵卷叶螟,2024,29,2024-07-15,2024-07-21,7,35.2,24.3,81.86,78.57,22.4,3.39,35.37,25.73,2.0,2.0,0.2857142857142857,33.99,67.96000000000001,11.0,0.0,0.0,3.6666666666666665,11.0,2.3333333333333335,11.0,35.0,33.6,21.4,21.566666666666663,88.57,86.13999999999999,86.0,83.38,168.8,129.86666666666667,2.44,3.103333333333333,20.72,36.65,18.18,22.8,0.0
龙袍长江社区稻纵_1_11_诱虫量,龙袍长江社区稻纵_1_11_诱虫量,龙袍长江社区稻纵,1,江苏省南京市六合区,00001d8b,稻纵卷叶螟,2024,30,2024-07-22,2024-07-28,7,36.7,27.0,80.57,71.86,6.1,4.7,71.71,37.84,0.0,0.0,0.0,33.87,67.97285714285714,2.0,11.0,0.0,4.333333333333333,11.0,2.5,11.0,35.2,35.03333333333334,24.3,22.766666666666666,81.86,83.85666666666667,78.57,81.04666666666667,22.4,77.66666666666667,3.39,3.323333333333333,35.37,39.58,25.73,25.50333333333333,25.0
龙袍长江社区稻纵_1_11_诱虫量,龙袍长江社区稻纵_1_11_诱虫量,龙袍长江社区稻纵,1,江苏省南京市六合区,00001d8b,稻纵卷叶螟,2024,31,2024-07-29,2024-08-04,7,37.5,27.6,76.0,71.57,9.5,2.75,86.5,40.56,25.0,25.0,3.5714285714285716,36.15571428571429,64.42714285714285,0.0,2.0,11.0,4.333333333333333,11.0,2.1666666666666665,11.0,36.7,35.63333333333333,27.0,24.233333333333334,80.57,83.66666666666667,71.86,78.81,6.1,65.76666666666668,4.7,3.5100000000000002,71.71,42.599999999999994,37.84,27.25,126.0
龙袍长江社区稻纵_1_11_诱虫量,龙袍长江社区稻纵_1_11_诱虫量,龙袍长江社区稻纵,1,江苏省南京市六合区,00001d8b,稻纵卷叶螟,2024,32,2024-08-05,2024-08-11,7,37.8,27.1,76.86,66.71,62.0,1.88,83.96,39.02,126.0,126.0,18.0,35.08857142857143,67.92,25.0,0.0,2.0,9.0,25.0,6.333333333333333,25.0,37.5,36.46666666666667,27.6,26.299999999999997,76.0,79.47666666666667,71.57,74.0,9.5,12.666666666666677,2.75,3.6133333333333333,86.5,64.52666666666666,40.56,34.71,101.0
龙袍长江社区稻纵_1_11_诱虫量,龙袍长江社区稻纵_1_11_诱虫量,龙袍长江社区稻纵,1,江苏省南京市六合区,00001d8b,稻纵卷叶螟,2024,33,2024-08-12,2024-08-18,7,36.3,24.9,84.43,67.71,34.3,2.42,75.24,33.56,101.0,101.0,14.428571428571429,32.57857142857143,70.73428571428572,126.0,25.0,0.0,50.333333333333336,126.0,27.333333333333332,126.0,37.8,37.333333333333336,27.1,27.233333333333334,76.86,77.80999999999999,66.71,70.04666666666667,62.0,25.866666666666674,1.88,3.11,83.96,80.72333333333333,39.02,39.14,0.0
龙袍长江社区稻纵_1_11_诱虫量,龙袍长江社区稻纵_1_11_诱虫量,龙袍长江社区稻纵,1,江苏省南京市六合区,00001d8b,稻纵卷叶螟,2024,34,2024-08-19,2024-08-25,7,34.7,25.4,84.71,77.86,50.4,1.93,64.42,27.34,0.0,0.0,0.0,32.17285714285715,75.41285714285713,101.0,126.0,25.0,84.0,126.0,44.166666666666664,126.0,36.3,37.199999999999996,24.9,26.53333333333333,84.43,79.09666666666668,67.71,68.66333333333331,34.3,35.26666666666668,2.42,2.35,75.24,81.89999999999999,33.56,37.71333333333333,0.0
龙袍长江社区稻纵_1_11_诱虫量,龙袍长江社区稻纵_1_11_诱虫量,龙袍长江社区稻纵,1,江苏省南京市六合区,00001d8b,稻纵卷叶螟,2024,35,2024-08-26,2024-09-01,7,35.2,24.1,83.43,71.71,6.3,2.35,74.77,30.13,0.0,0.0,0.0,31.805714285714284,74.9042857142857,0.0,101.0,126.0,75.66666666666667,126.0,42.333333333333336,126.0,34.7,36.266666666666666,25.4,25.799999999999997,84.71,82.0,77.86,70.75999999999999,50.4,48.90000000000001,1.93,2.0766666666666667,64.42,74.54,27.34,33.306666666666665,0.0
龙袍长江社区稻纵_1_11_诱虫量,龙袍长江社区稻纵_1_11_诱虫量,龙袍长江社区稻纵,1,江苏省南京市六合区,00001d8b,稻纵卷叶螟,2024,36,2024-09-02,2024-09-08,7,33.8,24.2,79.29,68.43,2.9,3.23,78.8,33.31,0.0,0.0,0.0,31.169999999999998,73.85285714285715,0.0,0.0,101.0,33.666666666666664,101.0,42.0,126.0,35.2,35.4,24.1,24.799999999999997,83.43,84.19,71.71,72.42666666666666,6.3,30.333333333333343,2.35,2.2333333333333334,74.77,71.47666666666667,30.13,30.343333333333334,65.0
龙袍长江社区稻纵_1_11_诱虫量,龙袍长江社区稻纵_1_11_诱虫量,龙袍长江社区稻纵,1,江苏省南京市六合区,00001d8b,稻纵卷叶螟,2024,37,2024-09-09,2024-09-15,7,33.8,23.6,88.14,80.14,83.0,3.4,57.66,23.89,65.0,65.0,9.285714285714286,30.544285714285714,79.94428571428571,0.0,0.0,0.0,0.0,0.0,42.0,126.0,33.8,34.56666666666667,24.2,24.566666666666663,79.29,82.47666666666667,68.43,72.66666666666667,2.9,19.866666666666678,3.23,2.5033333333333334,78.8,72.66333333333334,33.31,30.26,32.0
龙袍长江社区稻纵_1_11_诱虫量,龙袍长江社区稻纵_1_11_诱虫量,龙袍长江社区稻纵,1,江苏省南京市六合区,00001d8b,稻纵卷叶螟,2024,38,2024-09-16,2024-09-22,7,31.6,17.4,81.14,76.86,124.9,5.49,54.64,24.01,32.0,32.0,4.571428571428571,25.21666666666667,76.17,65.0,0.0,0.0,21.666666666666668,65.0,48.666666666666664,126.0,33.8,34.266666666666666,23.6,23.96666666666667,88.14,83.62,80.14,73.42666666666666,83.0,30.733333333333345,3.4,2.9933333333333336,57.66,70.41,23.89,29.109999999999996,69.0
龙袍长江社区稻纵_1_11_诱虫量,龙袍长江社区稻纵_1_11_诱虫量,龙袍长江社区稻纵,1,江苏省南京市六合区,00001d8b,稻纵卷叶螟,2024,39,2024-09-23,2024-09-29,7,29.1,15.8,86.14,76.0,15.1,2.67,66.18,23.31,69.0,69.0,9.857142857142858,25.606666666666666,71.35333333333334,32.0,65.0,0.0,32.333333333333336,65.0,33.0,101.0,31.6,33.06666666666666,17.4,21.73333333333333,81.14,82.85666666666667,76.86,75.14333333333333,124.9,70.26666666666668,5.49,4.04,54.64,63.70000000000001,24.01,27.069999999999997,13.0
龙袍长江社区稻纵_1_11_诱虫量,龙袍长江社区稻纵_1_11_诱虫量,龙袍长江社区稻纵,1,江苏省南京市六合区,00001d8b,稻纵卷叶螟,2024,40,2024-09-30,2024-10-06,7,28.6,11.9,79.0,72.14,17.2,3.38,48.16,18.62,13.0,13.0,1.8571428571428572,10.675,40.15,69.0,32.0,65.0,55.333333333333336,69.0,27.666666666666668,69.0,29.1,31.5,15.8,18.933333333333334,86.14,85.14,76.0,77.66666666666667,15.1,74.33333333333334,2.67,3.853333333333333,66.18,59.49333333333334,23.31,23.736666666666665,50.0
龙袍长江社区稻纵_1_11_诱虫量,龙袍长江社区稻纵_1_11_诱虫量,龙袍长江社区稻纵,1,江苏省南京市六合区,00001d8b,稻纵卷叶螟,2024,41,2024-10-07,2024-10-13,7,25.2,13.1,85.0,74.71,16.7,2.16,49.5,16.94,50.0,50.0,7.142857142857143,0.0,0.0,13.0,69.0,32.0,38.0,69.0,29.833333333333332,69.0,28.6,29.76666666666667,11.9,15.033333333333333,79.0,82.09333333333335,72.14,75.0,17.2,52.40000000000001,3.38,3.846666666666667,48.16,56.326666666666675,18.62,21.98,65.0
龙袍长江社区稻纵_1_11_诱虫量,龙袍长江社区稻纵_1_11_诱虫量,龙袍长江社区稻纵,1,江苏省南京市六合区,00001d8b,稻纵卷叶螟,2024,42,2024-10-14,2024-10-20,7,27.2,11.2,86.57,77.0,49.2,3.66,31.77,14.95,65.0,65.0,9.285714285714286,0.0,0.0,50.0,13.0,69.0,44.0,69.0,38.166666666666664,69.0,25.2,27.633333333333336,13.1,13.6,85.0,83.38,74.71,74.28333333333332,16.7,16.333333333333343,2.16,2.736666666666667,49.5,54.613333333333344,16.94,19.62333333333333,0.0
龙袍长江社区稻纵_1_11_诱虫量,龙袍长江社区稻纵_1_11_诱虫量,龙袍长江社区稻纵,1,江苏省南京市六合区,00001d8b,稻纵卷叶螟,2024,43,2024-10-21,2024-10-27,7,22.3,8.6,88.29,80.43,20.0,3.16,35.15,12.25,0.0,0.0,0.0,0.0,0.0,65.0,50.0,13.0,42.666666666666664,65.0,49.0,69.0,27.2,27.0,11.2,12.066666666666665,86.57,83.52333333333333,77.0,74.61666666666666,49.2,27.700000000000006,3.66,3.0666666666666664,31.77,43.14333333333334,14.95,16.836666666666662,1.0
龙袍长江社区稻纵_1_11_诱虫量,龙袍长江社区稻纵_1_11_诱虫量,龙袍长江社区稻纵,1,江苏省南京市六合区,00001d8b,稻纵卷叶螟,2024,44,2024-10-28,2024-11-03,3,22.0,9.3,87.57,74.57,6.8,2.95,55.84,15.81,1.0,1.0,0.3333333333333333,0.0,0.0,0.0,65.0,50.0,38.333333333333336,65.0,38.166666666666664,69.0,22.3,24.900000000000002,8.6,10.966666666666667,88.29,86.62,80.43,77.38,20.0,28.633333333333344,3.16,2.9933333333333336,35.15,38.80666666666667,12.25,14.713333333333331,

